customer_id,first_name,last_name,email,signup_date,acquisition_channel,customer_segment,city,country,first_purchase_date,last_purchase_date,frequency,gross_monetary,total_refunded,net_monetary,total_quantity,returns_count,recency,return_rate,tenure_days
CUST00001,Abigail,Brown,abigail.brown13@example.com,2026-01-29,Google Ads,,Houston,United States,2026-02-17,2026-06-05,2,172.95000000000002,0.0,172.95000000000002,3,0,26.0,0.0,153
CUST00002,Ava,White,ava.white23@example.com,2025-11-23,Organic,,Austin,United States,2025-12-12,2026-06-21,3,440.93,0.0,440.93,3,0,10.0,0.0,220
CUST00003,Olivia,Jackson,olivia.jackson64@example.com,2024-02-02,Google Ads,,Houston,United States,2024-04-03,2026-02-15,6,568.6700000000001,0.0,568.6700000000001,6,0,136.0,0.0,880
CUST00004,Elijah,Taylor,elijah.taylor87@example.com,2024-01-28,Email,,Austin,United States,2024-05-21,2026-02-18,4,291.94,0.0,291.94,6,0,133.0,0.0,885
CUST00005,Lucas,Davis,lucas.davis67@example.com,2025-08-26,Google Ads,,New York,United States,2025-09-05,2026-06-04,8,1290.5900000000001,0.0,1290.5900000000001,9,0,27.0,0.0,309
CUST00006,Elizabeth,Sanchez,elizabeth.sanchez30@example.com,2025-12-15,Meta Ads,,Miami,United States,2026-06-21,2026-06-21,1,54.69,0.0,54.69,1,0,10.0,0.0,198
CUST00007,Ava,Miller,ava.miller53@example.com,2024-04-14,Google Ads,,Los Angeles,United States,2024-04-28,2026-04-19,21,3433.98,127.08999999999999,3306.89,28,2,73.0,0.09523809523809523,808
CUST00008,Benjamin,Ramirez,benjamin.ramirez54@example.com,2025-09-10,Google Ads,,New York,United States,2025-11-27,2025-11-27,1,101.1,0.0,101.1,1,0,216.0,0.0,294
CUST00009,Jacob,Anderson,jacob.anderson78@example.com,2024-05-07,Referral,,Seattle,United States,2024-11-27,2025-10-13,3,247.39000000000001,132.81,114.58000000000001,5,1,261.0,0.3333333333333333,785
CUST00010,Olivia,Moore,olivia.moore47@example.com,2025-10-05,Email,,San Francisco,United States,2026-02-09,2026-06-29,4,417.96,0.0,417.96,5,0,2.0,0.0,269
CUST00011,Evelyn,Miller,evelyn.miller18@example.com,2024-02-16,Email,,Miami,United States,2024-02-21,2026-01-05,7,884.54,0.0,884.54,9,0,177.0,0.0,866
CUST00012,Olivia,Ramirez,olivia.ramirez39@example.com,2024-04-13,Meta Ads,,Boston,United States,2024-05-20,2025-11-01,7,1091.5900000000001,143.4,948.19,8,1,242.0,0.14285714285714285,809
CUST00013,Abigail,Clark,abigail.clark56@example.com,2024-06-15,Meta Ads,,Houston,United States,2024-10-09,2025-08-29,3,648.23,24.57,623.66,6,1,306.0,0.3333333333333333,746
CUST00014,Henry,Rodriguez,henry.rodriguez99@example.com,2025-11-30,Email,,Denver,United States,2026-01-11,2026-01-11,1,195.64,0.0,195.64,2,0,171.0,0.0,213
CUST00015,Abigail,Garcia,abigail.garcia78@example.com,2026-01-16,Google Ads,,Boston,United States,2026-02-20,2026-02-20,1,133.44,0.0,133.44,2,0,131.0,0.0,166
CUST00016,Charlotte,Rodriguez,charlotte.rodriguez91@example.com,2025-12-05,Email,,San Francisco,United States,2025-12-26,2026-02-11,2,327.83,0.0,327.83,3,0,140.0,0.0,208
CUST00017,Sofia,Harris,sofia.harris17@example.com,2024-08-22,Organic,,San Francisco,United States,2024-11-01,2026-02-02,2,535.56,535.56,0.0,5,2,149.0,1.0,678
CUST00018,Charlotte,Rodriguez,charlotte.rodriguez18@example.com,2024-08-04,Referral,,Denver,United States,2025-05-17,2026-01-26,2,562.22,484.22,78.0,4,1,156.0,0.5,696
CUST00019,Avery,Thompson,avery.thompson50@example.com,2024-08-05,Email,,Seattle,United States,2024-11-08,2026-02-21,10,1051.29,352.72,698.57,15,3,130.0,0.3,695
CUST00020,Avery,Robinson,avery.robinson92@example.com,2025-04-14,Google Ads,,Chicago,United States,2025-05-08,2026-02-09,5,722.72,0.0,722.72,6,0,142.0,0.0,443
CUST00021,Elijah,White,elijah.white81@example.com,2025-07-05,Google Ads,,Denver,United States,2025-10-11,2025-10-11,1,223.71,0.0,223.71,3,0,263.0,0.0,361
CUST00022,Lucas,Lewis,lucas.lewis84@example.com,2025-02-12,Meta Ads,,Chicago,United States,2025-05-28,2026-05-12,10,1386.79,255.18,1131.6100000000001,14,2,50.0,0.2,504
CUST00023,Harper,Thomas,harper.thomas21@example.com,2026-02-12,Google Ads,,Los Angeles,United States,2026-03-01,2026-06-28,2,292.31,0.0,292.31,2,0,3.0,0.0,139
CUST00024,Ava,Lee,ava.lee30@example.com,2026-03-22,Email,,Denver,United States,2026-04-17,2026-06-14,6,747.28,0.0,747.28,8,0,17.0,0.0,101
CUST00025,Olivia,Gonzalez,olivia.gonzalez58@example.com,2025-09-02,Referral,,Austin,United States,2025-09-05,2026-06-20,8,859.8199999999999,185.72,674.1,12,1,11.0,0.125,302
CUST00026,Isabella,Moore,isabella.moore11@example.com,2025-11-27,Organic,,Austin,United States,2025-12-24,2026-03-28,2,479.93000000000006,479.93000000000006,0.0,5,2,95.0,1.0,216
CUST00027,Elizabeth,Rodriguez,elizabeth.rodriguez92@example.com,2024-12-14,Google Ads,,Seattle,United States,2025-02-05,2025-10-11,4,418.37,0.0,418.37,6,0,263.0,0.0,564
CUST00028,Oliver,Anderson,oliver.anderson10@example.com,2026-01-09,Organic,,Miami,United States,2026-01-20,2026-01-24,2,68.39,0.0,68.39,2,0,158.0,0.0,173
CUST00029,Harper,Harris,harper.harris32@example.com,2025-06-03,Referral,,Miami,United States,2025-06-30,2026-03-16,5,474.67,77.64,397.03000000000003,8,1,107.0,0.2,393
CUST00030,Sofia,Lee,sofia.lee74@example.com,2025-09-15,Google Ads,,San Francisco,United States,2025-10-07,2026-03-18,2,110.78,0.0,110.78,2,0,105.0,0.0,289
CUST00031,Elizabeth,Garcia,elizabeth.garcia79@example.com,2026-03-08,Referral,,New York,United States,2026-04-03,2026-06-19,6,1059.35,0.0,1059.35,9,0,12.0,0.0,115
CUST00032,Alexander,Hernandez,alexander.hernandez72@example.com,2024-01-20,Google Ads,,San Francisco,United States,2025-03-05,2026-04-08,3,300.03999999999996,0.0,300.03999999999996,3,0,84.0,0.0,893
CUST00033,Avery,Clark,avery.clark49@example.com,2024-09-02,Google Ads,,Denver,United States,2025-06-08,2025-09-28,2,257.94,210.73,47.21,3,1,276.0,0.5,667
CUST00034,Olivia,Williams,olivia.williams72@example.com,2024-03-11,Referral,,Austin,United States,2024-12-17,2024-12-17,1,149.74,0.0,149.74,2,0,561.0,0.0,842
CUST00035,Elizabeth,Jones,elizabeth.jones26@example.com,2025-11-06,Meta Ads,,Austin,United States,2026-04-03,2026-05-18,2,117.23,0.0,117.23,2,0,44.0,0.0,237
CUST00036,Oliver,Rodriguez,oliver.rodriguez77@example.com,2025-09-13,Meta Ads,,Houston,United States,2025-12-18,2026-04-25,5,702.9300000000001,0.0,702.9300000000001,9,0,67.0,0.0,291
CUST00037,Logan,Moore,logan.moore98@example.com,2024-07-24,Organic,,Seattle,United States,2024-09-20,2026-05-30,9,1526.38,140.15,1386.23,11,1,32.0,0.1111111111111111,707
CUST00038,Henry,Lee,henry.lee57@example.com,2025-03-24,Organic,,Boston,United States,2025-04-15,2025-12-08,3,242.43,0.0,242.43,3,0,205.0,0.0,464
CUST00039,Noah,Davis,noah.davis38@example.com,2024-03-06,Meta Ads,,Denver,United States,2024-07-11,2026-04-04,3,193.38,0.0,193.38,3,0,88.0,0.0,847
CUST00040,Ethan,Davis,ethan.davis85@example.com,2024-08-13,Google Ads,,New York,United States,2024-08-29,2024-11-14,2,240.89000000000001,0.0,240.89000000000001,3,0,594.0,0.0,687
CUST00041,Elijah,Williams,elijah.williams14@example.com,2024-12-04,Google Ads,,Houston,United States,2025-07-04,2026-06-11,3,442.84,261.08,181.76,6,1,20.0,0.3333333333333333,574
CUST00042,Isabella,Perez,isabella.perez72@example.com,2024-08-07,Meta Ads,,Denver,United States,2025-09-08,2025-09-08,1,51.3,0.0,51.3,1,0,296.0,0.0,693
CUST00043,Evelyn,Thomas,evelyn.thomas41@example.com,2026-03-14,Meta Ads,,Seattle,United States,2026-05-27,2026-05-27,1,108.75,0.0,108.75,1,0,35.0,0.0,109
CUST00044,Sophia,Brown,sophia.brown22@example.com,2025-11-05,Meta Ads,,Seattle,United States,2025-11-20,2026-05-17,7,531.96,191.38,340.58,11,1,45.0,0.14285714285714285,238
CUST00045,Lucas,Anderson,lucas.anderson16@example.com,2025-11-20,Email,,Los Angeles,United States,2026-02-20,2026-02-20,1,120.61,120.61,0.0,1,1,131.0,1.0,223
CUST00046,Liam,Gonzalez,liam.gonzalez53@example.com,2026-03-30,Organic,,Houston,United States,2026-04-09,2026-04-09,1,75.49,0.0,75.49,1,0,83.0,0.0,93
CUST00047,Sophia,Miller,sophia.miller78@example.com,2025-04-04,Google Ads,,Chicago,United States,2025-05-10,2025-09-21,2,325.75,0.0,325.75,3,0,283.0,0.0,453
CUST00048,Isabella,Anderson,isabella.anderson41@example.com,2024-03-18,Meta Ads,,Austin,United States,2024-04-26,2025-10-18,5,525.44,0.0,525.44,5,0,256.0,0.0,835
CUST00049,Noah,Johnson,noah.johnson93@example.com,2025-07-07,Organic,,Los Angeles,United States,2025-12-08,2026-06-09,7,703.81,0.0,703.81,9,0,22.0,0.0,359
CUST00050,Logan,Harris,logan.harris40@example.com,2024-06-19,Meta Ads,,Boston,United States,2025-03-18,2026-02-27,6,1044.69,0.0,1044.69,10,0,124.0,0.0,742
CUST00051,Sophia,Ramirez,sophia.ramirez61@example.com,2024-03-01,Google Ads,,New York,United States,2024-09-16,2025-11-12,4,385.81,69.29,316.52,7,1,231.0,0.25,852
CUST00052,Charlotte,Rodriguez,charlotte.rodriguez68@example.com,2024-10-19,Meta Ads,,Austin,United States,2025-06-05,2026-06-26,4,393.5,0.0,393.5,6,0,5.0,0.0,620
CUST00053,Henry,Thompson,henry.thompson72@example.com,2024-06-07,Google Ads,,Houston,United States,2024-09-24,2025-07-16,3,365.97,0.0,365.97,3,0,350.0,0.0,754
CUST00054,Liam,Jackson,liam.jackson79@example.com,2024-03-03,Organic,,New York,United States,2024-10-04,2026-06-10,6,1029.03,99.68,929.35,13,1,21.0,0.16666666666666666,850
CUST00055,Liam,Jackson,liam.jackson71@example.com,2025-05-29,Referral,,Austin,United States,2025-06-15,2026-02-03,5,748.86,0.0,748.86,6,0,148.0,0.0,398
CUST00056,Oliver,Johnson,oliver.johnson75@example.com,2024-03-23,Organic,,Los Angeles,United States,2024-05-27,2026-06-03,6,427.37,128.4,298.96999999999997,7,1,28.0,0.16666666666666666,830
CUST00057,Alexander,Williams,alexander.williams96@example.com,2024-08-28,Meta Ads,,Denver,United States,2024-11-12,2026-05-27,3,428.44,0.0,428.44,3,0,35.0,0.0,672
CUST00058,Elijah,Jackson,elijah.jackson86@example.com,2024-02-10,Email,,Seattle,United States,2024-04-29,2025-10-20,6,825.41,0.0,825.41,7,0,254.0,0.0,872
CUST00059,Henry,Jackson,henry.jackson82@example.com,2025-06-19,Meta Ads,,Miami,United States,2025-10-24,2026-06-01,4,465.46000000000004,65.76,399.70000000000005,6,1,30.0,0.25,377
CUST00060,Sophia,Perez,sophia.perez50@example.com,2024-09-01,Google Ads,,Chicago,United States,2026-03-02,2026-03-02,1,230.83,0.0,230.83,1,0,121.0,0.0,668
CUST00061,Henry,Lee,henry.lee48@example.com,2025-04-13,Meta Ads,,Los Angeles,United States,2025-07-08,2026-05-09,4,531.81,329.37,202.44,6,1,53.0,0.25,444
CUST00062,Emma,Anderson,emma.anderson89@example.com,2025-07-30,Referral,,Los Angeles,United States,2025-11-02,2025-11-02,1,65.2,65.2,0.0,1,1,241.0,1.0,336
CUST00063,Ethan,Miller,ethan.miller74@example.com,2024-09-28,Google Ads,,San Francisco,United States,2025-10-16,2025-10-16,1,271.43,0.0,271.43,1,0,258.0,0.0,641
CUST00064,Avery,Williams,avery.williams41@example.com,2025-01-13,Google Ads,,Boston,United States,2025-01-18,2026-04-02,3,680.84,654.95,25.89,5,2,90.0,0.6666666666666666,534
CUST00065,Sofia,Moore,sofia.moore48@example.com,2025-09-18,Referral,,Austin,United States,2025-09-22,2026-05-21,3,686.97,0.0,686.97,5,0,41.0,0.0,286
CUST00066,Emma,Perez,emma.perez80@example.com,2024-11-02,Referral,,Los Angeles,United States,2024-12-24,2025-11-26,3,299.76,155.02,144.74,3,1,217.0,0.3333333333333333,606
CUST00067,Avery,Jones,avery.jones43@example.com,2024-04-28,Organic,,Austin,United States,2025-05-05,2025-09-13,2,434.74,0.0,434.74,3,0,291.0,0.0,794
CUST00068,Ava,Rodriguez,ava.rodriguez46@example.com,2025-09-11,Google Ads,,San Francisco,United States,2025-10-02,2026-04-27,5,743.45,51.04,692.4100000000001,8,1,65.0,0.2,293
CUST00069,Sophia,Perez,sophia.perez91@example.com,2024-09-27,Meta Ads,,Miami,United States,2025-04-26,2026-06-10,3,245.51999999999998,93.39,152.13,3,1,21.0,0.3333333333333333,642
CUST00070,Avery,Robinson,avery.robinson16@example.com,2024-04-04,Email,,Miami,United States,2025-04-16,2025-04-16,1,221.95,0.0,221.95,1,0,441.0,0.0,818
CUST00071,Liam,Smith,liam.smith52@example.com,2026-02-28,Google Ads,,Miami,United States,2026-03-01,2026-06-12,2,471.53000000000003,0.0,471.53000000000003,3,0,19.0,0.0,123
CUST00072,Oliver,White,oliver.white66@example.com,2025-07-18,Organic,,Austin,United States,2025-12-31,2025-12-31,1,201.9,0.0,201.9,1,0,182.0,0.0,348
CUST00073,Emma,Brown,emma.brown19@example.com,2025-12-08,Referral,,Austin,United States,2025-12-31,2026-04-13,3,190.3,0.0,190.3,3,0,79.0,0.0,205
CUST00074,Liam,Clark,liam.clark57@example.com,2025-08-19,Email,,Seattle,United States,2025-08-25,2025-09-10,2,116.42,0.0,116.42,2,0,294.0,0.0,316
CUST00075,Ava,Johnson,ava.johnson49@example.com,2025-01-08,Organic,,New York,United States,2025-03-06,2025-09-14,2,217.18,149.56,67.62,2,1,290.0,0.5,539
CUST00076,Avery,Lopez,avery.lopez36@example.com,2025-11-29,Google Ads,,Los Angeles,United States,2025-12-25,2026-04-03,8,997.1700000000001,0.0,997.1700000000001,10,0,89.0,0.0,214
CUST00077,Benjamin,Harris,benjamin.harris81@example.com,2025-02-20,Referral,,Chicago,United States,2025-02-21,2026-06-25,12,1046.57,32.01,1014.5600000000001,14,1,6.0,0.08333333333333333,496
CUST00078,Logan,Robinson,logan.robinson40@example.com,2024-06-15,Referral,,Chicago,United States,2024-06-26,2026-02-16,4,263.57,74.07,189.5,4,1,135.0,0.25,746
CUST00079,Avery,Wilson,avery.wilson13@example.com,2024-07-02,Organic,,San Francisco,United States,2024-10-05,2026-05-30,5,447.12,0.0,447.12,7,0,32.0,0.0,729
CUST00080,Michael,Robinson,michael.robinson62@example.com,2025-11-16,Organic,,Houston,United States,2025-12-17,2025-12-17,1,178.85,178.85,0.0,1,1,196.0,1.0,227
CUST00081,Isabella,Garcia,isabella.garcia99@example.com,2024-04-20,Meta Ads,,New York,United States,2025-09-20,2025-09-20,1,181.33,0.0,181.33,1,0,284.0,0.0,802
CUST00082,Daniel,Thomas,daniel.thomas38@example.com,2024-07-23,Organic,,Boston,United States,2024-11-07,2024-11-07,1,186.09,0.0,186.09,1,0,601.0,0.0,708
CUST00083,Benjamin,Martinez,benjamin.martinez39@example.com,2024-08-16,Google Ads,,Houston,United States,2025-12-05,2026-02-14,2,220.26,0.0,220.26,2,0,137.0,0.0,684
CUST00084,Charlotte,Hernandez,charlotte.hernandez45@example.com,2024-03-12,Referral,,Miami,United States,2024-08-08,2025-12-27,3,335.55,0.0,335.55,6,0,186.0,0.0,841
CUST00085,Benjamin,Lee,benjamin.lee75@example.com,2025-02-13,Email,,Austin,United States,2025-05-18,2026-04-14,3,336.42,0.0,336.42,3,0,78.0,0.0,503
CUST00086,Mia,Smith,mia.smith24@example.com,2024-09-24,Google Ads,,Miami,United States,2024-09-27,2026-05-09,17,2367.32,373.33000000000004,1993.99,20,2,53.0,0.11764705882352941,645
CUST00087,Liam,Brown,liam.brown86@example.com,2025-03-20,Meta Ads,,San Francisco,United States,2026-02-06,2026-02-06,1,207.92,0.0,207.92,1,0,145.0,0.0,468
CUST00088,Lucas,Martin,lucas.martin75@example.com,2024-04-28,Meta Ads,,Denver,United States,2024-06-19,2026-03-04,6,830.11,220.17000000000002,609.94,10,2,119.0,0.3333333333333333,794
CUST00089,Sophia,Rodriguez,sophia.rodriguez15@example.com,2025-12-26,Meta Ads,,Austin,United States,2026-01-18,2026-01-18,1,415.52,0.0,415.52,2,0,164.0,0.0,187
CUST00090,Logan,Sanchez,logan.sanchez78@example.com,2025-12-04,Organic,,Houston,United States,2025-12-30,2026-06-25,8,948.34,211.62,736.72,9,3,6.0,0.375,209
CUST00091,Benjamin,Wilson,benjamin.wilson18@example.com,2025-11-11,Referral,,Denver,United States,2025-11-12,2026-06-28,9,1270.68,737.24,533.44,12,4,3.0,0.4444444444444444,232
CUST00092,Mia,Perez,mia.perez25@example.com,2026-01-07,Referral,,Austin,United States,2026-03-01,2026-04-04,2,340.44,0.0,340.44,5,0,88.0,0.0,175
CUST00093,James,Perez,james.perez62@example.com,2024-11-30,Meta Ads,,Miami,United States,2025-10-10,2025-10-10,1,108.24,108.24,0.0,1,1,264.0,1.0,578
CUST00094,Ethan,Jones,ethan.jones34@example.com,2025-03-06,Email,,Seattle,United States,2025-05-05,2026-06-23,4,486.02,0.0,486.02,4,0,8.0,0.0,482
CUST00095,Henry,White,henry.white32@example.com,2025-09-22,Email,,Seattle,United States,2025-09-23,2026-06-06,19,2811.31,442.05999999999995,2369.25,28,3,25.0,0.15789473684210525,282
CUST00096,Ethan,Clark,ethan.clark10@example.com,2024-11-07,Google Ads,,Seattle,United States,2026-01-01,2026-02-22,3,267.28999999999996,0.0,267.28999999999996,5,0,129.0,0.0,601
CUST00097,Michael,Jackson,michael.jackson87@example.com,2025-11-01,Meta Ads,,Boston,United States,2026-04-16,2026-04-16,1,28.41,0.0,28.41,1,0,76.0,0.0,242
CUST00098,Amelia,Perez,amelia.perez37@example.com,2025-06-07,Meta Ads,,Chicago,United States,2025-07-04,2026-06-21,8,585.72,20.55,565.1700000000001,9,1,10.0,0.125,389
CUST00099,Henry,Williams,henry.williams46@example.com,2025-06-11,Email,,Denver,United States,2025-06-15,2025-10-30,2,105.00999999999999,0.0,105.00999999999999,2,0,244.0,0.0,385
CUST00100,Mia,Williams,mia.williams40@example.com,2025-11-19,Meta Ads,,Houston,United States,2026-04-23,2026-04-23,1,70.28,0.0,70.28,1,0,69.0,0.0,224
CUST00101,Ava,Smith,ava.smith15@example.com,2024-09-07,Referral,,Denver,United States,2024-10-07,2026-06-01,10,968.44,84.73,883.71,15,1,30.0,0.1,662
CUST00102,Daniel,Harris,daniel.harris19@example.com,2025-04-11,Meta Ads,,Denver,United States,2026-02-17,2026-02-17,1,50.01,0.0,50.01,1,0,134.0,0.0,446
CUST00103,Sophia,Thompson,sophia.thompson99@example.com,2025-01-28,Meta Ads,,Houston,United States,2025-03-29,2026-01-05,2,255.29,192.2,63.09,2,1,177.0,0.5,519
CUST00104,Ava,Lee,ava.lee98@example.com,2024-01-06,Organic,,Los Angeles,United States,2024-03-28,2025-07-23,5,152.04,0.0,152.04,5,0,343.0,0.0,907
CUST00105,Elizabeth,Wilson,elizabeth.wilson38@example.com,2024-06-29,Organic,,Austin,United States,2024-08-26,2025-09-21,7,812.58,24.09,788.49,8,1,283.0,0.14285714285714285,732
CUST00106,Amelia,Johnson,amelia.johnson81@example.com,2024-09-12,Referral,,Los Angeles,United States,2024-10-27,2025-12-10,3,914.79,0.0,914.79,6,0,203.0,0.0,657
CUST00107,Amelia,Jones,amelia.jones69@example.com,2025-11-14,Meta Ads,,Austin,United States,2025-12-11,2026-05-17,4,890.88,0.0,890.88,7,0,45.0,0.0,229
CUST00108,Alexander,Hernandez,alexander.hernandez66@example.com,2025-09-19,Organic,,Austin,United States,2025-09-23,2026-06-30,15,2629.98,203.35999999999999,2426.62,26,2,1.0,0.13333333333333333,285
CUST00109,Lucas,Clark,lucas.clark80@example.com,2025-04-01,Organic,,Boston,United States,2025-05-12,2026-01-20,7,1007.45,585.58,421.87,14,3,162.0,0.42857142857142855,456
CUST00110,Amelia,Rodriguez,amelia.rodriguez41@example.com,2025-10-14,Google Ads,,Austin,United States,2025-12-26,2026-05-20,7,2495.0299999999997,307.35,2187.68,14,2,42.0,0.2857142857142857,260
CUST00111,Mason,Lee,mason.lee40@example.com,2024-10-08,Meta Ads,,Miami,United States,2025-07-17,2026-03-17,5,447.74,0.0,447.74,7,0,106.0,0.0,631
CUST00112,Elijah,Rodriguez,elijah.rodriguez52@example.com,2024-11-23,Organic,,Los Angeles,United States,2025-05-26,2026-05-20,6,797.9000000000001,0.0,797.9000000000001,8,0,42.0,0.0,585
CUST00113,Ava,Jones,ava.jones39@example.com,2025-01-27,Email,,Houston,United States,2026-01-09,2026-01-09,1,63.93,0.0,63.93,1,0,173.0,0.0,520
CUST00114,Olivia,Wilson,olivia.wilson62@example.com,2024-12-04,Meta Ads,,Seattle,United States,2024-12-24,2024-12-24,1,67.14,0.0,67.14,2,0,554.0,0.0,574
CUST00115,Liam,Miller,liam.miller63@example.com,2025-02-02,Referral,,Denver,United States,2025-07-12,2026-03-14,6,509.26,260.6,248.66,10,2,109.0,0.3333333333333333,514
CUST00116,Emily,Smith,emily.smith83@example.com,2025-01-24,Meta Ads,,San Francisco,United States,2025-11-05,2026-03-16,2,604.1500000000001,0.0,604.1500000000001,3,0,107.0,0.0,523
CUST00117,James,Harris,james.harris59@example.com,2025-03-05,Meta Ads,,Austin,United States,2025-04-29,2026-01-28,2,312.15,0.0,312.15,2,0,154.0,0.0,483
CUST00118,Michael,Martin,michael.martin38@example.com,2025-05-14,Google Ads,,Seattle,United States,2025-09-20,2026-01-21,4,443.52000000000004,0.0,443.52000000000004,6,0,161.0,0.0,413
CUST00119,Mason,Smith,mason.smith59@example.com,2024-12-10,Email,,Seattle,United States,2025-05-02,2026-05-31,3,329.57,0.0,329.57,3,0,31.0,0.0,568
CUST00120,Jacob,Garcia,jacob.garcia69@example.com,2024-05-10,Referral,,Austin,United States,2024-05-20,2026-05-12,6,940.1800000000001,833.01,107.17,8,2,50.0,0.3333333333333333,782
CUST00121,Emma,Robinson,emma.robinson60@example.com,2025-08-29,Email,,New York,United States,2025-08-29,2025-08-29,1,242.05,0.0,242.05,1,0,306.0,0.0,306
CUST00122,Olivia,Lee,olivia.lee64@example.com,2024-05-18,Organic,,Chicago,United States,2025-05-16,2026-05-11,6,994.32,133.97,860.35,8,1,51.0,0.16666666666666666,774
CUST00123,Liam,Rodriguez,liam.rodriguez58@example.com,2024-12-01,Google Ads,,San Francisco,United States,2025-01-09,2026-06-12,4,913.3199999999999,159.68,753.64,9,1,19.0,0.25,577
CUST00124,Mia,Harris,mia.harris58@example.com,2024-10-11,Organic,,Seattle,United States,2024-12-12,2024-12-16,2,121.80000000000001,0.0,121.80000000000001,3,0,562.0,0.0,628
CUST00125,Isabella,Clark,isabella.clark20@example.com,2025-04-26,Google Ads,,Austin,United States,2025-12-20,2026-06-28,3,351.09999999999997,0.0,351.09999999999997,5,0,3.0,0.0,431
CUST00126,Liam,Lopez,liam.lopez38@example.com,2025-10-27,Google Ads,,New York,United States,2025-12-14,2026-05-28,3,511.70000000000005,0.0,511.70000000000005,4,0,34.0,0.0,247
CUST00127,Elizabeth,Smith,elizabeth.smith41@example.com,2024-07-23,Organic,,Denver,United States,2025-12-20,2026-02-07,2,280.32,0.0,280.32,2,0,144.0,0.0,708
CUST00128,Ava,Davis,ava.davis26@example.com,2025-04-29,Email,,Denver,United States,2025-05-03,2025-10-29,2,194.57,0.0,194.57,2,0,245.0,0.0,428
CUST00129,Sophia,Anderson,sophia.anderson99@example.com,2024-09-19,Organic,,Chicago,United States,2025-05-26,2026-05-27,7,1352.76,0.0,1352.76,12,0,35.0,0.0,650
CUST00130,Alexander,Martin,alexander.martin24@example.com,2026-03-07,Organic,,Miami,United States,2026-03-16,2026-05-31,6,822.06,0.0,822.06,8,0,31.0,0.0,116
CUST00131,Noah,Jackson,noah.jackson13@example.com,2024-11-15,Email,,Seattle,United States,2025-12-01,2026-04-13,4,798.9300000000001,0.0,798.9300000000001,5,0,79.0,0.0,593
CUST00132,Charlotte,Thompson,charlotte.thompson35@example.com,2024-03-18,Email,,Houston,United States,2025-01-16,2025-02-13,2,136.31,45.11,91.2,2,1,503.0,0.5,835
CUST00133,Noah,Thompson,noah.thompson48@example.com,2025-12-01,Email,,Los Angeles,United States,2025-12-10,2026-06-26,18,2919.77,544.01,2375.7599999999998,28,2,5.0,0.1111111111111111,212
CUST00134,Michael,Jackson,michael.jackson15@example.com,2024-12-21,Meta Ads,,San Francisco,United States,2025-01-13,2026-05-28,8,1985.46,58.87,1926.59,15,1,34.0,0.125,557
CUST00135,Olivia,Taylor,olivia.taylor92@example.com,2024-12-15,Google Ads,,Seattle,United States,2025-08-20,2026-04-23,2,249.08999999999997,0.0,249.08999999999997,2,0,69.0,0.0,563
CUST00136,Sofia,Thomas,sofia.thomas23@example.com,2025-03-19,Referral,,Boston,United States,2025-09-20,2026-06-12,4,432.18,101.62,330.56,5,1,19.0,0.25,469
CUST00137,Emily,Jones,emily.jones65@example.com,2024-06-29,Organic,,Miami,United States,2024-07-13,2026-05-14,10,779.3199999999999,78.54,700.78,16,1,48.0,0.1,732
CUST00138,Alexander,Sanchez,alexander.sanchez78@example.com,2026-03-04,Meta Ads,,Seattle,United States,2026-04-08,2026-05-29,6,494.61,95.01,399.6,7,1,33.0,0.16666666666666666,119
CUST00139,Sofia,White,sofia.white85@example.com,2024-10-01,Meta Ads,,Houston,United States,2024-10-06,2026-04-30,20,3137.41,0.0,3137.41,25,0,62.0,0.0,638
CUST00140,Sofia,Robinson,sofia.robinson21@example.com,2024-10-12,Organic,,Houston,United States,2025-02-16,2026-06-08,3,493.74,207.52,286.21999999999997,6,1,23.0,0.3333333333333333,627
CUST00141,Elizabeth,Anderson,elizabeth.anderson82@example.com,2025-09-16,Email,,San Francisco,United States,2025-10-19,2026-04-26,7,830.03,0.0,830.03,10,0,66.0,0.0,288
CUST00142,Emma,Thomas,emma.thomas51@example.com,2024-07-05,Meta Ads,,San Francisco,United States,,,0,0.0,0.0,0.0,0,0,,0.0,726
CUST00143,Michael,Rodriguez,michael.rodriguez53@example.com,2024-10-13,Organic,,Miami,United States,2024-10-13,2026-06-22,4,428.85,262.73,166.12,5,2,9.0,0.5,626
CUST00144,Ethan,Smith,ethan.smith76@example.com,2024-07-14,Google Ads,,Seattle,United States,2024-08-18,2026-04-22,5,654.6600000000001,51.25,603.4100000000001,6,1,70.0,0.2,717
CUST00145,Mason,Moore,mason.moore40@example.com,2025-12-08,Meta Ads,,Boston,United States,2026-01-09,2026-06-08,5,308.65,0.0,308.65,5,0,23.0,0.0,205
CUST00146,Amelia,Sanchez,amelia.sanchez12@example.com,2024-04-05,Google Ads,,Seattle,United States,2025-06-10,2025-09-21,2,299.79,0.0,299.79,2,0,283.0,0.0,817
CUST00147,Emily,Davis,emily.davis49@example.com,2025-11-10,Email,,Boston,United States,2026-01-11,2026-06-04,3,257.71999999999997,0.0,257.71999999999997,3,0,27.0,0.0,233
CUST00148,Ethan,Taylor,ethan.taylor54@example.com,2025-03-11,Referral,,Austin,United States,2025-05-13,2026-03-26,5,1353.83,0.0,1353.83,10,0,97.0,0.0,477
CUST00149,Mia,Lopez,mia.lopez99@example.com,2025-04-09,Google Ads,,Miami,United States,2025-07-31,2026-02-05,3,531.0799999999999,66.17,464.90999999999997,3,1,146.0,0.3333333333333333,448
CUST00150,Elijah,Brown,elijah.brown34@example.com,2024-11-19,Google Ads,,Austin,United States,2024-12-27,2026-06-29,4,648.52,252.34,396.18,6,1,2.0,0.25,589
CUST00151,Elizabeth,Thompson,elizabeth.thompson33@example.com,2024-07-15,Google Ads,,Boston,United States,2024-10-26,2026-04-07,6,749.46,0.0,749.46,6,0,85.0,0.0,716
CUST00152,Isabella,White,isabella.white85@example.com,2026-02-17,Meta Ads,,Miami,United States,2026-03-26,2026-06-09,4,805.38,0.0,805.38,5,0,22.0,0.0,134
CUST00153,Noah,Clark,noah.clark34@example.com,2024-10-30,Google Ads,,Chicago,United States,2025-03-10,2025-03-10,1,398.0,0.0,398.0,4,0,478.0,0.0,609
CUST00154,James,Smith,james.smith78@example.com,2024-05-09,Google Ads,,New York,United States,2024-12-24,2026-05-13,5,1145.72,213.38,932.34,7,2,49.0,0.4,783
CUST00155,Ethan,Martinez,ethan.martinez99@example.com,2024-05-09,Email,,Boston,United States,2024-07-13,2026-01-27,5,563.33,26.94,536.39,7,1,155.0,0.2,783
CUST00156,Noah,Ramirez,noah.ramirez11@example.com,2025-08-10,Google Ads,,Boston,United States,2025-08-12,2026-06-23,12,2365.44,517.4300000000001,1848.01,24,2,8.0,0.16666666666666666,325
CUST00157,Amelia,Hernandez,amelia.hernandez33@example.com,2024-02-22,Google Ads,,Boston,United States,2024-06-02,2025-06-04,4,303.33000000000004,29.48,273.85,7,1,392.0,0.25,860
CUST00158,Noah,Clark,noah.clark18@example.com,2025-02-14,Meta Ads,,Denver,United States,2025-02-19,2026-05-21,8,825.52,139.61,685.91,12,1,41.0,0.125,502
CUST00159,Abigail,Perez,abigail.perez16@example.com,2024-06-04,Google Ads,,Denver,United States,2024-07-31,2024-07-31,1,192.02,0.0,192.02,1,0,700.0,0.0,757
CUST00160,James,Williams,james.williams41@example.com,2024-05-01,Email,,Seattle,United States,2026-01-07,2026-01-07,1,72.99,0.0,72.99,1,0,175.0,0.0,791
CUST00161,Alexander,Martin,alexander.martin89@example.com,2024-08-19,Organic,,Seattle,United States,2024-09-27,2025-09-02,4,1137.09,0.0,1137.09,10,0,302.0,0.0,681
CUST00162,Amelia,Robinson,amelia.robinson66@example.com,2024-10-31,Organic,,Seattle,United States,2025-04-27,2025-12-02,2,292.32,0.0,292.32,6,0,211.0,0.0,608
CUST00163,James,Jackson,james.jackson89@example.com,2024-03-02,Email,,Los Angeles,United States,2025-03-09,2025-06-19,3,388.32,0.0,388.32,5,0,377.0,0.0,851
CUST00164,Elizabeth,Miller,elizabeth.miller90@example.com,2024-08-04,Google Ads,,Los Angeles,United States,2025-07-15,2026-02-19,2,129.4,0.0,129.4,2,0,132.0,0.0,696
CUST00165,Oliver,Davis,oliver.davis32@example.com,2025-07-19,Google Ads,,New York,United States,2026-03-15,2026-03-15,1,36.98,0.0,36.98,2,0,108.0,0.0,347
CUST00166,Lucas,Anderson,lucas.anderson98@example.com,2025-08-31,Meta Ads,,New York,United States,2025-09-04,2026-03-01,10,986.25,183.66,802.5899999999999,14,1,122.0,0.1,304
CUST00167,Elijah,Martinez,elijah.martinez46@example.com,2025-12-20,Organic,,Los Angeles,United States,2025-12-22,2026-05-28,7,936.89,253.35,683.54,9,2,34.0,0.2857142857142857,193
CUST00168,Henry,Davis,henry.davis43@example.com,2026-03-17,Organic,,Denver,United States,2026-06-12,2026-06-12,1,56.6,0.0,56.6,1,0,19.0,0.0,106
CUST00169,Henry,Sanchez,henry.sanchez35@example.com,2025-03-11,Google Ads,,Houston,United States,2025-06-14,2026-03-20,5,526.5799999999999,253.73,272.85,5,2,103.0,0.4,477
CUST00170,Abigail,Jones,abigail.jones44@example.com,2024-05-25,Google Ads,,Chicago,United States,2024-07-31,2026-06-08,6,974.89,0.0,974.89,9,0,23.0,0.0,767
CUST00171,Michael,Martinez,michael.martinez86@example.com,2026-02-05,Organic,,Miami,United States,2026-05-26,2026-06-12,2,394.38,221.91,172.47,4,1,19.0,0.5,146
CUST00172,Amelia,Brown,amelia.brown69@example.com,2025-12-06,Meta Ads,,Seattle,United States,2026-02-23,2026-05-30,4,547.3100000000001,383.56,163.75,6,2,32.0,0.5,207
CUST00173,Isabella,Taylor,isabella.taylor79@example.com,2025-05-20,Meta Ads,,Denver,United States,2025-08-03,2025-08-03,1,165.1,0.0,165.1,1,0,332.0,0.0,407
CUST00174,Liam,Lewis,liam.lewis65@example.com,2026-01-22,Meta Ads,,Miami,United States,2026-02-27,2026-04-02,2,268.83000000000004,0.0,268.83000000000004,3,0,90.0,0.0,160
CUST00175,Emma,Williams,emma.williams39@example.com,2025-11-21,Organic,,Denver,United States,2025-12-06,2026-05-28,4,447.83,0.0,447.83,5,0,34.0,0.0,222
CUST00176,Evelyn,Smith,evelyn.smith96@example.com,2024-10-02,Email,,Chicago,United States,2025-08-20,2026-04-18,3,222.86,147.02,75.84,6,2,74.0,0.6666666666666666,637
CUST00177,Mason,Taylor,mason.taylor93@example.com,2025-03-28,Referral,,Chicago,United States,2025-04-28,2026-05-06,7,824.2,0.0,824.2,8,0,56.0,0.0,460
CUST00178,Evelyn,Wilson,evelyn.wilson91@example.com,2025-05-18,Referral,,Boston,United States,2025-06-01,2026-01-04,2,194.77,147.71,47.06,2,1,178.0,0.5,409
CUST00179,Benjamin,Wilson,benjamin.wilson52@example.com,2024-11-24,Email,,Chicago,United States,2025-01-18,2026-06-27,6,726.14,61.23,664.91,9,1,4.0,0.16666666666666666,584
CUST00180,Mia,Wilson,mia.wilson98@example.com,2025-05-22,Google Ads,,Seattle,United States,2025-09-19,2026-05-28,2,309.78,0.0,309.78,3,0,34.0,0.0,405
CUST00181,Sofia,Harris,sofia.harris80@example.com,2024-02-07,Meta Ads,,San Francisco,United States,2024-03-02,2026-05-08,16,1892.71,111.17,1781.54,23,1,54.0,0.0625,875
CUST00182,Isabella,Hernandez,isabella.hernandez24@example.com,2026-03-02,Meta Ads,,Austin,United States,2026-03-07,2026-05-27,3,177.88,87.25,90.63,3,1,35.0,0.3333333333333333,121
CUST00183,Sofia,Smith,sofia.smith94@example.com,2025-07-09,Meta Ads,,New York,United States,2026-03-06,2026-03-06,1,77.5,77.5,0.0,1,1,117.0,1.0,357
CUST00184,Sophia,Taylor,sophia.taylor56@example.com,2025-09-29,Organic,,Boston,United States,2025-10-13,2026-06-15,5,1065.3,0.0,1065.3,7,0,16.0,0.0,275
CUST00185,Elizabeth,Johnson,elizabeth.johnson36@example.com,2024-09-30,Meta Ads,,Miami,United States,2025-02-12,2025-02-12,1,59.83,0.0,59.83,1,0,504.0,0.0,639
CUST00186,Amelia,Lewis,amelia.lewis99@example.com,2025-05-11,Google Ads,,Denver,United States,2025-05-28,2026-01-08,4,442.38,0.0,442.38,6,0,174.0,0.0,416
CUST00187,Michael,Davis,michael.davis30@example.com,2024-11-14,Email,,Austin,United States,2024-11-23,2024-11-23,1,142.64,0.0,142.64,2,0,585.0,0.0,594
CUST00188,Lucas,Williams,lucas.williams38@example.com,2024-04-26,Meta Ads,,Los Angeles,United States,2024-08-05,2025-05-28,3,296.91999999999996,0.0,296.91999999999996,3,0,399.0,0.0,796
CUST00189,Abigail,Clark,abigail.clark29@example.com,2025-05-25,Referral,,Miami,United States,2025-09-17,2026-06-12,2,100.41,28.7,71.71,2,1,19.0,0.5,402
CUST00190,Harper,Thompson,harper.thompson44@example.com,2025-03-01,Organic,,Boston,United States,2026-01-27,2026-04-18,2,528.71,0.0,528.71,3,0,74.0,0.0,487
CUST00191,Elijah,Anderson,elijah.anderson80@example.com,2024-05-28,Meta Ads,,Denver,United States,2024-08-29,2026-05-06,5,563.19,0.0,563.19,5,0,56.0,0.0,764
CUST00192,Harper,White,harper.white27@example.com,2024-03-12,Google Ads,,Seattle,United States,2025-03-30,2025-03-30,1,56.61,0.0,56.61,1,0,458.0,0.0,841
CUST00193,Mia,Robinson,mia.robinson74@example.com,2024-09-30,Organic,,Miami,United States,2024-10-03,2025-11-06,2,260.17,0.0,260.17,2,0,237.0,0.0,639
CUST00194,Jacob,Martinez,jacob.martinez85@example.com,2025-08-16,Referral,,Boston,United States,2026-01-23,2026-01-23,1,36.68,36.68,0.0,1,1,159.0,1.0,319
CUST00195,Daniel,Jones,daniel.jones67@example.com,2025-07-05,Meta Ads,,San Francisco,United States,2025-08-23,2026-06-21,3,147.85,0.0,147.85,3,0,10.0,0.0,361
CUST00196,Ethan,Harris,ethan.harris79@example.com,2025-01-21,Meta Ads,,San Francisco,United States,2025-04-24,2025-10-24,3,142.72,0.0,142.72,3,0,250.0,0.0,526
CUST00197,Daniel,Miller,daniel.miller99@example.com,2024-09-01,Email,,Houston,United States,2025-03-30,2026-03-09,4,750.13,0.0,750.13,7,0,114.0,0.0,668
CUST00198,Daniel,Harris,daniel.harris62@example.com,2024-02-14,Meta Ads,,Boston,United States,2025-05-05,2026-02-24,2,213.59,48.06,165.53,4,1,127.0,0.5,868
CUST00199,Emily,Robinson,emily.robinson58@example.com,2025-01-30,Referral,,Chicago,United States,2025-07-11,2025-07-11,1,63.47,63.47,0.0,1,1,355.0,1.0,517
CUST00200,Mason,Johnson,mason.johnson26@example.com,2025-05-29,Referral,,San Francisco,United States,2025-07-02,2026-02-19,7,797.54,379.4,418.14,9,2,132.0,0.2857142857142857,398
CUST00201,Daniel,Brown,daniel.brown66@example.com,2024-04-12,Meta Ads,,Boston,United States,2025-08-02,2026-02-03,3,693.1400000000001,0.0,693.1400000000001,4,0,148.0,0.0,810
CUST00202,Emma,White,emma.white28@example.com,2025-02-23,Organic,,Chicago,United States,2025-05-09,2026-05-11,6,753.47,137.85,615.62,6,1,51.0,0.16666666666666666,493
CUST00203,Olivia,Thomas,olivia.thomas43@example.com,2024-12-12,Email,,Seattle,United States,2025-02-02,2025-12-23,4,682.72,93.36,589.36,8,1,190.0,0.25,566
CUST00204,Abigail,Williams,abigail.williams52@example.com,2025-11-21,Organic,,Seattle,United States,2025-12-07,2026-06-10,7,1039.1,0.0,1039.1,11,0,21.0,0.0,222
CUST00205,Mia,Lee,mia.lee72@example.com,2025-07-08,Google Ads,,Los Angeles,United States,2025-08-06,2025-08-06,1,114.83,0.0,114.83,1,0,329.0,0.0,358
CUST00206,Elijah,Lee,elijah.lee97@example.com,2024-10-21,Referral,,Los Angeles,United States,2025-11-30,2026-03-08,2,310.04,0.0,310.04,2,0,115.0,0.0,618
CUST00207,Lucas,Brown,lucas.brown91@example.com,2025-12-21,Organic,,Boston,United States,2025-12-21,2026-06-18,15,1298.99,194.11,1104.8799999999999,19,2,13.0,0.13333333333333333,192
CUST00208,Oliver,Thompson,oliver.thompson48@example.com,2024-01-30,Google Ads,,New York,United States,2025-07-24,2025-07-24,1,71.74,0.0,71.74,1,0,342.0,0.0,883
CUST00209,James,Lopez,james.lopez57@example.com,2025-03-17,Google Ads,,Austin,United States,2025-03-26,2025-09-03,4,415.40999999999997,0.0,415.40999999999997,6,0,301.0,0.0,471
CUST00210,Lucas,Jackson,lucas.jackson97@example.com,2026-03-22,Google Ads,,Chicago,United States,2026-03-28,2026-06-29,18,2166.75,411.82,1754.9299999999998,25,3,2.0,0.16666666666666666,101
CUST00211,Olivia,Martin,olivia.martin58@example.com,2025-09-26,Email,,Boston,United States,2025-11-05,2026-06-30,5,327.49,265.57,61.92,8,3,1.0,0.6,278
CUST00212,Logan,Jackson,logan.jackson28@example.com,2024-08-25,Meta Ads,,Miami,United States,2024-10-24,2024-10-24,1,114.82,0.0,114.82,1,0,615.0,0.0,675
CUST00213,Amelia,Rodriguez,amelia.rodriguez95@example.com,2024-01-10,Organic,,Boston,United States,2024-05-16,2026-06-04,8,784.0899999999999,145.89,638.2,13,1,27.0,0.125,903
CUST00214,Avery,Martinez,avery.martinez96@example.com,2025-07-13,Google Ads,,Boston,United States,2025-12-15,2025-12-15,1,54.75,0.0,54.75,1,0,198.0,0.0,353
CUST00215,Benjamin,Jackson,benjamin.jackson48@example.com,2025-10-16,Referral,,Miami,United States,2025-12-11,2026-03-02,3,364.71000000000004,0.0,364.71000000000004,3,0,121.0,0.0,258
CUST00216,Amelia,Ramirez,amelia.ramirez48@example.com,2024-07-22,Referral,,Boston,United States,2025-05-31,2025-09-30,2,267.1,0.0,267.1,2,0,274.0,0.0,709
CUST00217,Noah,Davis,noah.davis58@example.com,2025-08-08,Meta Ads,,Miami,United States,2025-12-02,2026-04-17,3,340.37,118.38,221.99,5,1,75.0,0.3333333333333333,327
CUST00218,Emily,Martinez,emily.martinez12@example.com,2025-11-05,Meta Ads,,New York,United States,2026-01-08,2026-05-26,3,541.41,176.57,364.84,5,2,36.0,0.6666666666666666,238
CUST00219,Evelyn,Ramirez,evelyn.ramirez97@example.com,2026-03-07,Organic,,New York,United States,2026-03-12,2026-06-20,5,348.63,0.0,348.63,6,0,11.0,0.0,116
CUST00220,Logan,Martin,logan.martin73@example.com,2024-10-20,Organic,,Houston,United States,2025-03-30,2026-06-20,15,2185.49,171.77,2013.72,24,2,11.0,0.13333333333333333,619
CUST00221,Alexander,Sanchez,alexander.sanchez55@example.com,2024-08-12,Email,,Denver,United States,2026-01-17,2026-01-17,1,125.06,0.0,125.06,4,0,165.0,0.0,688
CUST00222,Isabella,Perez,isabella.perez94@example.com,2025-11-28,Organic,,Los Angeles,United States,2025-12-11,2026-03-28,4,344.28000000000003,65.64,278.64,5,1,95.0,0.25,215
CUST00223,Avery,Lee,avery.lee92@example.com,2024-02-10,Meta Ads,,Boston,United States,2024-10-15,2024-10-15,1,19.2,0.0,19.2,1,0,624.0,0.0,872
CUST00224,Liam,Jackson,liam.jackson56@example.com,2026-01-19,Google Ads,,Miami,United States,2026-01-24,2026-05-03,6,1258.79,328.0,930.79,10,2,59.0,0.3333333333333333,163
CUST00225,Mia,White,mia.white63@example.com,2024-06-28,Google Ads,,Austin,United States,2024-08-30,2026-06-11,4,450.78,0.0,450.78,5,0,20.0,0.0,733
CUST00226,Avery,Lopez,avery.lopez77@example.com,2025-05-28,Referral,,Chicago,United States,2025-06-17,2025-12-22,3,515.28,42.56,472.72,7,1,191.0,0.3333333333333333,399
CUST00227,Isabella,Robinson,isabella.robinson71@example.com,2024-10-29,Organic,,San Francisco,United States,2024-11-01,2026-06-09,23,3402.03,735.3,2666.73,38,3,22.0,0.13043478260869565,610
CUST00228,Michael,Brown,michael.brown69@example.com,2024-03-18,Google Ads,,Houston,United States,2026-02-27,2026-02-27,1,132.39,0.0,132.39,1,0,124.0,0.0,835
CUST00229,Daniel,Perez,daniel.perez96@example.com,2025-02-10,Referral,,Austin,United States,2025-03-29,2026-03-18,6,463.18,36.88,426.3,6,1,105.0,0.16666666666666666,506
CUST00230,Benjamin,Williams,benjamin.williams60@example.com,2024-01-15,Google Ads,,Los Angeles,United States,2024-04-06,2024-11-10,3,293.9,0.0,293.9,4,0,598.0,0.0,898
CUST00231,Amelia,Lopez,amelia.lopez96@example.com,2026-02-05,Email,,Denver,United States,2026-02-09,2026-06-29,15,1638.6000000000001,44.47,1594.13,26,1,2.0,0.06666666666666667,146
CUST00232,Charlotte,Clark,charlotte.clark91@example.com,2025-01-15,Google Ads,,Houston,United States,2026-01-07,2026-01-07,1,57.84,0.0,57.84,1,0,175.0,0.0,532
CUST00233,Mason,Smith,mason.smith89@example.com,2025-07-28,Meta Ads,,Denver,United States,2025-09-19,2026-02-20,3,627.26,0.0,627.26,6,0,131.0,0.0,338
CUST00234,Elijah,Lee,elijah.lee18@example.com,2025-10-12,Organic,,Miami,United States,2026-02-06,2026-05-21,3,232.88,0.0,232.88,3,0,41.0,0.0,262
CUST00235,Abigail,Wilson,abigail.wilson24@example.com,2024-05-23,Google Ads,,New York,United States,2024-11-30,2026-03-26,2,320.34,0.0,320.34,4,0,97.0,0.0,769
CUST00236,James,Thomas,james.thomas24@example.com,2024-04-09,Google Ads,,Austin,United States,2024-08-19,2025-11-20,4,321.41,201.66,119.75,5,2,223.0,0.5,813
CUST00237,Ava,Gonzalez,ava.gonzalez68@example.com,2025-01-14,Email,,Austin,United States,2025-07-23,2026-01-10,3,118.44,0.0,118.44,4,0,172.0,0.0,533
CUST00238,Lucas,Jackson,lucas.jackson29@example.com,2025-02-28,Email,,Boston,United States,2025-05-26,2026-06-27,9,944.29,125.08999999999999,819.2,11,2,4.0,0.2222222222222222,488
CUST00239,Alexander,Wilson,alexander.wilson45@example.com,2024-02-03,Email,,Houston,United States,2025-10-14,2026-06-06,3,390.45,0.0,390.45,4,0,25.0,0.0,879
CUST00240,Amelia,Anderson,amelia.anderson40@example.com,2025-01-06,Google Ads,,San Francisco,United States,2025-05-27,2025-06-26,2,609.29,356.23,253.06,5,1,370.0,0.5,541
CUST00241,Ethan,Lewis,ethan.lewis92@example.com,2025-01-02,Google Ads,,Miami,United States,2025-01-08,2025-05-21,2,168.18,0.0,168.18,2,0,406.0,0.0,545
CUST00242,Sophia,Brown,sophia.brown68@example.com,2024-04-03,Email,,Denver,United States,2024-10-28,2026-01-11,2,259.71000000000004,0.0,259.71000000000004,2,0,171.0,0.0,819
CUST00243,Emma,Johnson,emma.johnson52@example.com,2024-09-06,Referral,,Denver,United States,2024-09-12,2026-06-26,16,1739.6000000000001,491.79999999999995,1247.8,25,4,5.0,0.25,663
CUST00244,Sophia,Williams,sophia.williams80@example.com,2024-07-31,Email,,Houston,United States,2024-08-28,2026-06-22,11,710.27,184.13,526.14,11,2,9.0,0.18181818181818182,700
CUST00245,Mia,Harris,mia.harris28@example.com,2026-03-18,Referral,,New York,United States,2026-03-22,2026-06-21,8,931.88,11.76,920.12,11,1,10.0,0.125,105
CUST00246,Isabella,Ramirez,isabella.ramirez28@example.com,2024-05-13,Meta Ads,,Chicago,United States,2024-10-25,2025-09-15,2,62.28,62.28,0.0,2,2,289.0,1.0,779
CUST00247,Noah,Perez,noah.perez13@example.com,2024-05-14,Google Ads,,Houston,United States,2024-05-21,2026-05-11,13,1104.31,83.75,1020.56,13,2,51.0,0.15384615384615385,778
CUST00248,Evelyn,Hernandez,evelyn.hernandez12@example.com,2024-06-27,Google Ads,,Chicago,United States,2024-08-17,2026-02-19,5,772.28,0.0,772.28,6,0,132.0,0.0,734
CUST00249,Jacob,Wilson,jacob.wilson77@example.com,2024-04-26,Organic,,Boston,United States,2024-08-05,2025-06-20,4,411.29,0.0,411.29,7,0,376.0,0.0,796
CUST00250,Amelia,Harris,amelia.harris56@example.com,2025-06-09,Email,,Boston,United States,2026-05-13,2026-05-13,1,281.69,0.0,281.69,1,0,49.0,0.0,387
CUST00251,Harper,Davis,harper.davis88@example.com,2024-02-14,Organic,,Austin,United States,2024-05-09,2026-04-22,11,2268.24,0.0,2268.24,18,0,70.0,0.0,868
CUST00252,James,Anderson,james.anderson92@example.com,2024-02-01,Google Ads,,Boston,United States,2024-03-18,2025-11-17,4,656.74,99.44,557.3,5,1,226.0,0.25,881
CUST00253,Daniel,Gonzalez,daniel.gonzalez64@example.com,2025-12-03,Google Ads,,Boston,United States,2026-06-13,2026-06-13,1,39.65,0.0,39.65,1,0,18.0,0.0,210
CUST00254,Olivia,Lewis,olivia.lewis20@example.com,2024-11-25,Email,,Los Angeles,United States,2025-03-15,2026-01-16,4,481.29,0.0,481.29,4,0,166.0,0.0,583
CUST00255,Ava,Rodriguez,ava.rodriguez89@example.com,2025-10-10,Email,,San Francisco,United States,2025-10-31,2025-10-31,1,137.72,137.72,0.0,2,1,243.0,1.0,264
CUST00256,Charlotte,Martin,charlotte.martin77@example.com,2024-10-28,Meta Ads,,Denver,United States,2024-12-17,2026-06-22,26,4344.04,259.68,4084.36,41,1,9.0,0.038461538461538464,611
CUST00257,Lucas,Brown,lucas.brown99@example.com,2024-04-27,Organic,,Austin,United States,2024-10-14,2026-05-27,6,376.06,0.0,376.06,9,0,35.0,0.0,795
CUST00258,Jacob,Ramirez,jacob.ramirez37@example.com,2025-03-16,Meta Ads,,Houston,United States,2025-07-24,2025-07-24,2,232.14999999999998,0.0,232.14999999999998,2,0,342.0,0.0,472
CUST00259,Lucas,Hernandez,lucas.hernandez68@example.com,2025-02-12,Meta Ads,,Los Angeles,United States,2025-04-16,2026-06-18,33,3984.37,709.49,3274.88,42,5,13.0,0.15151515151515152,504
CUST00260,Mia,Wilson,mia.wilson50@example.com,2025-11-12,Google Ads,,Chicago,United States,2025-11-13,2026-06-26,12,1315.71,294.78,1020.9300000000001,22,1,5.0,0.08333333333333333,231
CUST00261,Henry,Robinson,henry.robinson70@example.com,2024-03-09,Google Ads,,Los Angeles,United States,2024-08-11,2025-05-13,4,718.1700000000001,50.94,667.23,5,1,414.0,0.25,844
CUST00262,Olivia,Wilson,olivia.wilson22@example.com,2026-02-01,Organic,,Chicago,United States,2026-02-21,2026-05-13,3,201.07999999999998,0.0,201.07999999999998,3,0,49.0,0.0,150
CUST00263,Ethan,Johnson,ethan.johnson85@example.com,2025-07-29,Email,,Los Angeles,United States,2025-12-27,2025-12-27,1,58.1,0.0,58.1,1,0,186.0,0.0,337
CUST00264,Lucas,Lopez,lucas.lopez95@example.com,2026-02-07,Meta Ads,,New York,United States,2026-02-28,2026-04-16,2,373.70000000000005,0.0,373.70000000000005,6,0,76.0,0.0,144
CUST00265,James,Martin,james.martin49@example.com,2024-12-26,Google Ads,,Austin,United States,2025-12-16,2025-12-16,1,271.01,0.0,271.01,1,0,197.0,0.0,552
CUST00266,Sophia,Jones,sophia.jones94@example.com,2025-05-08,Google Ads,,Los Angeles,United States,2025-08-13,2025-08-13,1,45.8,0.0,45.8,1,0,322.0,0.0,419
CUST00267,Benjamin,Ramirez,benjamin.ramirez81@example.com,2025-01-11,Google Ads,,Miami,United States,2025-01-20,2026-02-17,4,604.01,415.88,188.13,8,2,134.0,0.5,536
CUST00268,Evelyn,Davis,evelyn.davis64@example.com,2025-07-28,Referral,,Denver,United States,2025-12-09,2026-03-29,4,697.18,220.14,477.03999999999996,5,1,94.0,0.25,338
CUST00269,Alexander,Perez,alexander.perez92@example.com,2025-07-24,Google Ads,,Miami,United States,2026-06-10,2026-06-10,1,47.22,0.0,47.22,1,0,21.0,0.0,342
CUST00270,Emma,Garcia,emma.garcia44@example.com,2025-12-20,Organic,,San Francisco,United States,2025-12-21,2026-06-11,10,832.01,54.81,777.2,10,1,20.0,0.1,193
CUST00271,Benjamin,Smith,benjamin.smith33@example.com,2024-05-26,Email,,Seattle,United States,2025-01-23,2025-09-28,3,205.96,55.9,150.06,5,1,276.0,0.3333333333333333,766
CUST00272,Olivia,Jones,olivia.jones91@example.com,2024-02-01,Google Ads,,Austin,United States,2024-04-08,2026-06-30,7,696.67,114.27,582.4,7,1,1.0,0.14285714285714285,881
CUST00273,Sophia,Gonzalez,sophia.gonzalez63@example.com,2025-04-09,Meta Ads,,San Francisco,United States,2025-04-23,2026-05-16,9,1259.66,0.0,1259.66,13,0,46.0,0.0,448
CUST00274,James,White,james.white51@example.com,2026-03-06,Referral,,Denver,United States,2026-03-18,2026-06-01,4,1191.4499999999998,71.7,1119.75,6,1,30.0,0.25,117
CUST00275,Olivia,Lewis,olivia.lewis16@example.com,2024-06-08,Google Ads,,Denver,United States,2024-07-06,2026-06-23,9,2016.44,205.93,1810.51,16,2,8.0,0.2222222222222222,753
CUST00276,Liam,Perez,liam.perez20@example.com,2024-10-05,Meta Ads,,Seattle,United States,2024-10-23,2024-10-23,1,64.49,64.49,0.0,1,1,616.0,1.0,634
CUST00277,Mason,Martin,mason.martin66@example.com,2025-02-28,Google Ads,,Austin,United States,2025-04-16,2026-06-12,2,267.04,0.0,267.04,2,0,19.0,0.0,488
CUST00278,Noah,Lopez,noah.lopez65@example.com,2024-04-23,Google Ads,,Denver,United States,2024-05-18,2026-04-01,4,874.1800000000001,179.73,694.45,9,1,91.0,0.25,799
CUST00279,Mason,Taylor,mason.taylor95@example.com,2024-11-11,Google Ads,,Seattle,United States,2025-01-17,2026-02-28,6,617.9100000000001,0.0,617.9100000000001,9,0,123.0,0.0,597
CUST00280,Alexander,Johnson,alexander.johnson10@example.com,2024-07-28,Meta Ads,,Houston,United States,2025-05-18,2025-11-25,3,371.67,0.0,371.67,5,0,218.0,0.0,703
CUST00281,Elizabeth,Jones,elizabeth.jones42@example.com,2024-10-23,Meta Ads,,New York,United States,2025-03-31,2025-03-31,1,146.72,0.0,146.72,1,0,457.0,0.0,616
CUST00282,Mason,White,mason.white65@example.com,2024-06-28,Google Ads,,Austin,United States,2024-09-27,2026-06-21,6,1189.52,492.93,696.59,10,1,10.0,0.16666666666666666,733
CUST00283,Emily,Davis,emily.davis74@example.com,2025-07-26,Organic,,San Francisco,United States,2025-08-29,2026-06-22,3,334.67,0.0,334.67,3,0,9.0,0.0,340
CUST00284,Olivia,Gonzalez,olivia.gonzalez15@example.com,2025-03-22,Google Ads,,Los Angeles,United States,2025-04-23,2026-03-31,3,266.51,0.0,266.51,4,0,92.0,0.0,466
CUST00285,Daniel,Hernandez,daniel.hernandez83@example.com,2025-03-15,Email,,Seattle,United States,2025-06-17,2026-05-01,2,104.07,22.21,81.86,2,1,61.0,0.5,473
CUST00286,James,Brown,james.brown61@example.com,2024-01-22,Referral,,Chicago,United States,2024-02-28,2025-11-14,17,2481.4,164.49,2316.9100000000003,23,2,229.0,0.11764705882352941,891
CUST00287,Michael,Martin,michael.martin68@example.com,2025-12-07,Referral,,Los Angeles,United States,2025-12-11,2026-06-19,28,3640.91,245.62,3395.29,37,3,12.0,0.10714285714285714,206
CUST00288,Lucas,Ramirez,lucas.ramirez23@example.com,2024-09-06,Meta Ads,,Seattle,United States,2024-12-23,2026-06-05,4,895.5600000000001,0.0,895.5600000000001,10,0,26.0,0.0,663
CUST00289,Harper,Williams,harper.williams60@example.com,2024-11-13,Organic,,Houston,United States,2025-07-12,2026-06-02,3,340.78,55.41,285.37,4,1,29.0,0.3333333333333333,595
CUST00290,Mia,Harris,mia.harris31@example.com,2024-03-19,Meta Ads,,Los Angeles,United States,2025-08-05,2025-08-05,1,174.94,0.0,174.94,2,0,330.0,0.0,834
CUST00291,Harper,Taylor,harper.taylor34@example.com,2026-03-05,Meta Ads,,Chicago,United States,2026-03-27,2026-03-27,1,98.12,0.0,98.12,1,0,96.0,0.0,118
CUST00292,Elijah,Brown,elijah.brown28@example.com,2024-09-19,Google Ads,,Denver,United States,2025-07-12,2025-07-25,3,487.40999999999997,0.0,487.40999999999997,4,0,341.0,0.0,650
CUST00293,Ava,Harris,ava.harris93@example.com,2024-03-18,Google Ads,,Boston,United States,2024-10-18,2026-01-20,4,405.63,75.57,330.06,6,1,162.0,0.25,835
CUST00294,Amelia,Harris,amelia.harris82@example.com,2026-02-17,Email,,Denver,United States,2026-05-30,2026-05-30,1,40.11,0.0,40.11,1,0,32.0,0.0,134
CUST00295,Abigail,Lee,abigail.lee89@example.com,2024-11-26,Organic,,San Francisco,United States,2024-12-23,2026-05-06,9,909.7700000000001,512.6400000000001,397.13,13,4,56.0,0.4444444444444444,582
CUST00296,Ava,Anderson,ava.anderson18@example.com,2025-04-25,Meta Ads,,Miami,United States,2026-01-11,2026-01-11,1,106.96,0.0,106.96,1,0,171.0,0.0,432
CUST00297,Michael,Rodriguez,michael.rodriguez85@example.com,2024-02-27,Meta Ads,,Los Angeles,United States,2024-06-04,2026-02-11,8,876.57,52.8,823.77,13,1,140.0,0.125,855
CUST00298,James,Anderson,james.anderson67@example.com,2024-02-08,Google Ads,,Miami,United States,2024-12-16,2026-04-13,3,127.46,0.0,127.46,3,0,79.0,0.0,874
CUST00299,Olivia,Lee,olivia.lee21@example.com,2025-09-21,Email,,Seattle,United States,2025-09-24,2026-06-23,9,1087.6000000000001,135.3,952.3000000000001,10,1,8.0,0.1111111111111111,283
CUST00300,Amelia,Jackson,amelia.jackson80@example.com,2026-03-21,Organic,,New York,United States,2026-06-06,2026-06-06,1,157.44,0.0,157.44,1,0,25.0,0.0,102
CUST00301,Amelia,Robinson,amelia.robinson83@example.com,2025-10-29,Google Ads,,Denver,United States,2026-03-14,2026-05-23,2,341.51,341.51,0.0,6,2,39.0,1.0,245
CUST00302,Mason,Taylor,mason.taylor29@example.com,2024-03-04,Meta Ads,,San Francisco,United States,2024-05-05,2025-11-10,2,160.3,0.0,160.3,3,0,233.0,0.0,849
CUST00303,Emily,Williams,emily.williams74@example.com,2025-10-23,Google Ads,,Houston,United States,2026-03-30,2026-03-30,1,178.19,0.0,178.19,1,0,93.0,0.0,251
CUST00304,Emily,Anderson,emily.anderson66@example.com,2025-06-20,Meta Ads,,Chicago,United States,2025-06-26,2025-07-14,2,129.14999999999998,0.0,129.14999999999998,2,0,352.0,0.0,376
CUST00305,Benjamin,Lopez,benjamin.lopez46@example.com,2025-01-31,Meta Ads,,San Francisco,United States,2025-03-25,2026-05-05,5,1142.3,271.57000000000005,870.73,9,2,57.0,0.4,516
CUST00306,Henry,Martin,henry.martin16@example.com,2026-03-19,Email,,San Francisco,United States,2026-03-22,2026-06-28,4,303.84,64.46,239.38,4,1,3.0,0.25,104
CUST00307,Olivia,Hernandez,olivia.hernandez22@example.com,2025-07-25,Email,,Miami,United States,2025-10-06,2026-06-17,5,299.56,29.96,269.6,5,1,14.0,0.2,341
CUST00308,Isabella,White,isabella.white94@example.com,2025-09-09,Organic,,San Francisco,United States,2025-11-08,2026-06-28,7,790.13,0.0,790.13,8,0,3.0,0.0,295
CUST00309,Olivia,Jackson,olivia.jackson94@example.com,2024-05-24,Referral,,Miami,United States,2024-07-29,2026-01-16,3,790.16,0.0,790.16,6,0,166.0,0.0,768
CUST00310,Abigail,Thompson,abigail.thompson94@example.com,2025-02-05,Google Ads,,Los Angeles,United States,2025-03-20,2026-01-31,4,555.46,0.0,555.46,5,0,151.0,0.0,511
CUST00311,James,Moore,james.moore58@example.com,2025-10-20,Organic,,Chicago,United States,2026-04-07,2026-06-06,3,561.8100000000001,106.86,454.95000000000005,7,1,25.0,0.3333333333333333,254
CUST00312,Henry,Thompson,henry.thompson97@example.com,2025-06-23,Google Ads,,Seattle,United States,2025-10-12,2026-06-29,3,274.58,72.76,201.82,5,1,2.0,0.3333333333333333,373
CUST00313,Harper,Lopez,harper.lopez12@example.com,2025-01-06,Meta Ads,,Houston,United States,2025-01-18,2026-06-06,13,1700.33,247.97,1452.36,16,3,25.0,0.23076923076923078,541
CUST00314,Mia,Harris,mia.harris72@example.com,2024-07-15,Google Ads,,Chicago,United States,2024-07-23,2025-04-11,3,252.24,0.0,252.24,3,0,446.0,0.0,716
CUST00315,Ava,Williams,ava.williams47@example.com,2026-03-18,Google Ads,,Austin,United States,2026-03-18,2026-06-23,12,1881.61,434.71,1446.9,14,3,8.0,0.25,105
CUST00316,Sofia,White,sofia.white77@example.com,2024-02-08,Email,,Denver,United States,2024-09-04,2026-03-11,6,730.5699999999999,123.18,607.39,7,2,112.0,0.3333333333333333,874
CUST00317,Ava,Martin,ava.martin58@example.com,2024-06-06,Google Ads,,Denver,United States,2024-09-05,2024-12-17,2,333.65999999999997,0.0,333.65999999999997,3,0,561.0,0.0,755
CUST00318,Michael,Lewis,michael.lewis31@example.com,2026-01-08,Meta Ads,,Seattle,United States,2026-01-09,2026-06-02,14,2264.93,199.76,2065.17,26,3,29.0,0.21428571428571427,174
CUST00319,Benjamin,Perez,benjamin.perez40@example.com,2025-03-30,Email,,Boston,United States,2025-06-13,2025-07-03,2,198.21,106.17,92.04,4,1,363.0,0.5,458
CUST00320,Elijah,Moore,elijah.moore40@example.com,2024-11-12,Referral,,Boston,United States,2025-12-29,2026-02-19,2,243.63,0.0,243.63,2,0,132.0,0.0,596
CUST00321,Avery,Clark,avery.clark34@example.com,2025-01-11,Email,,Denver,United States,2025-01-20,2026-06-01,8,1363.76,32.42,1331.34,15,1,30.0,0.125,536
CUST00322,Amelia,Anderson,amelia.anderson46@example.com,2026-03-07,Meta Ads,,Austin,United States,2026-04-04,2026-04-04,1,165.06,165.06,0.0,1,1,88.0,1.0,116
CUST00323,Lucas,Garcia,lucas.garcia35@example.com,2025-09-11,Google Ads,,Miami,United States,2025-11-19,2026-02-24,3,255.70999999999998,0.0,255.70999999999998,3,0,127.0,0.0,293
CUST00324,Liam,Lee,liam.lee71@example.com,2025-01-15,Email,,Los Angeles,United States,2025-02-08,2026-05-05,27,4395.86,837.61,3558.25,42,5,57.0,0.18518518518518517,532
CUST00325,Emily,Ramirez,emily.ramirez76@example.com,2024-05-07,Google Ads,,Chicago,United States,2024-10-24,2024-10-24,1,39.72,0.0,39.72,1,0,615.0,0.0,785
CUST00326,Isabella,Anderson,isabella.anderson75@example.com,2024-05-30,Organic,,Los Angeles,United States,,,0,0.0,0.0,0.0,0,0,,0.0,762
CUST00327,Logan,Davis,logan.davis67@example.com,2024-12-23,Referral,,Seattle,United States,2024-12-30,2026-06-24,29,3717.98,953.8199999999999,2764.16,38,7,7.0,0.2413793103448276,555
CUST00328,Liam,Gonzalez,liam.gonzalez74@example.com,2025-01-17,Google Ads,,Los Angeles,United States,2025-05-30,2026-05-20,5,772.51,0.0,772.51,9,0,42.0,0.0,530
CUST00329,Benjamin,Davis,benjamin.davis13@example.com,2024-11-22,Referral,,San Francisco,United States,2025-01-23,2026-06-04,7,701.1899999999999,98.97999999999999,602.21,9,2,27.0,0.2857142857142857,586
CUST00330,Michael,Jones,michael.jones27@example.com,2024-02-09,Google Ads,,Boston,United States,2024-03-28,2026-04-09,5,1072.78,226.54,846.24,7,1,83.0,0.2,873
CUST00331,Emily,Clark,emily.clark27@example.com,2026-02-16,Organic,,Boston,United States,2026-02-24,2026-04-28,7,784.61,0.0,784.61,13,0,64.0,0.0,135
CUST00332,Alexander,Smith,alexander.smith20@example.com,2024-01-20,Google Ads,,Chicago,United States,2024-12-01,2025-05-04,2,144.99,0.0,144.99,4,0,423.0,0.0,893
CUST00333,Ethan,White,ethan.white87@example.com,2025-06-24,Meta Ads,,Miami,United States,2026-02-25,2026-02-25,1,141.21,0.0,141.21,1,0,126.0,0.0,372
CUST00334,Elijah,Martinez,elijah.martinez25@example.com,2024-02-18,Google Ads,,Denver,United States,2024-06-02,2025-04-01,5,357.47,67.16,290.31,6,1,456.0,0.2,864
CUST00335,Amelia,Williams,amelia.williams24@example.com,2025-05-26,Email,,New York,United States,2025-10-03,2026-05-06,3,539.89,0.0,539.89,5,0,56.0,0.0,401
CUST00336,Abigail,Taylor,abigail.taylor83@example.com,2024-09-04,Organic,,Miami,United States,2025-06-12,2025-11-21,3,337.3,0.0,337.3,8,0,222.0,0.0,665
CUST00337,Lucas,Smith,lucas.smith88@example.com,2024-12-27,Google Ads,,Seattle,United States,2025-03-19,2026-02-01,4,317.87,0.0,317.87,4,0,150.0,0.0,551
CUST00338,Oliver,Perez,oliver.perez95@example.com,2024-03-28,Meta Ads,,San Francisco,United States,2024-03-28,2025-05-21,4,801.83,395.51000000000005,406.32,7,2,406.0,0.5,825
CUST00339,Olivia,Taylor,olivia.taylor79@example.com,2025-06-03,Organic,,Austin,United States,2025-07-29,2026-06-21,5,539.31,186.7,352.61,7,1,10.0,0.2,393
CUST00340,Ethan,Smith,ethan.smith59@example.com,2025-04-26,Google Ads,,Seattle,United States,2025-11-10,2026-01-18,2,229.08,0.0,229.08,2,0,164.0,0.0,431
CUST00341,Benjamin,Rodriguez,benjamin.rodriguez12@example.com,2024-12-31,Organic,,San Francisco,United States,2025-04-12,2026-06-07,3,528.91,0.0,528.91,6,0,24.0,0.0,547
CUST00342,Elijah,White,elijah.white94@example.com,2025-10-05,Google Ads,,Denver,United States,2025-10-10,2026-04-06,3,591.1,58.42,532.6800000000001,4,1,86.0,0.3333333333333333,269
CUST00343,Jacob,Harris,jacob.harris52@example.com,2024-05-16,Google Ads,,Austin,United States,2024-06-18,2024-06-18,1,15.05,0.0,15.05,1,0,743.0,0.0,776
CUST00344,Mia,Clark,mia.clark92@example.com,2024-06-28,Organic,,Boston,United States,2025-02-10,2025-11-27,3,432.11,0.0,432.11,4,0,216.0,0.0,733
CUST00345,Emily,Thomas,emily.thomas90@example.com,2024-07-05,Organic,,Los Angeles,United States,2024-08-08,2026-03-20,6,924.5,0.0,924.5,8,0,103.0,0.0,726
CUST00346,Emily,Harris,emily.harris68@example.com,2024-02-07,Google Ads,,New York,United States,2026-05-14,2026-05-14,1,96.39,96.39,0.0,1,1,48.0,1.0,875
CUST00347,Michael,Miller,michael.miller15@example.com,2024-11-19,Referral,,Austin,United States,2024-12-11,2026-06-26,11,1136.81,0.0,1136.81,18,0,5.0,0.0,589
CUST00348,Charlotte,Clark,charlotte.clark79@example.com,2025-04-29,Google Ads,,Houston,United States,2025-07-13,2026-06-03,2,108.52000000000001,76.18,32.34,2,1,28.0,0.5,428
CUST00349,James,Lopez,james.lopez16@example.com,2025-11-02,Meta Ads,,Los Angeles,United States,2026-06-07,2026-06-07,1,377.88,0.0,377.88,2,0,24.0,0.0,241
CUST00350,Michael,Lopez,michael.lopez65@example.com,2025-02-13,Organic,,Seattle,United States,2025-09-30,2026-03-16,2,106.42,106.42,0.0,2,2,107.0,1.0,503
CUST00351,Mia,Garcia,mia.garcia73@example.com,2025-12-09,Meta Ads,,Austin,United States,2026-03-25,2026-03-25,1,60.08,0.0,60.08,1,0,98.0,0.0,204
CUST00352,Isabella,Sanchez,isabella.sanchez20@example.com,2026-01-14,Meta Ads,,Seattle,United States,2026-06-11,2026-06-11,1,251.16,0.0,251.16,3,0,20.0,0.0,168
CUST00353,Alexander,Clark,alexander.clark33@example.com,2025-07-12,Google Ads,,Los Angeles,United States,2025-07-19,2026-03-10,8,1407.35,1071.29,336.06,12,4,113.0,0.5,354
CUST00354,Olivia,Hernandez,olivia.hernandez94@example.com,2024-10-29,Meta Ads,,Denver,United States,2025-10-24,2026-06-04,3,296.14,105.42,190.72,3,1,27.0,0.3333333333333333,610
CUST00355,Emily,Wilson,emily.wilson31@example.com,2025-12-07,Meta Ads,,Boston,United States,2026-05-10,2026-05-10,1,194.19,0.0,194.19,1,0,52.0,0.0,206
CUST00356,Liam,White,liam.white55@example.com,2025-09-21,Referral,,Miami,United States,2025-12-09,2026-04-02,4,406.23,261.71000000000004,144.51999999999998,7,2,90.0,0.5,283
CUST00357,Abigail,Sanchez,abigail.sanchez17@example.com,2024-03-17,Email,,Seattle,United States,2024-08-14,2026-04-20,6,558.9200000000001,280.53,278.39,9,2,72.0,0.3333333333333333,836
CUST00358,Benjamin,Taylor,benjamin.taylor96@example.com,2024-06-12,Referral,,Chicago,United States,2024-06-16,2024-09-07,2,389.02,86.9,302.12,5,1,662.0,0.5,749
CUST00359,Daniel,Martin,daniel.martin96@example.com,2026-03-11,Meta Ads,,Chicago,United States,2026-03-31,2026-04-20,3,142.25,142.25,0.0,3,3,72.0,1.0,112
CUST00360,Olivia,Davis,olivia.davis92@example.com,2025-01-10,Meta Ads,,Denver,United States,2025-02-20,2025-11-11,3,1290.94,0.0,1290.94,7,0,232.0,0.0,537
CUST00361,Liam,Martin,liam.martin29@example.com,2025-11-26,Meta Ads,,San Francisco,United States,2025-12-04,2026-06-15,8,736.4399999999999,97.33,639.11,12,2,16.0,0.25,217
CUST00362,Benjamin,Anderson,benjamin.anderson19@example.com,2025-08-10,Google Ads,,San Francisco,United States,2025-08-16,2026-02-26,5,857.98,116.67,741.31,6,1,125.0,0.2,325
CUST00363,Charlotte,Hernandez,charlotte.hernandez93@example.com,2024-10-12,Google Ads,,Los Angeles,United States,2025-07-21,2026-04-15,2,325.0,199.13,125.87,2,1,77.0,0.5,627
CUST00364,Emma,White,emma.white33@example.com,2025-05-26,Meta Ads,,Austin,United States,2025-11-28,2025-11-28,1,227.5,0.0,227.5,1,0,215.0,0.0,401
CUST00365,Noah,Rodriguez,noah.rodriguez43@example.com,2025-12-21,Meta Ads,,Denver,United States,2026-01-08,2026-06-29,5,635.8199999999999,205.65,430.16999999999996,5,2,2.0,0.4,192
CUST00366,James,Thompson,james.thompson72@example.com,2024-07-23,Google Ads,,Los Angeles,United States,2024-09-21,2026-05-08,4,518.71,0.0,518.71,7,0,54.0,0.0,708
CUST00367,Amelia,Garcia,amelia.garcia66@example.com,2024-03-30,Organic,,San Francisco,United States,2026-05-04,2026-05-04,1,280.32,0.0,280.32,1,0,58.0,0.0,823
CUST00368,Henry,Lopez,henry.lopez18@example.com,2025-07-17,Meta Ads,,Miami,United States,2026-02-01,2026-02-01,1,175.29,0.0,175.29,1,0,150.0,0.0,349
CUST00369,Daniel,Garcia,daniel.garcia99@example.com,2025-10-15,Google Ads,,San Francisco,United States,2025-11-10,2026-06-25,2,173.17,0.0,173.17,2,0,6.0,0.0,259
CUST00370,Harper,Davis,harper.davis25@example.com,2024-07-24,Organic,,Houston,United States,2024-08-09,2024-08-09,1,55.77,0.0,55.77,1,0,691.0,0.0,707
CUST00371,Michael,Thomas,michael.thomas13@example.com,2025-01-04,Email,,San Francisco,United States,2025-04-06,2025-04-06,1,64.08,64.08,0.0,1,1,451.0,1.0,543
CUST00372,Amelia,Sanchez,amelia.sanchez80@example.com,2024-05-12,Email,,Los Angeles,United States,2025-01-18,2026-01-06,2,462.28999999999996,0.0,462.28999999999996,2,0,176.0,0.0,780
CUST00373,Olivia,Martinez,olivia.martinez60@example.com,2026-01-04,Organic,,Austin,United States,2026-03-21,2026-05-31,6,705.87,383.27,322.6,7,2,31.0,0.3333333333333333,178
CUST00374,Lucas,Harris,lucas.harris62@example.com,2025-08-11,Google Ads,,San Francisco,United States,2025-09-03,2026-06-25,13,1216.35,21.18,1195.17,17,1,6.0,0.07692307692307693,324
CUST00375,Abigail,Williams,abigail.williams67@example.com,2025-04-22,Email,,San Francisco,United States,2025-05-28,2025-05-28,1,105.83,0.0,105.83,1,0,399.0,0.0,435
CUST00376,Ava,Lewis,ava.lewis80@example.com,2025-10-17,Email,,Chicago,United States,2026-06-22,2026-06-22,1,332.91,0.0,332.91,2,0,9.0,0.0,257
CUST00377,Lucas,Taylor,lucas.taylor17@example.com,2024-05-07,Meta Ads,,Miami,United States,2024-05-21,2026-01-08,4,277.59,97.86,179.73,5,1,174.0,0.25,785
CUST00378,Oliver,Garcia,oliver.garcia51@example.com,2025-12-27,Google Ads,,Austin,United States,2026-02-09,2026-06-08,4,418.03,0.0,418.03,6,0,23.0,0.0,186
CUST00379,Avery,Martinez,avery.martinez20@example.com,2024-09-13,Google Ads,,Austin,United States,2024-10-08,2026-06-13,6,893.0,301.92,591.08,6,2,18.0,0.3333333333333333,656
CUST00380,Isabella,Jones,isabella.jones90@example.com,2024-11-06,Email,,Los Angeles,United States,2025-07-25,2025-11-02,2,233.63,0.0,233.63,4,0,241.0,0.0,602
CUST00381,Harper,Lee,harper.lee31@example.com,2025-08-29,Referral,,Chicago,United States,2025-12-26,2026-05-18,4,346.86,66.84,280.02,5,1,44.0,0.25,306
CUST00382,Oliver,Perez,oliver.perez89@example.com,2026-01-07,Referral,,San Francisco,United States,2026-02-15,2026-05-29,2,246.51000000000002,0.0,246.51000000000002,2,0,33.0,0.0,175
CUST00383,Sofia,Robinson,sofia.robinson82@example.com,2024-02-12,Organic,,New York,United States,2024-09-27,2025-11-27,4,333.64,65.83,267.81,5,1,216.0,0.25,870
CUST00384,Olivia,Johnson,olivia.johnson92@example.com,2026-02-28,Email,,Houston,United States,2026-03-14,2026-06-29,2,317.26,0.0,317.26,2,0,2.0,0.0,123
CUST00385,Elizabeth,Jackson,elizabeth.jackson63@example.com,2025-09-24,Email,,Boston,United States,2025-10-09,2026-05-28,17,2773.0099999999998,559.9300000000001,2213.08,29,3,34.0,0.17647058823529413,280
CUST00386,Avery,Lee,avery.lee79@example.com,2024-10-23,Email,,Miami,United States,2024-12-07,2025-12-27,3,196.57,126.65,69.92,3,1,186.0,0.3333333333333333,616
CUST00387,Mason,Davis,mason.davis97@example.com,2025-02-19,Google Ads,,Los Angeles,United States,2025-04-07,2026-01-30,7,756.05,89.82,666.23,10,1,152.0,0.14285714285714285,497
CUST00388,Emily,Johnson,emily.johnson30@example.com,2025-03-26,Meta Ads,,Boston,United States,2025-09-05,2025-11-26,2,233.84,0.0,233.84,4,0,217.0,0.0,462
CUST00389,Sophia,Hernandez,sophia.hernandez87@example.com,2024-05-27,Meta Ads,,San Francisco,United States,2024-07-04,2026-06-26,4,753.48,0.0,753.48,5,0,5.0,0.0,765
CUST00390,Jacob,Ramirez,jacob.ramirez54@example.com,2025-02-12,Google Ads,,San Francisco,United States,2025-03-26,2026-05-29,4,518.27,189.78,328.49,5,1,33.0,0.25,504
CUST00391,Harper,Moore,harper.moore23@example.com,2024-11-22,Google Ads,,Los Angeles,United States,2025-03-30,2026-05-24,5,728.9399999999999,0.0,728.9399999999999,10,0,38.0,0.0,586
CUST00392,Isabella,Anderson,isabella.anderson41@example.com,2024-05-24,Google Ads,,Miami,United States,2025-05-25,2025-05-25,1,107.1,0.0,107.1,1,0,402.0,0.0,768
CUST00393,Charlotte,Ramirez,charlotte.ramirez88@example.com,2025-03-04,Google Ads,,Chicago,United States,2025-03-17,2026-01-13,2,202.54,0.0,202.54,3,0,169.0,0.0,484
CUST00394,Sofia,Hernandez,sofia.hernandez83@example.com,2026-01-08,Meta Ads,,Chicago,United States,2026-01-25,2026-06-02,3,555.75,0.0,555.75,4,0,29.0,0.0,174
CUST00395,Mason,Taylor,mason.taylor69@example.com,2025-05-25,Organic,,Boston,United States,2025-06-26,2026-06-29,6,785.24,0.0,785.24,8,0,2.0,0.0,402
CUST00396,Emma,Williams,emma.williams60@example.com,2025-06-01,Meta Ads,,Houston,United States,2025-07-04,2026-03-26,13,1229.01,151.6,1077.4099999999999,17,3,97.0,0.23076923076923078,395
CUST00397,Sophia,Jackson,sophia.jackson55@example.com,2024-02-19,Google Ads,,Boston,United States,2024-12-20,2024-12-20,1,39.12,0.0,39.12,1,0,558.0,0.0,863
CUST00398,Alexander,Lewis,alexander.lewis93@example.com,2025-11-19,Meta Ads,,Austin,United States,2026-01-21,2026-05-30,7,1484.13,274.4,1209.73,11,2,32.0,0.2857142857142857,224
CUST00399,Emma,Ramirez,emma.ramirez23@example.com,2025-03-17,Google Ads,,Miami,United States,2025-04-27,2026-06-02,19,2049.63,208.48000000000002,1841.15,22,3,29.0,0.15789473684210525,471
CUST00400,Jacob,Lopez,jacob.lopez61@example.com,2025-01-09,Google Ads,,New York,United States,2025-05-10,2026-03-12,4,375.56,63.74,311.82,5,1,111.0,0.25,538
CUST00401,Evelyn,Moore,evelyn.moore34@example.com,2025-01-06,Email,,Los Angeles,United States,2025-01-22,2025-11-18,5,968.77,512.3,456.47,10,1,225.0,0.2,541
CUST00402,Charlotte,Taylor,charlotte.taylor67@example.com,2026-02-21,Meta Ads,,Denver,United States,2026-05-04,2026-05-21,2,224.59,0.0,224.59,4,0,41.0,0.0,130
CUST00403,Henry,Martin,henry.martin25@example.com,2024-05-11,Referral,,Seattle,United States,2026-06-07,2026-06-07,1,71.06,71.06,0.0,2,1,24.0,1.0,781
CUST00404,Benjamin,Sanchez,benjamin.sanchez53@example.com,2025-07-25,Referral,,Chicago,United States,2025-12-13,2026-06-04,5,1008.8699999999999,240.35999999999999,768.51,6,2,27.0,0.4,341
CUST00405,Sophia,Martin,sophia.martin75@example.com,2025-02-15,Meta Ads,,New York,United States,2025-09-18,2026-06-22,2,97.07,61.18,35.89,2,1,9.0,0.5,501
CUST00406,Liam,Jones,liam.jones52@example.com,2025-04-30,Meta Ads,,Chicago,United States,2025-08-06,2025-08-06,1,107.67,107.67,0.0,1,1,329.0,1.0,427
CUST00407,Alexander,Lewis,alexander.lewis75@example.com,2024-05-23,Meta Ads,,Denver,United States,2024-10-29,2025-11-12,2,297.06,49.39,247.67,2,1,231.0,0.5,769
CUST00408,Mia,Garcia,mia.garcia60@example.com,2025-09-23,Organic,,Miami,United States,2026-03-02,2026-03-02,1,60.68,0.0,60.68,1,0,121.0,0.0,281
CUST00409,Evelyn,Hernandez,evelyn.hernandez74@example.com,2025-06-05,Meta Ads,,Denver,United States,2025-08-04,2026-05-29,6,1078.5,296.41,782.0899999999999,10,3,33.0,0.5,391
CUST00410,James,Thomas,james.thomas12@example.com,2025-01-12,Meta Ads,,Los Angeles,United States,2025-01-26,2026-05-31,9,896.7,85.03,811.67,10,1,31.0,0.1111111111111111,535
CUST00411,Lucas,Jackson,lucas.jackson49@example.com,2026-03-26,Organic,,New York,United States,2026-05-01,2026-05-23,4,373.67,104.24,269.43,7,1,39.0,0.25,97
CUST00412,Alexander,Thomas,alexander.thomas43@example.com,2025-11-02,Organic,,Denver,United States,2025-12-07,2026-04-04,2,84.14999999999999,0.0,84.14999999999999,2,0,88.0,0.0,241
CUST00413,Evelyn,Davis,evelyn.davis16@example.com,2025-08-20,Meta Ads,,Austin,United States,2025-08-23,2026-06-16,19,2116.32,258.28999999999996,1858.03,24,2,15.0,0.10526315789473684,315
CUST00414,Abigail,White,abigail.white89@example.com,2026-03-04,Organic,,Chicago,United States,2026-03-24,2026-06-14,5,459.09999999999997,0.0,459.09999999999997,7,0,17.0,0.0,119
CUST00415,Sofia,Perez,sofia.perez41@example.com,2024-02-02,Email,,Los Angeles,United States,2025-01-01,2025-01-01,1,66.41,66.41,0.0,1,1,546.0,1.0,880
CUST00416,Sophia,Smith,sophia.smith66@example.com,2024-11-17,Meta Ads,,Seattle,United States,2024-12-09,2026-02-11,4,422.33,57.76,364.57,6,1,140.0,0.25,591
CUST00417,Emily,Miller,emily.miller62@example.com,2025-05-28,Organic,,Boston,United States,2025-08-09,2026-06-28,6,643.8299999999999,66.92,576.91,11,1,3.0,0.16666666666666666,399
CUST00418,Daniel,Ramirez,daniel.ramirez17@example.com,2025-12-23,Google Ads,,Houston,United States,2026-06-04,2026-06-04,1,110.8,0.0,110.8,1,0,27.0,0.0,190
CUST00419,Ethan,Hernandez,ethan.hernandez94@example.com,2025-05-04,Meta Ads,,San Francisco,United States,2026-02-18,2026-05-05,2,244.81,0.0,244.81,2,0,57.0,0.0,423
CUST00420,Oliver,Anderson,oliver.anderson78@example.com,2024-12-16,Meta Ads,,Miami,United States,2025-02-15,2026-06-12,2,117.9,74.77,43.13,2,1,19.0,0.5,562
CUST00421,Alexander,Thomas,alexander.thomas34@example.com,2024-09-09,Google Ads,,Miami,United States,2024-12-23,2026-06-20,5,471.02,97.96,373.06,5,1,11.0,0.2,660
CUST00422,Elijah,Martinez,elijah.martinez46@example.com,2025-12-22,Google Ads,,Boston,United States,2026-01-07,2026-04-06,4,518.23,315.82,202.41,5,1,86.0,0.25,191
CUST00423,Mia,Thomas,mia.thomas54@example.com,2025-07-27,Referral,,Miami,United States,2025-12-11,2025-12-11,1,122.73,122.73,0.0,1,1,202.0,1.0,339
CUST00424,James,Brown,james.brown83@example.com,2025-11-23,Meta Ads,,Seattle,United States,2026-03-21,2026-06-22,2,481.34000000000003,0.0,481.34000000000003,3,0,9.0,0.0,220
CUST00425,Sofia,Lopez,sofia.lopez28@example.com,2024-10-24,Google Ads,,Los Angeles,United States,2025-04-12,2026-05-15,2,309.73,0.0,309.73,3,0,47.0,0.0,615
CUST00426,Benjamin,Robinson,benjamin.robinson66@example.com,2025-11-02,Google Ads,,Boston,United States,2025-11-14,2026-06-01,3,830.8700000000001,0.0,830.8700000000001,7,0,30.0,0.0,241
CUST00427,Sophia,Miller,sophia.miller78@example.com,2024-10-04,Referral,,Miami,United States,2025-11-20,2026-01-13,2,207.51,141.09,66.42,2,1,169.0,0.5,635
CUST00428,Ava,Brown,ava.brown88@example.com,2026-01-28,Email,,Houston,United States,2026-03-19,2026-03-19,1,127.14,127.14,0.0,1,1,104.0,1.0,154
CUST00429,Liam,Perez,liam.perez77@example.com,2024-08-19,Email,,New York,United States,2025-04-25,2025-12-21,3,310.38,196.85,113.53,3,1,192.0,0.3333333333333333,681
CUST00430,Noah,Wilson,noah.wilson52@example.com,2026-01-04,Meta Ads,,Chicago,United States,2026-02-25,2026-05-13,8,938.07,0.0,938.07,17,0,49.0,0.0,178
CUST00431,Emma,Moore,emma.moore30@example.com,2025-02-20,Email,,Boston,United States,2026-04-22,2026-04-22,1,27.76,0.0,27.76,2,0,70.0,0.0,496
CUST00432,Mason,Lee,mason.lee35@example.com,2026-02-13,Referral,,San Francisco,United States,2026-06-26,2026-06-26,1,151.64,0.0,151.64,2,0,5.0,0.0,138
CUST00433,James,Lee,james.lee17@example.com,2026-02-26,Google Ads,,Denver,United States,2026-03-06,2026-06-27,8,1050.93,0.0,1050.93,12,0,4.0,0.0,125
CUST00434,Elijah,Moore,elijah.moore14@example.com,2024-06-28,Meta Ads,,Chicago,United States,2024-10-06,2026-06-04,7,558.26,127.38,430.88,9,2,27.0,0.2857142857142857,733
CUST00435,Logan,Robinson,logan.robinson14@example.com,2025-02-10,Organic,,Chicago,United States,2026-05-12,2026-05-12,1,122.83,0.0,122.83,1,0,50.0,0.0,506
CUST00436,Logan,White,logan.white47@example.com,2024-02-08,Google Ads,,Denver,United States,2024-05-13,2026-05-08,2,139.44,0.0,139.44,3,0,54.0,0.0,874
CUST00437,Alexander,Brown,alexander.brown52@example.com,2024-10-18,Meta Ads,,Austin,United States,2025-10-10,2026-03-05,3,219.58,86.04,133.54000000000002,3,1,118.0,0.3333333333333333,621
CUST00438,Harper,Thomas,harper.thomas27@example.com,2025-05-31,Meta Ads,,Houston,United States,2025-06-08,2026-03-14,2,605.78,0.0,605.78,3,0,109.0,0.0,396
CUST00439,Michael,Brown,michael.brown52@example.com,2024-06-15,Organic,,Miami,United States,2024-07-10,2026-03-27,3,980.56,129.54,851.02,6,1,96.0,0.3333333333333333,746
CUST00440,Emily,Garcia,emily.garcia11@example.com,2026-01-24,Meta Ads,,Miami,United States,2026-03-15,2026-06-04,4,553.8399999999999,0.0,553.8399999999999,5,0,27.0,0.0,158
CUST00441,Evelyn,Perez,evelyn.perez34@example.com,2024-06-28,Email,,Seattle,United States,2025-03-04,2026-06-05,6,1035.6399999999999,75.54,960.1,10,1,26.0,0.16666666666666666,733
CUST00442,Sofia,Wilson,sofia.wilson75@example.com,2024-12-01,Google Ads,,Los Angeles,United States,2025-07-21,2025-07-21,1,53.82,0.0,53.82,1,0,345.0,0.0,577
CUST00443,Oliver,Jones,oliver.jones71@example.com,2024-11-27,Referral,,New York,United States,2025-02-15,2025-10-31,3,240.95,47.71,193.23999999999998,4,1,243.0,0.3333333333333333,581
CUST00444,Isabella,Gonzalez,isabella.gonzalez40@example.com,2025-04-02,Organic,,San Francisco,United States,2025-05-13,2025-08-12,2,761.13,0.0,761.13,5,0,323.0,0.0,455
CUST00445,James,Jackson,james.jackson83@example.com,2024-01-12,Google Ads,,San Francisco,United States,2025-07-21,2026-05-26,2,157.46,43.98,113.48,2,1,36.0,0.5,901
CUST00446,Emily,Davis,emily.davis17@example.com,2025-11-14,Google Ads,,Miami,United States,2025-11-21,2026-03-28,6,585.09,351.67,233.42000000000002,8,3,95.0,0.5,229
CUST00447,Oliver,Gonzalez,oliver.gonzalez97@example.com,2025-05-29,Referral,,Miami,United States,2026-01-25,2026-01-25,1,304.02,0.0,304.02,2,0,157.0,0.0,398
CUST00448,Emily,Brown,emily.brown91@example.com,2024-10-29,Meta Ads,,Houston,United States,2025-01-24,2026-04-15,2,169.48000000000002,26.17,143.31,2,1,77.0,0.5,610
CUST00449,Elijah,Jones,elijah.jones71@example.com,2024-06-05,Meta Ads,,Denver,United States,2024-07-29,2026-06-23,15,1736.21,556.0,1180.21,18,6,8.0,0.4,756
CUST00450,Benjamin,Wilson,benjamin.wilson99@example.com,2025-07-16,Referral,,Austin,United States,2025-07-19,2026-04-12,7,1468.3400000000001,327.79,1140.55,12,1,80.0,0.14285714285714285,350
CUST00451,Michael,Perez,michael.perez37@example.com,2026-02-19,Google Ads,,Denver,United States,2026-02-19,2026-05-05,2,220.26,0.0,220.26,2,0,57.0,0.0,132
CUST00452,Daniel,Sanchez,daniel.sanchez20@example.com,2025-06-22,Meta Ads,,San Francisco,United States,2025-10-28,2026-01-06,2,321.97999999999996,293.89,28.09,2,1,176.0,0.5,374
CUST00453,Olivia,Robinson,olivia.robinson82@example.com,2024-04-24,Google Ads,,Austin,United States,2024-07-13,2026-06-16,9,1430.29,89.22,1341.07,18,1,15.0,0.1111111111111111,798
CUST00454,Avery,Taylor,avery.taylor35@example.com,2025-08-09,Meta Ads,,Chicago,United States,2025-09-30,2026-03-11,3,164.98,0.0,164.98,3,0,112.0,0.0,326
CUST00455,Mia,Ramirez,mia.ramirez76@example.com,2025-03-28,Google Ads,,Houston,United States,2025-06-23,2026-03-19,3,276.14,0.0,276.14,3,0,104.0,0.0,460
CUST00456,Emily,Jackson,emily.jackson72@example.com,2024-04-03,Organic,,Boston,United States,2024-11-29,2026-02-28,4,312.5,105.81,206.69,6,1,123.0,0.25,819
CUST00457,Michael,Johnson,michael.johnson68@example.com,2024-05-15,Meta Ads,,Boston,United States,2025-01-08,2025-01-08,1,60.88,0.0,60.88,1,0,539.0,0.0,777
CUST00458,Evelyn,Johnson,evelyn.johnson81@example.com,2025-04-18,Email,,Miami,United States,2025-05-14,2026-02-20,2,125.89,0.0,125.89,2,0,131.0,0.0,439
CUST00459,Jacob,Smith,jacob.smith60@example.com,2024-09-17,Organic,,Houston,United States,2024-10-19,2024-10-19,1,79.92,0.0,79.92,2,0,620.0,0.0,652
CUST00460,Evelyn,Williams,evelyn.williams15@example.com,2025-03-09,Meta Ads,,Los Angeles,United States,2025-04-10,2026-06-01,9,1014.63,458.2,556.4300000000001,14,2,30.0,0.2222222222222222,479
CUST00461,Ethan,Johnson,ethan.johnson18@example.com,2025-04-28,Google Ads,,Seattle,United States,2025-06-05,2026-06-24,6,441.1,226.03,215.07,7,2,7.0,0.3333333333333333,429
CUST00462,Oliver,Harris,oliver.harris27@example.com,2026-02-23,Email,,Seattle,United States,2026-03-21,2026-05-28,2,242.85000000000002,0.0,242.85000000000002,2,0,34.0,0.0,128
CUST00463,Benjamin,Lewis,benjamin.lewis58@example.com,2025-04-04,Organic,,Seattle,United States,2025-04-15,2026-06-04,2,504.14,0.0,504.14,2,0,27.0,0.0,453
CUST00464,Charlotte,Williams,charlotte.williams97@example.com,2025-11-08,Organic,,Chicago,United States,2026-06-19,2026-06-19,1,81.43,0.0,81.43,1,0,12.0,0.0,235
CUST00465,Abigail,Ramirez,abigail.ramirez54@example.com,2024-05-01,Google Ads,,Austin,United States,2025-10-18,2025-11-14,2,122.89,0.0,122.89,2,0,229.0,0.0,791
CUST00466,Charlotte,Taylor,charlotte.taylor26@example.com,2026-01-15,Referral,,New York,United States,2026-06-01,2026-06-20,3,745.08,0.0,745.08,4,0,11.0,0.0,167
CUST00467,Elizabeth,Smith,elizabeth.smith48@example.com,2025-04-19,Email,,Austin,United States,2025-04-19,2025-10-02,2,497.91999999999996,0.0,497.91999999999996,2,0,272.0,0.0,438
CUST00468,Lucas,Moore,lucas.moore58@example.com,2024-08-23,Google Ads,,San Francisco,United States,,,0,0.0,0.0,0.0,0,0,,0.0,677
CUST00469,Ava,Rodriguez,ava.rodriguez34@example.com,2026-01-12,Organic,,New York,United States,2026-01-16,2026-06-26,4,909.27,217.8,691.47,9,1,5.0,0.25,170
CUST00470,Michael,Perez,michael.perez63@example.com,2025-09-21,Organic,,New York,United States,2026-01-26,2026-01-26,1,236.07,0.0,236.07,1,0,156.0,0.0,283
CUST00471,Elijah,Miller,elijah.miller18@example.com,2024-04-13,Email,,Boston,United States,2024-05-02,2026-04-20,2,221.82,0.0,221.82,4,0,72.0,0.0,809
CUST00472,Alexander,Perez,alexander.perez16@example.com,2024-09-07,Organic,,Seattle,United States,2024-10-26,2026-01-06,3,75.86,0.0,75.86,3,0,176.0,0.0,662
CUST00473,Amelia,Davis,amelia.davis79@example.com,2024-08-10,Organic,,New York,United States,2024-12-15,2025-11-10,5,1022.6099999999999,0.0,1022.6099999999999,8,0,233.0,0.0,690
CUST00474,Ava,Taylor,ava.taylor47@example.com,2024-08-27,Organic,,Denver,United States,2024-09-21,2025-06-11,3,208.25,0.0,208.25,4,0,385.0,0.0,673
CUST00475,Mia,Jackson,mia.jackson86@example.com,2026-03-02,Email,,San Francisco,United States,2026-04-01,2026-06-05,2,539.77,0.0,539.77,3,0,26.0,0.0,121
CUST00476,Elijah,Martinez,elijah.martinez28@example.com,2025-11-07,Meta Ads,,Seattle,United States,2025-11-26,2026-06-06,9,1476.18,0.0,1476.18,14,0,25.0,0.0,236
CUST00477,James,Rodriguez,james.rodriguez17@example.com,2025-07-24,Referral,,Chicago,United States,2025-12-24,2026-03-14,3,294.2,188.85,105.35,5,1,109.0,0.3333333333333333,342
CUST00478,Abigail,Perez,abigail.perez64@example.com,2025-07-23,Meta Ads,,San Francisco,United States,2026-01-30,2026-01-30,1,71.4,0.0,71.4,1,0,152.0,0.0,343
CUST00479,Abigail,Perez,abigail.perez58@example.com,2026-03-15,Meta Ads,,Seattle,United States,2026-03-30,2026-06-11,6,915.65,59.54,856.11,9,1,20.0,0.16666666666666666,108
CUST00480,Lucas,Jones,lucas.jones48@example.com,2025-01-20,Google Ads,,Austin,United States,2025-03-25,2026-05-18,4,315.08,74.36,240.72,4,1,44.0,0.25,527
CUST00481,Mason,Davis,mason.davis38@example.com,2024-11-03,Organic,,Chicago,United States,2025-03-05,2026-05-28,5,372.91,288.24,84.67,7,1,34.0,0.2,605
CUST00482,Michael,Anderson,michael.anderson17@example.com,2025-07-29,Meta Ads,,Seattle,United States,2025-08-13,2026-04-25,3,133.13,42.28,90.85,3,1,67.0,0.3333333333333333,337
CUST00483,Ethan,Taylor,ethan.taylor27@example.com,2025-02-01,Google Ads,,Houston,United States,2025-06-12,2026-06-21,2,553.16,0.0,553.16,5,0,10.0,0.0,515
CUST00484,Mia,Lee,mia.lee20@example.com,2025-04-05,Organic,,Los Angeles,United States,2025-04-27,2025-04-27,1,80.98,0.0,80.98,1,0,430.0,0.0,452
CUST00485,Ethan,White,ethan.white34@example.com,2024-02-22,Google Ads,,Denver,United States,2024-05-17,2025-12-02,3,515.4200000000001,154.59,360.83000000000004,3,1,211.0,0.3333333333333333,860
CUST00486,Alexander,Johnson,alexander.johnson19@example.com,2024-07-11,Organic,,Denver,United States,2024-08-03,2026-03-08,3,593.79,403.76,190.03,6,1,115.0,0.3333333333333333,720
CUST00487,Jacob,Perez,jacob.perez81@example.com,2024-08-10,Meta Ads,,San Francisco,United States,2024-10-24,2026-04-05,8,805.9100000000001,322.81,483.1,9,2,87.0,0.25,690
CUST00488,James,Robinson,james.robinson11@example.com,2024-08-04,Referral,,Los Angeles,United States,2025-05-06,2025-12-08,2,380.9,0.0,380.9,4,0,205.0,0.0,696
CUST00489,Jacob,Harris,jacob.harris71@example.com,2024-09-05,Email,,Houston,United States,2024-11-09,2026-03-09,5,963.49,44.62,918.87,9,1,114.0,0.2,664
CUST00490,Charlotte,Robinson,charlotte.robinson40@example.com,2025-07-19,Meta Ads,,Miami,United States,2025-09-21,2026-06-17,7,940.73,135.16,805.5699999999999,10,1,14.0,0.14285714285714285,347
CUST00491,Charlotte,Anderson,charlotte.anderson78@example.com,2025-10-26,Meta Ads,,Miami,United States,2025-11-22,2025-11-22,1,126.74,0.0,126.74,2,0,221.0,0.0,248
CUST00492,Benjamin,Taylor,benjamin.taylor73@example.com,2025-04-22,Google Ads,,Boston,United States,2025-05-13,2026-04-26,6,761.8199999999999,0.0,761.8199999999999,8,0,66.0,0.0,435
CUST00493,Elizabeth,Clark,elizabeth.clark50@example.com,2024-07-27,Meta Ads,,Seattle,United States,2025-07-06,2026-06-05,4,833.97,144.31,689.66,5,2,26.0,0.5,704
CUST00494,Liam,Jackson,liam.jackson38@example.com,2026-01-29,Google Ads,,Miami,United States,2026-05-27,2026-05-28,2,355.71000000000004,0.0,355.71000000000004,5,0,34.0,0.0,153
CUST00495,Ethan,Robinson,ethan.robinson84@example.com,2025-08-16,Organic,,Miami,United States,2026-02-19,2026-04-29,3,208.5,0.0,208.5,4,0,63.0,0.0,319
CUST00496,Ava,Miller,ava.miller52@example.com,2024-08-23,Meta Ads,,Houston,United States,2024-10-07,2026-06-23,16,2788.7999999999997,968.5400000000001,1820.26,29,5,8.0,0.3125,677
CUST00497,Mason,Moore,mason.moore93@example.com,2025-12-02,Meta Ads,,Boston,United States,2026-01-31,2026-06-06,5,717.99,0.0,717.99,7,0,25.0,0.0,211
CUST00498,Jacob,Lee,jacob.lee72@example.com,2025-04-16,Google Ads,,San Francisco,United States,2025-05-25,2025-06-11,2,191.82999999999998,180.64,11.19,3,1,385.0,0.5,441
CUST00499,Oliver,Jones,oliver.jones79@example.com,2025-05-15,Google Ads,,Austin,United States,2025-09-02,2026-05-19,3,1199.48,966.09,233.39000000000001,6,1,43.0,0.3333333333333333,412
CUST00500,Abigail,Johnson,abigail.johnson77@example.com,2024-02-04,Organic,,Los Angeles,United States,2024-11-28,2025-06-12,3,159.97,0.0,159.97,5,0,384.0,0.0,878
CUST00501,Sofia,Perez,sofia.perez16@example.com,2026-02-21,Google Ads,,Chicago,United States,2026-03-19,2026-06-29,4,191.64999999999998,11.33,180.32,4,1,2.0,0.25,130
CUST00502,Sofia,Lee,sofia.lee39@example.com,2024-03-10,Organic,,New York,United States,2024-05-19,2026-04-04,5,946.48,0.0,946.48,9,0,88.0,0.0,843
CUST00503,Sophia,Taylor,sophia.taylor68@example.com,2025-01-17,Google Ads,,Denver,United States,2025-09-19,2025-09-19,1,324.4,0.0,324.4,2,0,285.0,0.0,530
CUST00504,Logan,Thomas,logan.thomas94@example.com,2025-05-14,Google Ads,,Austin,United States,2025-06-24,2026-05-25,4,499.97,226.8,273.17,6,2,37.0,0.5,413
CUST00505,Ethan,Wilson,ethan.wilson11@example.com,2024-01-18,Meta Ads,,Miami,United States,2024-08-18,2025-09-13,8,1258.26,230.11,1028.15,11,2,291.0,0.25,895
CUST00506,Ethan,Martinez,ethan.martinez12@example.com,2025-05-29,Organic,,Seattle,United States,2025-10-24,2026-05-08,4,812.49,0.0,812.49,8,0,54.0,0.0,398
CUST00507,Michael,Robinson,michael.robinson32@example.com,2024-04-19,Referral,,Austin,United States,2024-05-23,2026-06-13,3,584.24,133.7,450.54,4,1,18.0,0.3333333333333333,803
CUST00508,Ava,Davis,ava.davis34@example.com,2025-09-26,Meta Ads,,San Francisco,United States,2026-06-29,2026-06-29,1,17.68,0.0,17.68,1,0,2.0,0.0,278
CUST00509,Isabella,Sanchez,isabella.sanchez60@example.com,2024-03-21,Meta Ads,,Seattle,United States,2024-04-13,2025-04-13,3,800.41,0.0,800.41,5,0,444.0,0.0,832
CUST00510,Amelia,Jackson,amelia.jackson41@example.com,2025-12-14,Google Ads,,Los Angeles,United States,2026-02-19,2026-02-19,1,254.43,0.0,254.43,1,0,132.0,0.0,199
CUST00511,Abigail,Ramirez,abigail.ramirez93@example.com,2026-02-16,Google Ads,,Seattle,United States,2026-02-18,2026-06-29,7,678.92,47.08,631.84,12,1,2.0,0.14285714285714285,135
CUST00512,Charlotte,Gonzalez,charlotte.gonzalez80@example.com,2025-05-02,Google Ads,,New York,United States,2025-05-06,2025-12-06,4,346.32,0.0,346.32,4,0,207.0,0.0,425
CUST00513,Emily,Garcia,emily.garcia20@example.com,2025-05-26,Organic,,San Francisco,United States,2026-04-23,2026-04-23,1,117.54,0.0,117.54,2,0,69.0,0.0,401
CUST00514,Evelyn,Ramirez,evelyn.ramirez22@example.com,2025-06-24,Referral,,Houston,United States,2025-07-22,2026-06-28,7,351.98,31.61,320.37,8,1,3.0,0.14285714285714285,372
CUST00515,Sophia,Lewis,sophia.lewis98@example.com,2025-08-03,Meta Ads,,New York,United States,2025-08-12,2026-06-06,10,1340.1200000000001,298.71,1041.41,14,2,25.0,0.2,332
CUST00516,Logan,Williams,logan.williams97@example.com,2024-10-14,Organic,,Denver,United States,2024-12-13,2026-02-03,5,679.24,0.0,679.24,5,0,148.0,0.0,625
CUST00517,Henry,Johnson,henry.johnson32@example.com,2024-11-18,Google Ads,,Houston,United States,2025-05-04,2026-03-09,6,502.15999999999997,134.14,368.02,7,1,114.0,0.16666666666666666,590
CUST00518,Evelyn,Jones,evelyn.jones60@example.com,2024-03-19,Google Ads,,Denver,United States,2025-10-11,2026-02-27,2,134.84,0.0,134.84,4,0,124.0,0.0,834
CUST00519,Elijah,Jackson,elijah.jackson59@example.com,2025-11-24,Organic,,San Francisco,United States,2026-01-08,2026-06-28,2,113.08,0.0,113.08,2,0,3.0,0.0,219
CUST00520,Charlotte,Harris,charlotte.harris27@example.com,2026-03-20,Referral,,Los Angeles,United States,2026-05-21,2026-05-21,1,58.87,0.0,58.87,1,0,41.0,0.0,103
CUST00521,Harper,White,harper.white54@example.com,2024-02-24,Google Ads,,Houston,United States,2025-10-23,2025-11-20,2,136.62,0.0,136.62,2,0,223.0,0.0,858
CUST00522,Sofia,Williams,sofia.williams53@example.com,2025-09-11,Organic,,Denver,United States,2026-02-16,2026-02-16,1,879.42,0.0,879.42,3,0,135.0,0.0,293
CUST00523,Charlotte,Harris,charlotte.harris51@example.com,2024-01-31,Email,,Boston,United States,2024-06-03,2026-04-26,6,643.44,69.71,573.73,9,1,66.0,0.16666666666666666,882
CUST00524,Mason,Davis,mason.davis55@example.com,2025-07-20,Referral,,Seattle,United States,2025-08-08,2026-06-21,23,3340.31,730.11,2610.2,32,5,10.0,0.21739130434782608,346
CUST00525,Oliver,Perez,oliver.perez84@example.com,2025-11-07,Meta Ads,,Denver,United States,2026-04-24,2026-04-24,1,230.19,0.0,230.19,1,0,68.0,0.0,236
CUST00526,James,Sanchez,james.sanchez41@example.com,2025-12-31,Google Ads,,Miami,United States,2026-01-03,2026-04-20,7,659.77,0.0,659.77,10,0,72.0,0.0,182
CUST00527,Ava,Gonzalez,ava.gonzalez91@example.com,2024-06-06,Organic,,San Francisco,United States,2024-07-22,2026-06-27,28,4727.27,207.22,4520.05,40,2,4.0,0.07142857142857142,755
CUST00528,Benjamin,Brown,benjamin.brown21@example.com,2024-01-06,Referral,,Boston,United States,2024-04-18,2025-10-23,3,530.8000000000001,428.71000000000004,102.09,4,2,251.0,0.6666666666666666,907
CUST00529,Benjamin,Harris,benjamin.harris44@example.com,2024-04-14,Google Ads,,Chicago,United States,2024-07-24,2026-04-25,11,2146.04,0.0,2146.04,17,0,67.0,0.0,808
CUST00530,Lucas,Anderson,lucas.anderson81@example.com,2025-07-22,Meta Ads,,Los Angeles,United States,2025-09-19,2025-09-19,1,71.57,0.0,71.57,1,0,285.0,0.0,344
CUST00531,Emma,Williams,emma.williams55@example.com,2025-07-21,Google Ads,,Denver,United States,2025-10-04,2025-11-22,3,318.96,0.0,318.96,5,0,221.0,0.0,345
CUST00532,Michael,Hernandez,michael.hernandez59@example.com,2024-01-13,Google Ads,,Seattle,United States,2025-10-03,2025-10-03,1,177.44,0.0,177.44,2,0,271.0,0.0,900
CUST00533,Elizabeth,Williams,elizabeth.williams81@example.com,2024-09-05,Email,,Chicago,United States,2024-11-20,2026-03-14,6,855.3,145.9,709.4,9,1,109.0,0.16666666666666666,664
CUST00534,Henry,Gonzalez,henry.gonzalez31@example.com,2024-05-22,Google Ads,,Miami,United States,2024-12-08,2026-05-30,10,1095.25,172.62,922.63,11,2,32.0,0.2,770
CUST00535,Mason,Jones,mason.jones18@example.com,2024-06-20,Meta Ads,,Seattle,United States,2025-12-22,2025-12-22,1,138.28,0.0,138.28,2,0,191.0,0.0,741
CUST00536,James,Thomas,james.thomas19@example.com,2025-01-04,Google Ads,,Houston,United States,2025-11-29,2025-11-29,1,67.43,67.43,0.0,1,1,214.0,1.0,543
CUST00537,Jacob,Lee,jacob.lee73@example.com,2025-08-31,Email,,Boston,United States,2025-12-13,2025-12-13,1,278.38,0.0,278.38,4,0,200.0,0.0,304
CUST00538,Noah,Jones,noah.jones48@example.com,2024-01-07,Referral,,San Francisco,United States,2025-03-14,2026-05-16,5,587.51,470.99,116.52000000000001,6,2,46.0,0.4,906
CUST00539,Sofia,Martin,sofia.martin58@example.com,2024-12-03,Meta Ads,,Seattle,United States,2025-04-07,2025-06-20,2,532.83,0.0,532.83,3,0,376.0,0.0,575
CUST00540,Sofia,Clark,sofia.clark93@example.com,2025-08-31,Google Ads,,San Francisco,United States,2026-02-03,2026-05-12,2,149.9,48.92,100.98,2,1,50.0,0.5,304
CUST00541,Alexander,Thompson,alexander.thompson35@example.com,2025-05-05,Meta Ads,,Seattle,United States,2025-05-25,2025-08-26,3,345.03,0.0,345.03,4,0,309.0,0.0,422
CUST00542,Mia,Martinez,mia.martinez98@example.com,2025-10-10,Meta Ads,,Denver,United States,2026-01-10,2026-01-10,1,100.38,0.0,100.38,1,0,172.0,0.0,264
CUST00543,Michael,Davis,michael.davis51@example.com,2025-01-20,Google Ads,,Seattle,United States,2025-02-07,2026-05-13,10,865.1500000000001,23.33,841.82,13,1,49.0,0.1,527
CUST00544,Benjamin,Brown,benjamin.brown82@example.com,2024-07-23,Email,,Austin,United States,2025-03-22,2026-03-16,4,687.8199999999999,0.0,687.8199999999999,4,0,107.0,0.0,708
CUST00545,Oliver,Perez,oliver.perez80@example.com,2024-01-28,Referral,,Boston,United States,2024-10-09,2024-10-09,1,278.69,0.0,278.69,1,0,630.0,0.0,885
CUST00546,Emily,Miller,emily.miller66@example.com,2026-03-27,Google Ads,,Los Angeles,United States,2026-04-02,2026-06-25,6,910.22,527.58,382.64,10,3,6.0,0.5,96
CUST00547,Sofia,Ramirez,sofia.ramirez62@example.com,2025-11-20,Meta Ads,,Miami,United States,2026-01-19,2026-02-08,2,258.43,0.0,258.43,3,0,143.0,0.0,223
CUST00548,Elijah,Rodriguez,elijah.rodriguez94@example.com,2024-06-06,Organic,,Seattle,United States,2024-07-13,2026-05-18,6,1043.1799999999998,170.15,873.03,9,2,44.0,0.3333333333333333,755
CUST00549,Olivia,Anderson,olivia.anderson86@example.com,2025-05-05,Email,,Austin,United States,2026-03-11,2026-06-19,3,756.6,0.0,756.6,6,0,12.0,0.0,422
CUST00550,Harper,Robinson,harper.robinson98@example.com,2025-03-04,Meta Ads,,San Francisco,United States,2025-09-25,2025-09-25,1,82.52,0.0,82.52,1,0,279.0,0.0,484
CUST00551,Emily,Lewis,emily.lewis78@example.com,2025-08-31,Email,,Los Angeles,United States,2025-10-25,2025-10-25,1,23.47,0.0,23.47,1,0,249.0,0.0,304
CUST00552,Noah,Harris,noah.harris41@example.com,2025-11-04,Email,,Chicago,United States,2025-11-22,2026-06-25,11,2657.92,617.51,2040.41,18,2,6.0,0.18181818181818182,239
CUST00553,Abigail,Martin,abigail.martin15@example.com,2025-07-30,Referral,,Seattle,United States,2025-08-30,2026-06-05,12,1101.02,411.54999999999995,689.47,16,4,26.0,0.3333333333333333,336
CUST00554,Elizabeth,Hernandez,elizabeth.hernandez65@example.com,2024-04-18,Google Ads,,Miami,United States,2024-10-14,2024-10-14,1,86.26,0.0,86.26,1,0,625.0,0.0,804
CUST00555,Elijah,Taylor,elijah.taylor76@example.com,2025-07-25,Email,,Denver,United States,2026-06-24,2026-06-29,2,501.48,0.0,501.48,2,0,2.0,0.0,341
CUST00556,Elijah,Anderson,elijah.anderson57@example.com,2025-02-04,Meta Ads,,Denver,United States,2025-04-02,2026-03-25,9,1057.0,0.0,1057.0,11,0,98.0,0.0,512
CUST00557,Emily,Taylor,emily.taylor29@example.com,2024-12-19,Referral,,Boston,United States,2025-09-01,2026-06-19,5,757.98,0.0,757.98,9,0,12.0,0.0,559
CUST00558,Noah,Martinez,noah.martinez63@example.com,2024-03-28,Google Ads,,Chicago,United States,2025-12-11,2026-04-13,2,513.11,375.66,137.45,3,1,79.0,0.5,825
CUST00559,Benjamin,Martinez,benjamin.martinez53@example.com,2025-04-11,Organic,,Austin,United States,2025-05-05,2026-05-30,3,290.52,0.0,290.52,3,0,32.0,0.0,446
CUST00560,Mason,Lopez,mason.lopez70@example.com,2024-04-09,Meta Ads,,Boston,United States,2024-04-12,2024-04-12,1,450.81,0.0,450.81,3,0,810.0,0.0,813
CUST00561,Mia,Williams,mia.williams48@example.com,2024-02-15,Organic,,Los Angeles,United States,2024-03-13,2025-10-24,4,534.89,0.0,534.89,5,0,250.0,0.0,867
CUST00562,Emma,Ramirez,emma.ramirez53@example.com,2025-10-25,Google Ads,,Chicago,United States,2025-11-07,2026-06-18,5,536.29,47.89,488.4,6,1,13.0,0.2,249
CUST00563,Logan,White,logan.white41@example.com,2025-06-12,Google Ads,,Chicago,United States,2025-07-03,2026-06-07,15,2931.75,160.04,2771.71,26,1,24.0,0.06666666666666667,384
CUST00564,Mia,Moore,mia.moore64@example.com,2025-04-18,Google Ads,,Seattle,United States,2026-01-28,2026-01-28,1,80.46,0.0,80.46,1,0,154.0,0.0,439
CUST00565,Abigail,Garcia,abigail.garcia33@example.com,2025-10-17,Email,,Seattle,United States,2026-04-10,2026-04-10,1,94.55,0.0,94.55,1,0,82.0,0.0,257
CUST00566,Emma,White,emma.white88@example.com,2024-07-21,Meta Ads,,Seattle,United States,2025-01-19,2026-04-20,5,634.24,123.85,510.39,7,1,72.0,0.2,710
CUST00567,Charlotte,Smith,charlotte.smith37@example.com,2024-07-29,Google Ads,,Los Angeles,United States,2025-10-06,2026-04-29,3,264.25,109.32,154.93,3,1,63.0,0.3333333333333333,702
CUST00568,Evelyn,Brown,evelyn.brown78@example.com,2024-07-10,Meta Ads,,Houston,United States,2025-10-26,2026-06-23,2,372.94000000000005,0.0,372.94000000000005,2,0,8.0,0.0,721
CUST00569,Amelia,Brown,amelia.brown43@example.com,2025-11-17,Organic,,Austin,United States,2026-02-18,2026-06-29,3,678.25,0.0,678.25,5,0,2.0,0.0,226
CUST00570,Abigail,Hernandez,abigail.hernandez86@example.com,2025-02-01,Email,,Denver,United States,2026-02-19,2026-02-19,1,63.11,63.11,0.0,1,1,132.0,1.0,515
CUST00571,Noah,Lopez,noah.lopez55@example.com,2025-04-13,Email,,Miami,United States,2026-01-18,2026-05-14,3,293.82,146.6,147.22,4,1,48.0,0.3333333333333333,444
CUST00572,Logan,Martin,logan.martin85@example.com,2024-03-27,Email,,San Francisco,United States,2024-09-11,2024-09-11,1,119.0,0.0,119.0,1,0,658.0,0.0,826
CUST00573,Noah,Davis,noah.davis49@example.com,2024-04-29,Google Ads,,Chicago,United States,2024-09-15,2026-03-01,4,298.73,0.0,298.73,5,0,122.0,0.0,793
CUST00574,Harper,Gonzalez,harper.gonzalez63@example.com,2025-09-02,Google Ads,,Seattle,United States,2025-09-19,2026-06-15,13,2682.67,1153.95,1528.72,19,4,16.0,0.3076923076923077,302
CUST00575,Lucas,Garcia,lucas.garcia72@example.com,2025-10-12,Meta Ads,,Chicago,United States,2025-10-16,2026-06-22,5,1040.16,0.0,1040.16,7,0,9.0,0.0,262
CUST00576,Ethan,Garcia,ethan.garcia72@example.com,2024-10-22,Google Ads,,San Francisco,United States,2025-04-09,2026-05-19,10,1010.39,96.04,914.35,13,1,43.0,0.1,617
CUST00577,Sofia,Anderson,sofia.anderson89@example.com,2024-02-24,Organic,,New York,United States,2024-12-07,2024-12-07,1,257.72,0.0,257.72,2,0,571.0,0.0,858
CUST00578,Mason,Jones,mason.jones34@example.com,2025-01-28,Referral,,Austin,United States,2025-06-30,2025-06-30,1,103.41,0.0,103.41,3,0,366.0,0.0,519
CUST00579,Abigail,Thomas,abigail.thomas62@example.com,2025-12-02,Meta Ads,,Boston,United States,2026-01-24,2026-06-25,7,716.19,0.0,716.19,9,0,6.0,0.0,211
CUST00580,Mason,Garcia,mason.garcia20@example.com,2025-08-01,Google Ads,,Houston,United States,2025-10-06,2026-04-01,5,444.22,0.0,444.22,7,0,91.0,0.0,334
CUST00581,James,Johnson,james.johnson45@example.com,2024-08-18,Meta Ads,,Chicago,United States,2024-11-02,2025-11-20,5,1101.44,170.25,931.19,10,1,223.0,0.2,682
CUST00582,Elizabeth,Anderson,elizabeth.anderson82@example.com,2026-01-30,Organic,,Boston,United States,2026-02-08,2026-06-13,4,707.39,0.0,707.39,6,0,18.0,0.0,152
CUST00583,Ethan,Taylor,ethan.taylor24@example.com,2025-08-09,Google Ads,,Austin,United States,2025-12-10,2025-12-10,1,601.48,0.0,601.48,4,0,203.0,0.0,326
CUST00584,Sofia,Lopez,sofia.lopez79@example.com,2026-02-13,Google Ads,,Boston,United States,2026-03-15,2026-05-11,3,279.04,0.0,279.04,5,0,51.0,0.0,138
CUST00585,Ethan,Miller,ethan.miller64@example.com,2024-04-14,Organic,,Houston,United States,2025-04-18,2025-04-18,1,96.12,96.12,0.0,1,1,439.0,1.0,808
CUST00586,James,Ramirez,james.ramirez14@example.com,2025-04-05,Google Ads,,Los Angeles,United States,2025-04-09,2026-06-04,5,1102.1799999999998,467.28,634.9,10,1,27.0,0.2,452
CUST00587,Amelia,Ramirez,amelia.ramirez25@example.com,2026-03-05,Organic,,Houston,United States,2026-03-18,2026-03-18,1,362.88,0.0,362.88,4,0,105.0,0.0,118
CUST00588,Michael,White,michael.white85@example.com,2025-12-06,Meta Ads,,Denver,United States,2026-01-08,2026-01-08,1,34.17,0.0,34.17,1,0,174.0,0.0,207
CUST00589,Abigail,Wilson,abigail.wilson31@example.com,2025-09-22,Google Ads,,Houston,United States,2025-09-27,2026-05-06,8,816.89,64.89,752.0,13,1,56.0,0.125,282
CUST00590,Sofia,Miller,sofia.miller17@example.com,2025-08-06,Meta Ads,,Miami,United States,2025-08-23,2025-12-12,3,91.26,0.0,91.26,4,0,201.0,0.0,329
CUST00591,Alexander,Moore,alexander.moore31@example.com,2024-11-27,Referral,,Miami,United States,2024-12-13,2026-06-03,5,530.4,0.0,530.4,5,0,28.0,0.0,581
CUST00592,James,Jackson,james.jackson44@example.com,2025-06-10,Referral,,Los Angeles,United States,2025-06-21,2026-05-31,18,2647.36,819.1500000000001,1828.21,26,3,31.0,0.16666666666666666,386
CUST00593,Ava,Harris,ava.harris62@example.com,2024-03-01,Referral,,Chicago,United States,2024-05-29,2025-09-18,5,673.84,127.12,546.72,7,1,286.0,0.2,852
CUST00594,Emily,Ramirez,emily.ramirez26@example.com,2024-09-12,Google Ads,,San Francisco,United States,2024-09-17,2026-02-10,5,487.89000000000004,0.0,487.89000000000004,5,0,141.0,0.0,657
CUST00595,Sofia,Davis,sofia.davis96@example.com,2025-02-06,Meta Ads,,Denver,United States,2026-04-14,2026-04-14,1,198.42,198.42,0.0,2,1,78.0,1.0,510
CUST00596,Abigail,Rodriguez,abigail.rodriguez90@example.com,2025-02-28,Meta Ads,,Los Angeles,United States,2026-05-11,2026-05-11,1,82.23,0.0,82.23,1,0,51.0,0.0,488
CUST00597,Abigail,Sanchez,abigail.sanchez21@example.com,2025-02-16,Meta Ads,,Miami,United States,2025-11-20,2026-06-24,2,297.41,0.0,297.41,4,0,7.0,0.0,500
CUST00598,Emily,Robinson,emily.robinson57@example.com,2025-04-10,Referral,,San Francisco,United States,2025-08-01,2026-06-10,5,494.37,62.22,432.15,5,1,21.0,0.2,447
CUST00599,Evelyn,Smith,evelyn.smith21@example.com,2026-01-18,Referral,,San Francisco,United States,2026-02-05,2026-06-09,9,1581.96,0.0,1581.96,15,0,22.0,0.0,164
CUST00600,Daniel,Williams,daniel.williams78@example.com,2025-02-11,Google Ads,,Seattle,United States,2025-04-04,2026-03-15,3,546.48,0.0,546.48,5,0,108.0,0.0,505
CUST00601,Sofia,Miller,sofia.miller73@example.com,2024-10-01,Meta Ads,,Miami,United States,2024-11-05,2026-02-26,6,1104.07,0.0,1104.07,8,0,125.0,0.0,638
CUST00602,Mia,Moore,mia.moore83@example.com,2024-05-13,Email,,Boston,United States,2024-08-07,2026-06-28,9,680.66,35.26,645.4,9,1,3.0,0.1111111111111111,779
CUST00603,Michael,Hernandez,michael.hernandez97@example.com,2026-02-19,Google Ads,,Los Angeles,United States,2026-02-26,2026-06-30,14,1777.18,423.74,1353.44,20,2,1.0,0.14285714285714285,132
CUST00604,Abigail,Sanchez,abigail.sanchez68@example.com,2024-01-17,Google Ads,,Chicago,United States,2024-03-27,2026-04-10,8,926.46,114.82,811.64,10,1,82.0,0.125,896
CUST00605,Amelia,Anderson,amelia.anderson10@example.com,2025-03-14,Google Ads,,Chicago,United States,2025-08-19,2025-12-23,3,249.96,0.0,249.96,3,0,190.0,0.0,474
CUST00606,Avery,Lee,avery.lee48@example.com,2024-06-11,Organic,,Miami,United States,2024-11-26,2025-12-31,4,633.97,0.0,633.97,9,0,182.0,0.0,750
CUST00607,Olivia,Lee,olivia.lee56@example.com,2024-09-13,Google Ads,,Chicago,United States,2024-12-15,2026-04-11,6,733.1,0.0,733.1,6,0,81.0,0.0,656
CUST00608,Liam,Gonzalez,liam.gonzalez90@example.com,2024-11-08,Organic,,Houston,United States,2026-05-30,2026-05-30,1,260.91,0.0,260.91,3,0,32.0,0.0,600
CUST00609,Lucas,Lee,lucas.lee21@example.com,2025-12-21,Google Ads,,Houston,United States,2025-12-24,2025-12-24,1,134.5,134.5,0.0,2,1,189.0,1.0,192
CUST00610,Mason,Williams,mason.williams26@example.com,2025-08-30,Google Ads,,Boston,United States,2025-12-09,2026-03-29,2,251.29,0.0,251.29,2,0,94.0,0.0,305
CUST00611,Emma,Smith,emma.smith99@example.com,2024-12-17,Organic,,Seattle,United States,2025-03-18,2026-04-23,4,342.12,0.0,342.12,4,0,69.0,0.0,561
CUST00612,Emily,Jones,emily.jones71@example.com,2024-03-13,Google Ads,,Los Angeles,United States,2025-07-04,2026-05-08,3,293.21000000000004,110.48,182.73000000000002,5,1,54.0,0.3333333333333333,840
CUST00613,Jacob,Sanchez,jacob.sanchez23@example.com,2024-04-15,Meta Ads,,Miami,United States,2024-10-31,2026-03-29,6,1155.99,88.89,1067.1,8,1,94.0,0.16666666666666666,807
CUST00614,Ava,Gonzalez,ava.gonzalez27@example.com,2025-10-18,Referral,,Chicago,United States,2025-10-21,2026-06-21,7,2263.34,0.0,2263.34,15,0,10.0,0.0,256
CUST00615,Olivia,Taylor,olivia.taylor82@example.com,2024-01-09,Email,,Chicago,United States,2024-03-03,2026-03-20,9,751.98,77.25,674.73,12,1,103.0,0.1111111111111111,904
CUST00616,Amelia,Lopez,amelia.lopez37@example.com,2025-10-05,Organic,,Seattle,United States,2025-10-09,2026-06-20,8,1784.76,608.23,1176.53,14,3,11.0,0.375,269
CUST00617,Alexander,Perez,alexander.perez66@example.com,2024-08-10,Google Ads,,Los Angeles,United States,2024-10-04,2026-05-11,5,943.76,226.73,717.03,5,1,51.0,0.2,690
CUST00618,Ava,Harris,ava.harris25@example.com,2025-08-26,Organic,,San Francisco,United States,2025-09-14,2026-05-17,6,752.1800000000001,71.17,681.01,9,1,45.0,0.16666666666666666,309
CUST00619,Lucas,Hernandez,lucas.hernandez27@example.com,2024-09-10,Google Ads,,Los Angeles,United States,2026-06-07,2026-06-07,1,208.76,0.0,208.76,2,0,24.0,0.0,659
CUST00620,Elijah,Moore,elijah.moore86@example.com,2025-09-06,Organic,,Miami,United States,2025-09-19,2026-06-25,25,3313.67,177.33,3136.34,35,2,6.0,0.08,298
CUST00621,Elizabeth,Thompson,elizabeth.thompson13@example.com,2025-11-05,Organic,,Houston,United States,2026-04-19,2026-04-19,1,119.44,0.0,119.44,2,0,73.0,0.0,238
CUST00622,Harper,Martin,harper.martin75@example.com,2024-07-12,Organic,,Miami,United States,2024-10-15,2026-06-21,5,923.97,0.0,923.97,7,0,10.0,0.0,719
CUST00623,Abigail,Johnson,abigail.johnson40@example.com,2025-05-21,Meta Ads,,Houston,United States,2026-06-25,2026-06-29,2,222.93,0.0,222.93,2,0,2.0,0.0,406
CUST00624,Mason,Lee,mason.lee86@example.com,2024-03-13,Meta Ads,,New York,United States,2025-01-15,2025-01-15,1,99.82,0.0,99.82,1,0,532.0,0.0,840
CUST00625,Benjamin,Robinson,benjamin.robinson50@example.com,2024-05-15,Meta Ads,,Denver,United States,2025-05-30,2026-03-28,5,351.35,138.64,212.71,6,2,95.0,0.4,777
CUST00626,Lucas,Lopez,lucas.lopez79@example.com,2025-11-30,Google Ads,,Boston,United States,2025-12-25,2026-06-23,6,806.0999999999999,161.44,644.66,10,1,8.0,0.16666666666666666,213
CUST00627,Elizabeth,Williams,elizabeth.williams12@example.com,2025-08-24,Google Ads,,Miami,United States,2025-10-20,2026-02-02,4,213.1,0.0,213.1,6,0,149.0,0.0,311
CUST00628,Sophia,Johnson,sophia.johnson17@example.com,2026-03-19,Meta Ads,,Miami,United States,2026-03-24,2026-05-12,5,387.88,36.11,351.77,6,1,50.0,0.2,104
CUST00629,Abigail,Thompson,abigail.thompson74@example.com,2026-02-24,Meta Ads,,Seattle,United States,2026-06-06,2026-06-06,1,24.93,0.0,24.93,1,0,25.0,0.0,127
CUST00630,Olivia,Lee,olivia.lee78@example.com,2025-07-04,Email,,Miami,United States,2025-08-14,2026-06-27,3,553.63,0.0,553.63,4,0,4.0,0.0,362
CUST00631,Olivia,Martinez,olivia.martinez20@example.com,2025-06-07,Referral,,Chicago,United States,2025-06-23,2026-02-20,2,255.98000000000002,0.0,255.98000000000002,2,0,131.0,0.0,389
CUST00632,Ethan,Hernandez,ethan.hernandez60@example.com,2025-08-23,Email,,Los Angeles,United States,2026-04-09,2026-04-09,1,38.94,38.94,0.0,1,1,83.0,1.0,312
CUST00633,James,Thompson,james.thompson65@example.com,2026-01-17,Referral,,Houston,United States,2026-03-01,2026-06-26,7,1464.74,54.5,1410.24,10,1,5.0,0.14285714285714285,165
CUST00634,Liam,Davis,liam.davis21@example.com,2025-03-20,Google Ads,,Denver,United States,2025-11-15,2025-11-15,1,207.93,0.0,207.93,1,0,228.0,0.0,468
CUST00635,Alexander,Johnson,alexander.johnson49@example.com,2025-11-13,Organic,,Chicago,United States,2026-04-23,2026-06-13,2,697.25,0.0,697.25,6,0,18.0,0.0,230
CUST00636,Noah,Smith,noah.smith27@example.com,2025-12-19,Google Ads,,Boston,United States,2025-12-19,2026-06-04,7,1147.53,0.0,1147.53,14,0,27.0,0.0,194
CUST00637,Benjamin,Taylor,benjamin.taylor76@example.com,2026-03-12,Organic,,Miami,United States,2026-06-12,2026-06-23,2,195.76,0.0,195.76,2,0,8.0,0.0,111
CUST00638,Oliver,Lopez,oliver.lopez26@example.com,2026-02-06,Organic,,Miami,United States,2026-04-07,2026-06-23,5,323.05,0.0,323.05,6,0,8.0,0.0,145
CUST00639,Jacob,Lewis,jacob.lewis25@example.com,2026-02-28,Organic,,San Francisco,United States,2026-03-14,2026-05-03,4,496.3,0.0,496.3,4,0,59.0,0.0,123
CUST00640,Michael,Wilson,michael.wilson44@example.com,2025-06-20,Google Ads,,Denver,United States,2025-07-30,2026-04-04,3,470.86,0.0,470.86,3,0,88.0,0.0,376
CUST00641,Abigail,Williams,abigail.williams73@example.com,2025-04-11,Meta Ads,,New York,United States,2025-07-15,2026-02-18,8,659.84,60.87,598.97,9,1,133.0,0.125,446
CUST00642,Mason,Ramirez,mason.ramirez82@example.com,2024-06-19,Meta Ads,,Miami,United States,2025-05-16,2025-05-27,2,478.29,0.0,478.29,3,0,400.0,0.0,742
CUST00643,Elizabeth,Brown,elizabeth.brown83@example.com,2025-11-21,Organic,,Houston,United States,2026-01-23,2026-06-01,3,265.06,79.92,185.14,3,1,30.0,0.3333333333333333,222
CUST00644,Jacob,Taylor,jacob.taylor10@example.com,2024-02-15,Organic,,New York,United States,2024-06-03,2025-06-28,2,210.09,210.09,0.0,2,2,368.0,1.0,867
CUST00645,Elijah,Johnson,elijah.johnson70@example.com,2025-01-07,Meta Ads,,Chicago,United States,2025-04-18,2026-05-06,7,398.83000000000004,28.06,370.77,8,1,56.0,0.14285714285714285,540
CUST00646,Oliver,Robinson,oliver.robinson14@example.com,2025-07-20,Organic,,Seattle,United States,2026-05-11,2026-06-12,2,500.63,0.0,500.63,5,0,19.0,0.0,346
CUST00647,Elijah,Hernandez,elijah.hernandez41@example.com,2025-03-02,Referral,,San Francisco,United States,2025-06-03,2025-12-05,4,1438.11,55.9,1382.21,9,1,208.0,0.25,486
CUST00648,Isabella,Clark,isabella.clark19@example.com,2025-08-08,Meta Ads,,Austin,United States,2026-02-26,2026-06-06,5,763.37,0.0,763.37,8,0,25.0,0.0,327
CUST00649,Henry,Lewis,henry.lewis16@example.com,2024-07-02,Google Ads,,Austin,United States,2025-09-19,2026-06-28,2,183.88,0.0,183.88,4,0,3.0,0.0,729
CUST00650,Liam,Gonzalez,liam.gonzalez18@example.com,2025-04-21,Organic,,Miami,United States,2025-05-11,2026-05-03,6,645.88,97.25999999999999,548.62,8,2,59.0,0.3333333333333333,436
CUST00651,Mia,Williams,mia.williams80@example.com,2025-04-12,Google Ads,,Houston,United States,2025-10-18,2026-02-04,2,121.13,0.0,121.13,2,0,147.0,0.0,445
CUST00652,James,Jackson,james.jackson48@example.com,2026-01-27,Email,,Boston,United States,2026-04-16,2026-04-16,1,96.05,0.0,96.05,1,0,76.0,0.0,155
CUST00653,Benjamin,Jackson,benjamin.jackson73@example.com,2026-03-02,Organic,,Austin,United States,2026-03-07,2026-06-27,24,2972.12,243.61,2728.5099999999998,34,3,4.0,0.125,121
CUST00654,Elizabeth,Sanchez,elizabeth.sanchez41@example.com,2024-06-03,Google Ads,,Seattle,United States,2024-08-25,2026-04-24,2,517.06,0.0,517.06,5,0,68.0,0.0,758
CUST00655,Emma,Davis,emma.davis79@example.com,2024-12-20,Email,,New York,United States,2025-11-29,2025-12-22,4,499.49,0.0,499.49,5,0,191.0,0.0,558
CUST00656,Mia,Smith,mia.smith94@example.com,2025-01-20,Organic,,Miami,United States,2025-02-04,2026-06-07,6,417.12,88.81,328.31,9,1,24.0,0.16666666666666666,527
CUST00657,Noah,Miller,noah.miller77@example.com,2024-08-31,Meta Ads,,New York,United States,2025-01-24,2026-05-02,6,1031.68,357.17999999999995,674.5,8,2,60.0,0.3333333333333333,669
CUST00658,Ava,Thompson,ava.thompson45@example.com,2024-04-05,Google Ads,,Houston,United States,2024-07-30,2024-07-30,1,25.55,0.0,25.55,1,0,701.0,0.0,817
CUST00659,Avery,Ramirez,avery.ramirez76@example.com,2025-02-26,Organic,,San Francisco,United States,2025-04-05,2026-02-06,7,1209.06,95.01,1114.05,11,1,145.0,0.14285714285714285,490
CUST00660,Amelia,White,amelia.white20@example.com,2025-08-17,Google Ads,,Chicago,United States,2026-02-05,2026-02-05,1,178.6,0.0,178.6,3,0,146.0,0.0,318
CUST00661,Abigail,Clark,abigail.clark60@example.com,2024-03-17,Email,,New York,United States,2024-07-29,2026-06-03,6,766.4,185.82,580.5799999999999,7,2,28.0,0.3333333333333333,836
CUST00662,Lucas,Perez,lucas.perez26@example.com,2024-08-30,Google Ads,,San Francisco,United States,2025-01-16,2026-03-30,6,966.45,90.55,875.9,9,1,93.0,0.16666666666666666,670
CUST00663,Logan,Sanchez,logan.sanchez60@example.com,2025-12-18,Organic,,San Francisco,United States,2026-01-20,2026-02-14,3,449.29,0.0,449.29,5,0,137.0,0.0,195
CUST00664,Mia,Anderson,mia.anderson44@example.com,2024-08-27,Google Ads,,Houston,United States,2025-12-28,2025-12-28,1,124.71,0.0,124.71,1,0,185.0,0.0,673
CUST00665,Ava,Harris,ava.harris84@example.com,2024-04-21,Google Ads,,Chicago,United States,2024-10-24,2026-01-20,9,1302.05,223.54999999999998,1078.5,13,2,162.0,0.2222222222222222,801
CUST00666,Amelia,Anderson,amelia.anderson50@example.com,2025-02-20,Google Ads,,San Francisco,United States,2025-02-20,2025-12-28,2,141.43,41.42,100.01,2,1,185.0,0.5,496
CUST00667,Elizabeth,Miller,elizabeth.miller67@example.com,2024-11-11,Meta Ads,,Los Angeles,United States,2025-10-12,2025-10-12,1,135.92,135.92,0.0,3,1,262.0,1.0,597
CUST00668,Olivia,Garcia,olivia.garcia97@example.com,2024-11-07,Organic,,Denver,United States,2024-11-10,2026-02-26,5,570.05,0.0,570.05,5,0,125.0,0.0,601
CUST00669,Liam,Miller,liam.miller51@example.com,2024-05-31,Google Ads,,Houston,United States,2024-07-17,2024-07-17,1,221.25,0.0,221.25,3,0,714.0,0.0,761
CUST00670,Benjamin,Gonzalez,benjamin.gonzalez75@example.com,2024-02-20,Email,,Miami,United States,2024-06-08,2025-09-29,3,681.59,0.0,681.59,4,0,275.0,0.0,862
CUST00671,Sofia,Garcia,sofia.garcia13@example.com,2025-02-18,Organic,,Austin,United States,2025-04-05,2026-06-19,8,736.31,273.28,463.03,12,3,12.0,0.375,498
CUST00672,Jacob,Moore,jacob.moore41@example.com,2024-04-06,Meta Ads,,Chicago,United States,2024-04-13,2024-04-26,2,182.02,0.0,182.02,3,0,796.0,0.0,816
CUST00673,Noah,Smith,noah.smith17@example.com,2026-03-10,Referral,,Chicago,United States,2026-03-26,2026-05-24,2,391.38,0.0,391.38,3,0,38.0,0.0,113
CUST00674,Sophia,Clark,sophia.clark61@example.com,2025-01-16,Email,,Los Angeles,United States,2025-02-17,2026-04-16,2,177.24,0.0,177.24,3,0,76.0,0.0,531
CUST00675,Evelyn,Jackson,evelyn.jackson43@example.com,2024-03-17,Google Ads,,Los Angeles,United States,2024-06-06,2025-06-07,3,894.0799999999999,0.0,894.0799999999999,5,0,389.0,0.0,836
CUST00676,Sophia,Lewis,sophia.lewis92@example.com,2025-03-30,Organic,,Los Angeles,United States,2025-06-26,2026-03-27,5,382.56,94.51,288.04999999999995,5,1,96.0,0.2,458
CUST00677,Avery,Ramirez,avery.ramirez52@example.com,2024-05-05,Google Ads,,Boston,United States,2025-05-19,2026-06-13,8,1421.2,163.32,1257.8799999999999,11,2,18.0,0.25,787
CUST00678,Liam,Garcia,liam.garcia83@example.com,2025-03-19,Organic,,Seattle,United States,2025-03-29,2026-02-24,9,1690.16,0.0,1690.16,13,0,127.0,0.0,469
CUST00679,Mason,Smith,mason.smith58@example.com,2025-11-30,Meta Ads,,San Francisco,United States,2025-12-12,2026-05-04,2,142.9,92.16,50.74,3,1,58.0,0.5,213
CUST00680,Sophia,Robinson,sophia.robinson33@example.com,2024-10-08,Google Ads,,Chicago,United States,2024-11-19,2025-07-15,2,288.92,0.0,288.92,3,0,351.0,0.0,631
CUST00681,Liam,Martin,liam.martin89@example.com,2025-09-23,Google Ads,,Miami,United States,2025-12-11,2025-12-11,1,63.83,63.83,0.0,1,1,202.0,1.0,281
CUST00682,Mason,Wilson,mason.wilson80@example.com,2025-05-05,Google Ads,,Miami,United States,2025-06-07,2026-04-14,4,371.31,67.47,303.84000000000003,5,1,78.0,0.25,422
CUST00683,Charlotte,Jones,charlotte.jones63@example.com,2024-07-23,Email,,Austin,United States,2025-03-05,2026-05-12,6,1240.9099999999999,510.23,730.68,7,2,50.0,0.3333333333333333,708
CUST00684,Elijah,Lee,elijah.lee79@example.com,2026-03-24,Google Ads,,Seattle,United States,2026-03-29,2026-06-09,5,458.83000000000004,192.25,266.58000000000004,6,1,22.0,0.2,99
CUST00685,Michael,Thompson,michael.thompson55@example.com,2025-05-06,Meta Ads,,Boston,United States,2025-09-05,2025-10-16,2,76.25,0.0,76.25,2,0,258.0,0.0,421
CUST00686,Benjamin,Robinson,benjamin.robinson82@example.com,2025-05-29,Meta Ads,,Miami,United States,2025-08-08,2025-11-20,2,186.05,0.0,186.05,2,0,223.0,0.0,398
CUST00687,Oliver,Smith,oliver.smith50@example.com,2025-09-03,Google Ads,,Miami,United States,2026-01-27,2026-04-02,4,1438.5700000000002,0.0,1438.5700000000002,9,0,90.0,0.0,301
CUST00688,Liam,Sanchez,liam.sanchez70@example.com,2025-06-26,Meta Ads,,Denver,United States,2025-09-12,2026-04-13,5,463.36,0.0,463.36,5,0,79.0,0.0,370
CUST00689,Elijah,Garcia,elijah.garcia22@example.com,2024-09-10,Email,,Miami,United States,2024-10-13,2026-06-25,6,1277.2700000000002,0.0,1277.2700000000002,10,0,6.0,0.0,659
CUST00690,Ethan,Clark,ethan.clark17@example.com,2026-02-21,Referral,,Houston,United States,2026-04-04,2026-06-23,2,138.18,0.0,138.18,3,0,8.0,0.0,130
CUST00691,Evelyn,Ramirez,evelyn.ramirez59@example.com,2024-12-29,Referral,,Chicago,United States,2025-02-23,2026-04-27,12,1591.6499999999999,290.19,1301.46,19,3,65.0,0.25,549
CUST00692,Oliver,Davis,oliver.davis85@example.com,2024-11-21,Organic,,San Francisco,United States,2025-03-01,2026-04-02,6,1071.3,0.0,1071.3,11,0,90.0,0.0,587
CUST00693,Logan,Jackson,logan.jackson13@example.com,2025-12-21,Organic,,Denver,United States,2026-01-19,2026-06-25,11,1524.28,606.1800000000001,918.1,14,3,6.0,0.2727272727272727,192
CUST00694,Evelyn,Jones,evelyn.jones82@example.com,2024-07-11,Organic,,Boston,United States,2024-08-04,2026-05-17,8,779.8,312.85,466.95,10,3,45.0,0.375,720
CUST00695,Ethan,Martinez,ethan.martinez32@example.com,2025-05-17,Google Ads,,New York,United States,2025-11-04,2026-06-28,7,1438.3600000000001,240.02,1198.3400000000001,13,1,3.0,0.14285714285714285,410
CUST00696,Elijah,Martin,elijah.martin38@example.com,2024-01-21,Meta Ads,,New York,United States,2024-02-06,2024-07-06,2,472.81,0.0,472.81,3,0,725.0,0.0,892
CUST00697,Mia,Robinson,mia.robinson88@example.com,2024-07-25,Organic,,San Francisco,United States,2025-08-31,2025-08-31,1,82.77,0.0,82.77,1,0,304.0,0.0,706
CUST00698,Emily,Garcia,emily.garcia51@example.com,2024-03-01,Google Ads,,Denver,United States,2024-03-04,2026-06-29,11,1726.07,86.88,1639.19,13,1,2.0,0.09090909090909091,852
CUST00699,Emily,Robinson,emily.robinson28@example.com,2026-03-03,Google Ads,,Austin,United States,2026-03-06,2026-06-05,8,1300.75,23.49,1277.26,13,1,26.0,0.125,120
CUST00700,Daniel,Lopez,daniel.lopez19@example.com,2025-01-17,Organic,,Seattle,United States,2025-04-08,2025-04-08,1,397.06,0.0,397.06,2,0,449.0,0.0,530
CUST00701,Evelyn,Brown,evelyn.brown53@example.com,2024-11-05,Meta Ads,,Chicago,United States,2024-12-08,2026-04-06,8,951.9,453.23,498.67,9,2,86.0,0.25,603
CUST00702,Jacob,Wilson,jacob.wilson91@example.com,2025-05-13,Email,,Chicago,United States,2026-01-07,2026-01-07,1,122.93,122.93,0.0,1,1,175.0,1.0,414
CUST00703,Emily,Moore,emily.moore98@example.com,2025-09-20,Organic,,Houston,United States,2026-02-26,2026-04-02,2,641.85,0.0,641.85,4,0,90.0,0.0,284
CUST00704,Henry,Jackson,henry.jackson32@example.com,2025-01-22,Meta Ads,,Miami,United States,2025-09-29,2025-09-29,1,329.14,0.0,329.14,2,0,275.0,0.0,525
CUST00705,Ava,Garcia,ava.garcia10@example.com,2025-12-19,Referral,,Seattle,United States,2026-03-11,2026-03-21,2,266.84,0.0,266.84,3,0,102.0,0.0,194
CUST00706,Daniel,Harris,daniel.harris82@example.com,2024-02-03,Google Ads,,San Francisco,United States,2026-06-17,2026-06-17,1,65.09,0.0,65.09,1,0,14.0,0.0,879
CUST00707,Logan,Sanchez,logan.sanchez88@example.com,2024-08-14,Email,,Los Angeles,United States,2024-10-07,2026-05-15,14,2229.6,0.0,2229.6,20,0,47.0,0.0,686
CUST00708,Logan,Thomas,logan.thomas28@example.com,2024-12-05,Organic,,Houston,United States,2025-07-03,2025-12-20,3,211.85,0.0,211.85,4,0,193.0,0.0,573
CUST00709,Benjamin,Hernandez,benjamin.hernandez31@example.com,2025-10-13,Organic,,Los Angeles,United States,2025-12-15,2026-03-14,2,422.91999999999996,0.0,422.91999999999996,3,0,109.0,0.0,261
CUST00710,Sofia,Thompson,sofia.thompson95@example.com,2025-10-16,Organic,,San Francisco,United States,2025-11-12,2026-06-17,10,1085.93,155.66,930.27,11,2,14.0,0.2,258
CUST00711,Amelia,Smith,amelia.smith43@example.com,2024-08-02,Google Ads,,Los Angeles,United States,2025-10-09,2025-10-09,1,27.49,0.0,27.49,1,0,265.0,0.0,698
CUST00712,Benjamin,Rodriguez,benjamin.rodriguez23@example.com,2026-01-07,Google Ads,,Seattle,United States,2026-02-08,2026-06-26,16,1801.56,309.96999999999997,1491.59,19,3,5.0,0.1875,175
CUST00713,Amelia,White,amelia.white63@example.com,2024-06-19,Organic,,Boston,United States,2024-12-14,2025-12-07,2,180.01999999999998,106.11,73.91,2,1,206.0,0.5,742
CUST00714,Avery,Gonzalez,avery.gonzalez54@example.com,2025-07-13,Meta Ads,,Boston,United States,2025-08-14,2026-06-19,14,1270.84,92.61,1178.23,17,1,12.0,0.07142857142857142,353
CUST00715,Michael,Ramirez,michael.ramirez83@example.com,2025-10-28,Organic,,Houston,United States,2025-11-16,2026-06-20,20,3195.36,792.84,2402.52,28,4,11.0,0.2,246
CUST00716,Oliver,Anderson,oliver.anderson19@example.com,2026-03-29,Organic,,Miami,United States,2026-04-06,2026-06-20,6,680.8199999999999,202.66,478.15999999999997,11,2,11.0,0.3333333333333333,94
CUST00717,Emma,Hernandez,emma.hernandez43@example.com,2024-04-17,Google Ads,,Chicago,United States,2025-11-20,2025-11-20,1,66.72,0.0,66.72,1,0,223.0,0.0,805
CUST00718,Avery,Gonzalez,avery.gonzalez30@example.com,2026-01-19,Google Ads,,Los Angeles,United States,2026-01-20,2026-05-19,2,162.87,47.21,115.66,2,1,43.0,0.5,163
CUST00719,Mia,Martin,mia.martin88@example.com,2025-05-09,Organic,,Seattle,United States,2025-05-26,2026-06-03,10,1353.98,96.34,1257.6399999999999,12,1,28.0,0.1,418
CUST00720,Abigail,Garcia,abigail.garcia87@example.com,2025-03-20,Google Ads,,Los Angeles,United States,2026-03-14,2026-03-14,1,71.06,0.0,71.06,1,0,109.0,0.0,468
CUST00721,Mia,Miller,mia.miller34@example.com,2025-02-23,Email,,Austin,United States,2026-05-06,2026-05-06,1,95.16,0.0,95.16,2,0,56.0,0.0,493
CUST00722,Isabella,Perez,isabella.perez46@example.com,2024-10-31,Google Ads,,New York,United States,2025-01-17,2026-04-27,6,412.83,119.4,293.43,7,1,65.0,0.16666666666666666,608
CUST00723,Charlotte,Jackson,charlotte.jackson80@example.com,2025-05-17,Google Ads,,San Francisco,United States,2025-07-04,2026-05-26,10,1102.5,88.07,1014.4300000000001,15,1,36.0,0.1,410
CUST00724,Emma,Wilson,emma.wilson21@example.com,2024-10-28,Organic,,Denver,United States,2024-12-02,2026-06-04,12,1205.72,213.45,992.27,15,3,27.0,0.25,611
CUST00725,Mason,Miller,mason.miller22@example.com,2024-01-27,Google Ads,,Miami,United States,2024-10-14,2026-03-15,5,476.84,0.0,476.84,6,0,108.0,0.0,886
CUST00726,Olivia,Thomas,olivia.thomas24@example.com,2024-11-11,Organic,,Boston,United States,2024-12-27,2026-03-24,8,1888.6399999999999,0.0,1888.6399999999999,13,0,99.0,0.0,597
CUST00727,Mason,Lewis,mason.lewis94@example.com,2024-09-28,Google Ads,,Austin,United States,2025-07-08,2026-02-26,2,231.22,0.0,231.22,2,0,125.0,0.0,641
CUST00728,Charlotte,Garcia,charlotte.garcia57@example.com,2025-01-25,Meta Ads,,Boston,United States,2025-01-26,2025-08-10,5,440.31,0.0,440.31,5,0,325.0,0.0,522
CUST00729,Liam,Rodriguez,liam.rodriguez66@example.com,2025-04-21,Google Ads,,Miami,United States,2025-04-26,2025-04-26,1,178.77,0.0,178.77,3,0,431.0,0.0,436
CUST00730,Evelyn,Johnson,evelyn.johnson29@example.com,2026-02-09,Email,,Los Angeles,United States,2026-06-08,2026-06-08,1,61.24,0.0,61.24,1,0,23.0,0.0,142
CUST00731,Olivia,Perez,olivia.perez54@example.com,2025-07-08,Meta Ads,,Denver,United States,2025-10-19,2026-06-17,3,313.34,0.0,313.34,4,0,14.0,0.0,358
CUST00732,Elijah,Moore,elijah.moore17@example.com,2025-01-31,Organic,,Seattle,United States,2026-03-18,2026-03-18,1,222.87,0.0,222.87,3,0,105.0,0.0,516
CUST00733,Ethan,Perez,ethan.perez70@example.com,2025-08-09,Organic,,Boston,United States,2025-08-25,2026-06-24,10,1578.8700000000001,223.15,1355.72,14,1,7.0,0.1,326
CUST00734,James,Williams,james.williams60@example.com,2026-01-01,Google Ads,,Denver,United States,2026-04-24,2026-04-24,1,111.67,0.0,111.67,1,0,68.0,0.0,181
CUST00735,Avery,Taylor,avery.taylor83@example.com,2025-11-24,Referral,,Chicago,United States,2026-01-02,2026-01-02,1,360.24,0.0,360.24,3,0,180.0,0.0,219
CUST00736,Noah,Harris,noah.harris67@example.com,2024-06-26,Referral,,Chicago,United States,2025-01-11,2026-06-02,9,1186.26,0.0,1186.26,17,0,29.0,0.0,735
CUST00737,Sophia,Sanchez,sophia.sanchez34@example.com,2024-05-09,Google Ads,,Los Angeles,United States,2025-06-29,2026-05-15,3,486.2,110.58,375.62,3,1,47.0,0.3333333333333333,783
CUST00738,Henry,Wilson,henry.wilson35@example.com,2025-10-04,Google Ads,,Denver,United States,2025-10-14,2026-05-15,6,685.14,64.13,621.01,8,1,47.0,0.16666666666666666,270
CUST00739,Isabella,Hernandez,isabella.hernandez18@example.com,2024-03-30,Meta Ads,,Seattle,United States,2024-08-13,2025-04-15,2,188.29000000000002,0.0,188.29000000000002,2,0,442.0,0.0,823
CUST00740,Ethan,Hernandez,ethan.hernandez45@example.com,2025-06-16,Meta Ads,,New York,United States,2025-08-19,2026-05-26,5,621.82,0.0,621.82,5,0,36.0,0.0,380
CUST00741,Michael,Thompson,michael.thompson89@example.com,2025-08-24,Meta Ads,,Seattle,United States,2026-03-04,2026-03-04,1,114.16,114.16,0.0,1,1,119.0,1.0,311
CUST00742,Noah,Wilson,noah.wilson29@example.com,2024-05-31,Email,,Denver,United States,2024-09-18,2024-09-18,1,38.78,0.0,38.78,1,0,651.0,0.0,761
CUST00743,Elizabeth,Brown,elizabeth.brown23@example.com,2025-07-30,Organic,,Miami,United States,2025-12-31,2026-05-09,2,296.37,219.9,76.47,3,1,53.0,0.5,336
CUST00744,Daniel,Moore,daniel.moore54@example.com,2025-02-24,Google Ads,,Boston,United States,2025-03-13,2025-03-13,1,77.42,0.0,77.42,1,0,475.0,0.0,492
CUST00745,Evelyn,Martin,evelyn.martin70@example.com,2024-02-08,Google Ads,,Seattle,United States,2024-03-17,2026-05-17,8,1029.97,124.24,905.73,14,1,45.0,0.125,874
CUST00746,Ava,Martin,ava.martin87@example.com,2025-11-28,Email,,New York,United States,2025-12-08,2025-12-08,1,158.62,0.0,158.62,1,0,205.0,0.0,215
CUST00747,Charlotte,Lewis,charlotte.lewis52@example.com,2025-12-08,Google Ads,,Boston,United States,2026-01-02,2026-03-23,3,268.88,0.0,268.88,3,0,100.0,0.0,205
CUST00748,Logan,Rodriguez,logan.rodriguez57@example.com,2024-01-21,Meta Ads,,Miami,United States,2025-06-26,2025-08-21,3,535.48,26.44,509.04,5,1,314.0,0.3333333333333333,892
CUST00749,James,Rodriguez,james.rodriguez72@example.com,2025-12-13,Email,,Houston,United States,2026-03-09,2026-06-22,5,552.8299999999999,74.61,478.22,8,1,9.0,0.2,200
CUST00750,Ava,Martinez,ava.martinez66@example.com,2026-03-03,Organic,,Miami,United States,2026-03-09,2026-06-24,15,1602.75,223.08999999999997,1379.66,19,2,7.0,0.13333333333333333,120
CUST00751,Jacob,Wilson,jacob.wilson87@example.com,2025-10-23,Google Ads,,Boston,United States,2026-02-08,2026-02-08,1,22.79,0.0,22.79,1,0,143.0,0.0,251
CUST00752,Sophia,Robinson,sophia.robinson62@example.com,2026-01-28,Meta Ads,,Austin,United States,2026-02-18,2026-06-22,7,918.9,136.04,782.86,9,2,9.0,0.2857142857142857,154
CUST00753,Daniel,Lopez,daniel.lopez17@example.com,2025-06-11,Organic,,Los Angeles,United States,2025-10-07,2026-05-22,7,1306.66,0.0,1306.66,12,0,40.0,0.0,385
CUST00754,James,Thompson,james.thompson74@example.com,2025-02-17,Google Ads,,Austin,United States,2025-05-28,2026-06-08,5,904.45,0.0,904.45,7,0,23.0,0.0,499
CUST00755,Avery,Jackson,avery.jackson13@example.com,2024-06-26,Google Ads,,Houston,United States,2024-08-04,2026-06-10,7,835.86,0.0,835.86,9,0,21.0,0.0,735
CUST00756,Sofia,Johnson,sofia.johnson41@example.com,2024-02-03,Meta Ads,,San Francisco,United States,2025-10-14,2025-10-14,1,118.83,0.0,118.83,1,0,260.0,0.0,879
CUST00757,Emily,Miller,emily.miller45@example.com,2025-01-12,Organic,,Austin,United States,2025-04-29,2026-02-16,4,382.96,0.0,382.96,5,0,135.0,0.0,535
CUST00758,Charlotte,Lee,charlotte.lee25@example.com,2025-11-28,Google Ads,,San Francisco,United States,2025-12-04,2026-05-18,3,179.59,0.0,179.59,4,0,44.0,0.0,215
CUST00759,Mason,Martin,mason.martin67@example.com,2024-06-30,Referral,,Boston,United States,2024-07-10,2026-05-31,17,2710.98,270.86,2440.12,27,2,31.0,0.11764705882352941,731
CUST00760,Evelyn,Moore,evelyn.moore54@example.com,2024-12-18,Google Ads,,Miami,United States,2025-03-02,2026-06-02,3,256.51,146.15,110.36,3,2,29.0,0.6666666666666666,560
CUST00761,Jacob,Clark,jacob.clark98@example.com,2024-04-02,Google Ads,,Seattle,United States,2024-07-16,2026-04-29,7,1104.06,199.37,904.69,11,1,63.0,0.14285714285714285,820
CUST00762,Liam,Garcia,liam.garcia83@example.com,2026-03-09,Referral,,Houston,United States,2026-03-14,2026-06-07,5,411.98,0.0,411.98,6,0,24.0,0.0,114
CUST00763,Abigail,Davis,abigail.davis96@example.com,2024-07-30,Google Ads,,Seattle,United States,2025-12-24,2026-06-17,3,546.8,122.27,424.53,4,1,14.0,0.3333333333333333,701
CUST00764,Harper,Smith,harper.smith97@example.com,2024-01-10,Meta Ads,,Chicago,United States,2024-09-14,2025-07-29,3,479.69,0.0,479.69,4,0,337.0,0.0,903
CUST00765,Abigail,Garcia,abigail.garcia86@example.com,2024-01-09,Google Ads,,Denver,United States,2025-03-01,2025-08-03,2,208.37,40.38,167.99,2,1,332.0,0.5,904
CUST00766,Michael,Martinez,michael.martinez92@example.com,2024-10-08,Meta Ads,,Seattle,United States,2025-06-14,2025-09-07,2,45.69,0.0,45.69,2,0,297.0,0.0,631
CUST00767,Daniel,Lopez,daniel.lopez68@example.com,2024-09-15,Google Ads,,Miami,United States,2024-10-11,2026-06-20,6,900.09,252.25,647.84,9,1,11.0,0.16666666666666666,654
CUST00768,Henry,Taylor,henry.taylor89@example.com,2025-02-10,Email,,New York,United States,2025-12-25,2025-12-25,1,184.56,0.0,184.56,3,0,188.0,0.0,506
CUST00769,Harper,Perez,harper.perez57@example.com,2025-07-28,Email,,Denver,United States,2026-06-25,2026-06-25,1,139.2,0.0,139.2,3,0,6.0,0.0,338
CUST00770,James,Martinez,james.martinez97@example.com,2024-04-20,Meta Ads,,San Francisco,United States,2025-04-26,2025-04-26,1,524.64,0.0,524.64,2,0,431.0,0.0,802
CUST00771,Isabella,Lee,isabella.lee51@example.com,2024-10-10,Google Ads,,Miami,United States,2025-04-16,2026-06-29,5,769.5699999999999,0.0,769.5699999999999,7,0,2.0,0.0,629
CUST00772,Sophia,Jones,sophia.jones76@example.com,2026-02-22,Google Ads,,New York,United States,2026-05-08,2026-05-08,1,151.9,0.0,151.9,1,0,54.0,0.0,129
CUST00773,Michael,Ramirez,michael.ramirez86@example.com,2025-02-17,Email,,Chicago,United States,2025-05-06,2025-05-06,1,64.6,0.0,64.6,1,0,421.0,0.0,499
CUST00774,Jacob,Smith,jacob.smith93@example.com,2025-05-24,Referral,,Miami,United States,2025-08-14,2026-06-30,5,1273.19,0.0,1273.19,10,0,1.0,0.0,403
CUST00775,Logan,Wilson,logan.wilson61@example.com,2025-02-01,Organic,,Denver,United States,2025-11-20,2026-04-01,3,350.15,0.0,350.15,3,0,91.0,0.0,515
CUST00776,Emily,Jackson,emily.jackson34@example.com,2024-12-17,Organic,,Houston,United States,2025-04-19,2026-04-28,3,587.86,0.0,587.86,4,0,64.0,0.0,561
CUST00777,Henry,Moore,henry.moore91@example.com,2026-03-14,Meta Ads,,San Francisco,United States,2026-03-14,2026-06-20,10,1794.8899999999999,0.0,1794.8899999999999,16,0,11.0,0.0,109
CUST00778,Harper,Martinez,harper.martinez31@example.com,2025-11-04,Organic,,Chicago,United States,2025-11-07,2026-04-05,5,621.85,0.0,621.85,6,0,87.0,0.0,239
CUST00779,James,Brown,james.brown70@example.com,2024-05-11,Organic,,Austin,United States,2025-02-01,2025-02-01,1,125.18,125.18,0.0,2,1,515.0,1.0,781
CUST00780,Elizabeth,Robinson,elizabeth.robinson33@example.com,2025-11-27,Organic,,Los Angeles,United States,2025-12-06,2026-05-13,6,1106.28,210.66,895.62,10,1,49.0,0.16666666666666666,216
CUST00781,Elijah,Lopez,elijah.lopez38@example.com,2026-02-01,Organic,,Seattle,United States,2026-02-11,2026-05-25,6,640.2,25.95,614.25,10,1,37.0,0.16666666666666666,150
CUST00782,Michael,Lewis,michael.lewis52@example.com,2025-01-15,Google Ads,,Miami,United States,2025-09-26,2025-09-26,1,269.08,0.0,269.08,1,0,278.0,0.0,532
CUST00783,Amelia,Ramirez,amelia.ramirez25@example.com,2025-04-26,Google Ads,,Denver,United States,2025-12-14,2025-12-14,1,102.33,0.0,102.33,1,0,199.0,0.0,431
CUST00784,Evelyn,Martin,evelyn.martin19@example.com,2025-04-28,Organic,,Austin,United States,2026-01-20,2026-06-29,3,236.09,0.0,236.09,3,0,2.0,0.0,429
CUST00785,Noah,Ramirez,noah.ramirez97@example.com,2025-01-25,Meta Ads,,Seattle,United States,2026-02-12,2026-02-12,1,82.6,0.0,82.6,1,0,139.0,0.0,522
CUST00786,Liam,Ramirez,liam.ramirez29@example.com,2024-05-20,Referral,,San Francisco,United States,2024-11-06,2025-08-08,2,141.64,0.0,141.64,4,0,327.0,0.0,772
CUST00787,Lucas,Jackson,lucas.jackson68@example.com,2024-05-26,Meta Ads,,Chicago,United States,2024-09-26,2026-02-01,2,333.63,0.0,333.63,2,0,150.0,0.0,766
CUST00788,Elizabeth,Williams,elizabeth.williams72@example.com,2024-12-06,Email,,Chicago,United States,2025-08-01,2025-08-01,1,145.56,0.0,145.56,1,0,334.0,0.0,572
CUST00789,Mia,Lee,mia.lee17@example.com,2024-01-05,Meta Ads,,Houston,United States,2024-04-26,2024-09-06,2,106.99,64.35,42.64,2,1,663.0,0.5,908
CUST00790,Elizabeth,Harris,elizabeth.harris31@example.com,2025-08-13,Organic,,Boston,United States,2025-09-04,2026-06-05,10,1469.05,164.41000000000003,1304.6399999999999,12,2,26.0,0.2,322
CUST00791,Michael,Harris,michael.harris21@example.com,2024-05-12,Email,,Seattle,United States,2025-03-05,2026-06-04,4,545.16,186.44,358.71999999999997,6,1,27.0,0.25,780
CUST00792,Charlotte,Wilson,charlotte.wilson71@example.com,2025-01-27,Google Ads,,Austin,United States,2025-05-07,2026-01-18,2,219.15,98.09,121.06,2,1,164.0,0.5,520
CUST00793,Sophia,White,sophia.white57@example.com,2024-01-15,Organic,,Austin,United States,2024-02-18,2024-02-18,1,91.04,0.0,91.04,1,0,864.0,0.0,898
CUST00794,Sophia,Smith,sophia.smith96@example.com,2024-01-05,Email,,Houston,United States,2026-03-23,2026-06-29,2,158.39,0.0,158.39,2,0,2.0,0.0,908
CUST00795,Elijah,Thompson,elijah.thompson54@example.com,2024-11-15,Google Ads,,Seattle,United States,2025-08-26,2025-08-26,1,257.02,0.0,257.02,1,0,309.0,0.0,593
CUST00796,Harper,Jackson,harper.jackson49@example.com,2024-06-20,Google Ads,,New York,United States,2024-07-25,2026-02-27,3,441.17,185.87,255.3,4,1,124.0,0.3333333333333333,741
CUST00797,James,Martinez,james.martinez68@example.com,2026-01-15,Meta Ads,,Austin,United States,2026-01-23,2026-06-17,8,814.61,297.39,517.22,8,2,14.0,0.25,167
CUST00798,Mia,Wilson,mia.wilson97@example.com,2024-05-17,Meta Ads,,Boston,United States,2024-05-29,2026-01-30,4,623.3399999999999,0.0,623.3399999999999,4,0,152.0,0.0,775
CUST00799,Benjamin,Harris,benjamin.harris34@example.com,2024-06-17,Referral,,Seattle,United States,2024-12-20,2025-10-30,2,65.46,0.0,65.46,2,0,244.0,0.0,744
CUST00800,Emma,Davis,emma.davis38@example.com,2026-01-14,Referral,,Houston,United States,2026-04-08,2026-05-15,2,586.29,0.0,586.29,3,0,47.0,0.0,168
CUST00801,Jacob,Smith,jacob.smith85@example.com,2025-05-31,Google Ads,,San Francisco,United States,2025-11-11,2026-06-20,4,264.58,0.0,264.58,4,0,11.0,0.0,396
CUST00802,Emily,Lee,emily.lee14@example.com,2025-01-19,Organic,,Miami,United States,2025-01-22,2026-04-18,7,1148.69,0.0,1148.69,12,0,74.0,0.0,528
CUST00803,Elizabeth,Moore,elizabeth.moore89@example.com,2024-02-19,Email,,New York,United States,2026-01-16,2026-01-16,1,183.53,183.53,0.0,1,1,166.0,1.0,863
CUST00804,Henry,Brown,henry.brown93@example.com,2024-01-21,Google Ads,,Los Angeles,United States,2024-02-16,2026-02-20,8,866.9300000000001,0.0,866.9300000000001,14,0,131.0,0.0,892
CUST00805,Lucas,Anderson,lucas.anderson58@example.com,2024-05-06,Meta Ads,,Boston,United States,2024-05-17,2026-04-24,6,1710.6,0.0,1710.6,15,0,68.0,0.0,786
CUST00806,Emily,Jones,emily.jones36@example.com,2025-12-12,Email,,New York,United States,2025-12-25,2025-12-25,1,45.51,0.0,45.51,1,0,188.0,0.0,201
CUST00807,James,Wilson,james.wilson94@example.com,2024-04-13,Email,,Miami,United States,2024-04-26,2024-06-02,3,250.31,72.91,177.4,4,1,759.0,0.3333333333333333,809
CUST00808,Alexander,Martin,alexander.martin99@example.com,2024-05-20,Meta Ads,,Los Angeles,United States,2024-08-09,2026-06-15,6,848.1500000000001,40.32,807.83,9,1,16.0,0.16666666666666666,772
CUST00809,Harper,White,harper.white89@example.com,2024-04-30,Google Ads,,Los Angeles,United States,2024-07-25,2026-06-16,9,1823.14,28.8,1794.3400000000001,13,1,15.0,0.1111111111111111,792
CUST00810,Mason,Miller,mason.miller87@example.com,2024-07-23,Organic,,Austin,United States,2024-09-19,2025-09-05,2,120.41999999999999,82.13,38.29,2,1,299.0,0.5,708
CUST00811,Sophia,Lopez,sophia.lopez62@example.com,2024-10-29,Google Ads,,Austin,United States,2026-01-30,2026-01-30,1,41.93,0.0,41.93,1,0,152.0,0.0,610
CUST00812,Mason,Robinson,mason.robinson36@example.com,2025-12-05,Referral,,San Francisco,United States,2025-12-13,2026-06-23,14,3302.0,0.0,3302.0,23,0,8.0,0.0,208
CUST00813,Elijah,Smith,elijah.smith11@example.com,2025-11-18,Google Ads,,Los Angeles,United States,2026-01-02,2026-04-22,3,231.31,0.0,231.31,3,0,70.0,0.0,225
CUST00814,Sofia,Jackson,sofia.jackson95@example.com,2025-05-20,Google Ads,,Los Angeles,United States,2025-07-09,2026-06-23,6,541.38,172.95,368.43,7,2,8.0,0.3333333333333333,407
CUST00815,Elizabeth,Taylor,elizabeth.taylor19@example.com,2026-01-10,Organic,,Miami,United States,2026-03-12,2026-05-12,4,394.81,0.0,394.81,5,0,50.0,0.0,172
CUST00816,Abigail,Davis,abigail.davis68@example.com,2024-10-30,Google Ads,,New York,United States,2026-02-14,2026-05-24,3,429.23,149.09,280.14,7,1,38.0,0.3333333333333333,609
CUST00817,Noah,Clark,noah.clark32@example.com,2024-02-10,Organic,,San Francisco,United States,2024-04-26,2026-06-13,10,787.44,0.0,787.44,11,0,18.0,0.0,872
CUST00818,Michael,Perez,michael.perez50@example.com,2025-03-12,Organic,,Los Angeles,United States,2025-06-01,2026-05-28,4,413.89,0.0,413.89,5,0,34.0,0.0,476
CUST00819,Daniel,Harris,daniel.harris15@example.com,2024-01-10,Organic,,Chicago,United States,2024-06-12,2026-05-09,8,1558.76,657.39,901.37,11,2,53.0,0.25,903
CUST00820,Mia,Lopez,mia.lopez66@example.com,2025-09-28,Google Ads,,Los Angeles,United States,2025-10-07,2026-06-30,14,2005.77,552.9300000000001,1452.84,20,2,1.0,0.14285714285714285,276
CUST00821,Benjamin,Clark,benjamin.clark53@example.com,2024-07-06,Google Ads,,Seattle,United States,2024-08-14,2026-05-10,3,488.78,0.0,488.78,6,0,52.0,0.0,725
CUST00822,Amelia,Rodriguez,amelia.rodriguez59@example.com,2025-12-07,Organic,,Seattle,United States,2025-12-20,2026-06-24,16,2215.63,197.92000000000002,2017.71,25,2,7.0,0.125,206
CUST00823,Abigail,Lewis,abigail.lewis31@example.com,2024-04-25,Google Ads,,New York,United States,2025-12-10,2026-01-03,2,230.56,0.0,230.56,2,0,179.0,0.0,797
CUST00824,Daniel,Garcia,daniel.garcia23@example.com,2025-03-02,Referral,,Boston,United States,2026-01-04,2026-01-04,1,29.87,29.87,0.0,1,1,178.0,1.0,486
CUST00825,Michael,Jackson,michael.jackson96@example.com,2025-03-24,Google Ads,,Seattle,United States,2026-05-30,2026-05-30,1,71.28,0.0,71.28,1,0,32.0,0.0,464
CUST00826,Elizabeth,Lopez,elizabeth.lopez88@example.com,2024-01-30,Organic,,Chicago,United States,2024-08-11,2025-04-15,3,470.15,0.0,470.15,5,0,442.0,0.0,883
CUST00827,Mason,Robinson,mason.robinson72@example.com,2024-04-25,Organic,,Boston,United States,2025-11-09,2025-11-09,1,238.77,0.0,238.77,2,0,234.0,0.0,797
CUST00828,Liam,Williams,liam.williams43@example.com,2025-11-01,Meta Ads,,Austin,United States,2025-12-27,2026-05-28,5,607.22,74.01,533.21,8,1,34.0,0.2,242
CUST00829,Elizabeth,White,elizabeth.white83@example.com,2026-01-11,Email,,San Francisco,United States,2026-05-29,2026-06-15,3,314.1,0.0,314.1,4,0,16.0,0.0,171
CUST00830,Harper,Taylor,harper.taylor98@example.com,2025-12-18,Email,,Seattle,United States,2026-05-13,2026-05-13,1,106.76,0.0,106.76,1,0,49.0,0.0,195
CUST00831,Henry,White,henry.white41@example.com,2025-05-08,Meta Ads,,Seattle,United States,2025-06-01,2026-03-05,4,777.0,0.0,777.0,8,0,118.0,0.0,419
CUST00832,Ava,Clark,ava.clark81@example.com,2025-09-19,Google Ads,,Chicago,United States,2025-10-04,2026-06-22,20,3347.18,469.41999999999996,2877.76,34,2,9.0,0.1,285
CUST00833,Harper,Ramirez,harper.ramirez70@example.com,2025-05-22,Organic,,Los Angeles,United States,2025-05-25,2026-04-27,9,1635.78,589.25,1046.53,14,2,65.0,0.2222222222222222,405
CUST00834,Elizabeth,Thomas,elizabeth.thomas51@example.com,2024-09-03,Meta Ads,,Miami,United States,2026-04-12,2026-04-12,1,257.2,0.0,257.2,1,0,80.0,0.0,666
CUST00835,Liam,Taylor,liam.taylor38@example.com,2025-07-17,Email,,Seattle,United States,2025-08-16,2026-06-26,13,1342.63,178.74,1163.8899999999999,16,3,5.0,0.23076923076923078,349
CUST00836,Sofia,Davis,sofia.davis20@example.com,2025-04-15,Meta Ads,,Denver,United States,2025-08-30,2026-06-27,4,810.32,0.0,810.32,7,0,4.0,0.0,442
CUST00837,Amelia,Williams,amelia.williams73@example.com,2025-04-02,Meta Ads,,Boston,United States,2025-07-02,2026-04-02,8,1173.92,0.0,1173.92,12,0,90.0,0.0,455
CUST00838,Jacob,Lee,jacob.lee12@example.com,2024-04-15,Meta Ads,,New York,United States,2024-11-19,2026-02-25,4,457.37,0.0,457.37,4,0,126.0,0.0,807
CUST00839,Ethan,Moore,ethan.moore10@example.com,2024-04-03,Organic,,Denver,United States,2024-04-05,2024-04-05,1,810.27,0.0,810.27,3,0,817.0,0.0,819
CUST00840,Abigail,Martinez,abigail.martinez75@example.com,2025-07-29,Google Ads,,Boston,United States,2025-10-22,2026-04-09,4,387.59,69.2,318.39,6,1,83.0,0.25,337
CUST00841,Mia,Lopez,mia.lopez16@example.com,2024-08-16,Organic,,San Francisco,United States,2024-08-22,2026-05-26,11,2569.58,888.02,1681.56,21,5,36.0,0.45454545454545453,684
CUST00842,Ethan,Harris,ethan.harris89@example.com,2025-09-06,Meta Ads,,San Francisco,United States,2025-09-06,2026-06-11,6,488.98,176.33,312.65,6,1,20.0,0.16666666666666666,298
CUST00843,Emily,Anderson,emily.anderson24@example.com,2024-04-09,Organic,,Houston,United States,2024-09-12,2026-06-14,4,394.02,0.0,394.02,4,0,17.0,0.0,813
CUST00844,Emma,Hernandez,emma.hernandez55@example.com,2025-10-10,Referral,,Miami,United States,2025-10-19,2026-05-28,24,4901.32,1099.3899999999999,3801.93,40,7,34.0,0.2916666666666667,264
CUST00845,Ethan,Taylor,ethan.taylor57@example.com,2025-12-19,Google Ads,,Chicago,United States,2026-02-04,2026-06-25,4,889.47,233.35,656.12,6,1,6.0,0.25,194
CUST00846,Mason,Jones,mason.jones62@example.com,2024-04-19,Google Ads,,Houston,United States,2025-02-05,2025-07-17,2,688.8,0.0,688.8,4,0,349.0,0.0,803
CUST00847,Sophia,Brown,sophia.brown60@example.com,2024-08-08,Meta Ads,,Houston,United States,2024-10-24,2026-06-13,16,1817.28,243.59,1573.69,20,2,18.0,0.125,692
CUST00848,Emily,Hernandez,emily.hernandez23@example.com,2026-02-14,Meta Ads,,Denver,United States,2026-05-21,2026-06-25,2,228.32999999999998,0.0,228.32999999999998,2,0,6.0,0.0,137
CUST00849,Noah,Harris,noah.harris67@example.com,2025-04-13,Email,,Austin,United States,2025-09-18,2025-09-18,1,58.59,0.0,58.59,1,0,286.0,0.0,444
CUST00850,Ava,Thomas,ava.thomas10@example.com,2025-06-27,Organic,,Austin,United States,2025-09-25,2025-12-01,2,108.43,84.22,24.21,3,1,212.0,0.5,369
CUST00851,Logan,Wilson,logan.wilson84@example.com,2025-05-09,Referral,,Chicago,United States,2026-02-16,2026-02-16,1,54.19,0.0,54.19,1,0,135.0,0.0,418
CUST00852,Emily,Jackson,emily.jackson32@example.com,2026-01-18,Organic,,Los Angeles,United States,2026-02-03,2026-06-30,5,583.85,120.82,463.03,6,2,1.0,0.4,164
CUST00853,Charlotte,Perez,charlotte.perez86@example.com,2025-09-12,Organic,,Austin,United States,2025-09-30,2026-05-18,12,2008.58,114.66,1893.92,16,2,44.0,0.16666666666666666,292
CUST00854,Avery,Gonzalez,avery.gonzalez63@example.com,2025-09-15,Referral,,Houston,United States,2026-04-23,2026-04-23,1,268.14,0.0,268.14,1,0,69.0,0.0,289
CUST00855,Isabella,Gonzalez,isabella.gonzalez53@example.com,2024-10-28,Meta Ads,,Chicago,United States,2024-11-27,2026-05-20,6,1060.44,295.47,764.97,8,2,42.0,0.3333333333333333,611
CUST00856,Ava,Wilson,ava.wilson87@example.com,2025-12-17,Organic,,Austin,United States,2026-02-05,2026-04-03,2,45.29,0.0,45.29,2,0,89.0,0.0,196
CUST00857,James,Clark,james.clark99@example.com,2025-07-14,Organic,,Austin,United States,2025-08-18,2026-06-26,7,1257.6100000000001,0.0,1257.6100000000001,8,0,5.0,0.0,352
CUST00858,Abigail,Miller,abigail.miller35@example.com,2024-08-02,Email,,Miami,United States,2024-08-10,2026-05-07,9,1453.77,0.0,1453.77,13,0,55.0,0.0,698
CUST00859,Henry,Lopez,henry.lopez96@example.com,2024-05-15,Referral,,Chicago,United States,2025-07-12,2025-07-12,1,97.17,0.0,97.17,1,0,354.0,0.0,777
CUST00860,Harper,Moore,harper.moore98@example.com,2025-10-14,Meta Ads,,Los Angeles,United States,2026-02-02,2026-06-14,2,315.72,100.89,214.83,4,1,17.0,0.5,260
CUST00861,Elizabeth,Lopez,elizabeth.lopez81@example.com,2025-05-06,Email,,Seattle,United States,2025-05-16,2026-01-26,4,546.21,470.61,75.6,7,3,156.0,0.75,421
CUST00862,Henry,White,henry.white78@example.com,2024-10-19,Organic,,Seattle,United States,2024-11-13,2026-05-17,18,1919.83,64.36,1855.47,19,1,45.0,0.05555555555555555,620
CUST00863,Michael,Smith,michael.smith76@example.com,2024-04-19,Google Ads,,Chicago,United States,2024-06-17,2026-06-23,4,595.09,0.0,595.09,6,0,8.0,0.0,803
CUST00864,Liam,Perez,liam.perez17@example.com,2024-07-23,Google Ads,,Chicago,United States,2024-08-22,2026-06-18,6,917.73,0.0,917.73,10,0,13.0,0.0,708
CUST00865,James,Perez,james.perez42@example.com,2024-05-29,Organic,,Miami,United States,2025-02-02,2026-05-24,4,763.75,0.0,763.75,6,0,38.0,0.0,763
CUST00866,Sophia,Harris,sophia.harris79@example.com,2024-02-03,Meta Ads,,Boston,United States,2024-02-07,2024-02-07,1,65.07,0.0,65.07,1,0,875.0,0.0,879
CUST00867,Noah,Martin,noah.martin96@example.com,2026-01-27,Email,,Houston,United States,2026-06-15,2026-06-26,3,404.2,0.0,404.2,5,0,5.0,0.0,155
CUST00868,Jacob,Lee,jacob.lee81@example.com,2025-02-02,Google Ads,,Miami,United States,2026-04-01,2026-04-01,1,81.39,0.0,81.39,1,0,91.0,0.0,514
CUST00869,Emily,Perez,emily.perez16@example.com,2025-01-25,Meta Ads,,San Francisco,United States,2025-04-16,2025-09-22,3,194.82,0.0,194.82,3,0,282.0,0.0,522
CUST00870,Ethan,Johnson,ethan.johnson11@example.com,2026-01-31,Google Ads,,Denver,United States,2026-02-13,2026-04-13,3,249.11999999999998,0.0,249.11999999999998,3,0,79.0,0.0,151
CUST00871,Daniel,Harris,daniel.harris66@example.com,2024-08-18,Referral,,San Francisco,United States,2024-09-04,2026-05-24,34,4261.4,337.78999999999996,3923.61,45,4,38.0,0.11764705882352941,682
CUST00872,Elizabeth,Jackson,elizabeth.jackson79@example.com,2026-01-26,Email,,Houston,United States,2026-03-11,2026-03-11,1,187.58,0.0,187.58,1,0,112.0,0.0,156
CUST00873,James,Anderson,james.anderson32@example.com,2025-11-30,Google Ads,,Chicago,United States,2026-02-17,2026-02-17,1,45.84,0.0,45.84,1,0,134.0,0.0,213
CUST00874,Jacob,Taylor,jacob.taylor25@example.com,2025-01-21,Google Ads,,Miami,United States,2025-07-19,2025-07-19,1,132.93,0.0,132.93,1,0,347.0,0.0,526
CUST00875,Ethan,Rodriguez,ethan.rodriguez26@example.com,2024-06-13,Email,,Miami,United States,2024-11-03,2026-04-28,9,1534.65,0.0,1534.65,15,0,64.0,0.0,748
CUST00876,Emma,Hernandez,emma.hernandez69@example.com,2025-12-27,Referral,,New York,United States,2026-01-01,2026-06-02,3,416.87,386.19,30.68,3,2,29.0,0.6666666666666666,186
CUST00877,Ava,Robinson,ava.robinson51@example.com,2025-09-03,Google Ads,,Denver,United States,2025-09-27,2025-09-27,1,86.44,86.44,0.0,1,1,277.0,1.0,301
CUST00878,Sofia,Perez,sofia.perez48@example.com,2025-05-17,Organic,,Austin,United States,2025-05-29,2026-06-11,10,1279.75,0.0,1279.75,12,0,20.0,0.0,410
CUST00879,Benjamin,Williams,benjamin.williams50@example.com,2025-06-22,Google Ads,,Chicago,United States,2026-03-31,2026-03-31,1,19.93,19.93,0.0,1,1,92.0,1.0,374
CUST00880,Harper,Williams,harper.williams74@example.com,2024-06-12,Meta Ads,,Austin,United States,2025-02-24,2025-12-09,2,443.56000000000006,0.0,443.56000000000006,5,0,204.0,0.0,749
CUST00881,Charlotte,Williams,charlotte.williams54@example.com,2024-08-14,Organic,,San Francisco,United States,2024-10-12,2025-09-25,6,1506.15,118.97,1387.18,10,1,279.0,0.16666666666666666,686
CUST00882,Mia,Lopez,mia.lopez47@example.com,2024-08-11,Referral,,Denver,United States,2025-01-09,2026-06-21,4,755.85,0.0,755.85,7,0,10.0,0.0,689
CUST00883,Harper,Thomas,harper.thomas81@example.com,2026-02-09,Referral,,New York,United States,2026-02-24,2026-06-27,12,1554.04,323.54,1230.5,16,3,4.0,0.25,142
CUST00884,Noah,Perez,noah.perez54@example.com,2025-04-01,Google Ads,,Denver,United States,2025-05-25,2025-11-14,3,964.5400000000001,174.22,790.32,6,1,229.0,0.3333333333333333,456
CUST00885,Logan,Martin,logan.martin41@example.com,2024-02-10,Email,,San Francisco,United States,2024-11-16,2025-04-14,2,318.9,0.0,318.9,2,0,443.0,0.0,872
CUST00886,Charlotte,Robinson,charlotte.robinson24@example.com,2025-01-30,Google Ads,,Miami,United States,2026-06-07,2026-06-17,2,95.53,0.0,95.53,2,0,14.0,0.0,517
CUST00887,Emma,Robinson,emma.robinson76@example.com,2026-02-27,Meta Ads,,Austin,United States,2026-04-24,2026-06-10,4,326.87,0.0,326.87,5,0,21.0,0.0,124
CUST00888,Amelia,Thomas,amelia.thomas15@example.com,2024-10-30,Organic,,Houston,United States,2024-11-16,2026-05-13,7,668.75,178.23,490.52,7,1,49.0,0.14285714285714285,609
CUST00889,Mia,Taylor,mia.taylor20@example.com,2024-04-08,Google Ads,,Austin,United States,2024-08-29,2025-08-09,3,450.85,0.0,450.85,3,0,326.0,0.0,814
CUST00890,Ethan,Smith,ethan.smith90@example.com,2024-03-08,Google Ads,,Houston,United States,2025-08-18,2026-06-03,2,249.0,0.0,249.0,4,0,28.0,0.0,845
CUST00891,Daniel,Perez,daniel.perez64@example.com,2024-04-16,Google Ads,,Seattle,United States,2024-04-23,2026-04-12,19,2088.56,545.83,1542.73,25,5,80.0,0.2631578947368421,806
CUST00892,Abigail,Clark,abigail.clark19@example.com,2026-02-03,Email,,New York,United States,2026-03-14,2026-04-22,3,249.26999999999998,0.0,249.26999999999998,3,0,70.0,0.0,148
CUST00893,Amelia,Thompson,amelia.thompson52@example.com,2024-02-08,Google Ads,,New York,United States,2025-05-19,2025-05-19,1,104.42,0.0,104.42,2,0,408.0,0.0,874
CUST00894,Oliver,Sanchez,oliver.sanchez42@example.com,2025-07-25,Google Ads,,Houston,United States,2026-06-29,2026-06-29,1,116.2,0.0,116.2,1,0,2.0,0.0,341
CUST00895,Logan,Rodriguez,logan.rodriguez62@example.com,2025-02-01,Meta Ads,,Seattle,United States,2025-03-31,2025-12-02,3,235.44,0.0,235.44,3,0,211.0,0.0,515
CUST00896,Lucas,Hernandez,lucas.hernandez12@example.com,2025-02-02,Email,,Austin,United States,2025-07-30,2025-07-30,1,186.7,0.0,186.7,1,0,336.0,0.0,514
CUST00897,Emma,Lee,emma.lee89@example.com,2024-03-05,Organic,,Denver,United States,2024-03-26,2026-06-04,14,2855.24,990.4200000000001,1864.82,24,5,27.0,0.35714285714285715,848
CUST00898,Liam,Thompson,liam.thompson19@example.com,2025-01-01,Referral,,Los Angeles,United States,2025-02-22,2025-06-29,3,369.90999999999997,227.53,142.38,3,2,367.0,0.6666666666666666,546
CUST00899,James,Sanchez,james.sanchez97@example.com,2024-11-04,Email,,Miami,United States,2025-02-18,2026-06-04,13,1445.5,232.14,1213.36,16,2,27.0,0.15384615384615385,604
CUST00900,Elizabeth,Robinson,elizabeth.robinson66@example.com,2025-01-25,Meta Ads,,New York,United States,2025-03-23,2026-02-07,4,250.70999999999998,0.0,250.70999999999998,4,0,144.0,0.0,522
CUST00901,Mason,Garcia,mason.garcia78@example.com,2024-08-13,Google Ads,,Seattle,United States,2025-03-13,2025-03-13,1,31.43,0.0,31.43,1,0,475.0,0.0,687
CUST00902,Michael,Sanchez,michael.sanchez79@example.com,2024-10-29,Referral,,Chicago,United States,2025-01-12,2025-08-09,2,673.0600000000001,138.86,534.2,3,1,326.0,0.5,610
CUST00903,James,Perez,james.perez92@example.com,2025-01-17,Referral,,New York,United States,2026-02-11,2026-06-20,2,377.42999999999995,0.0,377.42999999999995,3,0,11.0,0.0,530
CUST00904,Ethan,Ramirez,ethan.ramirez81@example.com,2024-05-24,Google Ads,,New York,United States,2026-06-04,2026-06-04,1,484.79,0.0,484.79,2,0,27.0,0.0,768
CUST00905,Evelyn,Martin,evelyn.martin60@example.com,2025-07-04,Meta Ads,,Los Angeles,United States,2025-07-22,2026-06-09,38,4317.75,714.51,3603.24,53,7,22.0,0.18421052631578946,362
CUST00906,James,Miller,james.miller54@example.com,2024-08-04,Meta Ads,,Austin,United States,2026-05-26,2026-05-26,1,227.38,0.0,227.38,2,0,36.0,0.0,696
CUST00907,Ava,Garcia,ava.garcia33@example.com,2024-08-14,Email,,Miami,United States,2025-03-07,2025-10-22,2,289.15,177.55,111.6,2,1,252.0,0.5,686
CUST00908,Sophia,Brown,sophia.brown33@example.com,2025-11-18,Organic,,New York,United States,2025-11-29,2026-06-21,20,1786.51,301.01,1485.5,25,3,10.0,0.15,225
CUST00909,Daniel,Harris,daniel.harris80@example.com,2025-04-17,Email,,Los Angeles,United States,2025-05-25,2026-06-17,7,1003.3,368.28,635.02,11,1,14.0,0.14285714285714285,440
CUST00910,James,Perez,james.perez18@example.com,2024-09-13,Google Ads,,Denver,United States,2025-10-12,2025-12-26,3,294.59,25.29,269.3,3,1,187.0,0.3333333333333333,656
CUST00911,Mason,Hernandez,mason.hernandez55@example.com,2024-05-11,Email,,Houston,United States,2024-10-12,2026-01-04,4,481.24,313.03,168.20999999999998,8,1,178.0,0.25,781
CUST00912,Noah,Martinez,noah.martinez89@example.com,2024-03-12,Referral,,San Francisco,United States,2024-04-26,2026-03-01,5,806.1700000000001,86.71,719.4600000000002,6,1,122.0,0.2,841
CUST00913,Mason,Anderson,mason.anderson52@example.com,2025-09-23,Email,,Denver,United States,2026-02-28,2026-02-28,1,43.92,43.92,0.0,1,1,123.0,1.0,281
CUST00914,Ava,Jackson,ava.jackson82@example.com,2025-01-08,Organic,,Seattle,United States,2025-01-31,2026-05-28,28,3848.72,562.24,3286.48,39,5,34.0,0.17857142857142858,539
CUST00915,Oliver,Smith,oliver.smith50@example.com,2024-09-09,Organic,,Seattle,United States,2024-11-20,2026-05-22,8,797.35,66.21,731.14,10,1,40.0,0.125,660
CUST00916,Isabella,Clark,isabella.clark56@example.com,2024-05-17,Email,,San Francisco,United States,2025-01-19,2026-05-03,5,541.5699999999999,0.0,541.5699999999999,6,0,59.0,0.0,775
CUST00917,Avery,Thomas,avery.thomas69@example.com,2025-04-01,Meta Ads,,Miami,United States,2025-08-31,2025-11-28,2,64.78999999999999,0.0,64.78999999999999,2,0,215.0,0.0,456
CUST00918,Mason,Moore,mason.moore23@example.com,2024-06-28,Email,,Los Angeles,United States,2025-10-31,2025-10-31,1,155.38,155.38,0.0,1,1,243.0,1.0,733
CUST00919,Sofia,Rodriguez,sofia.rodriguez27@example.com,2025-07-05,Google Ads,,Los Angeles,United States,2026-05-18,2026-05-18,1,140.82,0.0,140.82,1,0,44.0,0.0,361
CUST00920,Jacob,Williams,jacob.williams12@example.com,2025-06-03,Email,,Denver,United States,2025-10-12,2026-02-11,4,619.9,0.0,619.9,4,0,140.0,0.0,393
CUST00921,Evelyn,Gonzalez,evelyn.gonzalez85@example.com,2024-08-05,Referral,,Austin,United States,2024-12-17,2026-06-14,6,893.25,63.63,829.62,7,1,17.0,0.16666666666666666,695
CUST00922,Isabella,Moore,isabella.moore79@example.com,2025-04-28,Email,,Chicago,United States,2025-06-27,2026-04-16,2,311.9,0.0,311.9,2,0,76.0,0.0,429
CUST00923,Benjamin,Gonzalez,benjamin.gonzalez38@example.com,2026-03-01,Email,,Miami,United States,2026-03-18,2026-03-18,1,47.02,0.0,47.02,1,0,105.0,0.0,122
CUST00924,Ava,Anderson,ava.anderson74@example.com,2025-06-06,Google Ads,,San Francisco,United States,2026-01-25,2026-05-23,2,111.99,0.0,111.99,2,0,39.0,0.0,390
CUST00925,Harper,Smith,harper.smith94@example.com,2024-09-01,Organic,,Denver,United States,2024-09-27,2026-05-29,4,436.61,196.27,240.34,6,1,33.0,0.25,668
CUST00926,Henry,Garcia,henry.garcia75@example.com,2024-05-23,Meta Ads,,Chicago,United States,2024-11-04,2025-12-10,7,628.26,0.0,628.26,9,0,203.0,0.0,769
CUST00927,Evelyn,Jackson,evelyn.jackson94@example.com,2024-05-29,Organic,,Boston,United States,2024-10-11,2026-04-06,4,538.31,182.84,355.46999999999997,5,2,86.0,0.5,763
CUST00928,Benjamin,Johnson,benjamin.johnson38@example.com,2026-02-18,Meta Ads,,Los Angeles,United States,2026-02-28,2026-06-27,3,306.94000000000005,0.0,306.94000000000005,3,0,4.0,0.0,133
CUST00929,Isabella,Lopez,isabella.lopez39@example.com,2024-02-13,Email,,Austin,United States,2024-03-01,2026-05-16,7,1200.88,0.0,1200.88,11,0,46.0,0.0,869
CUST00930,Logan,Sanchez,logan.sanchez56@example.com,2025-02-01,Meta Ads,,Boston,United States,2026-03-02,2026-03-02,1,114.34,0.0,114.34,1,0,121.0,0.0,515
CUST00931,Avery,Johnson,avery.johnson15@example.com,2025-10-26,Meta Ads,,Austin,United States,2025-10-26,2026-05-31,3,863.72,59.35,804.37,6,1,31.0,0.3333333333333333,248
CUST00932,Abigail,Clark,abigail.clark45@example.com,2026-01-29,Google Ads,,Austin,United States,2026-02-22,2026-06-23,4,651.03,0.0,651.03,5,0,8.0,0.0,153
CUST00933,Evelyn,Garcia,evelyn.garcia58@example.com,2025-10-31,Meta Ads,,Denver,United States,2025-12-18,2026-04-26,3,135.22000000000003,27.25,107.97000000000001,3,1,66.0,0.3333333333333333,243
CUST00934,Abigail,Lewis,abigail.lewis19@example.com,2025-06-13,Google Ads,,Houston,United States,2025-11-16,2026-03-05,2,957.47,906.16,51.31,5,1,118.0,0.5,383
CUST00935,Harper,Gonzalez,harper.gonzalez55@example.com,2024-12-19,Meta Ads,,Boston,United States,2025-03-05,2026-05-09,3,594.86,557.85,37.01,4,2,53.0,0.6666666666666666,559
CUST00936,Avery,Martin,avery.martin10@example.com,2025-05-28,Organic,,Boston,United States,2025-06-26,2026-06-07,10,1022.9300000000001,63.24,959.69,12,1,24.0,0.1,399
CUST00937,Oliver,Davis,oliver.davis19@example.com,2025-06-10,Email,,Houston,United States,2025-08-11,2025-08-11,1,85.84,0.0,85.84,2,0,324.0,0.0,386
CUST00938,Ava,Garcia,ava.garcia30@example.com,2025-01-05,Email,,Los Angeles,United States,2025-04-01,2026-01-22,3,673.7,0.0,673.7,5,0,160.0,0.0,542
CUST00939,Henry,Davis,henry.davis63@example.com,2024-12-04,Organic,,Boston,United States,2025-03-22,2026-03-18,6,550.1800000000001,0.0,550.1800000000001,8,0,105.0,0.0,574
CUST00940,Henry,Thomas,henry.thomas71@example.com,2024-08-03,Email,,Seattle,United States,2025-02-07,2026-06-21,10,761.28,117.08,644.2,14,1,10.0,0.1,697
CUST00941,Emma,Davis,emma.davis15@example.com,2024-05-10,Email,,Chicago,United States,2024-11-08,2026-05-21,2,232.82,62.81,170.01,2,1,41.0,0.5,782
CUST00942,Ava,Lee,ava.lee75@example.com,2024-02-10,Organic,,Chicago,United States,2024-04-17,2025-11-13,2,594.9,205.64,389.26,4,1,230.0,0.5,872
CUST00943,Liam,Garcia,liam.garcia43@example.com,2024-07-03,Meta Ads,,Seattle,United States,2024-08-25,2024-08-25,1,235.28,0.0,235.28,1,0,675.0,0.0,728
CUST00944,Alexander,Jackson,alexander.jackson91@example.com,2024-01-20,Organic,,Miami,United States,2025-04-15,2025-04-15,1,38.95,0.0,38.95,1,0,442.0,0.0,893
CUST00945,Olivia,Miller,olivia.miller67@example.com,2025-09-13,Referral,,Boston,United States,2025-11-04,2026-01-15,3,281.65999999999997,0.0,281.65999999999997,3,0,167.0,0.0,291
CUST00946,Oliver,Davis,oliver.davis62@example.com,2025-09-07,Google Ads,,Denver,United States,2025-11-23,2025-11-23,1,74.64,0.0,74.64,1,0,220.0,0.0,297
CUST00947,Sofia,Harris,sofia.harris33@example.com,2025-09-30,Email,,Miami,United States,2025-12-22,2026-04-05,4,273.81,73.35,200.45999999999998,5,1,87.0,0.25,274
CUST00948,Oliver,White,oliver.white97@example.com,2024-12-16,Referral,,Denver,United States,2025-08-10,2026-03-23,4,572.86,128.08,444.78000000000003,5,1,100.0,0.25,562
CUST00949,Evelyn,Williams,evelyn.williams39@example.com,2025-01-22,Meta Ads,,Los Angeles,United States,2025-02-19,2026-06-09,24,4228.59,41.67,4186.92,33,1,22.0,0.041666666666666664,525
CUST00950,Emma,Miller,emma.miller76@example.com,2025-05-31,Email,,Chicago,United States,2025-07-27,2026-04-21,7,1169.69,712.77,456.92,11,2,71.0,0.2857142857142857,396
CUST00951,Alexander,Brown,alexander.brown32@example.com,2025-05-02,Referral,,Denver,United States,2025-05-17,2026-04-14,4,621.29,0.0,621.29,8,0,78.0,0.0,425
CUST00952,Liam,Lewis,liam.lewis78@example.com,2025-05-30,Organic,,Los Angeles,United States,2025-08-29,2025-08-29,1,33.24,33.24,0.0,2,1,306.0,1.0,397
CUST00953,Mason,Perez,mason.perez26@example.com,2025-09-09,Meta Ads,,New York,United States,2025-12-13,2026-06-26,4,484.11,0.0,484.11,4,0,5.0,0.0,295
CUST00954,Avery,Harris,avery.harris96@example.com,2025-10-26,Meta Ads,,Seattle,United States,2025-11-29,2026-06-12,3,1499.3,43.36,1455.94,7,1,19.0,0.3333333333333333,248
CUST00955,Benjamin,Ramirez,benjamin.ramirez15@example.com,2025-12-15,Meta Ads,,Houston,United States,2026-01-03,2026-06-25,7,1562.64,0.0,1562.64,14,0,6.0,0.0,198
CUST00956,Michael,Thomas,michael.thomas58@example.com,2024-12-24,Email,,Denver,United States,2025-07-24,2025-07-24,1,92.66,0.0,92.66,1,0,342.0,0.0,554
CUST00957,Noah,Wilson,noah.wilson27@example.com,2024-09-17,Meta Ads,,Houston,United States,2024-11-22,2026-06-26,3,497.27,0.0,497.27,6,0,5.0,0.0,652
CUST00958,Logan,Ramirez,logan.ramirez20@example.com,2024-10-17,Email,,Austin,United States,2026-05-23,2026-06-15,2,261.87,0.0,261.87,2,0,16.0,0.0,622
CUST00959,Lucas,Rodriguez,lucas.rodriguez34@example.com,2024-01-06,Organic,,New York,United States,2024-09-16,2026-01-22,4,388.77,0.0,388.77,4,0,160.0,0.0,907
CUST00960,Evelyn,Taylor,evelyn.taylor25@example.com,2025-06-16,Google Ads,,Houston,United States,2025-08-26,2026-06-02,8,1171.56,234.95000000000002,936.61,13,2,29.0,0.25,380
CUST00961,Emily,Sanchez,emily.sanchez50@example.com,2025-02-22,Meta Ads,,Chicago,United States,2025-05-09,2025-06-09,2,146.07,0.0,146.07,2,0,387.0,0.0,494
CUST00962,Lucas,Lee,lucas.lee84@example.com,2024-09-16,Google Ads,,Austin,United States,2025-02-08,2026-01-28,7,1324.8999999999999,0.0,1324.8999999999999,11,0,154.0,0.0,653
CUST00963,Lucas,Jackson,lucas.jackson56@example.com,2025-09-18,Google Ads,,Seattle,United States,2025-09-28,2026-05-29,13,2768.06,223.14999999999998,2544.91,18,2,33.0,0.15384615384615385,286
CUST00964,Elizabeth,Miller,elizabeth.miller62@example.com,2025-07-19,Organic,,Boston,United States,2025-10-26,2026-06-04,3,646.69,96.1,550.59,4,1,27.0,0.3333333333333333,347
CUST00965,Oliver,Lopez,oliver.lopez81@example.com,2025-07-22,Meta Ads,,Miami,United States,2025-08-04,2026-06-25,4,577.55,0.0,577.55,7,0,6.0,0.0,344
CUST00966,Evelyn,Lopez,evelyn.lopez60@example.com,2026-01-23,Google Ads,,Los Angeles,United States,2026-01-27,2026-04-11,3,231.79,0.0,231.79,3,0,81.0,0.0,159
CUST00967,Jacob,Davis,jacob.davis67@example.com,2026-03-12,Email,,Chicago,United States,2026-06-11,2026-06-11,1,81.96,0.0,81.96,1,0,20.0,0.0,111
CUST00968,Noah,Miller,noah.miller75@example.com,2025-02-14,Organic,,Austin,United States,2025-03-12,2025-03-12,1,47.47,0.0,47.47,1,0,476.0,0.0,502
CUST00969,Alexander,Thompson,alexander.thompson97@example.com,2025-12-24,Google Ads,,Seattle,United States,2026-02-08,2026-06-27,3,291.12,0.0,291.12,3,0,4.0,0.0,189
CUST00970,Abigail,Smith,abigail.smith21@example.com,2024-05-28,Meta Ads,,Denver,United States,2024-07-22,2026-02-17,4,727.98,103.58,624.4,7,1,134.0,0.25,764
CUST00971,Lucas,Williams,lucas.williams18@example.com,2024-09-26,Google Ads,,Los Angeles,United States,2024-10-19,2025-09-18,6,614.13,0.0,614.13,8,0,286.0,0.0,643
CUST00972,Alexander,Johnson,alexander.johnson59@example.com,2025-02-14,Email,,Austin,United States,2025-07-23,2025-10-26,2,404.84000000000003,103.72,301.12,3,1,248.0,0.5,502
CUST00973,James,Thompson,james.thompson86@example.com,2024-02-28,Referral,,Chicago,United States,2025-01-13,2025-11-20,2,326.36,196.74,129.62,3,1,223.0,0.5,854
CUST00974,Abigail,Thomas,abigail.thomas66@example.com,2024-01-11,Google Ads,,Austin,United States,2024-01-17,2025-12-20,5,408.35,0.0,408.35,6,0,193.0,0.0,902
CUST00975,James,Miller,james.miller14@example.com,2026-03-13,Email,,Austin,United States,2026-04-12,2026-06-24,7,743.02,90.33,652.69,9,1,7.0,0.14285714285714285,110
CUST00976,Emily,Davis,emily.davis88@example.com,2024-06-22,Email,,San Francisco,United States,2025-01-20,2026-05-11,4,437.40999999999997,229.88,207.53,5,1,51.0,0.25,739
CUST00977,Elijah,Lee,elijah.lee10@example.com,2024-06-10,Google Ads,,Miami,United States,2024-07-10,2026-05-09,3,618.0799999999999,0.0,618.0799999999999,6,0,53.0,0.0,751
CUST00978,Elizabeth,Gonzalez,elizabeth.gonzalez55@example.com,2025-11-16,Meta Ads,,Denver,United States,2026-04-18,2026-04-18,1,123.84,0.0,123.84,2,0,74.0,0.0,227
CUST00979,Sophia,Taylor,sophia.taylor11@example.com,2026-01-24,Organic,,Los Angeles,United States,2026-01-28,2026-01-28,1,46.41,0.0,46.41,1,0,154.0,0.0,158
CUST00980,Ethan,Martinez,ethan.martinez81@example.com,2025-08-19,Meta Ads,,Miami,United States,2025-10-14,2026-06-15,7,861.5400000000001,313.82000000000005,547.72,9,2,16.0,0.2857142857142857,316
CUST00981,Elijah,Martin,elijah.martin34@example.com,2025-04-10,Referral,,Denver,United States,2025-08-10,2026-06-25,8,864.12,63.55,800.57,8,1,6.0,0.125,447
CUST00982,Emma,Rodriguez,emma.rodriguez32@example.com,2025-02-20,Meta Ads,,Austin,United States,2025-05-15,2025-09-21,2,272.64,157.86,114.78,2,1,283.0,0.5,496
CUST00983,Olivia,Taylor,olivia.taylor47@example.com,2024-12-14,Referral,,Austin,United States,,,0,0.0,0.0,0.0,0,0,,0.0,564
CUST00984,Isabella,Lewis,isabella.lewis78@example.com,2026-03-23,Email,,Boston,United States,2026-04-04,2026-04-04,1,49.35,0.0,49.35,1,0,88.0,0.0,100
CUST00985,Charlotte,Jackson,charlotte.jackson71@example.com,2026-02-27,Google Ads,,San Francisco,United States,2026-03-09,2026-06-14,6,899.1099999999999,115.87,783.24,7,1,17.0,0.16666666666666666,124
CUST00986,Elizabeth,Anderson,elizabeth.anderson97@example.com,2025-04-16,Organic,,New York,United States,2026-01-27,2026-01-27,1,52.5,0.0,52.5,2,0,155.0,0.0,441
CUST00987,Mason,Brown,mason.brown43@example.com,2024-03-10,Meta Ads,,Houston,United States,2024-10-25,2024-10-25,1,285.24,285.24,0.0,2,1,614.0,1.0,843
CUST00988,Henry,Thompson,henry.thompson39@example.com,2026-03-30,Meta Ads,,San Francisco,United States,2026-04-14,2026-05-15,6,661.03,0.0,661.03,13,0,47.0,0.0,93
CUST00989,Harper,Moore,harper.moore11@example.com,2025-12-18,Organic,,Houston,United States,2026-01-02,2026-06-22,8,1096.09,32.48,1063.6100000000001,12,1,9.0,0.125,195
CUST00990,James,Williams,james.williams61@example.com,2025-11-20,Organic,,San Francisco,United States,2025-11-29,2026-06-25,25,2678.67,384.23,2294.44,33,4,6.0,0.16,223
CUST00991,Olivia,Moore,olivia.moore32@example.com,2025-05-02,Meta Ads,,Houston,United States,2025-07-23,2026-03-21,2,355.43,0.0,355.43,4,0,102.0,0.0,425
CUST00992,Avery,Jackson,avery.jackson44@example.com,2024-07-06,Referral,,Houston,United States,2025-01-07,2025-05-27,2,106.74000000000001,0.0,106.74000000000001,2,0,400.0,0.0,725
CUST00993,Mason,White,mason.white35@example.com,2024-08-28,Organic,,Miami,United States,2024-11-08,2026-01-03,2,430.66,0.0,430.66,3,0,179.0,0.0,672
CUST00994,Sophia,Davis,sophia.davis35@example.com,2024-09-12,Organic,,San Francisco,United States,2024-10-24,2025-04-08,3,192.55,70.83,121.72,3,1,449.0,0.3333333333333333,657
CUST00995,Ava,Harris,ava.harris23@example.com,2024-05-02,Referral,,Boston,United States,2024-06-11,2025-12-28,8,1335.6499999999999,0.0,1335.6499999999999,15,0,185.0,0.0,790
CUST00996,Alexander,Smith,alexander.smith79@example.com,2024-02-13,Organic,,San Francisco,United States,2024-03-20,2026-06-27,5,558.19,0.0,558.19,7,0,4.0,0.0,869
CUST00997,Alexander,Hernandez,alexander.hernandez73@example.com,2025-08-11,Organic,,Boston,United States,2025-08-29,2026-06-11,7,925.88,68.74,857.14,10,1,20.0,0.14285714285714285,324
CUST00998,Oliver,Harris,oliver.harris75@example.com,2024-10-13,Meta Ads,,Denver,United States,2025-06-05,2025-12-29,3,383.36,0.0,383.36,5,0,184.0,0.0,626
CUST00999,Ava,Johnson,ava.johnson77@example.com,2026-03-29,Meta Ads,,Austin,United States,2026-05-01,2026-06-30,8,969.29,0.0,969.29,9,0,1.0,0.0,94
CUST01000,Liam,Taylor,liam.taylor54@example.com,2025-02-07,Organic,,Chicago,United States,2025-08-12,2026-03-31,9,1338.6200000000001,90.11,1248.51,10,1,92.0,0.1111111111111111,509
CUST01001,Amelia,Brown,amelia.brown99@example.com,2025-06-14,Meta Ads,,New York,United States,2025-09-06,2026-01-01,3,523.27,0.0,523.27,3,0,181.0,0.0,382
CUST01002,Emma,Perez,emma.perez36@example.com,2025-01-23,Email,,San Francisco,United States,2025-10-13,2025-10-13,1,127.81,0.0,127.81,2,0,261.0,0.0,524
CUST01003,Benjamin,Martin,benjamin.martin43@example.com,2024-07-10,Meta Ads,,Houston,United States,2024-11-24,2024-11-24,1,798.3,0.0,798.3,3,0,584.0,0.0,721
CUST01004,Isabella,Thomas,isabella.thomas88@example.com,2024-12-17,Meta Ads,,Boston,United States,2025-05-02,2026-05-21,5,737.61,186.11,551.5,8,1,41.0,0.2,561
CUST01005,Lucas,Miller,lucas.miller63@example.com,2025-12-18,Organic,,San Francisco,United States,2026-01-14,2026-06-27,19,3145.75,691.89,2453.86,28,1,4.0,0.05263157894736842,195
CUST01006,Daniel,Gonzalez,daniel.gonzalez45@example.com,2025-04-06,Google Ads,,Chicago,United States,2025-09-03,2025-09-03,1,324.48,324.48,0.0,2,1,301.0,1.0,451
CUST01007,Evelyn,Perez,evelyn.perez39@example.com,2024-04-12,Organic,,Houston,United States,,,0,0.0,0.0,0.0,0,0,,0.0,810
CUST01008,Ethan,Wilson,ethan.wilson58@example.com,2024-07-19,Google Ads,,Chicago,United States,2025-06-24,2025-11-05,4,712.0899999999999,0.0,712.0899999999999,6,0,238.0,0.0,712
CUST01009,Mason,Sanchez,mason.sanchez11@example.com,2024-06-29,Meta Ads,,Chicago,United States,2024-07-13,2026-05-20,4,363.55,0.0,363.55,4,0,42.0,0.0,732
CUST01010,Avery,Ramirez,avery.ramirez90@example.com,2025-06-13,Meta Ads,,San Francisco,United States,2026-04-18,2026-04-18,1,28.37,0.0,28.37,1,0,74.0,0.0,383
CUST01011,Michael,Thomas,michael.thomas48@example.com,2024-09-13,Email,,Denver,United States,2024-10-15,2026-02-27,4,232.34,0.0,232.34,5,0,124.0,0.0,656
CUST01012,Liam,Gonzalez,liam.gonzalez22@example.com,2025-12-08,Google Ads,,Houston,United States,2025-12-24,2026-06-24,22,3590.81,812.99,2777.82,29,3,7.0,0.13636363636363635,205
CUST01013,Sofia,Rodriguez,sofia.rodriguez70@example.com,2025-10-06,Google Ads,,San Francisco,United States,2026-03-09,2026-03-09,1,24.88,0.0,24.88,1,0,114.0,0.0,268
CUST01014,Isabella,Lopez,isabella.lopez56@example.com,2025-07-27,Email,,Miami,United States,2025-08-16,2026-03-10,7,1492.19,0.0,1492.19,14,0,113.0,0.0,339
CUST01015,Benjamin,Smith,benjamin.smith62@example.com,2024-05-04,Meta Ads,,Denver,United States,2024-06-03,2025-03-19,7,1170.58,27.39,1143.19,10,1,469.0,0.14285714285714285,788
CUST01016,Sophia,Jackson,sophia.jackson83@example.com,2025-10-27,Email,,Chicago,United States,2025-11-19,2026-04-01,8,1175.96,26.01,1149.9499999999998,11,1,91.0,0.125,247
CUST01017,Elizabeth,Martinez,elizabeth.martinez55@example.com,2024-11-28,Email,,Boston,United States,2025-10-05,2026-05-05,3,271.18,0.0,271.18,3,0,57.0,0.0,580
CUST01018,Elizabeth,White,elizabeth.white67@example.com,2024-03-21,Meta Ads,,Miami,United States,2024-04-08,2025-08-20,5,449.02000000000004,71.82,377.20000000000005,5,1,315.0,0.2,832
CUST01019,Amelia,Lee,amelia.lee28@example.com,2024-06-20,Email,,San Francisco,United States,2025-02-20,2026-04-21,5,560.45,196.11,364.34000000000003,7,1,71.0,0.2,741
CUST01020,Lucas,Lee,lucas.lee88@example.com,2025-08-08,Meta Ads,,Los Angeles,United States,2025-12-16,2026-06-09,3,275.46999999999997,0.0,275.46999999999997,3,0,22.0,0.0,327
CUST01021,Olivia,Garcia,olivia.garcia53@example.com,2024-08-21,Meta Ads,,Miami,United States,2024-11-06,2024-11-06,1,117.24,117.24,0.0,4,1,602.0,1.0,679
CUST01022,Emily,Rodriguez,emily.rodriguez87@example.com,2025-10-22,Meta Ads,,Boston,United States,2025-10-30,2026-04-17,6,435.27,90.39,344.88,7,2,75.0,0.3333333333333333,252
CUST01023,Elizabeth,Ramirez,elizabeth.ramirez56@example.com,2026-02-04,Email,,Boston,United States,2026-02-08,2026-06-29,8,962.4399999999999,140.48,821.96,13,1,2.0,0.125,147
CUST01024,Lucas,Garcia,lucas.garcia33@example.com,2024-01-24,Google Ads,,Houston,United States,2024-01-30,2026-06-21,9,1011.86,289.49,722.37,13,2,10.0,0.2222222222222222,889
CUST01025,Henry,Rodriguez,henry.rodriguez99@example.com,2026-02-06,Google Ads,,Chicago,United States,2026-03-12,2026-06-30,5,554.11,350.0,204.11,7,1,1.0,0.2,145
CUST01026,Charlotte,Brown,charlotte.brown22@example.com,2024-03-06,Referral,,Boston,United States,2025-07-02,2025-08-30,2,176.51999999999998,44.98,131.54,2,1,305.0,0.5,847
CUST01027,Ethan,Johnson,ethan.johnson13@example.com,2026-02-28,Meta Ads,,Los Angeles,United States,2026-03-06,2026-06-25,7,1003.63,135.04,868.5899999999999,8,1,6.0,0.14285714285714285,123
CUST01028,Noah,Rodriguez,noah.rodriguez89@example.com,2024-06-08,Google Ads,,Seattle,United States,2025-12-10,2025-12-10,1,27.11,0.0,27.11,1,0,203.0,0.0,753
CUST01029,James,Davis,james.davis41@example.com,2026-01-25,Google Ads,,Chicago,United States,2026-03-21,2026-03-21,1,43.48,0.0,43.48,2,0,102.0,0.0,157
CUST01030,Ava,Taylor,ava.taylor31@example.com,2024-01-30,Google Ads,,San Francisco,United States,2025-03-28,2025-03-28,1,232.1,232.1,0.0,2,1,460.0,1.0,883
CUST01031,Daniel,Robinson,daniel.robinson51@example.com,2025-05-02,Meta Ads,,Austin,United States,2025-06-30,2025-12-28,4,721.98,0.0,721.98,9,0,185.0,0.0,425
CUST01032,Logan,Rodriguez,logan.rodriguez80@example.com,2025-03-31,Google Ads,,Austin,United States,2025-06-11,2026-01-08,8,1227.62,104.09,1123.53,10,1,174.0,0.125,457
CUST01033,Oliver,Jackson,oliver.jackson86@example.com,2025-04-12,Email,,Denver,United States,2026-05-29,2026-05-29,1,61.13,0.0,61.13,1,0,33.0,0.0,445
CUST01034,Lucas,Taylor,lucas.taylor91@example.com,2025-10-16,Meta Ads,,San Francisco,United States,2026-04-08,2026-04-08,1,66.83,0.0,66.83,1,0,84.0,0.0,258
CUST01035,Mason,Moore,mason.moore39@example.com,2024-04-01,Meta Ads,,San Francisco,United States,2025-02-09,2025-02-09,1,140.81,0.0,140.81,1,0,507.0,0.0,821
CUST01036,Lucas,Rodriguez,lucas.rodriguez29@example.com,2024-11-06,Google Ads,,Austin,United States,2026-03-17,2026-06-14,2,182.2,0.0,182.2,2,0,17.0,0.0,602
CUST01037,Sofia,Harris,sofia.harris27@example.com,2024-12-18,Google Ads,,Austin,United States,2024-12-24,2026-03-25,10,1014.95,199.06,815.89,11,1,98.0,0.1,560
CUST01038,Emma,Thompson,emma.thompson72@example.com,2026-02-12,Meta Ads,,New York,United States,2026-02-17,2026-04-13,2,158.27,0.0,158.27,3,0,79.0,0.0,139
CUST01039,Elizabeth,Wilson,elizabeth.wilson47@example.com,2025-09-03,Google Ads,,New York,United States,2025-12-25,2026-05-15,3,388.88,0.0,388.88,3,0,47.0,0.0,301
CUST01040,Ethan,Lopez,ethan.lopez34@example.com,2025-02-25,Organic,,Seattle,United States,2025-04-15,2026-05-02,12,2053.57,74.16,1979.41,14,1,60.0,0.08333333333333333,491
CUST01041,Charlotte,Davis,charlotte.davis30@example.com,2026-01-02,Organic,,Seattle,United States,2026-03-16,2026-06-24,4,716.29,0.0,716.29,5,0,7.0,0.0,180
CUST01042,Sofia,Gonzalez,sofia.gonzalez38@example.com,2024-09-26,Google Ads,,Houston,United States,2025-01-08,2026-01-20,4,513.72,0.0,513.72,7,0,162.0,0.0,643
CUST01043,Harper,Harris,harper.harris88@example.com,2025-12-11,Email,,Miami,United States,2026-01-31,2026-04-11,4,574.37,278.09000000000003,296.28,5,2,81.0,0.5,202
CUST01044,Abigail,White,abigail.white78@example.com,2024-10-02,Meta Ads,,Los Angeles,United States,2025-03-31,2025-06-12,2,199.75,166.73,33.02,3,1,384.0,0.5,637
CUST01045,Oliver,Jones,oliver.jones47@example.com,2024-04-23,Email,,Denver,United States,2026-06-10,2026-06-10,1,196.73,0.0,196.73,1,0,21.0,0.0,799
CUST01046,Amelia,Rodriguez,amelia.rodriguez99@example.com,2025-09-29,Meta Ads,,San Francisco,United States,2026-01-18,2026-06-24,3,562.8199999999999,48.66,514.16,6,1,7.0,0.3333333333333333,275
CUST01047,Emma,Jones,emma.jones16@example.com,2025-07-01,Google Ads,,Los Angeles,United States,2025-07-18,2026-04-30,9,1736.28,265.6,1470.6799999999998,16,1,62.0,0.1111111111111111,365
CUST01048,James,Rodriguez,james.rodriguez26@example.com,2026-01-02,Meta Ads,,New York,United States,,,0,0.0,0.0,0.0,0,0,,0.0,180
CUST01049,Elijah,Williams,elijah.williams29@example.com,2024-01-16,Meta Ads,,San Francisco,United States,2024-01-18,2026-04-12,20,2703.2,596.61,2106.59,29,4,80.0,0.2,897
CUST01050,Lucas,Martinez,lucas.martinez73@example.com,2025-01-15,Meta Ads,,New York,United States,2025-07-25,2026-04-17,8,1099.01,0.0,1099.01,13,0,75.0,0.0,532
CUST01051,Mia,Williams,mia.williams28@example.com,2024-02-27,Google Ads,,Seattle,United States,2024-09-13,2026-02-22,2,173.16,0.0,173.16,4,0,129.0,0.0,855
CUST01052,Olivia,Moore,olivia.moore70@example.com,2024-07-04,Google Ads,,Miami,United States,2025-04-19,2026-04-03,3,311.15999999999997,60.09,251.07,5,1,89.0,0.3333333333333333,727
CUST01053,Sofia,Gonzalez,sofia.gonzalez11@example.com,2024-05-04,Referral,,Houston,United States,2024-07-14,2026-03-23,8,636.45,29.68,606.77,12,1,100.0,0.125,788
CUST01054,Charlotte,Harris,charlotte.harris66@example.com,2024-09-10,Organic,,New York,United States,2025-02-18,2026-05-19,4,429.16999999999996,90.2,338.96999999999997,4,1,43.0,0.25,659
CUST01055,Sophia,Anderson,sophia.anderson22@example.com,2025-06-17,Email,,Houston,United States,2026-01-27,2026-06-11,4,584.24,64.79,519.45,8,1,20.0,0.25,379
CUST01056,Mason,Gonzalez,mason.gonzalez97@example.com,2024-11-15,Referral,,Chicago,United States,2024-11-21,2026-06-22,9,1927.4,54.2,1873.2,16,1,9.0,0.1111111111111111,593
CUST01057,Abigail,White,abigail.white15@example.com,2026-02-01,Referral,,Austin,United States,2026-02-12,2026-02-12,1,58.46,0.0,58.46,1,0,139.0,0.0,150
CUST01058,Noah,Rodriguez,noah.rodriguez71@example.com,2025-10-15,Google Ads,,San Francisco,United States,2025-10-22,2026-03-02,3,535.3100000000001,447.33000000000004,87.98,4,2,121.0,0.6666666666666666,259
CUST01059,Avery,Johnson,avery.johnson95@example.com,2024-08-11,Referral,,Houston,United States,2024-08-23,2026-06-27,10,1158.99,50.25,1108.74,15,1,4.0,0.1,689
CUST01060,Abigail,Wilson,abigail.wilson51@example.com,2024-01-16,Google Ads,,Miami,United States,2024-11-27,2025-06-09,2,238.08999999999997,0.0,238.08999999999997,2,0,387.0,0.0,897
CUST01061,Evelyn,Brown,evelyn.brown60@example.com,2026-03-19,Google Ads,,New York,United States,2026-06-16,2026-06-21,2,371.53,0.0,371.53,6,0,10.0,0.0,104
CUST01062,Evelyn,Sanchez,evelyn.sanchez98@example.com,2025-05-01,Email,,Chicago,United States,2025-05-27,2026-05-20,8,1326.3600000000001,0.0,1326.3600000000001,11,0,42.0,0.0,426
CUST01063,Benjamin,Harris,benjamin.harris21@example.com,2024-09-11,Google Ads,,Los Angeles,United States,2024-09-21,2025-06-24,6,894.56,0.0,894.56,8,0,372.0,0.0,658
CUST01064,Henry,Martin,henry.martin53@example.com,2026-02-16,Email,,New York,United States,2026-03-05,2026-05-28,3,257.60999999999996,0.0,257.60999999999996,3,0,34.0,0.0,135
CUST01065,Benjamin,Lee,benjamin.lee29@example.com,2025-12-19,Meta Ads,,Los Angeles,United States,2026-01-13,2026-06-18,12,1809.04,619.14,1189.9,21,3,13.0,0.25,194
CUST01066,Ava,Thomas,ava.thomas39@example.com,2024-11-20,Referral,,San Francisco,United States,2025-02-05,2026-06-29,2,438.06,146.13,291.93,2,1,2.0,0.5,588
CUST01067,Michael,Lewis,michael.lewis66@example.com,2026-01-20,Google Ads,,Seattle,United States,2026-06-20,2026-06-20,1,37.69,0.0,37.69,1,0,11.0,0.0,162
CUST01068,Benjamin,White,benjamin.white27@example.com,2024-09-13,Organic,,Boston,United States,2024-10-25,2026-02-03,8,992.45,188.6,803.85,15,1,148.0,0.125,656
CUST01069,Emily,Anderson,emily.anderson81@example.com,2024-10-28,Meta Ads,,Boston,United States,2025-07-02,2026-06-01,3,379.20000000000005,77.54,301.66,3,1,30.0,0.3333333333333333,611
CUST01070,Sophia,Jackson,sophia.jackson33@example.com,2025-07-10,Meta Ads,,Boston,United States,2025-10-18,2026-05-05,4,518.62,0.0,518.62,4,0,57.0,0.0,356
CUST01071,Isabella,Ramirez,isabella.ramirez86@example.com,2025-07-21,Google Ads,,Austin,United States,2025-09-17,2026-04-19,5,338.44,147.24,191.2,7,1,73.0,0.2,345
CUST01072,Ava,Anderson,ava.anderson47@example.com,2024-09-26,Meta Ads,,Boston,United States,2025-01-21,2026-04-23,7,802.4699999999999,202.33999999999997,600.13,9,2,69.0,0.2857142857142857,643
CUST01073,Emma,Harris,emma.harris91@example.com,2025-06-02,Meta Ads,,Chicago,United States,2025-10-21,2025-11-27,2,139.0,0.0,139.0,3,0,216.0,0.0,394
CUST01074,Avery,Smith,avery.smith89@example.com,2025-01-07,Organic,,Houston,United States,2025-09-12,2026-02-09,5,404.5,216.65,187.85000000000002,7,1,142.0,0.2,540
CUST01075,Mia,White,mia.white18@example.com,2025-11-05,Referral,,Seattle,United States,2025-11-11,2026-05-09,7,1327.13,0.0,1327.13,11,0,53.0,0.0,238
CUST01076,Sophia,Taylor,sophia.taylor97@example.com,2025-05-24,Organic,,Chicago,United States,2025-07-19,2026-06-25,3,410.08000000000004,0.0,410.08000000000004,4,0,6.0,0.0,403
CUST01077,Alexander,Martinez,alexander.martinez51@example.com,2025-02-23,Email,,Los Angeles,United States,2025-05-14,2025-05-14,1,195.18,0.0,195.18,2,0,413.0,0.0,493
CUST01078,Noah,Taylor,noah.taylor94@example.com,2024-03-09,Google Ads,,Chicago,United States,2024-03-21,2026-06-13,12,2009.78,900.1299999999999,1109.65,17,5,18.0,0.4166666666666667,844
CUST01079,Oliver,Ramirez,oliver.ramirez14@example.com,2024-07-25,Google Ads,,Houston,United States,2024-09-02,2025-10-07,3,693.26,238.59,454.66999999999996,7,1,267.0,0.3333333333333333,706
CUST01080,Noah,Johnson,noah.johnson83@example.com,2025-10-19,Organic,,Boston,United States,2026-05-03,2026-05-06,2,356.89,242.45,114.44,2,1,56.0,0.5,255
CUST01081,Harper,Martin,harper.martin99@example.com,2025-08-27,Google Ads,,San Francisco,United States,2025-12-02,2026-05-15,5,896.39,0.0,896.39,9,0,47.0,0.0,308
CUST01082,Elijah,Martin,elijah.martin19@example.com,2024-01-14,Referral,,Houston,United States,2024-06-28,2026-02-01,6,1062.98,50.66,1012.32,9,1,150.0,0.16666666666666666,899
CUST01083,Abigail,Thomas,abigail.thomas20@example.com,2025-04-24,Organic,,New York,United States,2025-06-18,2026-03-05,8,1547.0,88.35,1458.65,12,1,118.0,0.125,433
CUST01084,Benjamin,Moore,benjamin.moore63@example.com,2025-01-12,Organic,,New York,United States,2025-04-18,2026-06-24,5,1124.54,0.0,1124.54,8,0,7.0,0.0,535
CUST01085,Sofia,Martin,sofia.martin44@example.com,2025-06-25,Google Ads,,Los Angeles,United States,2025-08-07,2026-05-02,7,569.19,156.26999999999998,412.92,11,2,60.0,0.2857142857142857,371
CUST01086,Sofia,Martinez,sofia.martinez19@example.com,2024-08-09,Referral,,Los Angeles,United States,2025-10-13,2025-11-11,2,145.4,0.0,145.4,2,0,232.0,0.0,691
CUST01087,Noah,White,noah.white39@example.com,2025-06-28,Meta Ads,,Houston,United States,2025-12-03,2025-12-03,1,379.14,0.0,379.14,2,0,210.0,0.0,368
CUST01088,Harper,Perez,harper.perez41@example.com,2025-08-06,Email,,Chicago,United States,2026-04-24,2026-04-24,1,38.47,0.0,38.47,1,0,68.0,0.0,329
CUST01089,Ethan,White,ethan.white81@example.com,2025-03-01,Organic,,Denver,United States,2025-04-06,2026-05-29,9,1309.4499999999998,97.96,1211.49,11,1,33.0,0.1111111111111111,487
CUST01090,Benjamin,Perez,benjamin.perez68@example.com,2025-12-20,Email,,Los Angeles,United States,2025-12-23,2026-06-20,7,870.53,290.11,580.4200000000001,10,2,11.0,0.2857142857142857,193
CUST01091,Oliver,Sanchez,oliver.sanchez33@example.com,2025-07-17,Meta Ads,,San Francisco,United States,2025-07-22,2025-11-30,2,154.85,59.28,95.57,2,1,213.0,0.5,349
CUST01092,Henry,Garcia,henry.garcia78@example.com,2025-09-06,Meta Ads,,San Francisco,United States,2025-11-26,2026-06-26,2,58.21,0.0,58.21,2,0,5.0,0.0,298
CUST01093,Avery,Hernandez,avery.hernandez80@example.com,2024-11-28,Organic,,Seattle,United States,2025-02-28,2025-03-19,2,121.24,63.48,57.76,2,1,469.0,0.5,580
CUST01094,Elizabeth,Lee,elizabeth.lee65@example.com,2026-01-13,Meta Ads,,Houston,United States,2026-04-29,2026-04-29,1,116.18,0.0,116.18,2,0,63.0,0.0,169
CUST01095,Evelyn,Moore,evelyn.moore37@example.com,2025-01-19,Organic,,Miami,United States,2025-11-30,2025-11-30,1,58.18,0.0,58.18,1,0,213.0,0.0,528
CUST01096,Benjamin,Anderson,benjamin.anderson67@example.com,2025-02-10,Google Ads,,New York,United States,2025-03-14,2025-03-14,1,44.37,0.0,44.37,1,0,474.0,0.0,506
CUST01097,James,Martin,james.martin12@example.com,2025-06-14,Google Ads,,Miami,United States,2025-07-17,2026-05-30,22,2456.95,112.24,2344.71,32,1,32.0,0.045454545454545456,382
CUST01098,Emma,Martinez,emma.martinez38@example.com,2024-08-07,Organic,,New York,United States,2025-03-17,2025-03-17,1,51.08,0.0,51.08,1,0,471.0,0.0,693
CUST01099,Elizabeth,Clark,elizabeth.clark98@example.com,2024-10-09,Referral,,Austin,United States,2026-05-22,2026-06-02,2,261.37,225.0,36.37,2,1,29.0,0.5,630
CUST01100,Ethan,Jackson,ethan.jackson83@example.com,2024-06-07,Google Ads,,Boston,United States,2025-09-09,2025-09-09,1,355.44,0.0,355.44,4,0,295.0,0.0,754
CUST01101,Benjamin,Jones,benjamin.jones27@example.com,2024-09-28,Meta Ads,,Denver,United States,2025-05-29,2026-03-13,2,233.12,171.86,61.26,3,1,110.0,0.5,641
CUST01102,Elijah,Davis,elijah.davis42@example.com,2024-11-03,Google Ads,,Seattle,United States,2024-11-07,2025-10-22,6,433.28,0.0,433.28,7,0,252.0,0.0,605
CUST01103,Evelyn,Robinson,evelyn.robinson37@example.com,2026-01-21,Google Ads,,San Francisco,United States,2026-05-30,2026-05-30,1,155.68,0.0,155.68,2,0,32.0,0.0,161
CUST01104,Michael,Thomas,michael.thomas32@example.com,2025-05-14,Organic,,Denver,United States,2025-05-25,2026-03-03,6,1144.32,53.09,1091.23,10,1,120.0,0.16666666666666666,413
CUST01105,Sofia,Robinson,sofia.robinson22@example.com,2025-09-01,Email,,New York,United States,2025-09-23,2026-05-13,4,405.25,108.57000000000001,296.68,6,2,49.0,0.5,303
CUST01106,Jacob,Sanchez,jacob.sanchez83@example.com,2025-01-25,Google Ads,,New York,United States,2025-05-22,2026-05-27,10,651.5699999999999,0.0,651.5699999999999,13,0,35.0,0.0,522
CUST01107,Logan,Harris,logan.harris52@example.com,2024-12-22,Organic,,Seattle,United States,2025-01-18,2026-03-07,2,118.21000000000001,0.0,118.21000000000001,2,0,116.0,0.0,556
CUST01108,Lucas,Robinson,lucas.robinson25@example.com,2026-02-27,Google Ads,,Denver,United States,2026-04-05,2026-05-30,3,444.32,196.1,248.21999999999997,4,1,32.0,0.3333333333333333,124
CUST01109,Logan,Smith,logan.smith91@example.com,2026-03-07,Email,,New York,United States,2026-03-12,2026-05-26,7,1101.55,0.0,1101.55,10,0,36.0,0.0,116
CUST01110,James,Taylor,james.taylor15@example.com,2024-11-22,Meta Ads,,Chicago,United States,2025-12-10,2025-12-10,1,74.74,0.0,74.74,2,0,203.0,0.0,586
CUST01111,Mia,Taylor,mia.taylor99@example.com,2024-08-14,Google Ads,,Seattle,United States,2025-01-16,2026-06-04,11,1278.97,163.55,1115.42,17,2,27.0,0.18181818181818182,686
CUST01112,Amelia,Harris,amelia.harris86@example.com,2025-08-12,Meta Ads,,Houston,United States,2025-10-05,2026-05-27,12,2763.23,1155.9099999999999,1607.32,23,2,35.0,0.16666666666666666,323
CUST01113,Lucas,Martinez,lucas.martinez60@example.com,2024-05-31,Google Ads,,Los Angeles,United States,2024-08-06,2026-03-03,4,317.8,59.16,258.64,6,1,120.0,0.25,761
CUST01114,Mason,Jackson,mason.jackson16@example.com,2025-07-15,Meta Ads,,Los Angeles,United States,2026-01-05,2026-05-10,4,328.89,88.28,240.61,5,1,52.0,0.25,351
CUST01115,Charlotte,Taylor,charlotte.taylor65@example.com,2026-03-03,Email,,Chicago,United States,2026-04-02,2026-06-08,3,288.73,0.0,288.73,5,0,23.0,0.0,120
CUST01116,Mason,Moore,mason.moore35@example.com,2025-05-14,Meta Ads,,Denver,United States,2025-10-15,2025-10-15,1,243.07,0.0,243.07,1,0,259.0,0.0,413
CUST01117,Sophia,Moore,sophia.moore88@example.com,2026-01-23,Meta Ads,,Houston,United States,2026-04-27,2026-05-21,2,142.25,48.12,94.13,2,1,41.0,0.5,159
CUST01118,Olivia,Rodriguez,olivia.rodriguez65@example.com,2024-11-27,Email,,Denver,United States,2025-04-26,2025-11-05,2,184.19,0.0,184.19,3,0,238.0,0.0,581
CUST01119,Olivia,Brown,olivia.brown95@example.com,2025-02-27,Meta Ads,,San Francisco,United States,2025-03-25,2026-02-27,5,388.02,0.0,388.02,6,0,124.0,0.0,489
CUST01120,Sophia,Hernandez,sophia.hernandez54@example.com,2025-08-31,Email,,Miami,United States,2025-11-29,2026-04-24,2,396.82000000000005,0.0,396.82000000000005,2,0,68.0,0.0,304
CUST01121,Oliver,Lopez,oliver.lopez88@example.com,2025-03-28,Email,,Boston,United States,2026-04-15,2026-04-15,1,27.0,0.0,27.0,1,0,77.0,0.0,460
CUST01122,Liam,Robinson,liam.robinson39@example.com,2024-07-23,Email,,Chicago,United States,2025-05-23,2026-05-16,5,1013.01,0.0,1013.01,7,0,46.0,0.0,708
CUST01123,Elizabeth,White,elizabeth.white20@example.com,2024-04-25,Organic,,Houston,United States,2025-02-19,2025-02-19,1,149.86,149.86,0.0,1,1,497.0,1.0,797
CUST01124,Alexander,Robinson,alexander.robinson28@example.com,2024-10-21,Google Ads,,Los Angeles,United States,2025-02-19,2025-04-04,2,313.23,96.82,216.41,2,1,453.0,0.5,618
CUST01125,James,Anderson,james.anderson70@example.com,2024-01-24,Meta Ads,,Austin,United States,2024-12-16,2026-06-23,4,1394.12,0.0,1394.12,8,0,8.0,0.0,889
CUST01126,Sophia,Miller,sophia.miller79@example.com,2025-06-19,Organic,,Austin,United States,2026-01-03,2026-06-18,6,470.4,0.0,470.4,7,0,13.0,0.0,377
CUST01127,Mason,Martin,mason.martin28@example.com,2025-12-12,Email,,New York,United States,2026-01-02,2026-04-22,2,278.18,219.72,58.46,5,1,70.0,0.5,201
CUST01128,Charlotte,Jackson,charlotte.jackson94@example.com,2025-06-23,Google Ads,,Chicago,United States,2025-06-26,2026-06-06,6,820.38,134.11,686.27,6,2,25.0,0.3333333333333333,373
CUST01129,Liam,Martinez,liam.martinez35@example.com,2026-03-19,Email,,Miami,United States,2026-03-31,2026-05-14,5,348.0,0.0,348.0,6,0,48.0,0.0,104
CUST01130,Liam,Anderson,liam.anderson93@example.com,2024-01-09,Google Ads,,Miami,United States,2025-09-02,2026-06-17,3,282.6,0.0,282.6,4,0,14.0,0.0,904
CUST01131,Henry,Ramirez,henry.ramirez94@example.com,2025-01-03,Organic,,New York,United States,2025-11-16,2026-04-20,2,276.47,0.0,276.47,4,0,72.0,0.0,544
CUST01132,James,Ramirez,james.ramirez93@example.com,2025-01-30,Google Ads,,Seattle,United States,2025-02-25,2026-04-25,11,1532.1200000000001,265.68,1266.44,14,1,67.0,0.09090909090909091,517
CUST01133,Harper,Thompson,harper.thompson22@example.com,2024-11-19,Meta Ads,,Denver,United States,2025-02-10,2026-06-11,8,1250.7,49.04,1201.66,10,1,20.0,0.125,589
CUST01134,Ethan,Williams,ethan.williams33@example.com,2024-07-22,Meta Ads,,Boston,United States,2025-10-30,2025-10-30,1,115.21,0.0,115.21,1,0,244.0,0.0,709
CUST01135,Ethan,Robinson,ethan.robinson12@example.com,2024-02-10,Google Ads,,Austin,United States,2024-05-15,2026-03-02,4,459.67,133.74,325.93,4,2,121.0,0.5,872
CUST01136,James,Hernandez,james.hernandez72@example.com,2025-02-06,Organic,,New York,United States,2026-05-02,2026-05-02,1,92.13,0.0,92.13,1,0,60.0,0.0,510
CUST01137,Benjamin,Perez,benjamin.perez55@example.com,2024-12-29,Email,,Houston,United States,2025-01-21,2026-04-30,8,1116.0500000000002,132.8,983.25,14,1,62.0,0.125,549
CUST01138,Harper,Rodriguez,harper.rodriguez17@example.com,2025-10-02,Google Ads,,Seattle,United States,2025-11-26,2026-06-14,3,276.19,0.0,276.19,5,0,17.0,0.0,272
CUST01139,Avery,Clark,avery.clark13@example.com,2025-07-22,Referral,,Houston,United States,2025-08-25,2026-05-14,5,361.78,37.88,323.9,5,1,48.0,0.2,344
CUST01140,Ava,Hernandez,ava.hernandez60@example.com,2025-11-03,Google Ads,,Seattle,United States,2026-06-19,2026-06-29,2,103.41,0.0,103.41,2,0,2.0,0.0,240
CUST01141,Harper,Perez,harper.perez88@example.com,2025-10-02,Email,,Seattle,United States,2026-02-19,2026-06-19,3,310.32,154.26,156.06,3,1,12.0,0.3333333333333333,272
CUST01142,Elijah,Jackson,elijah.jackson29@example.com,2025-03-12,Referral,,Denver,United States,2025-03-21,2026-04-09,3,214.86,70.8,144.06,5,1,83.0,0.3333333333333333,476
CUST01143,Mia,Anderson,mia.anderson79@example.com,2024-05-14,Google Ads,,Chicago,United States,2025-01-05,2026-04-04,3,529.0,0.0,529.0,5,0,88.0,0.0,778
CUST01144,Evelyn,Moore,evelyn.moore97@example.com,2026-03-30,Google Ads,,Chicago,United States,2026-04-02,2026-06-10,7,528.5899999999999,0.0,528.5899999999999,9,0,21.0,0.0,93
CUST01145,James,Thompson,james.thompson77@example.com,2024-05-18,Meta Ads,,Chicago,United States,2024-09-30,2026-05-01,4,250.39,0.0,250.39,5,0,61.0,0.0,774
CUST01146,Abigail,Robinson,abigail.robinson82@example.com,2024-06-10,Meta Ads,,Austin,United States,2024-09-22,2026-04-09,2,199.12,0.0,199.12,2,0,83.0,0.0,751
CUST01147,Ethan,White,ethan.white25@example.com,2024-07-07,Meta Ads,,Chicago,United States,2024-08-16,2026-02-10,3,939.8900000000001,0.0,939.8900000000001,6,0,141.0,0.0,724
CUST01148,Jacob,Smith,jacob.smith50@example.com,2025-02-27,Referral,,Miami,United States,2025-03-23,2026-02-23,3,245.3,0.0,245.3,7,0,128.0,0.0,489
CUST01149,Amelia,White,amelia.white91@example.com,2026-01-26,Google Ads,,Houston,United States,2026-03-27,2026-05-19,3,352.92,134.53,218.39,3,1,43.0,0.3333333333333333,156
CUST01150,Noah,Jones,noah.jones33@example.com,2024-01-27,Organic,,Denver,United States,2024-11-14,2024-11-14,1,41.73,0.0,41.73,1,0,594.0,0.0,886
CUST01151,Alexander,Rodriguez,alexander.rodriguez87@example.com,2025-08-03,Email,,Denver,United States,2026-01-16,2026-04-27,2,126.35,72.55,53.8,3,1,65.0,0.5,332
CUST01152,Elijah,Davis,elijah.davis97@example.com,2024-01-27,Meta Ads,,Boston,United States,2025-08-02,2025-08-02,1,49.05,0.0,49.05,1,0,333.0,0.0,886
CUST01153,Ava,Taylor,ava.taylor87@example.com,2025-04-25,Organic,,San Francisco,United States,2025-06-17,2026-04-17,2,171.64,0.0,171.64,2,0,75.0,0.0,432
CUST01154,Oliver,Ramirez,oliver.ramirez59@example.com,2025-05-18,Meta Ads,,Chicago,United States,2025-11-05,2025-11-05,1,92.59,0.0,92.59,1,0,238.0,0.0,409
CUST01155,Sophia,Davis,sophia.davis14@example.com,2025-02-22,Organic,,New York,United States,2025-12-26,2025-12-26,1,759.88,0.0,759.88,4,0,187.0,0.0,494
CUST01156,Logan,Rodriguez,logan.rodriguez62@example.com,2024-08-15,Organic,,Houston,United States,2024-11-30,2026-03-26,5,897.45,170.86,726.59,6,1,97.0,0.2,685
CUST01157,Elizabeth,Miller,elizabeth.miller18@example.com,2024-06-30,Referral,,Boston,United States,2026-03-30,2026-03-30,1,72.51,0.0,72.51,1,0,93.0,0.0,731
CUST01158,Daniel,Martin,daniel.martin72@example.com,2025-12-05,Meta Ads,,Boston,United States,2025-12-31,2026-03-23,2,707.95,0.0,707.95,4,0,100.0,0.0,208
CUST01159,Avery,Davis,avery.davis64@example.com,2025-02-18,Organic,,Denver,United States,2025-04-04,2026-01-17,6,1425.96,584.7,841.26,14,2,165.0,0.3333333333333333,498
CUST01160,Jacob,Clark,jacob.clark58@example.com,2026-01-07,Meta Ads,,Denver,United States,2026-01-25,2026-06-07,8,1031.88,193.04000000000002,838.84,13,2,24.0,0.25,175
CUST01161,Jacob,Jackson,jacob.jackson86@example.com,2025-07-03,Meta Ads,,New York,United States,2025-07-19,2025-07-19,1,57.68,0.0,57.68,2,0,347.0,0.0,363
CUST01162,Harper,Brown,harper.brown67@example.com,2025-04-12,Organic,,New York,United States,2025-04-20,2025-04-20,1,87.48,0.0,87.48,1,0,437.0,0.0,445
CUST01163,Avery,Davis,avery.davis76@example.com,2025-07-04,Meta Ads,,New York,United States,2025-09-08,2025-12-23,4,273.7,0.0,273.7,4,0,190.0,0.0,362
CUST01164,Ethan,Gonzalez,ethan.gonzalez76@example.com,2026-02-22,Email,,New York,United States,2026-06-26,2026-06-26,1,62.13,0.0,62.13,1,0,5.0,0.0,129
CUST01165,Sophia,Martinez,sophia.martinez66@example.com,2025-02-11,Organic,,Miami,United States,2025-09-20,2025-09-20,1,154.84,0.0,154.84,2,0,284.0,0.0,505
CUST01166,Amelia,Garcia,amelia.garcia64@example.com,2024-10-28,Email,,New York,United States,2024-11-15,2025-01-26,2,759.9300000000001,0.0,759.9300000000001,5,0,521.0,0.0,611
CUST01167,Emily,Taylor,emily.taylor28@example.com,2025-04-19,Organic,,Boston,United States,2025-08-20,2026-05-22,5,373.38,0.0,373.38,8,0,40.0,0.0,438
CUST01168,Olivia,White,olivia.white74@example.com,2024-04-25,Google Ads,,Denver,United States,2024-12-18,2024-12-18,1,110.1,0.0,110.1,1,0,560.0,0.0,797
CUST01169,Avery,Thompson,avery.thompson79@example.com,2024-05-18,Meta Ads,,San Francisco,United States,2025-04-17,2025-04-17,1,115.1,0.0,115.1,2,0,440.0,0.0,774
CUST01170,Amelia,Smith,amelia.smith32@example.com,2025-04-09,Email,,Houston,United States,2025-04-27,2025-07-29,2,385.68,0.0,385.68,3,0,337.0,0.0,448
CUST01171,Avery,Anderson,avery.anderson21@example.com,2024-09-13,Meta Ads,,Chicago,United States,2025-02-19,2026-02-28,4,474.12,329.44,144.68,7,1,123.0,0.25,656
CUST01172,Emily,White,emily.white25@example.com,2024-04-03,Google Ads,,Boston,United States,2024-10-05,2026-05-07,2,212.9,0.0,212.9,3,0,55.0,0.0,819
CUST01173,Abigail,Lopez,abigail.lopez20@example.com,2025-06-20,Organic,,Austin,United States,2025-07-24,2026-02-26,2,171.73000000000002,0.0,171.73000000000002,2,0,125.0,0.0,376
CUST01174,Alexander,Garcia,alexander.garcia58@example.com,2025-07-17,Meta Ads,,Chicago,United States,2026-01-15,2026-02-22,2,873.71,0.0,873.71,4,0,129.0,0.0,349
CUST01175,Logan,Hernandez,logan.hernandez82@example.com,2025-11-06,Organic,,Chicago,United States,2025-12-02,2026-03-21,3,313.21,38.29,274.92,3,1,102.0,0.3333333333333333,237
CUST01176,Daniel,Jones,daniel.jones32@example.com,2026-02-26,Organic,,Seattle,United States,2026-04-15,2026-06-17,4,884.48,77.71,806.77,8,1,14.0,0.25,125
CUST01177,James,Martinez,james.martinez67@example.com,2024-10-22,Email,,Los Angeles,United States,,,0,0.0,0.0,0.0,0,0,,0.0,617
CUST01178,Avery,Jones,avery.jones35@example.com,2024-01-04,Email,,Miami,United States,2024-01-05,2026-06-28,13,3061.55,877.6800000000001,2183.87,23,3,3.0,0.23076923076923078,909
CUST01179,Emma,Anderson,emma.anderson73@example.com,2025-05-25,Meta Ads,,New York,United States,2025-06-21,2026-06-16,4,706.6700000000001,0.0,706.6700000000001,5,0,15.0,0.0,402
CUST01180,Alexander,Lewis,alexander.lewis73@example.com,2024-08-31,Google Ads,,Boston,United States,,,0,0.0,0.0,0.0,0,0,,0.0,669
CUST01181,Amelia,Wilson,amelia.wilson66@example.com,2024-03-22,Email,,New York,United States,2025-10-22,2025-10-22,1,96.72,0.0,96.72,1,0,252.0,0.0,831
CUST01182,Elijah,Lewis,elijah.lewis80@example.com,2024-10-11,Email,,Austin,United States,2024-11-06,2025-09-20,7,474.1,157.47,316.63,11,2,284.0,0.2857142857142857,628
CUST01183,Sofia,Clark,sofia.clark36@example.com,2024-02-20,Google Ads,,New York,United States,2025-01-13,2026-01-31,4,303.04,0.0,303.04,5,0,151.0,0.0,862
CUST01184,Abigail,Lopez,abigail.lopez14@example.com,2024-05-28,Organic,,Denver,United States,2024-11-20,2025-11-01,2,711.82,0.0,711.82,3,0,242.0,0.0,764
CUST01185,Sofia,Martin,sofia.martin48@example.com,2024-12-05,Referral,,New York,United States,2026-02-12,2026-04-13,2,1114.89,0.0,1114.89,5,0,79.0,0.0,573
CUST01186,Noah,Wilson,noah.wilson32@example.com,2024-06-14,Email,,Denver,United States,2024-11-18,2026-06-05,5,490.99,0.0,490.99,6,0,26.0,0.0,747
CUST01187,Henry,Thompson,henry.thompson99@example.com,2025-09-01,Email,,Austin,United States,2026-01-13,2026-05-28,9,1064.95,103.09,961.8599999999999,11,1,34.0,0.1111111111111111,303
CUST01188,Oliver,Anderson,oliver.anderson84@example.com,2025-01-03,Referral,,Los Angeles,United States,2025-07-04,2026-04-16,4,524.71,0.0,524.71,7,0,76.0,0.0,544
CUST01189,Elizabeth,Martinez,elizabeth.martinez51@example.com,2025-01-12,Organic,,Los Angeles,United States,2025-03-30,2026-06-26,7,1130.27,0.0,1130.27,9,0,5.0,0.0,535
CUST01190,Elizabeth,Wilson,elizabeth.wilson80@example.com,2024-03-07,Google Ads,,Chicago,United States,2024-07-25,2026-03-27,7,829.4200000000001,0.0,829.4200000000001,9,0,96.0,0.0,846
CUST01191,Noah,Thompson,noah.thompson45@example.com,2024-12-03,Meta Ads,,Austin,United States,2025-01-31,2025-07-06,5,548.84,0.0,548.84,12,0,360.0,0.0,575
CUST01192,Sophia,Thompson,sophia.thompson36@example.com,2025-09-18,Google Ads,,Denver,United States,2025-09-21,2026-06-27,5,636.43,0.0,636.43,10,0,4.0,0.0,286
CUST01193,Jacob,Lee,jacob.lee77@example.com,2024-03-30,Meta Ads,,Denver,United States,2025-04-07,2025-04-07,1,137.25,0.0,137.25,1,0,450.0,0.0,823
CUST01194,Logan,Sanchez,logan.sanchez46@example.com,2025-03-13,Email,,San Francisco,United States,2025-06-15,2026-06-13,4,763.87,0.0,763.87,10,0,18.0,0.0,475
CUST01195,Isabella,Taylor,isabella.taylor83@example.com,2025-09-30,Meta Ads,,Chicago,United States,2026-06-22,2026-06-22,1,31.78,0.0,31.78,2,0,9.0,0.0,274
CUST01196,Alexander,Jackson,alexander.jackson73@example.com,2025-06-16,Organic,,Boston,United States,2025-09-01,2025-12-06,4,409.15,222.79,186.35999999999999,5,2,207.0,0.5,380
CUST01197,Mason,Sanchez,mason.sanchez33@example.com,2025-09-16,Google Ads,,Miami,United States,2025-10-09,2026-04-03,8,1023.87,141.56,882.3100000000001,10,2,89.0,0.25,288
CUST01198,Sophia,Smith,sophia.smith25@example.com,2024-01-25,Meta Ads,,Los Angeles,United States,2024-02-08,2026-04-30,8,1335.35,70.42,1264.93,12,1,62.0,0.125,888
CUST01199,Jacob,Ramirez,jacob.ramirez36@example.com,2026-03-29,Email,,Seattle,United States,2026-06-20,2026-06-20,1,137.79,0.0,137.79,1,0,11.0,0.0,94
CUST01200,Lucas,Johnson,lucas.johnson52@example.com,2024-12-24,Email,,Houston,United States,2025-03-17,2026-06-02,7,957.82,0.0,957.82,8,0,29.0,0.0,554
CUST01201,Emma,Lee,emma.lee35@example.com,2025-12-07,Google Ads,,Los Angeles,United States,2025-12-17,2026-06-11,3,339.53,311.57,27.96,4,2,20.0,0.6666666666666666,206
CUST01202,James,Martinez,james.martinez74@example.com,2025-07-17,Meta Ads,,New York,United States,2025-10-28,2026-05-28,4,1388.56,56.1,1332.46,8,1,34.0,0.25,349
CUST01203,Noah,Perez,noah.perez52@example.com,2024-12-15,Meta Ads,,Denver,United States,2025-09-08,2026-05-28,2,157.56,60.0,97.56,4,1,34.0,0.5,563
CUST01204,Alexander,Smith,alexander.smith32@example.com,2024-07-17,Meta Ads,,San Francisco,United States,2025-01-24,2026-05-13,9,1413.31,129.10000000000002,1284.21,13,2,49.0,0.2222222222222222,714
CUST01205,Logan,Perez,logan.perez71@example.com,2025-04-30,Organic,,Chicago,United States,2025-06-12,2026-02-21,2,267.62,0.0,267.62,2,0,130.0,0.0,427
CUST01206,Mason,Jones,mason.jones90@example.com,2025-04-16,Organic,,Austin,United States,2026-03-05,2026-04-16,2,131.24,131.24,0.0,2,2,76.0,1.0,441
CUST01207,Avery,Hernandez,avery.hernandez69@example.com,2026-03-13,Organic,,New York,United States,2026-04-05,2026-05-30,2,506.65,280.64,226.01,2,1,32.0,0.5,110
CUST01208,Sofia,Taylor,sofia.taylor48@example.com,2025-08-01,Organic,,San Francisco,United States,2026-04-25,2026-04-25,1,41.72,0.0,41.72,1,0,67.0,0.0,334
CUST01209,Ethan,Moore,ethan.moore12@example.com,2024-08-01,Email,,San Francisco,United States,2024-11-02,2026-01-29,2,230.3,72.9,157.4,3,1,153.0,0.5,699
CUST01210,Michael,Robinson,michael.robinson55@example.com,2024-03-08,Referral,,Miami,United States,2026-04-15,2026-04-15,1,123.91,0.0,123.91,1,0,77.0,0.0,845
CUST01211,Sofia,Smith,sofia.smith53@example.com,2025-01-19,Email,,Chicago,United States,2025-03-17,2026-04-24,3,375.9,203.07,172.83,3,1,68.0,0.3333333333333333,528
CUST01212,Evelyn,Martin,evelyn.martin59@example.com,2024-07-10,Email,,Miami,United States,2025-11-21,2025-11-21,1,394.94,0.0,394.94,2,0,222.0,0.0,721
CUST01213,Emily,Ramirez,emily.ramirez50@example.com,2025-12-27,Google Ads,,Seattle,United States,2026-01-21,2026-05-02,6,556.41,0.0,556.41,7,0,60.0,0.0,186
CUST01214,Olivia,Thomas,olivia.thomas40@example.com,2025-01-15,Meta Ads,,Miami,United States,2025-08-04,2026-01-22,2,282.52,0.0,282.52,2,0,160.0,0.0,532
CUST01215,Sophia,Taylor,sophia.taylor48@example.com,2024-06-28,Google Ads,,New York,United States,2024-09-02,2024-09-02,1,61.02,0.0,61.02,1,0,667.0,0.0,733
CUST01216,Elizabeth,Miller,elizabeth.miller21@example.com,2025-03-30,Meta Ads,,Boston,United States,2025-06-29,2026-04-11,6,540.83,76.64,464.19,8,1,81.0,0.16666666666666666,458
CUST01217,Avery,Taylor,avery.taylor29@example.com,2024-07-13,Meta Ads,,Boston,United States,2024-07-15,2026-04-09,10,1353.18,448.73,904.45,14,2,83.0,0.2,718
CUST01218,Jacob,Ramirez,jacob.ramirez77@example.com,2024-11-13,Organic,,Chicago,United States,2025-02-15,2026-01-10,3,387.0,126.21,260.78999999999996,4,1,172.0,0.3333333333333333,595
CUST01219,Elizabeth,Ramirez,elizabeth.ramirez22@example.com,2025-06-12,Email,,Chicago,United States,2026-01-27,2026-01-27,1,377.88,0.0,377.88,4,0,155.0,0.0,384
CUST01220,Sophia,White,sophia.white14@example.com,2025-04-15,Meta Ads,,Austin,United States,2025-04-28,2026-06-23,25,4241.4800000000005,329.36,3912.12,33,4,8.0,0.16,442
CUST01221,Noah,Smith,noah.smith49@example.com,2024-02-15,Email,,Denver,United States,2025-04-19,2025-04-19,1,37.88,0.0,37.88,1,0,438.0,0.0,867
CUST01222,Daniel,Williams,daniel.williams52@example.com,2025-04-23,Organic,,Los Angeles,United States,2025-05-17,2026-06-11,9,1621.54,121.47,1500.07,12,1,20.0,0.1111111111111111,434
CUST01223,Harper,Harris,harper.harris94@example.com,2026-02-02,Meta Ads,,Denver,United States,2026-02-26,2026-05-25,6,821.74,33.7,788.04,10,1,37.0,0.16666666666666666,149
CUST01224,Elizabeth,Martinez,elizabeth.martinez91@example.com,2024-08-02,Meta Ads,,Houston,United States,2024-09-15,2026-05-11,3,541.21,255.66,285.55,3,1,51.0,0.3333333333333333,698
CUST01225,James,Rodriguez,james.rodriguez78@example.com,2024-11-22,Organic,,Los Angeles,United States,2024-12-10,2026-06-24,4,454.38,144.44,309.94,7,1,7.0,0.25,586
CUST01226,Isabella,Jones,isabella.jones30@example.com,2024-10-07,Google Ads,,Denver,United States,2026-03-12,2026-03-12,1,483.62,0.0,483.62,2,0,111.0,0.0,632
CUST01227,Ethan,Taylor,ethan.taylor23@example.com,2024-07-30,Meta Ads,,Austin,United States,2024-12-08,2026-06-17,2,319.28999999999996,0.0,319.28999999999996,2,0,14.0,0.0,701
CUST01228,Mia,Rodriguez,mia.rodriguez28@example.com,2025-12-22,Organic,,Denver,United States,2025-12-22,2026-04-27,2,241.31,70.79,170.52,3,1,65.0,0.5,191
CUST01229,Elijah,Garcia,elijah.garcia19@example.com,2024-11-14,Email,,San Francisco,United States,2025-10-30,2025-10-30,1,596.88,0.0,596.88,3,0,244.0,0.0,594
CUST01230,Ethan,Anderson,ethan.anderson16@example.com,2024-05-13,Google Ads,,New York,United States,2024-06-15,2025-05-21,2,83.92999999999999,0.0,83.92999999999999,2,0,406.0,0.0,779
CUST01231,Noah,Gonzalez,noah.gonzalez16@example.com,2024-03-29,Meta Ads,,Chicago,United States,2026-05-19,2026-05-19,1,28.34,0.0,28.34,1,0,43.0,0.0,824
CUST01232,Emily,Martin,emily.martin85@example.com,2025-10-06,Organic,,Boston,United States,2025-10-23,2026-06-26,7,2051.4,1000.1800000000001,1051.22,15,3,5.0,0.42857142857142855,268
CUST01233,Alexander,Lopez,alexander.lopez49@example.com,2024-12-06,Organic,,Austin,United States,2025-03-01,2026-01-01,2,197.74,112.01,85.73,3,1,181.0,0.5,572
CUST01234,Olivia,Robinson,olivia.robinson69@example.com,2025-08-04,Google Ads,,Boston,United States,2025-09-28,2025-12-18,2,314.74,0.0,314.74,2,0,195.0,0.0,331
CUST01235,Noah,Anderson,noah.anderson49@example.com,2025-12-01,Email,,Boston,United States,2025-12-03,2026-05-26,2,291.91999999999996,0.0,291.91999999999996,3,0,36.0,0.0,212
CUST01236,Mason,Davis,mason.davis38@example.com,2024-05-27,Organic,,Denver,United States,2024-11-23,2026-06-29,3,573.1,267.87,305.23,4,1,2.0,0.3333333333333333,765
CUST01237,Isabella,Robinson,isabella.robinson56@example.com,2025-02-05,Google Ads,,San Francisco,United States,2025-02-24,2026-02-01,4,359.32,0.0,359.32,4,0,150.0,0.0,511
CUST01238,Michael,Ramirez,michael.ramirez51@example.com,2025-04-09,Meta Ads,,Los Angeles,United States,2025-06-13,2025-12-22,2,896.86,145.22,751.64,6,1,191.0,0.5,448
CUST01239,Mason,Brown,mason.brown54@example.com,2025-05-05,Meta Ads,,Chicago,United States,2025-09-06,2026-06-02,3,297.40999999999997,94.85,202.56,3,1,29.0,0.3333333333333333,422
CUST01240,James,Harris,james.harris54@example.com,2025-09-10,Email,,Austin,United States,2025-09-16,2026-06-28,15,2950.56,99.2,2851.36,23,1,3.0,0.06666666666666667,294
CUST01241,Noah,Gonzalez,noah.gonzalez23@example.com,2024-11-29,Email,,Los Angeles,United States,2024-12-22,2026-06-27,14,2580.6,158.2,2422.4,19,2,4.0,0.14285714285714285,579
CUST01242,Michael,Martinez,michael.martinez78@example.com,2025-04-17,Meta Ads,,Seattle,United States,2025-04-24,2026-06-14,5,629.8299999999999,179.7,450.13,7,1,17.0,0.2,440
CUST01243,Elijah,Martin,elijah.martin41@example.com,2025-07-15,Google Ads,,Boston,United States,2025-12-01,2025-12-14,2,255.31,239.92,15.39,3,1,199.0,0.5,351
CUST01244,Charlotte,Williams,charlotte.williams53@example.com,2024-08-01,Organic,,Denver,United States,2025-10-02,2025-10-02,1,54.13,54.13,0.0,1,1,272.0,1.0,699
CUST01245,Lucas,Sanchez,lucas.sanchez65@example.com,2025-08-03,Organic,,Austin,United States,2025-09-27,2026-04-07,3,355.46000000000004,150.28,205.18,3,1,85.0,0.3333333333333333,332
CUST01246,Emily,Davis,emily.davis32@example.com,2025-11-09,Email,,Denver,United States,2025-11-16,2026-05-03,5,664.71,0.0,664.71,6,0,59.0,0.0,234
CUST01247,Sofia,Thomas,sofia.thomas24@example.com,2025-08-29,Email,,San Francisco,United States,2025-10-26,2025-10-26,1,124.64,0.0,124.64,2,0,248.0,0.0,306
CUST01248,Ethan,Brown,ethan.brown66@example.com,2024-06-29,Meta Ads,,Seattle,United States,2024-08-02,2026-06-10,13,1476.3700000000001,779.8199999999999,696.5500000000001,18,5,21.0,0.38461538461538464,732
CUST01249,Olivia,Martin,olivia.martin23@example.com,2025-12-02,Organic,,Seattle,United States,2025-12-17,2026-06-11,5,420.94,54.6,366.34,6,1,20.0,0.2,211
CUST01250,Mia,Thomas,mia.thomas92@example.com,2025-11-07,Google Ads,,Houston,United States,2025-11-11,2026-06-30,5,395.61,0.0,395.61,6,0,1.0,0.0,236
CUST01251,Sofia,Jones,sofia.jones84@example.com,2026-02-12,Email,,New York,United States,2026-02-20,2026-06-27,17,3045.15,173.59,2871.56,28,1,4.0,0.058823529411764705,139
CUST01252,Elizabeth,Jones,elizabeth.jones94@example.com,2024-06-01,Meta Ads,,Miami,United States,2024-08-10,2026-06-11,8,1175.04,485.19,689.8499999999999,10,4,20.0,0.5,760
CUST01253,Charlotte,Martin,charlotte.martin83@example.com,2025-04-02,Google Ads,,San Francisco,United States,2025-09-23,2026-02-27,2,200.43,119.44,80.99,3,1,124.0,0.5,455
CUST01254,James,Jackson,james.jackson96@example.com,2024-11-07,Referral,,Seattle,United States,2024-12-09,2026-05-14,17,2916.95,603.71,2313.24,27,5,48.0,0.29411764705882354,601
CUST01255,Emily,Robinson,emily.robinson54@example.com,2024-04-01,Email,,Denver,United States,2025-10-10,2026-06-15,2,339.02,0.0,339.02,2,0,16.0,0.0,821
CUST01256,Harper,Gonzalez,harper.gonzalez26@example.com,2024-10-28,Google Ads,,Austin,United States,2024-11-14,2026-01-09,8,1160.66,299.79,860.87,10,3,173.0,0.375,611
CUST01257,Liam,Smith,liam.smith81@example.com,2025-01-02,Google Ads,,Miami,United States,2025-01-04,2026-06-10,7,613.5600000000001,421.34000000000003,192.22,8,4,21.0,0.5714285714285714,545
CUST01258,Daniel,Smith,daniel.smith40@example.com,2025-03-18,Organic,,Seattle,United States,2025-03-28,2026-06-09,14,2905.64,180.2,2725.44,22,2,22.0,0.14285714285714285,470
CUST01259,Abigail,Hernandez,abigail.hernandez58@example.com,2025-02-19,Meta Ads,,Austin,United States,2025-05-08,2025-12-08,4,541.86,93.47,448.39,5,2,205.0,0.5,497
CUST01260,Sophia,Perez,sophia.perez32@example.com,2025-05-01,Google Ads,,Austin,United States,2025-05-09,2026-04-23,11,1697.2,468.07000000000005,1229.1299999999999,16,3,69.0,0.2727272727272727,426
CUST01261,Charlotte,Clark,charlotte.clark56@example.com,2025-03-03,Google Ads,,Chicago,United States,2026-06-14,2026-06-14,1,158.39,0.0,158.39,1,0,17.0,0.0,485
CUST01262,Ava,Smith,ava.smith19@example.com,2025-10-25,Google Ads,,Boston,United States,2026-03-05,2026-06-17,3,388.81,0.0,388.81,5,0,14.0,0.0,249
CUST01263,Henry,Wilson,henry.wilson27@example.com,2024-03-27,Google Ads,,Seattle,United States,2026-04-02,2026-04-02,1,246.12,246.12,0.0,4,1,90.0,1.0,826
CUST01264,Daniel,Anderson,daniel.anderson99@example.com,2025-09-10,Referral,,Denver,United States,2025-09-26,2026-06-19,4,498.88,0.0,498.88,4,0,12.0,0.0,294
CUST01265,Oliver,Anderson,oliver.anderson75@example.com,2025-03-10,Email,,Boston,United States,2025-07-28,2026-05-09,2,192.08,0.0,192.08,3,0,53.0,0.0,478
CUST01266,Charlotte,Lopez,charlotte.lopez38@example.com,2024-07-09,Meta Ads,,New York,United States,2024-09-22,2026-05-28,9,1199.75,390.96,808.79,14,3,34.0,0.3333333333333333,722
CUST01267,Evelyn,Thomas,evelyn.thomas40@example.com,2025-12-30,Meta Ads,,Seattle,United States,2026-01-04,2026-05-19,8,1904.87,73.21,1831.6599999999999,15,1,43.0,0.125,183
CUST01268,Logan,Moore,logan.moore83@example.com,2025-01-10,Google Ads,,New York,United States,2025-03-18,2025-07-01,3,754.11,0.0,754.11,4,0,365.0,0.0,537
CUST01269,Evelyn,Thomas,evelyn.thomas57@example.com,2024-04-25,Email,,Los Angeles,United States,2025-04-17,2026-04-23,3,723.81,413.18,310.63,4,1,69.0,0.3333333333333333,797
CUST01270,Ava,White,ava.white77@example.com,2026-02-07,Organic,,Boston,United States,2026-02-22,2026-06-19,6,1580.21,342.03,1238.18,14,1,12.0,0.16666666666666666,144
CUST01271,Harper,Williams,harper.williams76@example.com,2025-09-16,Google Ads,,Boston,United States,2025-11-19,2026-01-05,2,158.84,90.64,68.2,2,1,177.0,0.5,288
CUST01272,Abigail,White,abigail.white94@example.com,2025-11-15,Google Ads,,Austin,United States,2025-12-16,2025-12-16,1,43.01,0.0,43.01,1,0,197.0,0.0,228
CUST01273,Michael,Jackson,michael.jackson49@example.com,2025-09-19,Google Ads,,San Francisco,United States,2026-06-27,2026-06-27,1,154.2,0.0,154.2,3,0,4.0,0.0,285
CUST01274,Ethan,Harris,ethan.harris11@example.com,2025-04-25,Meta Ads,,Boston,United States,2026-01-02,2026-02-23,2,236.26,0.0,236.26,2,0,128.0,0.0,432
CUST01275,Evelyn,White,evelyn.white52@example.com,2025-03-07,Meta Ads,,Miami,United States,2025-10-29,2025-10-29,1,358.95,0.0,358.95,3,0,245.0,0.0,481
CUST01276,James,Garcia,james.garcia14@example.com,2025-12-12,Referral,,Miami,United States,2025-12-18,2026-04-02,10,1385.1,74.69,1310.41,11,2,90.0,0.2,201
CUST01277,Jacob,Sanchez,jacob.sanchez82@example.com,2024-09-23,Google Ads,,Boston,United States,2024-10-03,2026-05-23,9,792.71,258.23,534.48,9,3,39.0,0.3333333333333333,646
CUST01278,Evelyn,Garcia,evelyn.garcia83@example.com,2024-02-22,Email,,Miami,United States,2024-11-09,2026-03-23,5,450.98,0.0,450.98,6,0,100.0,0.0,860
CUST01279,Michael,White,michael.white89@example.com,2024-01-28,Google Ads,,Los Angeles,United States,2024-03-18,2025-08-05,4,764.3000000000001,0.0,764.3000000000001,6,0,330.0,0.0,885
CUST01280,Ava,Taylor,ava.taylor19@example.com,2026-03-13,Google Ads,,Chicago,United States,2026-05-30,2026-05-30,1,80.81,0.0,80.81,1,0,32.0,0.0,110
CUST01281,Alexander,Rodriguez,alexander.rodriguez45@example.com,2024-09-20,Google Ads,,Los Angeles,United States,2024-11-06,2024-11-06,1,35.37,35.37,0.0,1,1,602.0,1.0,649
CUST01282,Alexander,Garcia,alexander.garcia85@example.com,2026-01-26,Google Ads,,Boston,United States,2026-02-13,2026-05-07,4,1315.2,877.12,438.08,8,1,55.0,0.25,156
CUST01283,Benjamin,Sanchez,benjamin.sanchez32@example.com,2024-09-24,Organic,,Houston,United States,2025-11-04,2026-05-30,2,295.28999999999996,72.56,222.73,2,1,32.0,0.5,645
CUST01284,Mason,Garcia,mason.garcia77@example.com,2024-02-03,Meta Ads,,Los Angeles,United States,2024-11-11,2024-11-11,1,110.5,0.0,110.5,1,0,597.0,0.0,879
CUST01285,Ava,Martin,ava.martin29@example.com,2025-05-22,Organic,,Seattle,United States,2025-09-30,2025-09-30,1,142.86,0.0,142.86,1,0,274.0,0.0,405
CUST01286,Elizabeth,Gonzalez,elizabeth.gonzalez40@example.com,2025-11-07,Meta Ads,,Chicago,United States,2026-05-03,2026-05-03,1,207.15,0.0,207.15,3,0,59.0,0.0,236
CUST01287,Sophia,Jackson,sophia.jackson54@example.com,2024-02-25,Email,,Los Angeles,United States,2024-07-19,2025-08-26,5,964.1800000000001,0.0,964.1800000000001,8,0,309.0,0.0,857
CUST01288,Liam,Garcia,liam.garcia69@example.com,2025-02-12,Meta Ads,,Boston,United States,2025-02-23,2025-10-20,3,290.8,218.02,72.78,4,1,254.0,0.3333333333333333,504
CUST01289,Jacob,Harris,jacob.harris78@example.com,2024-08-27,Meta Ads,,Seattle,United States,2025-07-05,2025-12-15,3,316.65,58.49,258.16,3,1,198.0,0.3333333333333333,673
CUST01290,Mason,Rodriguez,mason.rodriguez28@example.com,2025-06-27,Organic,,New York,United States,2025-09-09,2026-06-20,4,397.34000000000003,0.0,397.34000000000003,4,0,11.0,0.0,369
CUST01291,James,Robinson,james.robinson67@example.com,2025-01-26,Email,,Austin,United States,2025-06-08,2026-03-24,5,562.45,228.7,333.75,5,2,99.0,0.4,521
CUST01292,Henry,Johnson,henry.johnson22@example.com,2025-06-28,Email,,Seattle,United States,2025-08-13,2026-05-07,6,1180.28,0.0,1180.28,12,0,55.0,0.0,368
CUST01293,Alexander,Robinson,alexander.robinson93@example.com,2024-10-06,Meta Ads,,Miami,United States,2025-07-03,2025-10-24,2,191.76999999999998,0.0,191.76999999999998,3,0,250.0,0.0,633
CUST01294,Michael,Brown,michael.brown42@example.com,2025-11-01,Email,,Boston,United States,2026-02-21,2026-02-21,1,154.62,0.0,154.62,2,0,130.0,0.0,242
CUST01295,Elizabeth,Perez,elizabeth.perez40@example.com,2026-01-21,Email,,Houston,United States,2026-02-24,2026-04-03,2,134.66,0.0,134.66,3,0,89.0,0.0,161
CUST01296,Harper,Hernandez,harper.hernandez96@example.com,2025-12-07,Referral,,San Francisco,United States,2025-12-14,2026-06-16,7,900.3499999999999,0.0,900.3499999999999,10,0,15.0,0.0,206
CUST01297,Ethan,Smith,ethan.smith96@example.com,2024-01-09,Organic,,New York,United States,2024-01-19,2026-06-25,7,1066.38,0.0,1066.38,8,0,6.0,0.0,904
CUST01298,Lucas,Brown,lucas.brown77@example.com,2024-04-16,Email,,San Francisco,United States,2025-07-04,2026-06-11,2,452.53999999999996,0.0,452.53999999999996,2,0,20.0,0.0,806
CUST01299,Elijah,White,elijah.white46@example.com,2024-09-14,Google Ads,,New York,United States,2025-10-11,2025-10-11,2,270.91999999999996,181.14,89.78,2,1,263.0,0.5,655
CUST01300,Alexander,Williams,alexander.williams17@example.com,2025-08-31,Email,,Houston,United States,2025-09-10,2026-06-16,8,1329.26,111.93,1217.33,9,1,15.0,0.125,304
CUST01301,Alexander,Lee,alexander.lee25@example.com,2025-12-26,Referral,,Los Angeles,United States,2026-02-28,2026-05-27,4,485.08000000000004,52.84,432.24,5,1,35.0,0.25,187
CUST01302,Daniel,Martin,daniel.martin26@example.com,2025-01-19,Email,,Denver,United States,2025-10-05,2025-10-05,1,267.43,0.0,267.43,1,0,269.0,0.0,528
CUST01303,Michael,Garcia,michael.garcia24@example.com,2025-12-13,Google Ads,,Miami,United States,2025-12-14,2026-05-07,4,577.6800000000001,63.28,514.4,5,1,55.0,0.25,200
CUST01304,Amelia,Perez,amelia.perez19@example.com,2025-10-16,Meta Ads,,Miami,United States,2025-11-21,2026-03-12,2,237.38,237.38,0.0,3,2,111.0,1.0,258
CUST01305,Elizabeth,Wilson,elizabeth.wilson98@example.com,2025-11-14,Organic,,San Francisco,United States,2026-02-03,2026-06-21,5,342.99,0.0,342.99,5,0,10.0,0.0,229
CUST01306,Isabella,Garcia,isabella.garcia19@example.com,2024-10-10,Organic,,Seattle,United States,2024-11-25,2026-01-01,6,807.11,0.0,807.11,9,0,181.0,0.0,629
CUST01307,Charlotte,Hernandez,charlotte.hernandez17@example.com,2024-09-21,Referral,,Miami,United States,2024-09-24,2026-06-28,2,413.96,0.0,413.96,5,0,3.0,0.0,648
CUST01308,Oliver,Anderson,oliver.anderson18@example.com,2025-05-18,Referral,,Houston,United States,2026-01-17,2026-03-23,2,505.03,0.0,505.03,5,0,100.0,0.0,409
CUST01309,Alexander,Gonzalez,alexander.gonzalez32@example.com,2025-10-22,Meta Ads,,Chicago,United States,2026-02-07,2026-04-25,2,1249.1000000000001,0.0,1249.1000000000001,6,0,67.0,0.0,252
CUST01310,Ethan,Harris,ethan.harris65@example.com,2024-08-11,Email,,Los Angeles,United States,2025-09-19,2025-09-19,1,89.05,0.0,89.05,1,0,285.0,0.0,689
CUST01311,Logan,Anderson,logan.anderson43@example.com,2024-04-15,Google Ads,,Los Angeles,United States,2025-12-01,2025-12-01,1,29.95,29.95,0.0,1,1,212.0,1.0,807
CUST01312,Evelyn,White,evelyn.white42@example.com,2026-03-06,Meta Ads,,Boston,United States,2026-05-16,2026-06-10,3,296.14,0.0,296.14,5,0,21.0,0.0,117
CUST01313,Ava,Lee,ava.lee91@example.com,2024-01-01,Referral,,Seattle,United States,2024-03-10,2026-05-14,10,1380.79,459.66999999999996,921.12,11,3,48.0,0.3,912
CUST01314,Isabella,Jones,isabella.jones99@example.com,2024-12-03,Referral,,Denver,United States,2025-01-30,2026-03-23,3,581.97,389.24,192.73,5,1,100.0,0.3333333333333333,575
CUST01315,Emma,Taylor,emma.taylor72@example.com,2025-05-04,Meta Ads,,Los Angeles,United States,2025-05-27,2026-04-18,3,499.81000000000006,0.0,499.81000000000006,6,0,74.0,0.0,423
CUST01316,Ethan,Davis,ethan.davis10@example.com,2025-01-28,Referral,,Boston,United States,2025-02-03,2026-06-19,10,1465.6100000000001,303.77,1161.8400000000001,17,2,12.0,0.2,519
CUST01317,Noah,Jackson,noah.jackson78@example.com,2025-01-02,Meta Ads,,Miami,United States,2026-06-04,2026-06-04,1,43.77,0.0,43.77,1,0,27.0,0.0,545
CUST01318,Charlotte,Johnson,charlotte.johnson90@example.com,2025-10-24,Google Ads,,Austin,United States,2026-01-24,2026-03-11,3,330.98,0.0,330.98,3,0,112.0,0.0,250
CUST01319,Daniel,Hernandez,daniel.hernandez20@example.com,2025-04-15,Organic,,Miami,United States,2025-05-05,2026-02-04,2,244.01,0.0,244.01,4,0,147.0,0.0,442
CUST01320,Abigail,Miller,abigail.miller32@example.com,2025-07-21,Google Ads,,Seattle,United States,2025-09-14,2026-05-27,2,376.7,0.0,376.7,3,0,35.0,0.0,345
CUST01321,Henry,Miller,henry.miller48@example.com,2025-12-13,Meta Ads,,Los Angeles,United States,2026-04-08,2026-05-07,2,91.23,0.0,91.23,2,0,55.0,0.0,200
CUST01322,Abigail,Thompson,abigail.thompson55@example.com,2025-05-13,Google Ads,,Boston,United States,2025-09-27,2026-04-19,7,1168.9,0.0,1168.9,7,0,73.0,0.0,414
CUST01323,Jacob,Miller,jacob.miller27@example.com,2024-02-06,Google Ads,,Denver,United States,2024-03-25,2026-04-21,7,546.48,0.0,546.48,11,0,71.0,0.0,876
CUST01324,Elijah,Thomas,elijah.thomas59@example.com,2024-03-05,Organic,,Miami,United States,2024-03-23,2026-02-07,11,2272.12,0.0,2272.12,16,0,144.0,0.0,848
CUST01325,Mason,Moore,mason.moore67@example.com,2024-01-17,Google Ads,,New York,United States,2025-07-23,2025-07-23,1,94.45,0.0,94.45,1,0,343.0,0.0,896
CUST01326,Mia,Sanchez,mia.sanchez15@example.com,2025-02-19,Google Ads,,Austin,United States,2025-10-11,2025-11-04,2,296.3,0.0,296.3,3,0,239.0,0.0,497
CUST01327,Amelia,Perez,amelia.perez78@example.com,2024-06-01,Organic,,Houston,United States,2024-06-05,2026-05-29,4,643.6700000000001,0.0,643.6700000000001,6,0,33.0,0.0,760
CUST01328,Logan,Williams,logan.williams14@example.com,2026-01-23,Google Ads,,New York,United States,2026-01-26,2026-05-06,5,871.61,0.0,871.61,6,0,56.0,0.0,159
CUST01329,Mason,Robinson,mason.robinson89@example.com,2024-02-16,Google Ads,,Chicago,United States,2024-05-22,2026-02-09,5,395.63,138.41,257.22,5,2,142.0,0.4,866
CUST01330,Emma,Garcia,emma.garcia90@example.com,2024-02-21,Referral,,Los Angeles,United States,2024-03-02,2026-01-24,9,778.15,0.0,778.15,14,0,158.0,0.0,861
CUST01331,Amelia,Martin,amelia.martin31@example.com,2025-08-28,Google Ads,,Los Angeles,United States,2025-09-23,2026-06-21,5,816.44,0.0,816.44,8,0,10.0,0.0,307
CUST01332,Noah,Thomas,noah.thomas86@example.com,2026-03-29,Email,,Los Angeles,United States,2026-04-01,2026-06-22,8,1059.88,0.0,1059.88,11,0,9.0,0.0,94
CUST01333,Michael,Miller,michael.miller64@example.com,2024-12-11,Organic,,Seattle,United States,2025-09-11,2025-09-11,1,96.28,0.0,96.28,1,0,293.0,0.0,567
CUST01334,Mia,Brown,mia.brown97@example.com,2025-08-12,Meta Ads,,San Francisco,United States,2026-01-22,2026-03-21,2,267.71,205.89,61.82,2,1,102.0,0.5,323
CUST01335,Sofia,Sanchez,sofia.sanchez37@example.com,2026-02-21,Google Ads,,Chicago,United States,2026-05-09,2026-05-09,1,160.04,0.0,160.04,1,0,53.0,0.0,130
CUST01336,Mia,Williams,mia.williams25@example.com,2024-10-07,Google Ads,,Seattle,United States,2025-05-25,2025-10-09,2,69.28,0.0,69.28,2,0,265.0,0.0,632
CUST01337,Oliver,Thompson,oliver.thompson57@example.com,2025-07-20,Google Ads,,Houston,United States,2025-11-29,2026-02-09,4,543.14,0.0,543.14,8,0,142.0,0.0,346
CUST01338,Logan,Jackson,logan.jackson15@example.com,2024-05-16,Google Ads,,Denver,United States,2024-07-29,2024-07-29,1,218.86,0.0,218.86,2,0,702.0,0.0,776
CUST01339,Charlotte,Harris,charlotte.harris30@example.com,2024-01-17,Organic,,Los Angeles,United States,2025-06-25,2026-05-25,2,123.83000000000001,0.0,123.83000000000001,2,0,37.0,0.0,896
CUST01340,Emma,Smith,emma.smith32@example.com,2024-04-01,Organic,,Denver,United States,2025-02-06,2026-06-20,2,212.26999999999998,0.0,212.26999999999998,2,0,11.0,0.0,821
CUST01341,Avery,Martinez,avery.martinez63@example.com,2025-12-11,Organic,,Boston,United States,2026-01-10,2026-05-11,3,412.46000000000004,0.0,412.46000000000004,3,0,51.0,0.0,202
CUST01342,Emily,Jones,emily.jones36@example.com,2024-05-26,Email,,Austin,United States,2025-06-03,2025-06-03,1,370.48,0.0,370.48,2,0,393.0,0.0,766
CUST01343,Amelia,Wilson,amelia.wilson40@example.com,2024-06-27,Email,,New York,United States,2024-11-23,2026-06-03,3,844.8,0.0,844.8,6,0,28.0,0.0,734
CUST01344,Alexander,Garcia,alexander.garcia73@example.com,2025-09-18,Referral,,Miami,United States,2025-11-16,2026-05-05,2,127.18,0.0,127.18,2,0,57.0,0.0,286
CUST01345,Benjamin,Wilson,benjamin.wilson10@example.com,2025-07-25,Google Ads,,Los Angeles,United States,2025-09-05,2026-01-17,3,504.40000000000003,230.27,274.13,3,1,165.0,0.3333333333333333,341
CUST01346,Harper,Brown,harper.brown89@example.com,2025-01-05,Organic,,Austin,United States,2025-03-02,2026-06-12,6,1320.13,58.68,1261.45,8,1,19.0,0.16666666666666666,542
CUST01347,Harper,Davis,harper.davis69@example.com,2026-02-27,Email,,Houston,United States,2026-03-14,2026-06-29,10,1638.19,218.5,1419.69,16,2,2.0,0.2,124
CUST01348,Isabella,Johnson,isabella.johnson34@example.com,2024-04-25,Organic,,Boston,United States,2024-11-09,2025-12-03,7,759.87,94.79,665.08,7,1,210.0,0.14285714285714285,797
CUST01349,Mason,Garcia,mason.garcia30@example.com,2025-11-17,Referral,,New York,United States,2026-04-29,2026-05-23,2,168.35,104.96,63.39,2,1,39.0,0.5,226
CUST01350,Abigail,Lopez,abigail.lopez46@example.com,2024-08-02,Meta Ads,,San Francisco,United States,2025-04-14,2026-05-08,3,280.32,145.16,135.16,4,1,54.0,0.3333333333333333,698
CUST01351,Alexander,Sanchez,alexander.sanchez68@example.com,2024-02-14,Google Ads,,New York,United States,2024-04-24,2026-06-02,3,321.56,29.76,291.79999999999995,3,1,29.0,0.3333333333333333,868
CUST01352,Logan,Moore,logan.moore32@example.com,2024-06-10,Organic,,Boston,United States,2025-08-30,2025-09-29,2,538.6700000000001,0.0,538.6700000000001,4,0,275.0,0.0,751
CUST01353,Harper,Brown,harper.brown19@example.com,2024-08-28,Organic,,Denver,United States,2024-09-14,2025-10-19,7,1103.88,278.14,825.74,13,2,255.0,0.2857142857142857,672
CUST01354,Evelyn,Hernandez,evelyn.hernandez63@example.com,2024-07-22,Organic,,San Francisco,United States,2025-10-28,2025-12-21,3,659.3900000000001,0.0,659.3900000000001,4,0,192.0,0.0,709
CUST01355,Elijah,Harris,elijah.harris24@example.com,2024-11-29,Google Ads,,Houston,United States,2026-06-08,2026-06-08,1,51.74,0.0,51.74,1,0,23.0,0.0,579
CUST01356,Jacob,Wilson,jacob.wilson35@example.com,2025-01-19,Organic,,Los Angeles,United States,2025-01-25,2026-05-13,9,1462.8700000000001,663.39,799.48,13,3,49.0,0.3333333333333333,528
CUST01357,Mason,Jackson,mason.jackson72@example.com,2024-02-25,Organic,,Chicago,United States,2025-11-01,2026-05-31,2,192.6,0.0,192.6,3,0,31.0,0.0,857
CUST01358,Sophia,Robinson,sophia.robinson88@example.com,2025-04-10,Google Ads,,San Francisco,United States,2025-04-25,2026-06-16,12,1949.32,691.1899999999999,1258.1299999999999,20,2,15.0,0.16666666666666666,447
CUST01359,Ava,Anderson,ava.anderson34@example.com,2025-10-09,Meta Ads,,Miami,United States,2026-02-23,2026-02-23,1,132.4,0.0,132.4,2,0,128.0,0.0,265
CUST01360,Sophia,Hernandez,sophia.hernandez26@example.com,2024-02-02,Email,,New York,United States,2026-02-21,2026-02-21,1,123.09,0.0,123.09,1,0,130.0,0.0,880
CUST01361,Isabella,Jones,isabella.jones24@example.com,2025-04-21,Meta Ads,,Chicago,United States,2026-05-15,2026-05-15,1,279.75,0.0,279.75,1,0,47.0,0.0,436
CUST01362,Elizabeth,Hernandez,elizabeth.hernandez38@example.com,2024-10-29,Email,,Denver,United States,2025-12-22,2026-04-15,2,124.49000000000001,0.0,124.49000000000001,2,0,77.0,0.0,610
CUST01363,Avery,Garcia,avery.garcia83@example.com,2025-07-20,Organic,,Los Angeles,United States,2025-10-16,2026-06-22,3,449.64,0.0,449.64,5,0,9.0,0.0,346
CUST01364,Lucas,Ramirez,lucas.ramirez76@example.com,2025-05-15,Organic,,Houston,United States,2025-08-06,2026-06-03,2,154.76999999999998,0.0,154.76999999999998,2,0,28.0,0.0,412
CUST01365,Evelyn,Thomas,evelyn.thomas69@example.com,2024-10-12,Google Ads,,Seattle,United States,2025-03-16,2025-12-01,7,1816.86,314.55,1502.31,14,2,212.0,0.2857142857142857,627
CUST01366,Jacob,Ramirez,jacob.ramirez41@example.com,2024-09-10,Meta Ads,,Denver,United States,2025-01-10,2026-05-06,3,365.72,0.0,365.72,4,0,56.0,0.0,659
CUST01367,Elijah,Lewis,elijah.lewis85@example.com,2024-06-01,Referral,,New York,United States,2024-06-05,2026-01-27,12,1096.29,171.57,924.72,21,2,155.0,0.16666666666666666,760
CUST01368,Lucas,Johnson,lucas.johnson15@example.com,2025-04-26,Organic,,Austin,United States,2025-06-22,2025-09-24,2,92.93,0.0,92.93,2,0,280.0,0.0,431
CUST01369,Liam,Wilson,liam.wilson77@example.com,2025-02-07,Meta Ads,,Los Angeles,United States,2025-08-08,2026-02-26,3,205.19,70.95,134.24,3,1,125.0,0.3333333333333333,509
CUST01370,Amelia,Thomas,amelia.thomas40@example.com,2024-03-26,Email,,New York,United States,2025-11-21,2025-11-21,1,335.64,0.0,335.64,3,0,222.0,0.0,827
CUST01371,Emily,White,emily.white62@example.com,2024-08-11,Google Ads,,Miami,United States,2025-08-28,2025-08-28,1,103.91,0.0,103.91,2,0,307.0,0.0,689
CUST01372,Elijah,Lee,elijah.lee21@example.com,2024-01-17,Meta Ads,,Miami,United States,2024-02-21,2025-11-26,5,705.51,30.77,674.74,9,1,217.0,0.2,896
CUST01373,Oliver,Thompson,oliver.thompson68@example.com,2025-08-07,Organic,,New York,United States,2025-09-29,2026-06-24,5,694.42,0.0,694.42,5,0,7.0,0.0,328
CUST01374,Amelia,Anderson,amelia.anderson27@example.com,2025-12-21,Meta Ads,,San Francisco,United States,2026-01-14,2026-06-25,8,1347.38,15.52,1331.86,11,1,6.0,0.125,192
CUST01375,Abigail,Anderson,abigail.anderson91@example.com,2024-01-02,Organic,,Los Angeles,United States,2024-07-21,2024-07-21,1,97.95,0.0,97.95,1,0,710.0,0.0,911
CUST01376,Charlotte,Lewis,charlotte.lewis98@example.com,2024-12-06,Meta Ads,,Miami,United States,2024-12-22,2026-05-28,18,2173.77,1243.43,930.34,25,9,34.0,0.5,572
CUST01377,Lucas,Harris,lucas.harris44@example.com,2025-12-15,Referral,,Austin,United States,2026-03-08,2026-04-13,2,383.78,0.0,383.78,2,0,79.0,0.0,198
CUST01378,Evelyn,Sanchez,evelyn.sanchez36@example.com,2026-03-17,Email,,Denver,United States,2026-03-27,2026-06-30,12,1786.3799999999999,181.37,1605.01,19,2,1.0,0.16666666666666666,106
CUST01379,Avery,Hernandez,avery.hernandez17@example.com,2025-06-11,Referral,,San Francisco,United States,2025-08-13,2026-04-09,5,1253.25,705.53,547.72,11,2,83.0,0.4,385
CUST01380,Avery,Johnson,avery.johnson24@example.com,2025-01-27,Meta Ads,,Denver,United States,2025-12-13,2026-06-15,5,672.94,239.36,433.58,7,1,16.0,0.2,520
CUST01381,Liam,Lopez,liam.lopez56@example.com,2024-06-28,Email,,Los Angeles,United States,2024-08-23,2026-06-17,10,809.3199999999999,0.0,809.3199999999999,11,0,14.0,0.0,733
CUST01382,Ethan,Thompson,ethan.thompson36@example.com,2024-05-21,Referral,,Houston,United States,2024-05-30,2026-04-29,6,1159.49,161.6,997.89,7,1,63.0,0.16666666666666666,771
CUST01383,Ethan,Brown,ethan.brown93@example.com,2025-05-04,Organic,,Denver,United States,2025-07-24,2026-06-17,5,667.77,0.0,667.77,6,0,14.0,0.0,423
CUST01384,Daniel,Thompson,daniel.thompson36@example.com,2026-02-10,Organic,,Houston,United States,2026-03-05,2026-06-29,3,301.46000000000004,0.0,301.46000000000004,5,0,2.0,0.0,141
CUST01385,Mia,Lopez,mia.lopez44@example.com,2025-05-30,Email,,Miami,United States,2025-06-17,2026-03-10,11,2119.31,187.82,1931.49,19,1,113.0,0.09090909090909091,397
CUST01386,Liam,Williams,liam.williams57@example.com,2024-12-19,Meta Ads,,Austin,United States,2025-05-06,2026-06-23,5,533.37,0.0,533.37,5,0,8.0,0.0,559
CUST01387,Harper,Clark,harper.clark25@example.com,2025-04-26,Organic,,Austin,United States,2025-11-05,2025-11-05,1,225.58,0.0,225.58,2,0,238.0,0.0,431
CUST01388,Avery,Martinez,avery.martinez67@example.com,2025-09-27,Meta Ads,,Los Angeles,United States,2026-03-27,2026-06-24,2,140.75,0.0,140.75,3,0,7.0,0.0,277
CUST01389,Sophia,Lewis,sophia.lewis68@example.com,2024-03-30,Google Ads,,Chicago,United States,2024-09-20,2025-12-03,4,657.18,0.0,657.18,5,0,210.0,0.0,823
CUST01390,James,Williams,james.williams23@example.com,2024-06-17,Google Ads,,Chicago,United States,2024-11-14,2025-10-30,4,601.68,0.0,601.68,4,0,244.0,0.0,744
CUST01391,Mason,Jones,mason.jones36@example.com,2025-06-17,Referral,,New York,United States,2025-07-04,2026-02-16,6,988.08,240.3,747.78,9,1,135.0,0.16666666666666666,379
CUST01392,James,Wilson,james.wilson97@example.com,2025-07-08,Referral,,Boston,United States,2025-07-08,2026-05-23,5,644.5,177.22,467.28,6,1,39.0,0.2,358
CUST01393,Benjamin,Wilson,benjamin.wilson66@example.com,2026-01-25,Email,,Miami,United States,2026-01-28,2026-06-29,18,2869.08,135.6,2733.48,31,1,2.0,0.05555555555555555,157
CUST01394,Sophia,Williams,sophia.williams12@example.com,2024-08-25,Organic,,Austin,United States,2024-09-25,2025-09-21,3,202.43,0.0,202.43,3,0,283.0,0.0,675
CUST01395,Abigail,Hernandez,abigail.hernandez62@example.com,2025-08-15,Meta Ads,,San Francisco,United States,2025-08-23,2026-05-13,17,2114.7400000000002,281.25,1833.49,22,3,49.0,0.17647058823529413,320
CUST01396,Mason,Jackson,mason.jackson95@example.com,2025-12-14,Meta Ads,,Austin,United States,2026-03-10,2026-03-10,1,181.41,181.41,0.0,3,1,113.0,1.0,199
CUST01397,Amelia,Anderson,amelia.anderson48@example.com,2025-08-03,Google Ads,,Miami,United States,2025-08-30,2025-08-30,1,129.24,0.0,129.24,1,0,305.0,0.0,332
CUST01398,Oliver,Sanchez,oliver.sanchez43@example.com,2024-08-20,Meta Ads,,Miami,United States,2024-11-15,2025-01-02,2,239.2,0.0,239.2,3,0,545.0,0.0,680
CUST01399,Elizabeth,Ramirez,elizabeth.ramirez16@example.com,2024-05-31,Meta Ads,,Boston,United States,2024-06-06,2026-04-15,19,1928.54,383.09000000000003,1545.45,23,5,77.0,0.2631578947368421,761
CUST01400,Oliver,Martin,oliver.martin30@example.com,2025-12-29,Meta Ads,,Chicago,United States,2026-01-05,2026-06-16,6,679.36,0.0,679.36,7,0,15.0,0.0,184
CUST01401,Oliver,Clark,oliver.clark98@example.com,2025-11-13,Organic,,Chicago,United States,2025-12-06,2026-04-18,2,341.40999999999997,0.0,341.40999999999997,2,0,74.0,0.0,230
CUST01402,Elijah,Brown,elijah.brown15@example.com,2024-11-20,Email,,Boston,United States,2024-12-18,2026-01-28,7,533.73,0.0,533.73,9,0,154.0,0.0,588
CUST01403,Isabella,Lopez,isabella.lopez33@example.com,2024-07-29,Email,,New York,United States,2024-08-01,2025-02-20,3,188.43,141.33,47.1,3,2,496.0,0.6666666666666666,702
CUST01404,Henry,Hernandez,henry.hernandez54@example.com,2024-05-31,Meta Ads,,Austin,United States,2024-07-05,2025-12-05,3,180.49,39.28,141.20999999999998,3,1,208.0,0.3333333333333333,761
CUST01405,Oliver,Moore,oliver.moore48@example.com,2024-05-04,Referral,,Seattle,United States,2024-07-13,2025-08-15,6,490.01,17.51,472.5,6,1,320.0,0.16666666666666666,788
CUST01406,Logan,Thomas,logan.thomas28@example.com,2025-04-14,Referral,,Chicago,United States,2025-11-23,2025-11-23,1,150.27,0.0,150.27,1,0,220.0,0.0,443
CUST01407,Emma,White,emma.white79@example.com,2025-06-03,Meta Ads,,Miami,United States,2025-06-24,2025-09-08,2,115.52,0.0,115.52,2,0,296.0,0.0,393
CUST01408,Mason,Lewis,mason.lewis47@example.com,2026-02-11,Referral,,Denver,United States,2026-03-13,2026-04-08,3,89.41,0.0,89.41,3,0,84.0,0.0,140
CUST01409,Henry,Jones,henry.jones82@example.com,2026-01-16,Referral,,Boston,United States,2026-03-14,2026-06-20,9,941.63,0.0,941.63,10,0,11.0,0.0,166
CUST01410,Mia,Thompson,mia.thompson24@example.com,2026-01-19,Meta Ads,,New York,United States,2026-01-21,2026-05-14,3,872.1999999999999,44.6,827.5999999999999,6,1,48.0,0.3333333333333333,163
CUST01411,Ava,Perez,ava.perez80@example.com,2024-04-29,Meta Ads,,Seattle,United States,2024-11-14,2026-06-01,4,512.92,103.55,409.37,4,1,30.0,0.25,793
CUST01412,Alexander,Clark,alexander.clark38@example.com,2025-04-01,Meta Ads,,San Francisco,United States,2025-04-16,2026-06-29,8,967.25,111.18,856.07,12,2,2.0,0.25,456
CUST01413,Liam,Martin,liam.martin92@example.com,2024-07-18,Email,,Houston,United States,2025-01-24,2025-01-24,1,147.14,0.0,147.14,2,0,523.0,0.0,713
CUST01414,Michael,Robinson,michael.robinson45@example.com,2024-07-19,Google Ads,,Austin,United States,2025-05-14,2025-05-14,1,150.71,0.0,150.71,1,0,413.0,0.0,712
CUST01415,Daniel,Anderson,daniel.anderson96@example.com,2025-11-18,Referral,,Austin,United States,2025-11-29,2026-05-31,5,671.0699999999999,0.0,671.0699999999999,7,0,31.0,0.0,225
CUST01416,Charlotte,Miller,charlotte.miller72@example.com,2024-11-21,Email,,Austin,United States,2024-12-17,2026-06-20,7,968.5,475.26,493.24,8,2,11.0,0.2857142857142857,587
CUST01417,Liam,Robinson,liam.robinson95@example.com,2025-01-04,Meta Ads,,Seattle,United States,2026-04-07,2026-05-31,2,229.38,114.56,114.82,2,1,31.0,0.5,543
CUST01418,Benjamin,Gonzalez,benjamin.gonzalez57@example.com,2024-01-13,Google Ads,,San Francisco,United States,2024-04-25,2026-06-09,7,656.43,88.37,568.06,9,2,22.0,0.2857142857142857,900
CUST01419,James,Anderson,james.anderson81@example.com,2024-03-30,Google Ads,,Boston,United States,2024-08-17,2026-02-19,6,1018.01,285.67,732.3399999999999,7,2,132.0,0.3333333333333333,823
CUST01420,Jacob,Wilson,jacob.wilson66@example.com,2024-10-22,Google Ads,,Seattle,United States,2025-09-17,2025-09-17,1,95.13,0.0,95.13,1,0,287.0,0.0,617
CUST01421,Jacob,Lewis,jacob.lewis63@example.com,2024-05-22,Organic,,Denver,United States,2024-07-17,2026-05-10,8,952.26,32.09,920.17,16,1,52.0,0.125,770
CUST01422,Olivia,Jones,olivia.jones36@example.com,2024-11-06,Meta Ads,,Austin,United States,2026-03-25,2026-03-25,1,18.74,0.0,18.74,1,0,98.0,0.0,602
CUST01423,Mia,Williams,mia.williams85@example.com,2026-02-13,Meta Ads,,New York,United States,2026-02-23,2026-02-23,1,159.3,0.0,159.3,1,0,128.0,0.0,138
CUST01424,Lucas,Lee,lucas.lee44@example.com,2025-02-28,Google Ads,,Boston,United States,2025-09-01,2026-03-19,6,691.9399999999999,55.53,636.41,8,1,104.0,0.16666666666666666,488
CUST01425,Emily,Jackson,emily.jackson27@example.com,2024-07-23,Google Ads,,Seattle,United States,2025-09-18,2025-09-18,1,175.96,175.96,0.0,2,1,286.0,1.0,708
CUST01426,James,Moore,james.moore72@example.com,2024-02-13,Organic,,Miami,United States,2024-03-13,2026-04-23,8,1315.85,512.92,802.9300000000001,10,3,69.0,0.375,869
CUST01427,Sofia,Jackson,sofia.jackson48@example.com,2025-05-20,Email,,Boston,United States,2025-10-12,2025-10-15,2,216.68,0.0,216.68,3,0,259.0,0.0,407
CUST01428,Elijah,Smith,elijah.smith10@example.com,2024-06-06,Google Ads,,Boston,United States,2024-06-13,2026-03-20,10,1194.04,36.41,1157.6299999999999,12,1,103.0,0.1,755
CUST01429,Noah,Lee,noah.lee95@example.com,2024-10-21,Meta Ads,,Boston,United States,2025-03-29,2025-03-29,1,76.4,0.0,76.4,1,0,459.0,0.0,618
CUST01430,Logan,Thompson,logan.thompson92@example.com,2024-09-07,Google Ads,,Miami,United States,2025-04-02,2025-06-23,4,1065.0700000000002,587.74,477.33000000000004,7,1,373.0,0.25,662
CUST01431,Mason,Williams,mason.williams86@example.com,2026-02-02,Meta Ads,,Boston,United States,2026-04-02,2026-04-07,2,437.68,93.77,343.91,5,1,85.0,0.5,149
CUST01432,Evelyn,Wilson,evelyn.wilson43@example.com,2025-10-05,Email,,Los Angeles,United States,2025-12-16,2026-06-23,3,405.46999999999997,0.0,405.46999999999997,6,0,8.0,0.0,269
CUST01433,Benjamin,Taylor,benjamin.taylor83@example.com,2024-01-18,Organic,,Chicago,United States,2024-11-10,2024-11-10,1,29.29,0.0,29.29,2,0,598.0,0.0,895
CUST01434,Evelyn,Johnson,evelyn.johnson28@example.com,2024-11-23,Meta Ads,,Chicago,United States,2024-11-30,2026-06-28,18,2063.37,149.82,1913.55,30,2,3.0,0.1111111111111111,585
CUST01435,Benjamin,Garcia,benjamin.garcia16@example.com,2024-10-06,Meta Ads,,San Francisco,United States,2026-03-05,2026-03-05,1,255.4,0.0,255.4,2,0,118.0,0.0,633
CUST01436,Liam,Martinez,liam.martinez47@example.com,2025-06-26,Email,,Los Angeles,United States,2025-07-27,2026-06-11,9,1459.54,183.25,1276.29,17,2,20.0,0.2222222222222222,370
CUST01437,Harper,Miller,harper.miller90@example.com,2024-07-06,Organic,,Denver,United States,2026-02-12,2026-02-12,1,215.18,0.0,215.18,1,0,139.0,0.0,725
CUST01438,Elizabeth,Garcia,elizabeth.garcia79@example.com,2024-11-26,Organic,,Miami,United States,2025-01-17,2025-12-01,2,394.02,176.4,217.62,5,1,212.0,0.5,582
CUST01439,Isabella,Perez,isabella.perez99@example.com,2025-12-05,Meta Ads,,Austin,United States,2026-01-08,2026-06-25,4,309.18,31.59,277.59000000000003,4,1,6.0,0.25,208
CUST01440,Evelyn,Lopez,evelyn.lopez28@example.com,2024-01-14,Google Ads,,Miami,United States,2024-07-24,2026-06-27,3,248.24,0.0,248.24,4,0,4.0,0.0,899
CUST01441,Benjamin,Harris,benjamin.harris72@example.com,2025-02-25,Meta Ads,,Chicago,United States,2026-05-29,2026-05-29,1,528.14,0.0,528.14,3,0,33.0,0.0,491
CUST01442,Noah,Miller,noah.miller29@example.com,2025-05-30,Google Ads,,Houston,United States,2025-07-06,2025-07-06,1,160.52,0.0,160.52,1,0,360.0,0.0,397
CUST01443,Michael,Lewis,michael.lewis81@example.com,2025-09-20,Email,,Austin,United States,2026-01-14,2026-06-21,3,500.37,103.12,397.25,5,1,10.0,0.3333333333333333,284
CUST01444,Daniel,Moore,daniel.moore80@example.com,2025-12-20,Organic,,Los Angeles,United States,2025-12-27,2026-03-12,3,185.05,0.0,185.05,3,0,111.0,0.0,193
CUST01445,Lucas,Anderson,lucas.anderson19@example.com,2024-04-29,Organic,,New York,United States,2024-09-04,2026-04-22,4,902.55,200.04,702.51,9,1,70.0,0.25,793
CUST01446,Mason,Lopez,mason.lopez49@example.com,2025-12-08,Meta Ads,,Boston,United States,2025-12-26,2026-05-06,5,1342.35,814.05,528.3,8,1,56.0,0.2,205
CUST01447,Avery,Martin,avery.martin76@example.com,2026-02-20,Referral,,Chicago,United States,2026-03-04,2026-06-27,7,1022.17,38.35,983.8199999999999,11,1,4.0,0.14285714285714285,131
CUST01448,Emily,Martinez,emily.martinez13@example.com,2026-02-01,Organic,,Houston,United States,2026-02-08,2026-06-19,11,1159.21,0.0,1159.21,16,0,12.0,0.0,150
CUST01449,Ava,Ramirez,ava.ramirez98@example.com,2024-05-25,Email,,Miami,United States,2025-09-19,2025-09-19,1,43.8,0.0,43.8,2,0,285.0,0.0,767
CUST01450,Ava,Miller,ava.miller26@example.com,2024-03-21,Meta Ads,,Los Angeles,United States,2024-04-15,2026-02-28,10,986.5,275.8,710.7,11,3,123.0,0.3,832
CUST01451,Olivia,Smith,olivia.smith71@example.com,2026-02-14,Meta Ads,,Houston,United States,2026-02-14,2026-06-30,4,388.73999999999995,0.0,388.73999999999995,4,0,1.0,0.0,137
CUST01452,Noah,Johnson,noah.johnson94@example.com,2025-06-09,Email,,Boston,United States,2025-07-09,2026-06-30,12,3000.27,60.31,2939.96,19,1,1.0,0.08333333333333333,387
CUST01453,Noah,Robinson,noah.robinson42@example.com,2024-02-14,Google Ads,,New York,United States,2024-02-27,2025-05-23,2,236.85,0.0,236.85,2,0,404.0,0.0,868
CUST01454,Elizabeth,Brown,elizabeth.brown25@example.com,2025-09-08,Google Ads,,Houston,United States,2025-09-11,2025-09-11,1,112.94,0.0,112.94,2,0,293.0,0.0,296
CUST01455,Oliver,Perez,oliver.perez54@example.com,2024-01-30,Google Ads,,Miami,United States,2025-09-30,2025-09-30,1,20.26,0.0,20.26,1,0,274.0,0.0,883
CUST01456,Evelyn,Lopez,evelyn.lopez55@example.com,2024-06-13,Organic,,Denver,United States,2024-12-10,2026-04-13,4,491.62,0.0,491.62,5,0,79.0,0.0,748
CUST01457,Elijah,Taylor,elijah.taylor82@example.com,2024-03-10,Google Ads,,Denver,United States,2024-05-05,2024-05-05,1,49.48,49.48,0.0,2,1,787.0,1.0,843
CUST01458,Elizabeth,Smith,elizabeth.smith77@example.com,2024-08-10,Organic,,Miami,United States,2024-12-20,2026-06-08,6,604.54,114.01,490.53,8,1,23.0,0.16666666666666666,690
CUST01459,Oliver,Lewis,oliver.lewis78@example.com,2024-01-05,Referral,,Los Angeles,United States,2024-02-12,2025-03-05,2,379.29,0.0,379.29,4,0,483.0,0.0,908
CUST01460,Logan,Miller,logan.miller74@example.com,2025-12-25,Meta Ads,,Denver,United States,2026-04-17,2026-04-17,1,145.33,0.0,145.33,1,0,75.0,0.0,188
CUST01461,Oliver,Anderson,oliver.anderson96@example.com,2024-04-19,Google Ads,,San Francisco,United States,2024-04-28,2024-12-24,3,161.39,99.76,61.63,3,1,554.0,0.3333333333333333,803
CUST01462,Charlotte,Wilson,charlotte.wilson37@example.com,2025-06-10,Google Ads,,Los Angeles,United States,2025-07-16,2025-11-01,2,88.33,0.0,88.33,2,0,242.0,0.0,386
CUST01463,Elizabeth,Hernandez,elizabeth.hernandez25@example.com,2025-04-22,Google Ads,,Chicago,United States,2025-06-06,2026-02-01,3,939.37,0.0,939.37,4,0,150.0,0.0,435
CUST01464,Mason,Harris,mason.harris56@example.com,2025-12-22,Google Ads,,New York,United States,2026-01-09,2026-04-04,6,985.01,59.61,925.4000000000001,7,1,88.0,0.16666666666666666,191
CUST01465,Olivia,Hernandez,olivia.hernandez73@example.com,2024-04-28,Meta Ads,,Boston,United States,2024-07-10,2026-06-05,3,773.3599999999999,268.65,504.71,5,1,26.0,0.3333333333333333,794
CUST01466,Alexander,White,alexander.white49@example.com,2025-12-04,Referral,,Boston,United States,2025-12-14,2026-03-17,2,470.92,0.0,470.92,4,0,106.0,0.0,209
CUST01467,Elijah,Moore,elijah.moore62@example.com,2024-10-24,Referral,,Seattle,United States,2024-11-02,2025-07-18,2,143.1,69.32,73.78,2,1,348.0,0.5,615
CUST01468,Sophia,Ramirez,sophia.ramirez18@example.com,2025-05-02,Referral,,San Francisco,United States,2025-05-12,2026-05-15,35,4575.03,1126.82,3448.21,50,10,47.0,0.2857142857142857,425
CUST01469,Oliver,Smith,oliver.smith96@example.com,2025-05-18,Email,,Seattle,United States,2025-07-08,2026-05-13,20,2680.29,324.4,2355.89,23,3,49.0,0.15,409
CUST01470,Amelia,Taylor,amelia.taylor94@example.com,2025-11-23,Google Ads,,Chicago,United States,2026-03-09,2026-03-09,1,97.41,0.0,97.41,1,0,114.0,0.0,220
CUST01471,Charlotte,Gonzalez,charlotte.gonzalez98@example.com,2025-08-27,Referral,,Chicago,United States,2026-01-18,2026-05-26,3,396.9,0.0,396.9,5,0,36.0,0.0,308
CUST01472,Olivia,Lopez,olivia.lopez35@example.com,2024-12-12,Google Ads,,Seattle,United States,2025-07-08,2025-08-01,2,124.31,57.61,66.7,2,1,334.0,0.5,566
CUST01473,Noah,Davis,noah.davis64@example.com,2026-01-12,Meta Ads,,Denver,United States,2026-06-06,2026-06-06,1,77.05,0.0,77.05,1,0,25.0,0.0,170
CUST01474,Evelyn,Rodriguez,evelyn.rodriguez92@example.com,2025-02-13,Meta Ads,,Denver,United States,2025-07-22,2026-04-14,4,892.1,325.8,566.3,9,1,78.0,0.25,503
CUST01475,Charlotte,Thomas,charlotte.thomas75@example.com,2024-10-12,Google Ads,,Boston,United States,2024-11-19,2026-05-06,6,760.6,143.06,617.54,6,1,56.0,0.16666666666666666,627
CUST01476,Noah,Brown,noah.brown42@example.com,2025-05-16,Meta Ads,,Chicago,United States,2025-11-17,2026-03-25,2,242.68,0.0,242.68,2,0,98.0,0.0,411
CUST01477,Emma,Brown,emma.brown16@example.com,2024-03-10,Meta Ads,,New York,United States,2025-04-01,2026-06-25,4,1518.31,0.0,1518.31,8,0,6.0,0.0,843
CUST01478,Oliver,Gonzalez,oliver.gonzalez87@example.com,2025-11-26,Meta Ads,,Miami,United States,2026-01-11,2026-05-15,5,1397.1200000000001,83.13,1313.99,9,1,47.0,0.2,217
CUST01479,Alexander,Martin,alexander.martin22@example.com,2026-02-17,Google Ads,,Austin,United States,2026-04-19,2026-04-19,1,88.55,0.0,88.55,1,0,73.0,0.0,134
CUST01480,Elizabeth,Thomas,elizabeth.thomas69@example.com,2024-07-25,Google Ads,,Boston,United States,2024-08-10,2025-05-06,4,520.12,0.0,520.12,5,0,421.0,0.0,706
CUST01481,Mason,Taylor,mason.taylor43@example.com,2025-07-09,Meta Ads,,Austin,United States,2025-07-19,2026-06-21,4,248.53,0.0,248.53,4,0,10.0,0.0,357
CUST01482,Ethan,Smith,ethan.smith14@example.com,2025-03-16,Organic,,Los Angeles,United States,2025-05-23,2026-06-02,5,730.37,311.22,419.15000000000003,7,1,29.0,0.2,472
CUST01483,Charlotte,Anderson,charlotte.anderson50@example.com,2025-01-20,Meta Ads,,New York,United States,2025-03-30,2025-03-30,1,41.1,41.1,0.0,1,1,458.0,1.0,527
CUST01484,Liam,Garcia,liam.garcia81@example.com,2025-11-06,Organic,,Miami,United States,2025-11-15,2026-06-11,9,1651.9499999999998,656.0699999999999,995.88,13,2,20.0,0.2222222222222222,237
CUST01485,Avery,Thompson,avery.thompson31@example.com,2025-05-18,Meta Ads,,Miami,United States,2025-12-17,2026-01-06,2,630.86,0.0,630.86,4,0,176.0,0.0,409
CUST01486,Emily,Gonzalez,emily.gonzalez72@example.com,2026-02-21,Google Ads,,Boston,United States,2026-05-12,2026-05-12,1,171.21,0.0,171.21,2,0,50.0,0.0,130
CUST01487,Henry,Moore,henry.moore97@example.com,2025-07-06,Email,,Boston,United States,2025-07-21,2025-07-21,1,46.44,0.0,46.44,1,0,345.0,0.0,360
CUST01488,Ethan,Ramirez,ethan.ramirez30@example.com,2025-06-02,Google Ads,,Miami,United States,2025-07-25,2026-05-23,4,334.76,164.77,169.99,5,1,39.0,0.25,394
CUST01489,Mason,Jackson,mason.jackson58@example.com,2025-09-23,Email,,Miami,United States,2025-09-23,2026-06-08,6,725.04,0.0,725.04,9,0,23.0,0.0,281
CUST01490,Mia,Johnson,mia.johnson13@example.com,2025-08-27,Google Ads,,San Francisco,United States,2025-10-03,2026-05-31,6,1329.64,0.0,1329.64,8,0,31.0,0.0,308
CUST01491,Benjamin,Sanchez,benjamin.sanchez84@example.com,2024-01-28,Organic,,San Francisco,United States,2025-09-30,2026-05-07,2,223.19,0.0,223.19,2,0,55.0,0.0,885
CUST01492,Charlotte,Brown,charlotte.brown64@example.com,2024-12-19,Referral,,Seattle,United States,2025-07-10,2025-09-06,3,366.63,0.0,366.63,5,0,298.0,0.0,559
CUST01493,Benjamin,Johnson,benjamin.johnson94@example.com,2024-09-07,Google Ads,,Miami,United States,2025-12-04,2025-12-04,1,91.0,0.0,91.0,2,0,209.0,0.0,662
CUST01494,Evelyn,Williams,evelyn.williams98@example.com,2024-03-08,Organic,,Los Angeles,United States,2024-07-24,2026-06-26,15,2331.98,1007.05,1324.93,22,4,5.0,0.26666666666666666,845
CUST01495,Mia,Garcia,mia.garcia12@example.com,2025-07-05,Meta Ads,,Boston,United States,2026-01-28,2026-04-21,2,647.28,329.04,318.24,6,1,71.0,0.5,361
CUST01496,Henry,Ramirez,henry.ramirez64@example.com,2025-08-04,Meta Ads,,Seattle,United States,2026-01-02,2026-03-29,3,246.47000000000003,0.0,246.47000000000003,4,0,94.0,0.0,331
CUST01497,Isabella,Smith,isabella.smith99@example.com,2025-04-25,Email,,San Francisco,United States,2025-05-19,2025-11-02,2,211.39,182.14,29.25,2,1,241.0,0.5,432
CUST01498,Charlotte,Jackson,charlotte.jackson59@example.com,2024-11-26,Email,,Boston,United States,2025-07-03,2025-07-03,1,55.39,0.0,55.39,1,0,363.0,0.0,582
CUST01499,Noah,Thompson,noah.thompson96@example.com,2024-07-29,Meta Ads,,Austin,United States,2026-02-04,2026-02-04,1,45.81,0.0,45.81,1,0,147.0,0.0,702
CUST01500,Michael,Harris,michael.harris95@example.com,2024-12-13,Google Ads,,Miami,United States,2025-03-19,2025-07-15,2,214.32,0.0,214.32,3,0,351.0,0.0,565
