campaign_id,campaign_name,date,channel,spend,impressions,clicks,conversions
CAMP00001,LumaStyle_GoogleAds_202401,2024-01-01,Google Ads,274.64,13068,331,13
CAMP00002,LumaStyle_MetaAds_202401,2024-01-01,Meta Ads,407.51,22409,316,11
CAMP00003,LumaStyle_Email_202401,2024-01-01,Email,20.53,3634,769,21
CAMP00004,LumaStyle_Organic_202401,2024-01-01,Organic,0.0,7755,295,5
CAMP00005,LumaStyle_Referral_202401,2024-01-01,Referral,0.0,1494,99,6
CAMP00006,LumaStyle_GoogleAds_202401,2024-01-02,Google Ads,259.29,11306,347,10
CAMP00007,LumaStyle_MetaAds_202401,2024-01-02,Meta Ads,121.15,9076,76,2
CAMP00008,LumaStyle_Email_202401,2024-01-02,Email,45.95,2365,427,10
CAMP00009,LumaStyle_Organic_202401,2024-01-02,Organic,0.0,5123,191,4
CAMP00010,LumaStyle_Referral_202401,2024-01-02,Referral,0.0,1292,124,5
CAMP00011,LumaStyle_GoogleAds_202401,2024-01-03,Google Ads,156.68,9044,197,5
CAMP00012,LumaStyle_MetaAds_202401,2024-01-03,Meta Ads,124.94,6519,109,6
CAMP00013,LumaStyle_Email_202401,2024-01-03,Email,71.69,2719,480,9
CAMP00014,LumaStyle_Organic_202401,2024-01-03,Organic,0.0,6397,214,2
CAMP00015,LumaStyle_Referral_202401,2024-01-03,Referral,0.0,1859,169,11
CAMP00016,LumaStyle_GoogleAds_202401,2024-01-04,Google Ads,442.62,23501,762,33
CAMP00017,LumaStyle_MetaAds_202401,2024-01-04,Meta Ads,435.34,30185,575,32
CAMP00018,LumaStyle_Email_202401,2024-01-04,Email,60.75,2483,406,9
CAMP00019,LumaStyle_Organic_202401,2024-01-04,Organic,0.0,7128,150,2
CAMP00020,LumaStyle_Referral_202401,2024-01-04,Referral,0.0,870,83,3
CAMP00021,LumaStyle_GoogleAds_202401,2024-01-05,Google Ads,370.8,19623,334,13
CAMP00022,LumaStyle_MetaAds_202401,2024-01-05,Meta Ads,325.48,16401,315,10
CAMP00023,LumaStyle_Email_202401,2024-01-05,Email,38.63,4504,533,15
CAMP00024,LumaStyle_Organic_202401,2024-01-05,Organic,0.0,7500,258,7
CAMP00025,LumaStyle_Referral_202401,2024-01-05,Referral,0.0,973,70,4
CAMP00026,LumaStyle_GoogleAds_202401,2024-01-06,Google Ads,316.11,14064,428,15
CAMP00027,LumaStyle_MetaAds_202401,2024-01-06,Meta Ads,243.44,15610,215,8
CAMP00028,LumaStyle_Email_202401,2024-01-06,Email,22.86,3704,680,14
CAMP00029,LumaStyle_Organic_202401,2024-01-06,Organic,0.0,5960,169,2
CAMP00030,LumaStyle_Referral_202401,2024-01-06,Referral,0.0,1013,109,5
CAMP00031,LumaStyle_GoogleAds_202401,2024-01-07,Google Ads,152.41,7192,170,5
CAMP00032,LumaStyle_MetaAds_202401,2024-01-07,Meta Ads,247.72,13130,155,8
CAMP00033,LumaStyle_Email_202401,2024-01-07,Email,69.83,4132,894,15
CAMP00034,LumaStyle_Organic_202401,2024-01-07,Organic,0.0,4291,94,2
CAMP00035,LumaStyle_Referral_202401,2024-01-07,Referral,0.0,872,82,5
CAMP00036,LumaStyle_GoogleAds_202401,2024-01-08,Google Ads,195.54,8404,157,6
CAMP00037,LumaStyle_MetaAds_202401,2024-01-08,Meta Ads,199.1,14664,201,10
CAMP00038,LumaStyle_Email_202401,2024-01-08,Email,36.33,2304,412,5
CAMP00039,LumaStyle_Organic_202401,2024-01-08,Organic,0.0,6707,174,1
CAMP00040,LumaStyle_Referral_202401,2024-01-08,Referral,0.0,1409,109,7
CAMP00041,LumaStyle_GoogleAds_202401,2024-01-09,Google Ads,381.4,18185,581,16
CAMP00042,LumaStyle_MetaAds_202401,2024-01-09,Meta Ads,101.86,5132,80,4
CAMP00043,LumaStyle_Email_202401,2024-01-09,Email,62.85,3901,764,20
CAMP00044,LumaStyle_Organic_202401,2024-01-09,Organic,0.0,6494,248,5
CAMP00045,LumaStyle_Referral_202401,2024-01-09,Referral,0.0,1248,79,4
CAMP00046,LumaStyle_GoogleAds_202401,2024-01-10,Google Ads,158.22,9369,167,7
CAMP00047,LumaStyle_MetaAds_202401,2024-01-10,Meta Ads,418.97,21620,430,24
CAMP00048,LumaStyle_Email_202401,2024-01-10,Email,42.96,4869,577,6
CAMP00049,LumaStyle_Organic_202401,2024-01-10,Organic,0.0,5843,161,2
CAMP00050,LumaStyle_Referral_202401,2024-01-10,Referral,0.0,1109,114,5
CAMP00051,LumaStyle_GoogleAds_202401,2024-01-11,Google Ads,170.73,10145,352,12
CAMP00052,LumaStyle_MetaAds_202401,2024-01-11,Meta Ads,388.48,28818,521,28
CAMP00053,LumaStyle_Email_202401,2024-01-11,Email,34.36,2422,259,4
CAMP00054,LumaStyle_Organic_202401,2024-01-11,Organic,0.0,5597,183,2
CAMP00055,LumaStyle_Referral_202401,2024-01-11,Referral,0.0,622,56,3
CAMP00056,LumaStyle_GoogleAds_202401,2024-01-12,Google Ads,456.35,18492,445,9
CAMP00057,LumaStyle_MetaAds_202401,2024-01-12,Meta Ads,342.11,23037,277,17
CAMP00058,LumaStyle_Email_202401,2024-01-12,Email,28.69,2303,356,3
CAMP00059,LumaStyle_Organic_202401,2024-01-12,Organic,0.0,6354,189,5
CAMP00060,LumaStyle_Referral_202401,2024-01-12,Referral,0.0,1525,83,5
CAMP00061,LumaStyle_GoogleAds_202401,2024-01-13,Google Ads,220.02,11911,194,5
CAMP00062,LumaStyle_MetaAds_202401,2024-01-13,Meta Ads,334.14,24578,450,22
CAMP00063,LumaStyle_Email_202401,2024-01-13,Email,77.15,2513,513,14
CAMP00064,LumaStyle_Organic_202401,2024-01-13,Organic,0.0,4977,191,3
CAMP00065,LumaStyle_Referral_202401,2024-01-13,Referral,0.0,1620,178,7
CAMP00066,LumaStyle_GoogleAds_202401,2024-01-14,Google Ads,233.32,10922,294,12
CAMP00067,LumaStyle_MetaAds_202401,2024-01-14,Meta Ads,252.44,16085,218,11
CAMP00068,LumaStyle_Email_202401,2024-01-14,Email,69.69,2460,440,8
CAMP00069,LumaStyle_Organic_202401,2024-01-14,Organic,0.0,5094,170,4
CAMP00070,LumaStyle_Referral_202401,2024-01-14,Referral,0.0,1450,111,8
CAMP00071,LumaStyle_GoogleAds_202401,2024-01-15,Google Ads,386.07,19375,351,15
CAMP00072,LumaStyle_MetaAds_202401,2024-01-15,Meta Ads,270.9,19910,301,13
CAMP00073,LumaStyle_Email_202401,2024-01-15,Email,53.43,3893,706,8
CAMP00074,LumaStyle_Organic_202401,2024-01-15,Organic,0.0,6334,238,3
CAMP00075,LumaStyle_Referral_202401,2024-01-15,Referral,0.0,1562,91,6
CAMP00076,LumaStyle_GoogleAds_202401,2024-01-16,Google Ads,168.18,9700,276,10
CAMP00077,LumaStyle_MetaAds_202401,2024-01-16,Meta Ads,152.98,10682,113,7
CAMP00078,LumaStyle_Email_202401,2024-01-16,Email,66.18,2602,422,11
CAMP00079,LumaStyle_Organic_202401,2024-01-16,Organic,0.0,4370,140,3
CAMP00080,LumaStyle_Referral_202401,2024-01-16,Referral,0.0,1545,77,5
CAMP00081,LumaStyle_GoogleAds_202401,2024-01-17,Google Ads,175.58,9700,239,10
CAMP00082,LumaStyle_MetaAds_202401,2024-01-17,Meta Ads,114.82,7686,106,4
CAMP00083,LumaStyle_Email_202401,2024-01-17,Email,63.58,3728,546,9
CAMP00084,LumaStyle_Organic_202401,2024-01-17,Organic,0.0,6531,179,3
CAMP00085,LumaStyle_Referral_202401,2024-01-17,Referral,0.0,1294,154,12
CAMP00086,LumaStyle_GoogleAds_202401,2024-01-18,Google Ads,234.81,12323,362,9
CAMP00087,LumaStyle_MetaAds_202401,2024-01-18,Meta Ads,205.59,16171,146,5
CAMP00088,LumaStyle_Email_202401,2024-01-18,Email,52.67,4527,971,22
CAMP00089,LumaStyle_Organic_202401,2024-01-18,Organic,0.0,3007,80,1
CAMP00090,LumaStyle_Referral_202401,2024-01-18,Referral,0.0,1627,186,8
CAMP00091,LumaStyle_GoogleAds_202401,2024-01-19,Google Ads,439.08,24251,787,16
CAMP00092,LumaStyle_MetaAds_202401,2024-01-19,Meta Ads,136.01,8552,154,7
CAMP00093,LumaStyle_Email_202401,2024-01-19,Email,26.71,2310,253,5
CAMP00094,LumaStyle_Organic_202401,2024-01-19,Organic,0.0,7595,230,6
CAMP00095,LumaStyle_Referral_202401,2024-01-19,Referral,0.0,876,97,4
CAMP00096,LumaStyle_GoogleAds_202401,2024-01-20,Google Ads,205.72,11655,243,8
CAMP00097,LumaStyle_MetaAds_202401,2024-01-20,Meta Ads,122.53,7510,87,3
CAMP00098,LumaStyle_Email_202401,2024-01-20,Email,36.06,3512,540,9
CAMP00099,LumaStyle_Organic_202401,2024-01-20,Organic,0.0,5025,157,2
CAMP00100,LumaStyle_Referral_202401,2024-01-20,Referral,0.0,1597,89,6
CAMP00101,LumaStyle_GoogleAds_202401,2024-01-21,Google Ads,323.88,19351,594,16
CAMP00102,LumaStyle_MetaAds_202401,2024-01-21,Meta Ads,282.35,15448,205,11
CAMP00103,LumaStyle_Email_202401,2024-01-21,Email,74.22,3850,663,17
CAMP00104,LumaStyle_Organic_202401,2024-01-21,Organic,0.0,6803,227,5
CAMP00105,LumaStyle_Referral_202401,2024-01-21,Referral,0.0,670,78,3
CAMP00106,LumaStyle_GoogleAds_202401,2024-01-22,Google Ads,378.58,18651,508,17
CAMP00107,LumaStyle_MetaAds_202401,2024-01-22,Meta Ads,315.59,19404,212,7
CAMP00108,LumaStyle_Email_202401,2024-01-22,Email,75.74,4822,523,7
CAMP00109,LumaStyle_Organic_202401,2024-01-22,Organic,0.0,3968,148,1
CAMP00110,LumaStyle_Referral_202401,2024-01-22,Referral,0.0,1631,133,5
CAMP00111,LumaStyle_GoogleAds_202401,2024-01-23,Google Ads,259.66,13129,451,15
CAMP00112,LumaStyle_MetaAds_202401,2024-01-23,Meta Ads,171.35,12065,160,5
CAMP00113,LumaStyle_Email_202401,2024-01-23,Email,39.63,3179,376,11
CAMP00114,LumaStyle_Organic_202401,2024-01-23,Organic,0.0,6506,205,3
CAMP00115,LumaStyle_Referral_202401,2024-01-23,Referral,0.0,992,105,7
CAMP00116,LumaStyle_GoogleAds_202401,2024-01-24,Google Ads,240.61,11276,205,7
CAMP00117,LumaStyle_MetaAds_202401,2024-01-24,Meta Ads,325.86,17598,198,12
CAMP00118,LumaStyle_Email_202401,2024-01-24,Email,40.75,2830,551,14
CAMP00119,LumaStyle_Organic_202401,2024-01-24,Organic,0.0,7543,218,5
CAMP00120,LumaStyle_Referral_202401,2024-01-24,Referral,0.0,1910,194,12
CAMP00121,LumaStyle_GoogleAds_202401,2024-01-25,Google Ads,181.44,10482,265,13
CAMP00122,LumaStyle_MetaAds_202401,2024-01-25,Meta Ads,314.17,17582,242,16
CAMP00123,LumaStyle_Email_202401,2024-01-25,Email,67.74,3503,634,15
CAMP00124,LumaStyle_Organic_202401,2024-01-25,Organic,0.0,7919,218,3
CAMP00125,LumaStyle_Referral_202401,2024-01-25,Referral,0.0,1865,135,7
CAMP00126,LumaStyle_GoogleAds_202401,2024-01-26,Google Ads,158.94,9076,151,4
CAMP00127,LumaStyle_MetaAds_202401,2024-01-26,Meta Ads,284.13,22227,272,9
CAMP00128,LumaStyle_Email_202401,2024-01-26,Email,78.52,2119,272,4
CAMP00129,LumaStyle_Organic_202401,2024-01-26,Organic,0.0,7526,166,4
CAMP00130,LumaStyle_Referral_202401,2024-01-26,Referral,0.0,1887,101,7
CAMP00131,LumaStyle_GoogleAds_202401,2024-01-27,Google Ads,385.75,15825,363,7
CAMP00132,LumaStyle_MetaAds_202401,2024-01-27,Meta Ads,248.19,17501,299,14
CAMP00133,LumaStyle_Email_202401,2024-01-27,Email,67.84,4619,520,15
CAMP00134,LumaStyle_Organic_202401,2024-01-27,Organic,0.0,3145,65,1
CAMP00135,LumaStyle_Referral_202401,2024-01-27,Referral,0.0,1975,217,13
CAMP00136,LumaStyle_GoogleAds_202401,2024-01-28,Google Ads,470.98,27358,642,17
CAMP00137,LumaStyle_MetaAds_202401,2024-01-28,Meta Ads,313.12,24067,335,11
CAMP00138,LumaStyle_Email_202401,2024-01-28,Email,76.78,2998,451,10
CAMP00139,LumaStyle_Organic_202401,2024-01-28,Organic,0.0,3934,79,1
CAMP00140,LumaStyle_Referral_202401,2024-01-28,Referral,0.0,1985,223,14
CAMP00141,LumaStyle_GoogleAds_202401,2024-01-29,Google Ads,308.52,17452,284,6
CAMP00142,LumaStyle_MetaAds_202401,2024-01-29,Meta Ads,234.19,16415,266,16
CAMP00143,LumaStyle_Email_202401,2024-01-29,Email,73.12,3769,526,9
CAMP00144,LumaStyle_Organic_202401,2024-01-29,Organic,0.0,3343,68,1
CAMP00145,LumaStyle_Referral_202401,2024-01-29,Referral,0.0,877,50,2
CAMP00146,LumaStyle_GoogleAds_202401,2024-01-30,Google Ads,315.12,16801,258,6
CAMP00147,LumaStyle_MetaAds_202401,2024-01-30,Meta Ads,278.01,21209,293,9
CAMP00148,LumaStyle_Email_202401,2024-01-30,Email,31.17,2215,397,6
CAMP00149,LumaStyle_Organic_202401,2024-01-30,Organic,0.0,5683,220,3
CAMP00150,LumaStyle_Referral_202401,2024-01-30,Referral,0.0,1836,205,14
CAMP00151,LumaStyle_GoogleAds_202401,2024-01-31,Google Ads,307.89,15573,237,11
CAMP00152,LumaStyle_MetaAds_202401,2024-01-31,Meta Ads,328.36,25583,385,23
CAMP00153,LumaStyle_Email_202401,2024-01-31,Email,28.67,2536,361,8
CAMP00154,LumaStyle_Organic_202401,2024-01-31,Organic,0.0,4654,153,2
CAMP00155,LumaStyle_Referral_202401,2024-01-31,Referral,0.0,850,83,4
CAMP00156,LumaStyle_GoogleAds_202402,2024-02-01,Google Ads,375.73,15658,289,8
CAMP00157,LumaStyle_MetaAds_202402,2024-02-01,Meta Ads,378.37,20519,291,16
CAMP00158,LumaStyle_Email_202402,2024-02-01,Email,32.17,4835,493,8
CAMP00159,LumaStyle_Organic_202402,2024-02-01,Organic,0.0,3598,89,1
CAMP00160,LumaStyle_Referral_202402,2024-02-01,Referral,0.0,1506,169,11
CAMP00161,LumaStyle_GoogleAds_202402,2024-02-02,Google Ads,155.13,6997,195,7
CAMP00162,LumaStyle_MetaAds_202402,2024-02-02,Meta Ads,431.74,25001,348,19
CAMP00163,LumaStyle_Email_202402,2024-02-02,Email,33.8,4478,787,15
CAMP00164,LumaStyle_Organic_202402,2024-02-02,Organic,0.0,3991,146,3
CAMP00165,LumaStyle_Referral_202402,2024-02-02,Referral,0.0,1411,160,11
CAMP00166,LumaStyle_GoogleAds_202402,2024-02-03,Google Ads,154.67,8439,220,7
CAMP00167,LumaStyle_MetaAds_202402,2024-02-03,Meta Ads,233.3,15358,185,12
CAMP00168,LumaStyle_Email_202402,2024-02-03,Email,31.88,4612,821,20
CAMP00169,LumaStyle_Organic_202402,2024-02-03,Organic,0.0,5872,197,3
CAMP00170,LumaStyle_Referral_202402,2024-02-03,Referral,0.0,1108,72,2
CAMP00171,LumaStyle_GoogleAds_202402,2024-02-04,Google Ads,174.43,7233,218,8
CAMP00172,LumaStyle_MetaAds_202402,2024-02-04,Meta Ads,169.72,12261,156,5
CAMP00173,LumaStyle_Email_202402,2024-02-04,Email,43.5,3969,732,12
CAMP00174,LumaStyle_Organic_202402,2024-02-04,Organic,0.0,6453,131,1
CAMP00175,LumaStyle_Referral_202402,2024-02-04,Referral,0.0,998,116,8
CAMP00176,LumaStyle_GoogleAds_202402,2024-02-05,Google Ads,184.13,10834,335,10
CAMP00177,LumaStyle_MetaAds_202402,2024-02-05,Meta Ads,379.85,27278,471,24
CAMP00178,LumaStyle_Email_202402,2024-02-05,Email,73.9,3178,691,11
CAMP00179,LumaStyle_Organic_202402,2024-02-05,Organic,0.0,6694,217,3
CAMP00180,LumaStyle_Referral_202402,2024-02-05,Referral,0.0,844,62,4
CAMP00181,LumaStyle_GoogleAds_202402,2024-02-06,Google Ads,154.49,7005,196,8
CAMP00182,LumaStyle_MetaAds_202402,2024-02-06,Meta Ads,374.53,18768,249,9
CAMP00183,LumaStyle_Email_202402,2024-02-06,Email,75.49,3644,753,16
CAMP00184,LumaStyle_Organic_202402,2024-02-06,Organic,0.0,6688,151,3
CAMP00185,LumaStyle_Referral_202402,2024-02-06,Referral,0.0,553,32,2
CAMP00186,LumaStyle_GoogleAds_202402,2024-02-07,Google Ads,410.76,16563,485,14
CAMP00187,LumaStyle_MetaAds_202402,2024-02-07,Meta Ads,396.39,20648,358,18
CAMP00188,LumaStyle_Email_202402,2024-02-07,Email,56.32,4878,642,6
CAMP00189,LumaStyle_Organic_202402,2024-02-07,Organic,0.0,7713,217,3
CAMP00190,LumaStyle_Referral_202402,2024-02-07,Referral,0.0,1641,147,7
CAMP00191,LumaStyle_GoogleAds_202402,2024-02-08,Google Ads,282.94,16396,362,17
CAMP00192,LumaStyle_MetaAds_202402,2024-02-08,Meta Ads,430.46,30037,513,24
CAMP00193,LumaStyle_Email_202402,2024-02-08,Email,32.65,2154,272,7
CAMP00194,LumaStyle_Organic_202402,2024-02-08,Organic,0.0,4188,149,2
CAMP00195,LumaStyle_Referral_202402,2024-02-08,Referral,0.0,855,85,3
CAMP00196,LumaStyle_GoogleAds_202402,2024-02-09,Google Ads,340.69,18645,360,8
CAMP00197,LumaStyle_MetaAds_202402,2024-02-09,Meta Ads,185.0,13847,237,15
CAMP00198,LumaStyle_Email_202402,2024-02-09,Email,58.79,3185,598,7
CAMP00199,LumaStyle_Organic_202402,2024-02-09,Organic,0.0,5710,157,2
CAMP00200,LumaStyle_Referral_202402,2024-02-09,Referral,0.0,764,70,4
CAMP00201,LumaStyle_GoogleAds_202402,2024-02-10,Google Ads,353.47,20294,503,12
CAMP00202,LumaStyle_MetaAds_202402,2024-02-10,Meta Ads,159.43,11653,142,4
CAMP00203,LumaStyle_Email_202402,2024-02-10,Email,70.31,2705,376,6
CAMP00204,LumaStyle_Organic_202402,2024-02-10,Organic,0.0,4735,102,3
CAMP00205,LumaStyle_Referral_202402,2024-02-10,Referral,0.0,514,41,1
CAMP00206,LumaStyle_GoogleAds_202402,2024-02-11,Google Ads,435.61,24290,493,17
CAMP00207,LumaStyle_MetaAds_202402,2024-02-11,Meta Ads,198.52,11301,205,6
CAMP00208,LumaStyle_Email_202402,2024-02-11,Email,33.68,3442,598,7
CAMP00209,LumaStyle_Organic_202402,2024-02-11,Organic,0.0,6997,197,2
CAMP00210,LumaStyle_Referral_202402,2024-02-11,Referral,0.0,1701,202,12
CAMP00211,LumaStyle_GoogleAds_202402,2024-02-12,Google Ads,417.55,24470,677,20
CAMP00212,LumaStyle_MetaAds_202402,2024-02-12,Meta Ads,260.27,14920,198,8
CAMP00213,LumaStyle_Email_202402,2024-02-12,Email,78.5,3059,507,5
CAMP00214,LumaStyle_Organic_202402,2024-02-12,Organic,0.0,7736,169,2
CAMP00215,LumaStyle_Referral_202402,2024-02-12,Referral,0.0,516,34,2
CAMP00216,LumaStyle_GoogleAds_202402,2024-02-13,Google Ads,421.47,22050,467,20
CAMP00217,LumaStyle_MetaAds_202402,2024-02-13,Meta Ads,186.87,14030,117,4
CAMP00218,LumaStyle_Email_202402,2024-02-13,Email,51.69,3931,722,11
CAMP00219,LumaStyle_Organic_202402,2024-02-13,Organic,0.0,6014,149,3
CAMP00220,LumaStyle_Referral_202402,2024-02-13,Referral,0.0,1975,225,9
CAMP00221,LumaStyle_GoogleAds_202402,2024-02-14,Google Ads,474.58,21409,732,18
CAMP00222,LumaStyle_MetaAds_202402,2024-02-14,Meta Ads,410.17,20654,298,16
CAMP00223,LumaStyle_Email_202402,2024-02-14,Email,65.79,4074,586,13
CAMP00224,LumaStyle_Organic_202402,2024-02-14,Organic,0.0,7110,143,3
CAMP00225,LumaStyle_Referral_202402,2024-02-14,Referral,0.0,1187,71,3
CAMP00226,LumaStyle_GoogleAds_202402,2024-02-15,Google Ads,167.88,9483,263,8
CAMP00227,LumaStyle_MetaAds_202402,2024-02-15,Meta Ads,426.66,32717,536,31
CAMP00228,LumaStyle_Email_202402,2024-02-15,Email,71.67,3506,498,13
CAMP00229,LumaStyle_Organic_202402,2024-02-15,Organic,0.0,5143,158,3
CAMP00230,LumaStyle_Referral_202402,2024-02-15,Referral,0.0,564,35,2
CAMP00231,LumaStyle_GoogleAds_202402,2024-02-16,Google Ads,475.96,23966,366,14
CAMP00232,LumaStyle_MetaAds_202402,2024-02-16,Meta Ads,354.67,25461,371,24
CAMP00233,LumaStyle_Email_202402,2024-02-16,Email,52.85,3144,376,5
CAMP00234,LumaStyle_Organic_202402,2024-02-16,Organic,0.0,5971,193,1
CAMP00235,LumaStyle_Referral_202402,2024-02-16,Referral,0.0,641,50,3
CAMP00236,LumaStyle_GoogleAds_202402,2024-02-17,Google Ads,165.82,8044,131,3
CAMP00237,LumaStyle_MetaAds_202402,2024-02-17,Meta Ads,236.35,16672,327,21
CAMP00238,LumaStyle_Email_202402,2024-02-17,Email,28.57,4805,646,16
CAMP00239,LumaStyle_Organic_202402,2024-02-17,Organic,0.0,6512,173,3
CAMP00240,LumaStyle_Referral_202402,2024-02-17,Referral,0.0,1247,120,7
CAMP00241,LumaStyle_GoogleAds_202402,2024-02-18,Google Ads,194.91,10958,214,8
CAMP00242,LumaStyle_MetaAds_202402,2024-02-18,Meta Ads,397.78,31535,302,12
CAMP00243,LumaStyle_Email_202402,2024-02-18,Email,61.32,3214,497,10
CAMP00244,LumaStyle_Organic_202402,2024-02-18,Organic,0.0,4521,132,3
CAMP00245,LumaStyle_Referral_202402,2024-02-18,Referral,0.0,1685,154,11
CAMP00246,LumaStyle_GoogleAds_202402,2024-02-19,Google Ads,471.93,22443,538,15
CAMP00247,LumaStyle_MetaAds_202402,2024-02-19,Meta Ads,240.51,15048,210,14
CAMP00248,LumaStyle_Email_202402,2024-02-19,Email,49.91,4789,480,11
CAMP00249,LumaStyle_Organic_202402,2024-02-19,Organic,0.0,7008,183,4
CAMP00250,LumaStyle_Referral_202402,2024-02-19,Referral,0.0,629,61,3
CAMP00251,LumaStyle_GoogleAds_202402,2024-02-20,Google Ads,203.72,10215,340,7
CAMP00252,LumaStyle_MetaAds_202402,2024-02-20,Meta Ads,354.02,27390,467,16
CAMP00253,LumaStyle_Email_202402,2024-02-20,Email,45.74,3213,517,14
CAMP00254,LumaStyle_Organic_202402,2024-02-20,Organic,0.0,4186,148,1
CAMP00255,LumaStyle_Referral_202402,2024-02-20,Referral,0.0,1230,119,7
CAMP00256,LumaStyle_GoogleAds_202402,2024-02-21,Google Ads,347.11,19482,644,30
CAMP00257,LumaStyle_MetaAds_202402,2024-02-21,Meta Ads,121.69,8064,154,10
CAMP00258,LumaStyle_Email_202402,2024-02-21,Email,37.08,3231,532,11
CAMP00259,LumaStyle_Organic_202402,2024-02-21,Organic,0.0,6173,208,5
CAMP00260,LumaStyle_Referral_202402,2024-02-21,Referral,0.0,1036,57,2
CAMP00261,LumaStyle_GoogleAds_202402,2024-02-22,Google Ads,247.06,13422,460,17
CAMP00262,LumaStyle_MetaAds_202402,2024-02-22,Meta Ads,446.94,23139,397,13
CAMP00263,LumaStyle_Email_202402,2024-02-22,Email,67.19,2742,532,6
CAMP00264,LumaStyle_Organic_202402,2024-02-22,Organic,0.0,4298,149,3
CAMP00265,LumaStyle_Referral_202402,2024-02-22,Referral,0.0,795,78,4
CAMP00266,LumaStyle_GoogleAds_202402,2024-02-23,Google Ads,300.7,15138,270,11
CAMP00267,LumaStyle_MetaAds_202402,2024-02-23,Meta Ads,330.88,20579,244,14
CAMP00268,LumaStyle_Email_202402,2024-02-23,Email,44.72,3519,598,14
CAMP00269,LumaStyle_Organic_202402,2024-02-23,Organic,0.0,7559,211,4
CAMP00270,LumaStyle_Referral_202402,2024-02-23,Referral,0.0,1467,157,10
CAMP00271,LumaStyle_GoogleAds_202402,2024-02-24,Google Ads,272.36,14106,337,7
CAMP00272,LumaStyle_MetaAds_202402,2024-02-24,Meta Ads,385.03,20182,287,19
CAMP00273,LumaStyle_Email_202402,2024-02-24,Email,61.72,3156,586,16
CAMP00274,LumaStyle_Organic_202402,2024-02-24,Organic,0.0,7343,254,2
CAMP00275,LumaStyle_Referral_202402,2024-02-24,Referral,0.0,1387,88,5
CAMP00276,LumaStyle_GoogleAds_202402,2024-02-25,Google Ads,338.04,16603,564,13
CAMP00277,LumaStyle_MetaAds_202402,2024-02-25,Meta Ads,244.12,17880,297,10
CAMP00278,LumaStyle_Email_202402,2024-02-25,Email,43.12,4125,466,8
CAMP00279,LumaStyle_Organic_202402,2024-02-25,Organic,0.0,5758,225,5
CAMP00280,LumaStyle_Referral_202402,2024-02-25,Referral,0.0,955,74,3
CAMP00281,LumaStyle_GoogleAds_202402,2024-02-26,Google Ads,392.2,16734,484,18
CAMP00282,LumaStyle_MetaAds_202402,2024-02-26,Meta Ads,161.64,11342,111,7
CAMP00283,LumaStyle_Email_202402,2024-02-26,Email,21.73,3259,571,12
CAMP00284,LumaStyle_Organic_202402,2024-02-26,Organic,0.0,5637,192,3
CAMP00285,LumaStyle_Referral_202402,2024-02-26,Referral,0.0,1070,60,2
CAMP00286,LumaStyle_GoogleAds_202402,2024-02-27,Google Ads,423.27,19298,521,21
CAMP00287,LumaStyle_MetaAds_202402,2024-02-27,Meta Ads,353.93,20246,360,14
CAMP00288,LumaStyle_Email_202402,2024-02-27,Email,60.99,3104,373,9
CAMP00289,LumaStyle_Organic_202402,2024-02-27,Organic,0.0,7264,166,4
CAMP00290,LumaStyle_Referral_202402,2024-02-27,Referral,0.0,1022,119,6
CAMP00291,LumaStyle_GoogleAds_202402,2024-02-28,Google Ads,422.6,23694,474,13
CAMP00292,LumaStyle_MetaAds_202402,2024-02-28,Meta Ads,289.65,15770,137,6
CAMP00293,LumaStyle_Email_202402,2024-02-28,Email,63.61,4754,820,20
CAMP00294,LumaStyle_Organic_202402,2024-02-28,Organic,0.0,4039,159,2
CAMP00295,LumaStyle_Referral_202402,2024-02-28,Referral,0.0,622,39,2
CAMP00296,LumaStyle_GoogleAds_202402,2024-02-29,Google Ads,176.21,9135,274,10
CAMP00297,LumaStyle_MetaAds_202402,2024-02-29,Meta Ads,375.92,27386,455,23
CAMP00298,LumaStyle_Email_202402,2024-02-29,Email,36.96,3160,373,5
CAMP00299,LumaStyle_Organic_202402,2024-02-29,Organic,0.0,4109,118,2
CAMP00300,LumaStyle_Referral_202402,2024-02-29,Referral,0.0,1413,118,8
CAMP00301,LumaStyle_GoogleAds_202403,2024-03-01,Google Ads,176.01,9153,224,6
CAMP00302,LumaStyle_MetaAds_202403,2024-03-01,Meta Ads,181.09,14476,134,8
CAMP00303,LumaStyle_Email_202403,2024-03-01,Email,58.59,2960,573,7
CAMP00304,LumaStyle_Organic_202403,2024-03-01,Organic,0.0,4418,104,1
CAMP00305,LumaStyle_Referral_202403,2024-03-01,Referral,0.0,1441,168,9
CAMP00306,LumaStyle_GoogleAds_202403,2024-03-02,Google Ads,488.37,29112,525,21
CAMP00307,LumaStyle_MetaAds_202403,2024-03-02,Meta Ads,127.92,8988,121,3
CAMP00308,LumaStyle_Email_202403,2024-03-02,Email,29.76,3287,667,11
CAMP00309,LumaStyle_Organic_202403,2024-03-02,Organic,0.0,3196,69,1
CAMP00310,LumaStyle_Referral_202403,2024-03-02,Referral,0.0,747,62,4
CAMP00311,LumaStyle_GoogleAds_202403,2024-03-03,Google Ads,347.06,17616,583,14
CAMP00312,LumaStyle_MetaAds_202403,2024-03-03,Meta Ads,371.31,25728,383,14
CAMP00313,LumaStyle_Email_202403,2024-03-03,Email,25.45,2696,307,7
CAMP00314,LumaStyle_Organic_202403,2024-03-03,Organic,0.0,7979,289,6
CAMP00315,LumaStyle_Referral_202403,2024-03-03,Referral,0.0,1503,88,6
CAMP00316,LumaStyle_GoogleAds_202403,2024-03-04,Google Ads,435.11,23679,518,20
CAMP00317,LumaStyle_MetaAds_202403,2024-03-04,Meta Ads,240.74,18143,225,8
CAMP00318,LumaStyle_Email_202403,2024-03-04,Email,53.32,3632,482,11
CAMP00319,LumaStyle_Organic_202403,2024-03-04,Organic,0.0,5769,190,2
CAMP00320,LumaStyle_Referral_202403,2024-03-04,Referral,0.0,1163,88,4
CAMP00321,LumaStyle_GoogleAds_202403,2024-03-05,Google Ads,417.99,20186,686,24
CAMP00322,LumaStyle_MetaAds_202403,2024-03-05,Meta Ads,179.73,14346,245,13
CAMP00323,LumaStyle_Email_202403,2024-03-05,Email,49.27,3267,563,11
CAMP00324,LumaStyle_Organic_202403,2024-03-05,Organic,0.0,3550,108,3
CAMP00325,LumaStyle_Referral_202403,2024-03-05,Referral,0.0,1462,171,12
CAMP00326,LumaStyle_GoogleAds_202403,2024-03-06,Google Ads,175.79,9475,315,10
CAMP00327,LumaStyle_MetaAds_202403,2024-03-06,Meta Ads,222.76,13068,256,10
CAMP00328,LumaStyle_Email_202403,2024-03-06,Email,76.98,2377,435,10
CAMP00329,LumaStyle_Organic_202403,2024-03-06,Organic,0.0,7006,244,4
CAMP00330,LumaStyle_Referral_202403,2024-03-06,Referral,0.0,1085,78,4
CAMP00331,LumaStyle_GoogleAds_202403,2024-03-07,Google Ads,457.94,25546,487,21
CAMP00332,LumaStyle_MetaAds_202403,2024-03-07,Meta Ads,360.94,24184,199,12
CAMP00333,LumaStyle_Email_202403,2024-03-07,Email,48.43,4922,545,8
CAMP00334,LumaStyle_Organic_202403,2024-03-07,Organic,0.0,4718,115,2
CAMP00335,LumaStyle_Referral_202403,2024-03-07,Referral,0.0,1747,101,4
CAMP00336,LumaStyle_GoogleAds_202403,2024-03-08,Google Ads,329.69,17909,326,11
CAMP00337,LumaStyle_MetaAds_202403,2024-03-08,Meta Ads,253.68,18623,206,13
CAMP00338,LumaStyle_Email_202403,2024-03-08,Email,55.85,2121,390,6
CAMP00339,LumaStyle_Organic_202403,2024-03-08,Organic,0.0,6605,188,4
CAMP00340,LumaStyle_Referral_202403,2024-03-08,Referral,0.0,677,47,1
CAMP00341,LumaStyle_GoogleAds_202403,2024-03-09,Google Ads,355.05,15292,236,7
CAMP00342,LumaStyle_MetaAds_202403,2024-03-09,Meta Ads,154.13,9621,117,5
CAMP00343,LumaStyle_Email_202403,2024-03-09,Email,22.3,4283,687,15
CAMP00344,LumaStyle_Organic_202403,2024-03-09,Organic,0.0,3875,111,1
CAMP00345,LumaStyle_Referral_202403,2024-03-09,Referral,0.0,1094,128,6
CAMP00346,LumaStyle_GoogleAds_202403,2024-03-10,Google Ads,416.7,24423,776,22
CAMP00347,LumaStyle_MetaAds_202403,2024-03-10,Meta Ads,327.08,23406,405,17
CAMP00348,LumaStyle_Email_202403,2024-03-10,Email,28.68,2934,455,6
CAMP00349,LumaStyle_Organic_202403,2024-03-10,Organic,0.0,3483,138,2
CAMP00350,LumaStyle_Referral_202403,2024-03-10,Referral,0.0,705,59,3
CAMP00351,LumaStyle_GoogleAds_202403,2024-03-11,Google Ads,329.37,13469,431,11
CAMP00352,LumaStyle_MetaAds_202403,2024-03-11,Meta Ads,342.76,26530,215,8
CAMP00353,LumaStyle_Email_202403,2024-03-11,Email,20.16,4441,781,20
CAMP00354,LumaStyle_Organic_202403,2024-03-11,Organic,0.0,5882,120,3
CAMP00355,LumaStyle_Referral_202403,2024-03-11,Referral,0.0,754,51,3
CAMP00356,LumaStyle_GoogleAds_202403,2024-03-12,Google Ads,330.13,16546,285,11
CAMP00357,LumaStyle_MetaAds_202403,2024-03-12,Meta Ads,308.65,19888,346,24
CAMP00358,LumaStyle_Email_202403,2024-03-12,Email,33.52,2598,509,5
CAMP00359,LumaStyle_Organic_202403,2024-03-12,Organic,0.0,4488,94,2
CAMP00360,LumaStyle_Referral_202403,2024-03-12,Referral,0.0,738,51,3
CAMP00361,LumaStyle_GoogleAds_202403,2024-03-13,Google Ads,360.6,15267,345,10
CAMP00362,LumaStyle_MetaAds_202403,2024-03-13,Meta Ads,107.95,8533,166,8
CAMP00363,LumaStyle_Email_202403,2024-03-13,Email,56.13,3895,680,15
CAMP00364,LumaStyle_Organic_202403,2024-03-13,Organic,0.0,4800,160,4
CAMP00365,LumaStyle_Referral_202403,2024-03-13,Referral,0.0,1026,116,7
CAMP00366,LumaStyle_GoogleAds_202403,2024-03-14,Google Ads,370.08,17922,309,11
CAMP00367,LumaStyle_MetaAds_202403,2024-03-14,Meta Ads,112.43,8643,123,4
CAMP00368,LumaStyle_Email_202403,2024-03-14,Email,66.41,2604,473,6
CAMP00369,LumaStyle_Organic_202403,2024-03-14,Organic,0.0,4358,103,1
CAMP00370,LumaStyle_Referral_202403,2024-03-14,Referral,0.0,1438,103,6
CAMP00371,LumaStyle_GoogleAds_202403,2024-03-15,Google Ads,493.59,24334,383,14
CAMP00372,LumaStyle_MetaAds_202403,2024-03-15,Meta Ads,364.06,21664,342,23
CAMP00373,LumaStyle_Email_202403,2024-03-15,Email,71.2,4579,918,17
CAMP00374,LumaStyle_Organic_202403,2024-03-15,Organic,0.0,3379,95,1
CAMP00375,LumaStyle_Referral_202403,2024-03-15,Referral,0.0,1403,118,7
CAMP00376,LumaStyle_GoogleAds_202403,2024-03-16,Google Ads,404.68,23373,606,26
CAMP00377,LumaStyle_MetaAds_202403,2024-03-16,Meta Ads,265.04,14760,119,6
CAMP00378,LumaStyle_Email_202403,2024-03-16,Email,69.03,4058,508,10
CAMP00379,LumaStyle_Organic_202403,2024-03-16,Organic,0.0,3012,115,2
CAMP00380,LumaStyle_Referral_202403,2024-03-16,Referral,0.0,1370,88,5
CAMP00381,LumaStyle_GoogleAds_202403,2024-03-17,Google Ads,299.57,15358,536,16
CAMP00382,LumaStyle_MetaAds_202403,2024-03-17,Meta Ads,208.53,16319,245,15
CAMP00383,LumaStyle_Email_202403,2024-03-17,Email,34.54,3906,791,18
CAMP00384,LumaStyle_Organic_202403,2024-03-17,Organic,0.0,6535,228,4
CAMP00385,LumaStyle_Referral_202403,2024-03-17,Referral,0.0,1512,172,6
CAMP00386,LumaStyle_GoogleAds_202403,2024-03-18,Google Ads,226.19,9395,276,7
CAMP00387,LumaStyle_MetaAds_202403,2024-03-18,Meta Ads,119.59,6715,98,2
CAMP00388,LumaStyle_Email_202403,2024-03-18,Email,41.21,2837,307,8
CAMP00389,LumaStyle_Organic_202403,2024-03-18,Organic,0.0,3051,61,1
CAMP00390,LumaStyle_Referral_202403,2024-03-18,Referral,0.0,1591,102,6
CAMP00391,LumaStyle_GoogleAds_202403,2024-03-19,Google Ads,255.87,13007,364,13
CAMP00392,LumaStyle_MetaAds_202403,2024-03-19,Meta Ads,375.14,22475,287,11
CAMP00393,LumaStyle_Email_202403,2024-03-19,Email,74.98,2259,496,9
CAMP00394,LumaStyle_Organic_202403,2024-03-19,Organic,0.0,7265,189,5
CAMP00395,LumaStyle_Referral_202403,2024-03-19,Referral,0.0,1424,110,4
CAMP00396,LumaStyle_GoogleAds_202403,2024-03-20,Google Ads,332.6,19793,370,11
CAMP00397,LumaStyle_MetaAds_202403,2024-03-20,Meta Ads,337.75,22070,207,12
CAMP00398,LumaStyle_Email_202403,2024-03-20,Email,55.78,4851,873,12
CAMP00399,LumaStyle_Organic_202403,2024-03-20,Organic,0.0,5999,137,3
CAMP00400,LumaStyle_Referral_202403,2024-03-20,Referral,0.0,1333,137,8
CAMP00401,LumaStyle_GoogleAds_202403,2024-03-21,Google Ads,414.86,20141,406,16
CAMP00402,LumaStyle_MetaAds_202403,2024-03-21,Meta Ads,214.82,16753,138,8
CAMP00403,LumaStyle_Email_202403,2024-03-21,Email,60.84,4910,495,11
CAMP00404,LumaStyle_Organic_202403,2024-03-21,Organic,0.0,4980,191,4
CAMP00405,LumaStyle_Referral_202403,2024-03-21,Referral,0.0,1988,211,13
CAMP00406,LumaStyle_GoogleAds_202403,2024-03-22,Google Ads,177.89,9769,288,7
CAMP00407,LumaStyle_MetaAds_202403,2024-03-22,Meta Ads,165.24,12304,143,8
CAMP00408,LumaStyle_Email_202403,2024-03-22,Email,49.78,3272,651,10
CAMP00409,LumaStyle_Organic_202403,2024-03-22,Organic,0.0,4499,118,2
CAMP00410,LumaStyle_Referral_202403,2024-03-22,Referral,0.0,654,39,1
CAMP00411,LumaStyle_GoogleAds_202403,2024-03-23,Google Ads,291.02,15032,268,11
CAMP00412,LumaStyle_MetaAds_202403,2024-03-23,Meta Ads,177.74,12823,240,13
CAMP00413,LumaStyle_Email_202403,2024-03-23,Email,29.63,2201,335,6
CAMP00414,LumaStyle_Organic_202403,2024-03-23,Organic,0.0,7526,269,3
CAMP00415,LumaStyle_Referral_202403,2024-03-23,Referral,0.0,1899,100,6
CAMP00416,LumaStyle_GoogleAds_202403,2024-03-24,Google Ads,228.42,11862,196,4
CAMP00417,LumaStyle_MetaAds_202403,2024-03-24,Meta Ads,386.23,23392,438,13
CAMP00418,LumaStyle_Email_202403,2024-03-24,Email,65.82,3175,621,7
CAMP00419,LumaStyle_Organic_202403,2024-03-24,Organic,0.0,5125,154,1
CAMP00420,LumaStyle_Referral_202403,2024-03-24,Referral,0.0,928,98,3
CAMP00421,LumaStyle_GoogleAds_202403,2024-03-25,Google Ads,458.19,23958,601,22
CAMP00422,LumaStyle_MetaAds_202403,2024-03-25,Meta Ads,408.04,30522,574,22
CAMP00423,LumaStyle_Email_202403,2024-03-25,Email,70.78,4480,710,9
CAMP00424,LumaStyle_Organic_202403,2024-03-25,Organic,0.0,6265,126,2
CAMP00425,LumaStyle_Referral_202403,2024-03-25,Referral,0.0,591,35,2
CAMP00426,LumaStyle_GoogleAds_202403,2024-03-26,Google Ads,205.11,11617,358,13
CAMP00427,LumaStyle_MetaAds_202403,2024-03-26,Meta Ads,138.31,10065,196,12
CAMP00428,LumaStyle_Email_202403,2024-03-26,Email,70.55,3297,415,8
CAMP00429,LumaStyle_Organic_202403,2024-03-26,Organic,0.0,5955,231,6
CAMP00430,LumaStyle_Referral_202403,2024-03-26,Referral,0.0,1334,122,5
CAMP00431,LumaStyle_GoogleAds_202403,2024-03-27,Google Ads,491.85,29001,708,19
CAMP00432,LumaStyle_MetaAds_202403,2024-03-27,Meta Ads,345.8,23704,423,21
CAMP00433,LumaStyle_Email_202403,2024-03-27,Email,66.92,3942,485,6
CAMP00434,LumaStyle_Organic_202403,2024-03-27,Organic,0.0,3393,74,2
CAMP00435,LumaStyle_Referral_202403,2024-03-27,Referral,0.0,875,72,4
CAMP00436,LumaStyle_GoogleAds_202403,2024-03-28,Google Ads,220.31,10059,259,12
CAMP00437,LumaStyle_MetaAds_202403,2024-03-28,Meta Ads,143.02,8441,122,6
CAMP00438,LumaStyle_Email_202403,2024-03-28,Email,71.11,3463,408,4
CAMP00439,LumaStyle_Organic_202403,2024-03-28,Organic,0.0,5327,137,2
CAMP00440,LumaStyle_Referral_202403,2024-03-28,Referral,0.0,625,68,3
CAMP00441,LumaStyle_GoogleAds_202403,2024-03-29,Google Ads,431.66,25286,610,14
CAMP00442,LumaStyle_MetaAds_202403,2024-03-29,Meta Ads,403.48,22583,210,8
CAMP00443,LumaStyle_Email_202403,2024-03-29,Email,30.75,2127,456,8
CAMP00444,LumaStyle_Organic_202403,2024-03-29,Organic,0.0,5014,193,3
CAMP00445,LumaStyle_Referral_202403,2024-03-29,Referral,0.0,586,64,3
CAMP00446,LumaStyle_GoogleAds_202403,2024-03-30,Google Ads,231.48,12436,249,10
CAMP00447,LumaStyle_MetaAds_202403,2024-03-30,Meta Ads,380.83,20137,228,14
CAMP00448,LumaStyle_Email_202403,2024-03-30,Email,79.14,3884,641,11
CAMP00449,LumaStyle_Organic_202403,2024-03-30,Organic,0.0,3498,127,2
CAMP00450,LumaStyle_Referral_202403,2024-03-30,Referral,0.0,564,52,3
CAMP00451,LumaStyle_GoogleAds_202403,2024-03-31,Google Ads,219.3,9074,233,7
CAMP00452,LumaStyle_MetaAds_202403,2024-03-31,Meta Ads,422.31,22014,210,13
CAMP00453,LumaStyle_Email_202403,2024-03-31,Email,79.81,2285,451,7
CAMP00454,LumaStyle_Organic_202403,2024-03-31,Organic,0.0,5642,142,3
CAMP00455,LumaStyle_Referral_202403,2024-03-31,Referral,0.0,1654,176,11
CAMP00456,LumaStyle_GoogleAds_202404,2024-04-01,Google Ads,210.69,11839,384,7
CAMP00457,LumaStyle_MetaAds_202404,2024-04-01,Meta Ads,380.68,29702,261,9
CAMP00458,LumaStyle_Email_202404,2024-04-01,Email,38.99,2121,232,6
CAMP00459,LumaStyle_Organic_202404,2024-04-01,Organic,0.0,6585,195,5
CAMP00460,LumaStyle_Referral_202404,2024-04-01,Referral,0.0,1958,158,8
CAMP00461,LumaStyle_GoogleAds_202404,2024-04-02,Google Ads,446.4,20525,570,11
CAMP00462,LumaStyle_MetaAds_202404,2024-04-02,Meta Ads,401.37,24889,241,15
CAMP00463,LumaStyle_Email_202404,2024-04-02,Email,75.02,2311,491,12
CAMP00464,LumaStyle_Organic_202404,2024-04-02,Organic,0.0,5728,184,3
CAMP00465,LumaStyle_Referral_202404,2024-04-02,Referral,0.0,1077,114,7
CAMP00466,LumaStyle_GoogleAds_202404,2024-04-03,Google Ads,163.04,8478,157,7
CAMP00467,LumaStyle_MetaAds_202404,2024-04-03,Meta Ads,374.99,21236,394,22
CAMP00468,LumaStyle_Email_202404,2024-04-03,Email,58.48,3985,407,11
CAMP00469,LumaStyle_Organic_202404,2024-04-03,Organic,0.0,3155,89,0
CAMP00470,LumaStyle_Referral_202404,2024-04-03,Referral,0.0,1234,104,5
CAMP00471,LumaStyle_GoogleAds_202404,2024-04-04,Google Ads,262.42,12977,344,15
CAMP00472,LumaStyle_MetaAds_202404,2024-04-04,Meta Ads,400.86,26746,524,31
CAMP00473,LumaStyle_Email_202404,2024-04-04,Email,29.58,3332,570,15
CAMP00474,LumaStyle_Organic_202404,2024-04-04,Organic,0.0,4140,158,1
CAMP00475,LumaStyle_Referral_202404,2024-04-04,Referral,0.0,1946,178,10
CAMP00476,LumaStyle_GoogleAds_202404,2024-04-05,Google Ads,152.98,7440,134,3
CAMP00477,LumaStyle_MetaAds_202404,2024-04-05,Meta Ads,189.15,11408,145,9
CAMP00478,LumaStyle_Email_202404,2024-04-05,Email,24.94,4000,406,6
CAMP00479,LumaStyle_Organic_202404,2024-04-05,Organic,0.0,7433,248,5
CAMP00480,LumaStyle_Referral_202404,2024-04-05,Referral,0.0,1566,113,5
CAMP00481,LumaStyle_GoogleAds_202404,2024-04-06,Google Ads,399.81,22392,398,19
CAMP00482,LumaStyle_MetaAds_202404,2024-04-06,Meta Ads,259.4,15237,224,15
CAMP00483,LumaStyle_Email_202404,2024-04-06,Email,62.84,2474,501,6
CAMP00484,LumaStyle_Organic_202404,2024-04-06,Organic,0.0,6113,165,2
CAMP00485,LumaStyle_Referral_202404,2024-04-06,Referral,0.0,1075,122,4
CAMP00486,LumaStyle_GoogleAds_202404,2024-04-07,Google Ads,197.11,10163,216,5
CAMP00487,LumaStyle_MetaAds_202404,2024-04-07,Meta Ads,363.85,24887,348,19
CAMP00488,LumaStyle_Email_202404,2024-04-07,Email,43.7,3839,456,5
CAMP00489,LumaStyle_Organic_202404,2024-04-07,Organic,0.0,7874,187,4
CAMP00490,LumaStyle_Referral_202404,2024-04-07,Referral,0.0,1863,186,13
CAMP00491,LumaStyle_GoogleAds_202404,2024-04-08,Google Ads,157.53,6459,150,5
CAMP00492,LumaStyle_MetaAds_202404,2024-04-08,Meta Ads,379.31,19117,202,12
CAMP00493,LumaStyle_Email_202404,2024-04-08,Email,50.61,3379,658,13
CAMP00494,LumaStyle_Organic_202404,2024-04-08,Organic,0.0,4692,117,2
CAMP00495,LumaStyle_Referral_202404,2024-04-08,Referral,0.0,1148,123,7
CAMP00496,LumaStyle_GoogleAds_202404,2024-04-09,Google Ads,261.57,11246,359,9
CAMP00497,LumaStyle_MetaAds_202404,2024-04-09,Meta Ads,232.02,12198,102,5
CAMP00498,LumaStyle_Email_202404,2024-04-09,Email,26.78,4148,620,6
CAMP00499,LumaStyle_Organic_202404,2024-04-09,Organic,0.0,5617,201,2
CAMP00500,LumaStyle_Referral_202404,2024-04-09,Referral,0.0,762,57,4
CAMP00501,LumaStyle_GoogleAds_202404,2024-04-10,Google Ads,173.04,7083,186,7
CAMP00502,LumaStyle_MetaAds_202404,2024-04-10,Meta Ads,317.3,23679,362,13
CAMP00503,LumaStyle_Email_202404,2024-04-10,Email,67.32,3668,494,10
CAMP00504,LumaStyle_Organic_202404,2024-04-10,Organic,0.0,7025,142,1
CAMP00505,LumaStyle_Referral_202404,2024-04-10,Referral,0.0,1097,80,3
CAMP00506,LumaStyle_GoogleAds_202404,2024-04-11,Google Ads,274.59,12798,316,8
CAMP00507,LumaStyle_MetaAds_202404,2024-04-11,Meta Ads,434.76,23173,343,11
CAMP00508,LumaStyle_Email_202404,2024-04-11,Email,72.88,3986,568,12
CAMP00509,LumaStyle_Organic_202404,2024-04-11,Organic,0.0,5494,122,2
CAMP00510,LumaStyle_Referral_202404,2024-04-11,Referral,0.0,531,35,1
CAMP00511,LumaStyle_GoogleAds_202404,2024-04-12,Google Ads,351.06,17095,359,16
CAMP00512,LumaStyle_MetaAds_202404,2024-04-12,Meta Ads,284.14,21293,325,13
CAMP00513,LumaStyle_Email_202404,2024-04-12,Email,59.32,4055,659,17
CAMP00514,LumaStyle_Organic_202404,2024-04-12,Organic,0.0,6302,135,3
CAMP00515,LumaStyle_Referral_202404,2024-04-12,Referral,0.0,721,79,5
CAMP00516,LumaStyle_GoogleAds_202404,2024-04-13,Google Ads,305.42,12567,191,5
CAMP00517,LumaStyle_MetaAds_202404,2024-04-13,Meta Ads,370.53,24688,437,13
CAMP00518,LumaStyle_Email_202404,2024-04-13,Email,25.48,2161,255,2
CAMP00519,LumaStyle_Organic_202404,2024-04-13,Organic,0.0,4553,101,1
CAMP00520,LumaStyle_Referral_202404,2024-04-13,Referral,0.0,1451,119,8
CAMP00521,LumaStyle_GoogleAds_202404,2024-04-14,Google Ads,214.97,12829,297,9
CAMP00522,LumaStyle_MetaAds_202404,2024-04-14,Meta Ads,380.06,20796,230,9
CAMP00523,LumaStyle_Email_202404,2024-04-14,Email,78.19,3455,719,7
CAMP00524,LumaStyle_Organic_202404,2024-04-14,Organic,0.0,6559,260,4
CAMP00525,LumaStyle_Referral_202404,2024-04-14,Referral,0.0,1581,189,11
CAMP00526,LumaStyle_GoogleAds_202404,2024-04-15,Google Ads,184.11,8530,191,5
CAMP00527,LumaStyle_MetaAds_202404,2024-04-15,Meta Ads,287.37,18388,355,24
CAMP00528,LumaStyle_Email_202404,2024-04-15,Email,60.85,4731,539,8
CAMP00529,LumaStyle_Organic_202404,2024-04-15,Organic,0.0,5614,216,4
CAMP00530,LumaStyle_Referral_202404,2024-04-15,Referral,0.0,1518,154,7
CAMP00531,LumaStyle_GoogleAds_202404,2024-04-16,Google Ads,189.96,7603,143,7
CAMP00532,LumaStyle_MetaAds_202404,2024-04-16,Meta Ads,264.16,14899,193,5
CAMP00533,LumaStyle_Email_202404,2024-04-16,Email,38.12,2764,585,7
CAMP00534,LumaStyle_Organic_202404,2024-04-16,Organic,0.0,4073,143,1
CAMP00535,LumaStyle_Referral_202404,2024-04-16,Referral,0.0,1090,64,4
CAMP00536,LumaStyle_GoogleAds_202404,2024-04-17,Google Ads,242.43,10184,272,11
CAMP00537,LumaStyle_MetaAds_202404,2024-04-17,Meta Ads,214.81,14033,144,9
CAMP00538,LumaStyle_Email_202404,2024-04-17,Email,24.25,4091,558,10
CAMP00539,LumaStyle_Organic_202404,2024-04-17,Organic,0.0,7969,163,3
CAMP00540,LumaStyle_Referral_202404,2024-04-17,Referral,0.0,725,69,4
CAMP00541,LumaStyle_GoogleAds_202404,2024-04-18,Google Ads,378.96,16813,330,7
CAMP00542,LumaStyle_MetaAds_202404,2024-04-18,Meta Ads,299.22,22914,386,25
CAMP00543,LumaStyle_Email_202404,2024-04-18,Email,41.34,3938,463,11
CAMP00544,LumaStyle_Organic_202404,2024-04-18,Organic,0.0,6691,160,1
CAMP00545,LumaStyle_Referral_202404,2024-04-18,Referral,0.0,1876,193,10
CAMP00546,LumaStyle_GoogleAds_202404,2024-04-19,Google Ads,451.74,21796,403,10
CAMP00547,LumaStyle_MetaAds_202404,2024-04-19,Meta Ads,396.55,24097,231,9
CAMP00548,LumaStyle_Email_202404,2024-04-19,Email,21.57,2395,442,12
CAMP00549,LumaStyle_Organic_202404,2024-04-19,Organic,0.0,7127,150,1
CAMP00550,LumaStyle_Referral_202404,2024-04-19,Referral,0.0,1875,121,6
CAMP00551,LumaStyle_GoogleAds_202404,2024-04-20,Google Ads,353.25,19503,354,9
CAMP00552,LumaStyle_MetaAds_202404,2024-04-20,Meta Ads,423.87,21290,260,15
CAMP00553,LumaStyle_Email_202404,2024-04-20,Email,41.46,2297,321,8
CAMP00554,LumaStyle_Organic_202404,2024-04-20,Organic,0.0,6293,204,2
CAMP00555,LumaStyle_Referral_202404,2024-04-20,Referral,0.0,820,51,3
CAMP00556,LumaStyle_GoogleAds_202404,2024-04-21,Google Ads,175.29,9848,323,8
CAMP00557,LumaStyle_MetaAds_202404,2024-04-21,Meta Ads,406.58,20412,400,24
CAMP00558,LumaStyle_Email_202404,2024-04-21,Email,53.81,2346,366,8
CAMP00559,LumaStyle_Organic_202404,2024-04-21,Organic,0.0,3656,115,2
CAMP00560,LumaStyle_Referral_202404,2024-04-21,Referral,0.0,882,95,5
CAMP00561,LumaStyle_GoogleAds_202404,2024-04-22,Google Ads,486.48,20584,551,17
CAMP00562,LumaStyle_MetaAds_202404,2024-04-22,Meta Ads,281.56,22140,326,20
CAMP00563,LumaStyle_Email_202404,2024-04-22,Email,46.21,2633,288,5
CAMP00564,LumaStyle_Organic_202404,2024-04-22,Organic,0.0,5317,211,3
CAMP00565,LumaStyle_Referral_202404,2024-04-22,Referral,0.0,721,53,2
CAMP00566,LumaStyle_GoogleAds_202404,2024-04-23,Google Ads,307.41,13614,446,19
CAMP00567,LumaStyle_MetaAds_202404,2024-04-23,Meta Ads,268.44,20623,411,26
CAMP00568,LumaStyle_Email_202404,2024-04-23,Email,51.68,3200,680,7
CAMP00569,LumaStyle_Organic_202404,2024-04-23,Organic,0.0,4191,161,4
CAMP00570,LumaStyle_Referral_202404,2024-04-23,Referral,0.0,738,63,2
CAMP00571,LumaStyle_GoogleAds_202404,2024-04-24,Google Ads,183.19,7990,229,6
CAMP00572,LumaStyle_MetaAds_202404,2024-04-24,Meta Ads,195.46,11383,152,5
CAMP00573,LumaStyle_Email_202404,2024-04-24,Email,29.96,3079,320,6
CAMP00574,LumaStyle_Organic_202404,2024-04-24,Organic,0.0,5495,203,5
CAMP00575,LumaStyle_Referral_202404,2024-04-24,Referral,0.0,671,42,1
CAMP00576,LumaStyle_GoogleAds_202404,2024-04-25,Google Ads,300.98,16402,292,8
CAMP00577,LumaStyle_MetaAds_202404,2024-04-25,Meta Ads,440.25,25476,335,14
CAMP00578,LumaStyle_Email_202404,2024-04-25,Email,67.66,2275,400,8
CAMP00579,LumaStyle_Organic_202404,2024-04-25,Organic,0.0,4948,151,2
CAMP00580,LumaStyle_Referral_202404,2024-04-25,Referral,0.0,1153,65,4
CAMP00581,LumaStyle_GoogleAds_202404,2024-04-26,Google Ads,239.34,10461,278,8
CAMP00582,LumaStyle_MetaAds_202404,2024-04-26,Meta Ads,178.43,11327,213,14
CAMP00583,LumaStyle_Email_202404,2024-04-26,Email,22.01,3428,392,5
CAMP00584,LumaStyle_Organic_202404,2024-04-26,Organic,0.0,7969,297,8
CAMP00585,LumaStyle_Referral_202404,2024-04-26,Referral,0.0,670,65,3
CAMP00586,LumaStyle_GoogleAds_202404,2024-04-27,Google Ads,200.94,9806,333,10
CAMP00587,LumaStyle_MetaAds_202404,2024-04-27,Meta Ads,222.89,12846,126,7
CAMP00588,LumaStyle_Email_202404,2024-04-27,Email,25.22,4217,801,15
CAMP00589,LumaStyle_Organic_202404,2024-04-27,Organic,0.0,5424,209,2
CAMP00590,LumaStyle_Referral_202404,2024-04-27,Referral,0.0,745,66,3
CAMP00591,LumaStyle_GoogleAds_202404,2024-04-28,Google Ads,491.99,28984,873,21
CAMP00592,LumaStyle_MetaAds_202404,2024-04-28,Meta Ads,268.9,17405,180,12
CAMP00593,LumaStyle_Email_202404,2024-04-28,Email,21.73,3812,771,18
CAMP00594,LumaStyle_Organic_202404,2024-04-28,Organic,0.0,7386,161,4
CAMP00595,LumaStyle_Referral_202404,2024-04-28,Referral,0.0,1256,89,6
CAMP00596,LumaStyle_GoogleAds_202404,2024-04-29,Google Ads,200.8,11142,380,10
CAMP00597,LumaStyle_MetaAds_202404,2024-04-29,Meta Ads,395.57,28439,419,15
CAMP00598,LumaStyle_Email_202404,2024-04-29,Email,48.73,4267,874,14
CAMP00599,LumaStyle_Organic_202404,2024-04-29,Organic,0.0,7853,232,3
CAMP00600,LumaStyle_Referral_202404,2024-04-29,Referral,0.0,1541,104,7
CAMP00601,LumaStyle_GoogleAds_202404,2024-04-30,Google Ads,286.58,13281,356,11
CAMP00602,LumaStyle_MetaAds_202404,2024-04-30,Meta Ads,270.61,21070,362,20
CAMP00603,LumaStyle_Email_202404,2024-04-30,Email,68.81,3633,726,9
CAMP00604,LumaStyle_Organic_202404,2024-04-30,Organic,0.0,5321,123,2
CAMP00605,LumaStyle_Referral_202404,2024-04-30,Referral,0.0,1818,97,6
CAMP00606,LumaStyle_GoogleAds_202405,2024-05-01,Google Ads,191.86,8140,144,3
CAMP00607,LumaStyle_MetaAds_202405,2024-05-01,Meta Ads,415.07,32528,451,18
CAMP00608,LumaStyle_Email_202405,2024-05-01,Email,37.38,4033,666,15
CAMP00609,LumaStyle_Organic_202405,2024-05-01,Organic,0.0,6845,168,2
CAMP00610,LumaStyle_Referral_202405,2024-05-01,Referral,0.0,600,45,2
CAMP00611,LumaStyle_GoogleAds_202405,2024-05-02,Google Ads,390.43,21303,374,13
CAMP00612,LumaStyle_MetaAds_202405,2024-05-02,Meta Ads,184.69,13942,240,7
CAMP00613,LumaStyle_Email_202405,2024-05-02,Email,24.79,4780,608,7
CAMP00614,LumaStyle_Organic_202405,2024-05-02,Organic,0.0,4062,128,2
CAMP00615,LumaStyle_Referral_202405,2024-05-02,Referral,0.0,633,72,5
CAMP00616,LumaStyle_GoogleAds_202405,2024-05-03,Google Ads,308.01,13009,298,14
CAMP00617,LumaStyle_MetaAds_202405,2024-05-03,Meta Ads,252.0,19167,371,12
CAMP00618,LumaStyle_Email_202405,2024-05-03,Email,44.14,2208,328,6
CAMP00619,LumaStyle_Organic_202405,2024-05-03,Organic,0.0,7500,296,7
CAMP00620,LumaStyle_Referral_202405,2024-05-03,Referral,0.0,1572,138,7
CAMP00621,LumaStyle_GoogleAds_202405,2024-05-04,Google Ads,371.05,17157,485,13
CAMP00622,LumaStyle_MetaAds_202405,2024-05-04,Meta Ads,120.38,7003,107,5
CAMP00623,LumaStyle_Email_202405,2024-05-04,Email,44.24,3450,436,8
CAMP00624,LumaStyle_Organic_202405,2024-05-04,Organic,0.0,5399,142,1
CAMP00625,LumaStyle_Referral_202405,2024-05-04,Referral,0.0,1175,131,7
CAMP00626,LumaStyle_GoogleAds_202405,2024-05-05,Google Ads,295.44,17418,416,20
CAMP00627,LumaStyle_MetaAds_202405,2024-05-05,Meta Ads,431.9,26040,262,16
CAMP00628,LumaStyle_Email_202405,2024-05-05,Email,25.51,3909,780,23
CAMP00629,LumaStyle_Organic_202405,2024-05-05,Organic,0.0,4495,97,1
CAMP00630,LumaStyle_Referral_202405,2024-05-05,Referral,0.0,1603,187,11
CAMP00631,LumaStyle_GoogleAds_202405,2024-05-06,Google Ads,331.09,13401,466,12
CAMP00632,LumaStyle_MetaAds_202405,2024-05-06,Meta Ads,214.04,16870,271,12
CAMP00633,LumaStyle_Email_202405,2024-05-06,Email,61.29,4013,843,9
CAMP00634,LumaStyle_Organic_202405,2024-05-06,Organic,0.0,5366,146,4
CAMP00635,LumaStyle_Referral_202405,2024-05-06,Referral,0.0,1533,182,12
CAMP00636,LumaStyle_GoogleAds_202405,2024-05-07,Google Ads,344.1,16752,485,14
CAMP00637,LumaStyle_MetaAds_202405,2024-05-07,Meta Ads,385.88,21409,263,9
CAMP00638,LumaStyle_Email_202405,2024-05-07,Email,72.49,4615,724,20
CAMP00639,LumaStyle_Organic_202405,2024-05-07,Organic,0.0,5718,129,1
CAMP00640,LumaStyle_Referral_202405,2024-05-07,Referral,0.0,929,72,4
CAMP00641,LumaStyle_GoogleAds_202405,2024-05-08,Google Ads,486.96,21191,544,25
CAMP00642,LumaStyle_MetaAds_202405,2024-05-08,Meta Ads,141.1,7833,68,2
CAMP00643,LumaStyle_Email_202405,2024-05-08,Email,62.55,3119,673,16
CAMP00644,LumaStyle_Organic_202405,2024-05-08,Organic,0.0,6827,171,3
CAMP00645,LumaStyle_Referral_202405,2024-05-08,Referral,0.0,1210,114,5
CAMP00646,LumaStyle_GoogleAds_202405,2024-05-09,Google Ads,190.88,8285,251,7
CAMP00647,LumaStyle_MetaAds_202405,2024-05-09,Meta Ads,143.93,8812,137,5
CAMP00648,LumaStyle_Email_202405,2024-05-09,Email,62.55,2135,219,2
CAMP00649,LumaStyle_Organic_202405,2024-05-09,Organic,0.0,4828,138,3
CAMP00650,LumaStyle_Referral_202405,2024-05-09,Referral,0.0,818,76,5
CAMP00651,LumaStyle_GoogleAds_202405,2024-05-10,Google Ads,314.36,14357,447,16
CAMP00652,LumaStyle_MetaAds_202405,2024-05-10,Meta Ads,159.07,11381,122,7
CAMP00653,LumaStyle_Email_202405,2024-05-10,Email,29.6,3306,673,15
CAMP00654,LumaStyle_Organic_202405,2024-05-10,Organic,0.0,6061,193,2
CAMP00655,LumaStyle_Referral_202405,2024-05-10,Referral,0.0,1643,106,7
CAMP00656,LumaStyle_GoogleAds_202405,2024-05-11,Google Ads,330.62,15812,379,14
CAMP00657,LumaStyle_MetaAds_202405,2024-05-11,Meta Ads,124.77,9036,138,8
CAMP00658,LumaStyle_Email_202405,2024-05-11,Email,39.01,3324,506,7
CAMP00659,LumaStyle_Organic_202405,2024-05-11,Organic,0.0,7984,228,5
CAMP00660,LumaStyle_Referral_202405,2024-05-11,Referral,0.0,1874,134,8
CAMP00661,LumaStyle_GoogleAds_202405,2024-05-12,Google Ads,468.95,19850,549,15
CAMP00662,LumaStyle_MetaAds_202405,2024-05-12,Meta Ads,194.06,10501,205,8
CAMP00663,LumaStyle_Email_202405,2024-05-12,Email,42.46,4426,751,10
CAMP00664,LumaStyle_Organic_202405,2024-05-12,Organic,0.0,5775,170,3
CAMP00665,LumaStyle_Referral_202405,2024-05-12,Referral,0.0,1386,122,8
CAMP00666,LumaStyle_GoogleAds_202405,2024-05-13,Google Ads,217.29,12272,398,15
CAMP00667,LumaStyle_MetaAds_202405,2024-05-13,Meta Ads,378.03,19150,322,13
CAMP00668,LumaStyle_Email_202405,2024-05-13,Email,47.13,2604,406,11
CAMP00669,LumaStyle_Organic_202405,2024-05-13,Organic,0.0,4262,128,2
CAMP00670,LumaStyle_Referral_202405,2024-05-13,Referral,0.0,784,66,3
CAMP00671,LumaStyle_GoogleAds_202405,2024-05-14,Google Ads,488.95,22462,782,37
CAMP00672,LumaStyle_MetaAds_202405,2024-05-14,Meta Ads,339.27,25044,477,15
CAMP00673,LumaStyle_Email_202405,2024-05-14,Email,49.83,4219,472,9
CAMP00674,LumaStyle_Organic_202405,2024-05-14,Organic,0.0,6539,145,4
CAMP00675,LumaStyle_Referral_202405,2024-05-14,Referral,0.0,1575,115,8
CAMP00676,LumaStyle_GoogleAds_202405,2024-05-15,Google Ads,202.1,11665,212,4
CAMP00677,LumaStyle_MetaAds_202405,2024-05-15,Meta Ads,202.35,11118,93,6
CAMP00678,LumaStyle_Email_202405,2024-05-15,Email,25.6,4118,436,5
CAMP00679,LumaStyle_Organic_202405,2024-05-15,Organic,0.0,7950,210,4
CAMP00680,LumaStyle_Referral_202405,2024-05-15,Referral,0.0,1829,132,5
CAMP00681,LumaStyle_GoogleAds_202405,2024-05-16,Google Ads,479.56,19966,354,17
CAMP00682,LumaStyle_MetaAds_202405,2024-05-16,Meta Ads,342.82,23070,270,12
CAMP00683,LumaStyle_Email_202405,2024-05-16,Email,31.3,4302,485,13
CAMP00684,LumaStyle_Organic_202405,2024-05-16,Organic,0.0,6874,270,6
CAMP00685,LumaStyle_Referral_202405,2024-05-16,Referral,0.0,1016,61,4
CAMP00686,LumaStyle_GoogleAds_202405,2024-05-17,Google Ads,467.71,27197,463,15
CAMP00687,LumaStyle_MetaAds_202405,2024-05-17,Meta Ads,410.46,28177,242,14
CAMP00688,LumaStyle_Email_202405,2024-05-17,Email,76.23,2805,437,10
CAMP00689,LumaStyle_Organic_202405,2024-05-17,Organic,0.0,7910,258,4
CAMP00690,LumaStyle_Referral_202405,2024-05-17,Referral,0.0,1735,179,11
CAMP00691,LumaStyle_GoogleAds_202405,2024-05-18,Google Ads,432.22,23264,690,32
CAMP00692,LumaStyle_MetaAds_202405,2024-05-18,Meta Ads,412.37,28541,537,20
CAMP00693,LumaStyle_Email_202405,2024-05-18,Email,35.05,2753,463,11
CAMP00694,LumaStyle_Organic_202405,2024-05-18,Organic,0.0,7685,162,2
CAMP00695,LumaStyle_Referral_202405,2024-05-18,Referral,0.0,1197,74,4
CAMP00696,LumaStyle_GoogleAds_202405,2024-05-19,Google Ads,423.82,18362,449,11
CAMP00697,LumaStyle_MetaAds_202405,2024-05-19,Meta Ads,211.66,15558,291,8
CAMP00698,LumaStyle_Email_202405,2024-05-19,Email,67.98,3698,729,14
CAMP00699,LumaStyle_Organic_202405,2024-05-19,Organic,0.0,5027,182,1
CAMP00700,LumaStyle_Referral_202405,2024-05-19,Referral,0.0,1005,73,3
CAMP00701,LumaStyle_GoogleAds_202405,2024-05-20,Google Ads,166.77,9151,243,10
CAMP00702,LumaStyle_MetaAds_202405,2024-05-20,Meta Ads,120.79,9153,124,7
CAMP00703,LumaStyle_Email_202405,2024-05-20,Email,50.96,3564,471,12
CAMP00704,LumaStyle_Organic_202405,2024-05-20,Organic,0.0,7868,266,4
CAMP00705,LumaStyle_Referral_202405,2024-05-20,Referral,0.0,1195,140,6
CAMP00706,LumaStyle_GoogleAds_202405,2024-05-21,Google Ads,238.68,13793,312,9
CAMP00707,LumaStyle_MetaAds_202405,2024-05-21,Meta Ads,242.29,12553,119,8
CAMP00708,LumaStyle_Email_202405,2024-05-21,Email,59.92,3815,574,10
CAMP00709,LumaStyle_Organic_202405,2024-05-21,Organic,0.0,4649,99,2
CAMP00710,LumaStyle_Referral_202405,2024-05-21,Referral,0.0,1862,141,10
CAMP00711,LumaStyle_GoogleAds_202405,2024-05-22,Google Ads,268.31,12980,372,14
CAMP00712,LumaStyle_MetaAds_202405,2024-05-22,Meta Ads,192.46,14383,155,10
CAMP00713,LumaStyle_Email_202405,2024-05-22,Email,27.33,2626,434,6
CAMP00714,LumaStyle_Organic_202405,2024-05-22,Organic,0.0,4951,162,3
CAMP00715,LumaStyle_Referral_202405,2024-05-22,Referral,0.0,993,81,3
CAMP00716,LumaStyle_GoogleAds_202405,2024-05-23,Google Ads,453.61,25488,643,22
CAMP00717,LumaStyle_MetaAds_202405,2024-05-23,Meta Ads,179.84,12213,153,8
CAMP00718,LumaStyle_Email_202405,2024-05-23,Email,31.33,3076,447,11
CAMP00719,LumaStyle_Organic_202405,2024-05-23,Organic,0.0,4889,120,2
CAMP00720,LumaStyle_Referral_202405,2024-05-23,Referral,0.0,1312,151,6
CAMP00721,LumaStyle_GoogleAds_202405,2024-05-24,Google Ads,485.74,25477,525,12
CAMP00722,LumaStyle_MetaAds_202405,2024-05-24,Meta Ads,142.15,7754,134,5
CAMP00723,LumaStyle_Email_202405,2024-05-24,Email,30.47,3331,525,10
CAMP00724,LumaStyle_Organic_202405,2024-05-24,Organic,0.0,5861,209,2
CAMP00725,LumaStyle_Referral_202405,2024-05-24,Referral,0.0,1386,130,8
CAMP00726,LumaStyle_GoogleAds_202405,2024-05-25,Google Ads,449.48,23421,401,14
CAMP00727,LumaStyle_MetaAds_202405,2024-05-25,Meta Ads,284.29,17207,173,10
CAMP00728,LumaStyle_Email_202405,2024-05-25,Email,20.14,4568,788,11
CAMP00729,LumaStyle_Organic_202405,2024-05-25,Organic,0.0,6234,131,3
CAMP00730,LumaStyle_Referral_202405,2024-05-25,Referral,0.0,1621,146,7
CAMP00731,LumaStyle_GoogleAds_202405,2024-05-26,Google Ads,418.63,18541,563,11
CAMP00732,LumaStyle_MetaAds_202405,2024-05-26,Meta Ads,134.3,8677,88,3
CAMP00733,LumaStyle_Email_202405,2024-05-26,Email,50.65,2129,329,3
CAMP00734,LumaStyle_Organic_202405,2024-05-26,Organic,0.0,4963,129,3
CAMP00735,LumaStyle_Referral_202405,2024-05-26,Referral,0.0,1195,141,8
CAMP00736,LumaStyle_GoogleAds_202405,2024-05-27,Google Ads,397.26,20315,309,7
CAMP00737,LumaStyle_MetaAds_202405,2024-05-27,Meta Ads,148.08,8554,78,3
CAMP00738,LumaStyle_Email_202405,2024-05-27,Email,29.61,2339,323,7
CAMP00739,LumaStyle_Organic_202405,2024-05-27,Organic,0.0,5639,198,3
CAMP00740,LumaStyle_Referral_202405,2024-05-27,Referral,0.0,632,37,2
CAMP00741,LumaStyle_GoogleAds_202405,2024-05-28,Google Ads,320.98,12899,194,7
CAMP00742,LumaStyle_MetaAds_202405,2024-05-28,Meta Ads,102.25,6034,80,2
CAMP00743,LumaStyle_Email_202405,2024-05-28,Email,37.08,2478,421,8
CAMP00744,LumaStyle_Organic_202405,2024-05-28,Organic,0.0,4836,137,1
CAMP00745,LumaStyle_Referral_202405,2024-05-28,Referral,0.0,1344,132,10
CAMP00746,LumaStyle_GoogleAds_202405,2024-05-29,Google Ads,242.53,11501,358,17
CAMP00747,LumaStyle_MetaAds_202405,2024-05-29,Meta Ads,411.03,21000,256,9
CAMP00748,LumaStyle_Email_202405,2024-05-29,Email,53.92,2843,348,10
CAMP00749,LumaStyle_Organic_202405,2024-05-29,Organic,0.0,3934,118,1
CAMP00750,LumaStyle_Referral_202405,2024-05-29,Referral,0.0,752,59,2
CAMP00751,LumaStyle_GoogleAds_202405,2024-05-30,Google Ads,495.55,25746,684,33
CAMP00752,LumaStyle_MetaAds_202405,2024-05-30,Meta Ads,357.16,25325,222,10
CAMP00753,LumaStyle_Email_202405,2024-05-30,Email,40.0,4276,925,14
CAMP00754,LumaStyle_Organic_202405,2024-05-30,Organic,0.0,4059,133,1
CAMP00755,LumaStyle_Referral_202405,2024-05-30,Referral,0.0,1204,128,9
CAMP00756,LumaStyle_GoogleAds_202405,2024-05-31,Google Ads,383.12,17739,283,7
CAMP00757,LumaStyle_MetaAds_202405,2024-05-31,Meta Ads,321.83,17713,329,22
CAMP00758,LumaStyle_Email_202405,2024-05-31,Email,70.09,4030,551,9
CAMP00759,LumaStyle_Organic_202405,2024-05-31,Organic,0.0,7316,284,5
CAMP00760,LumaStyle_Referral_202405,2024-05-31,Referral,0.0,1662,98,5
CAMP00761,LumaStyle_GoogleAds_202406,2024-06-01,Google Ads,342.8,16141,265,9
CAMP00762,LumaStyle_MetaAds_202406,2024-06-01,Meta Ads,173.02,10475,185,9
CAMP00763,LumaStyle_Email_202406,2024-06-01,Email,73.26,4455,689,18
CAMP00764,LumaStyle_Organic_202406,2024-06-01,Organic,0.0,3132,97,1
CAMP00765,LumaStyle_Referral_202406,2024-06-01,Referral,0.0,1093,62,3
CAMP00766,LumaStyle_GoogleAds_202406,2024-06-02,Google Ads,296.3,17148,468,20
CAMP00767,LumaStyle_MetaAds_202406,2024-06-02,Meta Ads,315.55,24241,320,12
CAMP00768,LumaStyle_Email_202406,2024-06-02,Email,38.06,4436,755,12
CAMP00769,LumaStyle_Organic_202406,2024-06-02,Organic,0.0,7028,166,2
CAMP00770,LumaStyle_Referral_202406,2024-06-02,Referral,0.0,921,103,4
CAMP00771,LumaStyle_GoogleAds_202406,2024-06-03,Google Ads,171.63,8720,290,6
CAMP00772,LumaStyle_MetaAds_202406,2024-06-03,Meta Ads,386.54,30133,432,14
CAMP00773,LumaStyle_Email_202406,2024-06-03,Email,73.03,4406,824,11
CAMP00774,LumaStyle_Organic_202406,2024-06-03,Organic,0.0,3601,87,1
CAMP00775,LumaStyle_Referral_202406,2024-06-03,Referral,0.0,1903,221,17
CAMP00776,LumaStyle_GoogleAds_202406,2024-06-04,Google Ads,351.18,15558,334,13
CAMP00777,LumaStyle_MetaAds_202406,2024-06-04,Meta Ads,368.5,26653,407,20
CAMP00778,LumaStyle_Email_202406,2024-06-04,Email,68.23,2181,456,5
CAMP00779,LumaStyle_Organic_202406,2024-06-04,Organic,0.0,6259,148,4
CAMP00780,LumaStyle_Referral_202406,2024-06-04,Referral,0.0,1180,128,9
CAMP00781,LumaStyle_GoogleAds_202406,2024-06-05,Google Ads,493.68,28378,567,11
CAMP00782,LumaStyle_MetaAds_202406,2024-06-05,Meta Ads,374.98,27940,361,22
CAMP00783,LumaStyle_Email_202406,2024-06-05,Email,64.34,2104,267,5
CAMP00784,LumaStyle_Organic_202406,2024-06-05,Organic,0.0,6835,239,5
CAMP00785,LumaStyle_Referral_202406,2024-06-05,Referral,0.0,765,44,2
CAMP00786,LumaStyle_GoogleAds_202406,2024-06-06,Google Ads,344.53,16790,264,7
CAMP00787,LumaStyle_MetaAds_202406,2024-06-06,Meta Ads,420.22,28424,264,14
CAMP00788,LumaStyle_Email_202406,2024-06-06,Email,28.83,4492,936,24
CAMP00789,LumaStyle_Organic_202406,2024-06-06,Organic,0.0,4389,87,1
CAMP00790,LumaStyle_Referral_202406,2024-06-06,Referral,0.0,1019,117,4
CAMP00791,LumaStyle_GoogleAds_202406,2024-06-07,Google Ads,260.51,10529,298,9
CAMP00792,LumaStyle_MetaAds_202406,2024-06-07,Meta Ads,246.86,14502,232,10
CAMP00793,LumaStyle_Email_202406,2024-06-07,Email,78.44,4479,777,22
CAMP00794,LumaStyle_Organic_202406,2024-06-07,Organic,0.0,5704,158,4
CAMP00795,LumaStyle_Referral_202406,2024-06-07,Referral,0.0,651,62,3
CAMP00796,LumaStyle_GoogleAds_202406,2024-06-08,Google Ads,176.93,7866,146,3
CAMP00797,LumaStyle_MetaAds_202406,2024-06-08,Meta Ads,132.83,8972,136,8
CAMP00798,LumaStyle_Email_202406,2024-06-08,Email,51.04,2633,509,7
CAMP00799,LumaStyle_Organic_202406,2024-06-08,Organic,0.0,7994,295,4
CAMP00800,LumaStyle_Referral_202406,2024-06-08,Referral,0.0,1956,163,12
CAMP00801,LumaStyle_GoogleAds_202406,2024-06-09,Google Ads,420.42,20425,604,27
CAMP00802,LumaStyle_MetaAds_202406,2024-06-09,Meta Ads,136.45,9254,156,8
CAMP00803,LumaStyle_Email_202406,2024-06-09,Email,45.24,2681,410,11
CAMP00804,LumaStyle_Organic_202406,2024-06-09,Organic,0.0,6622,245,7
CAMP00805,LumaStyle_Referral_202406,2024-06-09,Referral,0.0,511,45,3
CAMP00806,LumaStyle_GoogleAds_202406,2024-06-10,Google Ads,386.39,22236,437,12
CAMP00807,LumaStyle_MetaAds_202406,2024-06-10,Meta Ads,362.83,18580,345,12
CAMP00808,LumaStyle_Email_202406,2024-06-10,Email,77.33,4710,633,11
CAMP00809,LumaStyle_Organic_202406,2024-06-10,Organic,0.0,5204,197,4
CAMP00810,LumaStyle_Referral_202406,2024-06-10,Referral,0.0,1787,208,11
CAMP00811,LumaStyle_GoogleAds_202406,2024-06-11,Google Ads,473.56,22943,778,27
CAMP00812,LumaStyle_MetaAds_202406,2024-06-11,Meta Ads,269.45,17508,288,17
CAMP00813,LumaStyle_Email_202406,2024-06-11,Email,29.42,2462,537,7
CAMP00814,LumaStyle_Organic_202406,2024-06-11,Organic,0.0,6141,162,2
CAMP00815,LumaStyle_Referral_202406,2024-06-11,Referral,0.0,1099,74,3
CAMP00816,LumaStyle_GoogleAds_202406,2024-06-12,Google Ads,218.66,8882,264,8
CAMP00817,LumaStyle_MetaAds_202406,2024-06-12,Meta Ads,100.4,7814,79,5
CAMP00818,LumaStyle_Email_202406,2024-06-12,Email,34.28,4393,525,15
CAMP00819,LumaStyle_Organic_202406,2024-06-12,Organic,0.0,7155,175,2
CAMP00820,LumaStyle_Referral_202406,2024-06-12,Referral,0.0,1290,89,4
CAMP00821,LumaStyle_GoogleAds_202406,2024-06-13,Google Ads,284.29,12510,336,15
CAMP00822,LumaStyle_MetaAds_202406,2024-06-13,Meta Ads,327.51,20097,298,15
CAMP00823,LumaStyle_Email_202406,2024-06-13,Email,75.92,3175,612,9
CAMP00824,LumaStyle_Organic_202406,2024-06-13,Organic,0.0,6205,243,6
CAMP00825,LumaStyle_Referral_202406,2024-06-13,Referral,0.0,1117,80,5
CAMP00826,LumaStyle_GoogleAds_202406,2024-06-14,Google Ads,173.31,8537,210,7
CAMP00827,LumaStyle_MetaAds_202406,2024-06-14,Meta Ads,343.05,27263,222,7
CAMP00828,LumaStyle_Email_202406,2024-06-14,Email,50.2,3137,531,12
CAMP00829,LumaStyle_Organic_202406,2024-06-14,Organic,0.0,7393,187,2
CAMP00830,LumaStyle_Referral_202406,2024-06-14,Referral,0.0,1171,120,9
CAMP00831,LumaStyle_GoogleAds_202406,2024-06-15,Google Ads,316.36,17977,562,25
CAMP00832,LumaStyle_MetaAds_202406,2024-06-15,Meta Ads,337.35,18300,266,10
CAMP00833,LumaStyle_Email_202406,2024-06-15,Email,49.27,4377,797,12
CAMP00834,LumaStyle_Organic_202406,2024-06-15,Organic,0.0,3428,69,0
CAMP00835,LumaStyle_Referral_202406,2024-06-15,Referral,0.0,1173,94,7
CAMP00836,LumaStyle_GoogleAds_202406,2024-06-16,Google Ads,351.97,17483,471,12
CAMP00837,LumaStyle_MetaAds_202406,2024-06-16,Meta Ads,435.55,27425,304,20
CAMP00838,LumaStyle_Email_202406,2024-06-16,Email,42.6,3234,375,8
CAMP00839,LumaStyle_Organic_202406,2024-06-16,Organic,0.0,3942,143,3
CAMP00840,LumaStyle_Referral_202406,2024-06-16,Referral,0.0,1899,164,11
CAMP00841,LumaStyle_GoogleAds_202406,2024-06-17,Google Ads,393.28,19132,473,20
CAMP00842,LumaStyle_MetaAds_202406,2024-06-17,Meta Ads,436.03,29398,531,26
CAMP00843,LumaStyle_Email_202406,2024-06-17,Email,76.22,4538,689,19
CAMP00844,LumaStyle_Organic_202406,2024-06-17,Organic,0.0,5956,175,2
CAMP00845,LumaStyle_Referral_202406,2024-06-17,Referral,0.0,1863,119,5
CAMP00846,LumaStyle_GoogleAds_202406,2024-06-18,Google Ads,194.33,11517,265,8
CAMP00847,LumaStyle_MetaAds_202406,2024-06-18,Meta Ads,447.68,30356,442,18
CAMP00848,LumaStyle_Email_202406,2024-06-18,Email,39.14,2489,546,5
CAMP00849,LumaStyle_Organic_202406,2024-06-18,Organic,0.0,6022,157,3
CAMP00850,LumaStyle_Referral_202406,2024-06-18,Referral,0.0,630,39,3
CAMP00851,LumaStyle_GoogleAds_202406,2024-06-19,Google Ads,321.58,15929,420,15
CAMP00852,LumaStyle_MetaAds_202406,2024-06-19,Meta Ads,278.85,14259,123,7
CAMP00853,LumaStyle_Email_202406,2024-06-19,Email,68.49,2912,349,10
CAMP00854,LumaStyle_Organic_202406,2024-06-19,Organic,0.0,7048,261,6
CAMP00855,LumaStyle_Referral_202406,2024-06-19,Referral,0.0,1404,163,11
CAMP00856,LumaStyle_GoogleAds_202406,2024-06-20,Google Ads,450.13,24437,600,25
CAMP00857,LumaStyle_MetaAds_202406,2024-06-20,Meta Ads,366.14,27064,431,27
CAMP00858,LumaStyle_Email_202406,2024-06-20,Email,42.38,2237,384,4
CAMP00859,LumaStyle_Organic_202406,2024-06-20,Organic,0.0,6017,207,3
CAMP00860,LumaStyle_Referral_202406,2024-06-20,Referral,0.0,969,59,4
CAMP00861,LumaStyle_GoogleAds_202406,2024-06-21,Google Ads,214.49,11593,267,5
CAMP00862,LumaStyle_MetaAds_202406,2024-06-21,Meta Ads,258.71,15721,152,8
CAMP00863,LumaStyle_Email_202406,2024-06-21,Email,63.65,4174,678,19
CAMP00864,LumaStyle_Organic_202406,2024-06-21,Organic,0.0,4368,92,2
CAMP00865,LumaStyle_Referral_202406,2024-06-21,Referral,0.0,1676,180,7
CAMP00866,LumaStyle_GoogleAds_202406,2024-06-22,Google Ads,245.4,10838,282,11
CAMP00867,LumaStyle_MetaAds_202406,2024-06-22,Meta Ads,326.88,24483,407,13
CAMP00868,LumaStyle_Email_202406,2024-06-22,Email,51.01,3359,499,12
CAMP00869,LumaStyle_Organic_202406,2024-06-22,Organic,0.0,4176,120,2
CAMP00870,LumaStyle_Referral_202406,2024-06-22,Referral,0.0,903,46,3
CAMP00871,LumaStyle_GoogleAds_202406,2024-06-23,Google Ads,400.5,21316,572,16
CAMP00872,LumaStyle_MetaAds_202406,2024-06-23,Meta Ads,201.94,14321,128,5
CAMP00873,LumaStyle_Email_202406,2024-06-23,Email,34.02,4641,792,19
CAMP00874,LumaStyle_Organic_202406,2024-06-23,Organic,0.0,4260,95,2
CAMP00875,LumaStyle_Referral_202406,2024-06-23,Referral,0.0,581,33,1
CAMP00876,LumaStyle_GoogleAds_202406,2024-06-24,Google Ads,204.71,9262,307,13
CAMP00877,LumaStyle_MetaAds_202406,2024-06-24,Meta Ads,441.3,27850,319,20
CAMP00878,LumaStyle_Email_202406,2024-06-24,Email,48.67,3098,399,4
CAMP00879,LumaStyle_Organic_202406,2024-06-24,Organic,0.0,7347,163,4
CAMP00880,LumaStyle_Referral_202406,2024-06-24,Referral,0.0,1238,137,7
CAMP00881,LumaStyle_GoogleAds_202406,2024-06-25,Google Ads,300.08,16056,529,24
CAMP00882,LumaStyle_MetaAds_202406,2024-06-25,Meta Ads,441.26,27011,235,7
CAMP00883,LumaStyle_Email_202406,2024-06-25,Email,44.07,3067,646,14
CAMP00884,LumaStyle_Organic_202406,2024-06-25,Organic,0.0,4137,89,1
CAMP00885,LumaStyle_Referral_202406,2024-06-25,Referral,0.0,1247,69,3
CAMP00886,LumaStyle_GoogleAds_202406,2024-06-26,Google Ads,488.41,24534,411,16
CAMP00887,LumaStyle_MetaAds_202406,2024-06-26,Meta Ads,109.49,6624,126,6
CAMP00888,LumaStyle_Email_202406,2024-06-26,Email,33.38,2252,277,8
CAMP00889,LumaStyle_Organic_202406,2024-06-26,Organic,0.0,4818,132,2
CAMP00890,LumaStyle_Referral_202406,2024-06-26,Referral,0.0,1736,174,8
CAMP00891,LumaStyle_GoogleAds_202406,2024-06-27,Google Ads,307.18,12355,403,16
CAMP00892,LumaStyle_MetaAds_202406,2024-06-27,Meta Ads,344.36,25649,210,11
CAMP00893,LumaStyle_Email_202406,2024-06-27,Email,62.52,3203,646,6
CAMP00894,LumaStyle_Organic_202406,2024-06-27,Organic,0.0,4421,163,4
CAMP00895,LumaStyle_Referral_202406,2024-06-27,Referral,0.0,1662,140,6
CAMP00896,LumaStyle_GoogleAds_202406,2024-06-28,Google Ads,435.46,21457,342,15
CAMP00897,LumaStyle_MetaAds_202406,2024-06-28,Meta Ads,400.41,21060,266,16
CAMP00898,LumaStyle_Email_202406,2024-06-28,Email,76.21,2349,433,9
CAMP00899,LumaStyle_Organic_202406,2024-06-28,Organic,0.0,3035,74,0
CAMP00900,LumaStyle_Referral_202406,2024-06-28,Referral,0.0,1864,114,6
CAMP00901,LumaStyle_GoogleAds_202406,2024-06-29,Google Ads,256.68,11287,280,13
CAMP00902,LumaStyle_MetaAds_202406,2024-06-29,Meta Ads,211.52,15769,258,11
CAMP00903,LumaStyle_Email_202406,2024-06-29,Email,22.26,2563,376,9
CAMP00904,LumaStyle_Organic_202406,2024-06-29,Organic,0.0,3817,141,1
CAMP00905,LumaStyle_Referral_202406,2024-06-29,Referral,0.0,1309,85,5
CAMP00906,LumaStyle_GoogleAds_202406,2024-06-30,Google Ads,237.81,12288,278,7
CAMP00907,LumaStyle_MetaAds_202406,2024-06-30,Meta Ads,433.76,24640,380,18
CAMP00908,LumaStyle_Email_202406,2024-06-30,Email,36.7,4201,831,11
CAMP00909,LumaStyle_Organic_202406,2024-06-30,Organic,0.0,6503,224,5
CAMP00910,LumaStyle_Referral_202406,2024-06-30,Referral,0.0,601,55,3
CAMP00911,LumaStyle_GoogleAds_202407,2024-07-01,Google Ads,394.23,22040,587,21
CAMP00912,LumaStyle_MetaAds_202407,2024-07-01,Meta Ads,127.77,7729,70,3
CAMP00913,LumaStyle_Email_202407,2024-07-01,Email,64.49,2285,400,4
CAMP00914,LumaStyle_Organic_202407,2024-07-01,Organic,0.0,7348,268,4
CAMP00915,LumaStyle_Referral_202407,2024-07-01,Referral,0.0,1258,80,5
CAMP00916,LumaStyle_GoogleAds_202407,2024-07-02,Google Ads,351.26,18692,415,16
CAMP00917,LumaStyle_MetaAds_202407,2024-07-02,Meta Ads,370.8,25696,267,17
CAMP00918,LumaStyle_Email_202407,2024-07-02,Email,23.72,4527,545,7
CAMP00919,LumaStyle_Organic_202407,2024-07-02,Organic,0.0,6048,149,1
CAMP00920,LumaStyle_Referral_202407,2024-07-02,Referral,0.0,1063,100,5
CAMP00921,LumaStyle_GoogleAds_202407,2024-07-03,Google Ads,396.54,18393,631,26
CAMP00922,LumaStyle_MetaAds_202407,2024-07-03,Meta Ads,338.92,26721,230,14
CAMP00923,LumaStyle_Email_202407,2024-07-03,Email,35.78,4159,875,10
CAMP00924,LumaStyle_Organic_202407,2024-07-03,Organic,0.0,5569,161,3
CAMP00925,LumaStyle_Referral_202407,2024-07-03,Referral,0.0,1706,154,11
CAMP00926,LumaStyle_GoogleAds_202407,2024-07-04,Google Ads,386.68,17540,511,20
CAMP00927,LumaStyle_MetaAds_202407,2024-07-04,Meta Ads,340.82,23227,233,11
CAMP00928,LumaStyle_Email_202407,2024-07-04,Email,55.36,2823,542,12
CAMP00929,LumaStyle_Organic_202407,2024-07-04,Organic,0.0,7608,240,4
CAMP00930,LumaStyle_Referral_202407,2024-07-04,Referral,0.0,711,44,2
CAMP00931,LumaStyle_GoogleAds_202407,2024-07-05,Google Ads,349.55,18267,577,12
CAMP00932,LumaStyle_MetaAds_202407,2024-07-05,Meta Ads,208.96,12973,254,15
CAMP00933,LumaStyle_Email_202407,2024-07-05,Email,64.37,4531,600,7
CAMP00934,LumaStyle_Organic_202407,2024-07-05,Organic,0.0,7606,179,3
CAMP00935,LumaStyle_Referral_202407,2024-07-05,Referral,0.0,1553,174,8
CAMP00936,LumaStyle_GoogleAds_202407,2024-07-06,Google Ads,277.23,15647,352,15
CAMP00937,LumaStyle_MetaAds_202407,2024-07-06,Meta Ads,356.03,24146,333,17
CAMP00938,LumaStyle_Email_202407,2024-07-06,Email,70.51,2643,456,12
CAMP00939,LumaStyle_Organic_202407,2024-07-06,Organic,0.0,3921,97,2
CAMP00940,LumaStyle_Referral_202407,2024-07-06,Referral,0.0,545,48,2
CAMP00941,LumaStyle_GoogleAds_202407,2024-07-07,Google Ads,208.93,8896,205,4
CAMP00942,LumaStyle_MetaAds_202407,2024-07-07,Meta Ads,224.48,11547,191,7
CAMP00943,LumaStyle_Email_202407,2024-07-07,Email,23.58,4722,477,11
CAMP00944,LumaStyle_Organic_202407,2024-07-07,Organic,0.0,5556,220,2
CAMP00945,LumaStyle_Referral_202407,2024-07-07,Referral,0.0,1483,117,7
CAMP00946,LumaStyle_GoogleAds_202407,2024-07-08,Google Ads,365.92,15472,515,17
CAMP00947,LumaStyle_MetaAds_202407,2024-07-08,Meta Ads,394.98,22315,279,8
CAMP00948,LumaStyle_Email_202407,2024-07-08,Email,47.94,2125,281,8
CAMP00949,LumaStyle_Organic_202407,2024-07-08,Organic,0.0,3354,111,3
CAMP00950,LumaStyle_Referral_202407,2024-07-08,Referral,0.0,1367,145,9
CAMP00951,LumaStyle_GoogleAds_202407,2024-07-09,Google Ads,322.77,16339,306,12
CAMP00952,LumaStyle_MetaAds_202407,2024-07-09,Meta Ads,340.14,19550,321,10
CAMP00953,LumaStyle_Email_202407,2024-07-09,Email,28.92,3587,618,7
CAMP00954,LumaStyle_Organic_202407,2024-07-09,Organic,0.0,4998,165,2
CAMP00955,LumaStyle_Referral_202407,2024-07-09,Referral,0.0,905,52,3
CAMP00956,LumaStyle_GoogleAds_202407,2024-07-10,Google Ads,474.22,25098,701,29
CAMP00957,LumaStyle_MetaAds_202407,2024-07-10,Meta Ads,317.32,23658,446,14
CAMP00958,LumaStyle_Email_202407,2024-07-10,Email,44.4,2568,479,13
CAMP00959,LumaStyle_Organic_202407,2024-07-10,Organic,0.0,4818,113,1
CAMP00960,LumaStyle_Referral_202407,2024-07-10,Referral,0.0,517,51,3
CAMP00961,LumaStyle_GoogleAds_202407,2024-07-11,Google Ads,459.55,26096,545,11
CAMP00962,LumaStyle_MetaAds_202407,2024-07-11,Meta Ads,327.0,19239,199,7
CAMP00963,LumaStyle_Email_202407,2024-07-11,Email,73.29,3667,428,6
CAMP00964,LumaStyle_Organic_202407,2024-07-11,Organic,0.0,4192,110,2
CAMP00965,LumaStyle_Referral_202407,2024-07-11,Referral,0.0,1544,131,6
CAMP00966,LumaStyle_GoogleAds_202407,2024-07-12,Google Ads,461.24,19743,340,8
CAMP00967,LumaStyle_MetaAds_202407,2024-07-12,Meta Ads,147.6,9498,173,11
CAMP00968,LumaStyle_Email_202407,2024-07-12,Email,55.18,2738,535,11
CAMP00969,LumaStyle_Organic_202407,2024-07-12,Organic,0.0,6364,229,4
CAMP00970,LumaStyle_Referral_202407,2024-07-12,Referral,0.0,577,44,3
CAMP00971,LumaStyle_GoogleAds_202407,2024-07-13,Google Ads,467.09,23466,722,30
CAMP00972,LumaStyle_MetaAds_202407,2024-07-13,Meta Ads,148.59,10023,131,7
CAMP00973,LumaStyle_Email_202407,2024-07-13,Email,71.29,4116,748,12
CAMP00974,LumaStyle_Organic_202407,2024-07-13,Organic,0.0,5004,180,1
CAMP00975,LumaStyle_Referral_202407,2024-07-13,Referral,0.0,1424,110,4
CAMP00976,LumaStyle_GoogleAds_202407,2024-07-14,Google Ads,380.55,22364,424,12
CAMP00977,LumaStyle_MetaAds_202407,2024-07-14,Meta Ads,274.28,15628,265,13
CAMP00978,LumaStyle_Email_202407,2024-07-14,Email,52.18,4544,583,11
CAMP00979,LumaStyle_Organic_202407,2024-07-14,Organic,0.0,5963,147,2
CAMP00980,LumaStyle_Referral_202407,2024-07-14,Referral,0.0,1870,184,12
CAMP00981,LumaStyle_GoogleAds_202407,2024-07-15,Google Ads,349.52,20574,438,20
CAMP00982,LumaStyle_MetaAds_202407,2024-07-15,Meta Ads,416.38,23867,451,17
CAMP00983,LumaStyle_Email_202407,2024-07-15,Email,30.18,3088,560,13
CAMP00984,LumaStyle_Organic_202407,2024-07-15,Organic,0.0,4614,170,2
CAMP00985,LumaStyle_Referral_202407,2024-07-15,Referral,0.0,539,41,2
CAMP00986,LumaStyle_GoogleAds_202407,2024-07-16,Google Ads,420.6,24091,478,20
CAMP00987,LumaStyle_MetaAds_202407,2024-07-16,Meta Ads,316.71,17361,326,16
CAMP00988,LumaStyle_Email_202407,2024-07-16,Email,25.37,2721,426,8
CAMP00989,LumaStyle_Organic_202407,2024-07-16,Organic,0.0,6224,171,4
CAMP00990,LumaStyle_Referral_202407,2024-07-16,Referral,0.0,1630,123,8
CAMP00991,LumaStyle_GoogleAds_202407,2024-07-17,Google Ads,292.33,14515,376,17
CAMP00992,LumaStyle_MetaAds_202407,2024-07-17,Meta Ads,280.31,15450,262,13
CAMP00993,LumaStyle_Email_202407,2024-07-17,Email,62.92,2451,288,7
CAMP00994,LumaStyle_Organic_202407,2024-07-17,Organic,0.0,3432,119,1
CAMP00995,LumaStyle_Referral_202407,2024-07-17,Referral,0.0,1965,126,5
CAMP00996,LumaStyle_GoogleAds_202407,2024-07-18,Google Ads,495.72,29390,910,41
CAMP00997,LumaStyle_MetaAds_202407,2024-07-18,Meta Ads,353.6,17807,291,19
CAMP00998,LumaStyle_Email_202407,2024-07-18,Email,39.23,3260,465,11
CAMP00999,LumaStyle_Organic_202407,2024-07-18,Organic,0.0,3851,102,2
CAMP01000,LumaStyle_Referral_202407,2024-07-18,Referral,0.0,1069,66,3
CAMP01001,LumaStyle_GoogleAds_202407,2024-07-19,Google Ads,488.19,23609,813,23
CAMP01002,LumaStyle_MetaAds_202407,2024-07-19,Meta Ads,312.75,16809,263,13
CAMP01003,LumaStyle_Email_202407,2024-07-19,Email,29.33,3453,665,7
CAMP01004,LumaStyle_Organic_202407,2024-07-19,Organic,0.0,3276,71,0
CAMP01005,LumaStyle_Referral_202407,2024-07-19,Referral,0.0,723,70,4
CAMP01006,LumaStyle_GoogleAds_202407,2024-07-20,Google Ads,270.51,14413,425,17
CAMP01007,LumaStyle_MetaAds_202407,2024-07-20,Meta Ads,333.96,17717,206,8
CAMP01008,LumaStyle_Email_202407,2024-07-20,Email,61.28,2143,381,7
CAMP01009,LumaStyle_Organic_202407,2024-07-20,Organic,0.0,3281,107,1
CAMP01010,LumaStyle_Referral_202407,2024-07-20,Referral,0.0,963,109,5
CAMP01011,LumaStyle_GoogleAds_202407,2024-07-21,Google Ads,352.64,19621,450,12
CAMP01012,LumaStyle_MetaAds_202407,2024-07-21,Meta Ads,195.46,11640,145,7
CAMP01013,LumaStyle_Email_202407,2024-07-21,Email,37.42,3710,619,14
CAMP01014,LumaStyle_Organic_202407,2024-07-21,Organic,0.0,5590,216,5
CAMP01015,LumaStyle_Referral_202407,2024-07-21,Referral,0.0,1231,112,5
CAMP01016,LumaStyle_GoogleAds_202407,2024-07-22,Google Ads,166.78,6816,195,6
CAMP01017,LumaStyle_MetaAds_202407,2024-07-22,Meta Ads,107.85,5845,83,4
CAMP01018,LumaStyle_Email_202407,2024-07-22,Email,46.18,3877,796,14
CAMP01019,LumaStyle_Organic_202407,2024-07-22,Organic,0.0,3994,126,1
CAMP01020,LumaStyle_Referral_202407,2024-07-22,Referral,0.0,1685,180,10
CAMP01021,LumaStyle_GoogleAds_202407,2024-07-23,Google Ads,303.83,14227,450,17
CAMP01022,LumaStyle_MetaAds_202407,2024-07-23,Meta Ads,254.99,19295,321,10
CAMP01023,LumaStyle_Email_202407,2024-07-23,Email,61.06,2775,561,16
CAMP01024,LumaStyle_Organic_202407,2024-07-23,Organic,0.0,6642,249,2
CAMP01025,LumaStyle_Referral_202407,2024-07-23,Referral,0.0,836,89,4
CAMP01026,LumaStyle_GoogleAds_202407,2024-07-24,Google Ads,212.63,12683,398,19
CAMP01027,LumaStyle_MetaAds_202407,2024-07-24,Meta Ads,295.58,16258,302,16
CAMP01028,LumaStyle_Email_202407,2024-07-24,Email,52.18,4611,784,21
CAMP01029,LumaStyle_Organic_202407,2024-07-24,Organic,0.0,6825,182,4
CAMP01030,LumaStyle_Referral_202407,2024-07-24,Referral,0.0,1781,145,6
CAMP01031,LumaStyle_GoogleAds_202407,2024-07-25,Google Ads,274.03,11502,190,8
CAMP01032,LumaStyle_MetaAds_202407,2024-07-25,Meta Ads,214.48,15490,150,4
CAMP01033,LumaStyle_Email_202407,2024-07-25,Email,24.34,2841,575,12
CAMP01034,LumaStyle_Organic_202407,2024-07-25,Organic,0.0,5063,149,2
CAMP01035,LumaStyle_Referral_202407,2024-07-25,Referral,0.0,1871,166,8
CAMP01036,LumaStyle_GoogleAds_202407,2024-07-26,Google Ads,372.11,18188,367,11
CAMP01037,LumaStyle_MetaAds_202407,2024-07-26,Meta Ads,315.31,18353,169,11
CAMP01038,LumaStyle_Email_202407,2024-07-26,Email,72.78,3227,641,15
CAMP01039,LumaStyle_Organic_202407,2024-07-26,Organic,0.0,7449,197,3
CAMP01040,LumaStyle_Referral_202407,2024-07-26,Referral,0.0,1317,107,4
CAMP01041,LumaStyle_GoogleAds_202407,2024-07-27,Google Ads,452.79,21709,655,18
CAMP01042,LumaStyle_MetaAds_202407,2024-07-27,Meta Ads,207.67,14817,184,5
CAMP01043,LumaStyle_Email_202407,2024-07-27,Email,48.55,2050,235,6
CAMP01044,LumaStyle_Organic_202407,2024-07-27,Organic,0.0,6353,127,2
CAMP01045,LumaStyle_Referral_202407,2024-07-27,Referral,0.0,588,40,2
CAMP01046,LumaStyle_GoogleAds_202407,2024-07-28,Google Ads,449.7,23997,799,19
CAMP01047,LumaStyle_MetaAds_202407,2024-07-28,Meta Ads,267.87,19376,284,16
CAMP01048,LumaStyle_Email_202407,2024-07-28,Email,41.7,3640,727,14
CAMP01049,LumaStyle_Organic_202407,2024-07-28,Organic,0.0,6554,164,3
CAMP01050,LumaStyle_Referral_202407,2024-07-28,Referral,0.0,1211,78,5
CAMP01051,LumaStyle_GoogleAds_202407,2024-07-29,Google Ads,449.22,23851,387,11
CAMP01052,LumaStyle_MetaAds_202407,2024-07-29,Meta Ads,265.01,17199,228,9
CAMP01053,LumaStyle_Email_202407,2024-07-29,Email,63.81,3731,608,12
CAMP01054,LumaStyle_Organic_202407,2024-07-29,Organic,0.0,5275,160,3
CAMP01055,LumaStyle_Referral_202407,2024-07-29,Referral,0.0,743,73,5
CAMP01056,LumaStyle_GoogleAds_202407,2024-07-30,Google Ads,446.2,23713,560,11
CAMP01057,LumaStyle_MetaAds_202407,2024-07-30,Meta Ads,104.12,6093,63,3
CAMP01058,LumaStyle_Email_202407,2024-07-30,Email,33.68,3406,634,15
CAMP01059,LumaStyle_Organic_202407,2024-07-30,Organic,0.0,3015,63,1
CAMP01060,LumaStyle_Referral_202407,2024-07-30,Referral,0.0,1464,76,5
CAMP01061,LumaStyle_GoogleAds_202407,2024-07-31,Google Ads,306.29,14895,296,12
CAMP01062,LumaStyle_MetaAds_202407,2024-07-31,Meta Ads,192.87,15164,161,5
CAMP01063,LumaStyle_Email_202407,2024-07-31,Email,68.54,3876,683,10
CAMP01064,LumaStyle_Organic_202407,2024-07-31,Organic,0.0,5946,137,2
CAMP01065,LumaStyle_Referral_202407,2024-07-31,Referral,0.0,1859,112,4
CAMP01066,LumaStyle_GoogleAds_202408,2024-08-01,Google Ads,199.5,8464,160,3
CAMP01067,LumaStyle_MetaAds_202408,2024-08-01,Meta Ads,436.26,24967,480,15
CAMP01068,LumaStyle_Email_202408,2024-08-01,Email,65.28,2224,366,7
CAMP01069,LumaStyle_Organic_202408,2024-08-01,Organic,0.0,5881,208,3
CAMP01070,LumaStyle_Referral_202408,2024-08-01,Referral,0.0,1108,63,4
CAMP01071,LumaStyle_GoogleAds_202408,2024-08-02,Google Ads,403.78,16295,547,26
CAMP01072,LumaStyle_MetaAds_202408,2024-08-02,Meta Ads,248.26,18920,251,10
CAMP01073,LumaStyle_Email_202408,2024-08-02,Email,65.14,3580,389,7
CAMP01074,LumaStyle_Organic_202408,2024-08-02,Organic,0.0,5110,115,1
CAMP01075,LumaStyle_Referral_202408,2024-08-02,Referral,0.0,808,89,4
CAMP01076,LumaStyle_GoogleAds_202408,2024-08-03,Google Ads,337.16,16871,552,26
CAMP01077,LumaStyle_MetaAds_202408,2024-08-03,Meta Ads,393.77,28553,277,19
CAMP01078,LumaStyle_Email_202408,2024-08-03,Email,66.69,3759,532,8
CAMP01079,LumaStyle_Organic_202408,2024-08-03,Organic,0.0,4270,87,1
CAMP01080,LumaStyle_Referral_202408,2024-08-03,Referral,0.0,1602,112,6
CAMP01081,LumaStyle_GoogleAds_202408,2024-08-04,Google Ads,231.77,10077,222,6
CAMP01082,LumaStyle_MetaAds_202408,2024-08-04,Meta Ads,371.8,22957,424,13
CAMP01083,LumaStyle_Email_202408,2024-08-04,Email,40.35,3219,480,6
CAMP01084,LumaStyle_Organic_202408,2024-08-04,Organic,0.0,7894,160,3
CAMP01085,LumaStyle_Referral_202408,2024-08-04,Referral,0.0,1091,127,5
CAMP01086,LumaStyle_GoogleAds_202408,2024-08-05,Google Ads,278.48,11346,186,7
CAMP01087,LumaStyle_MetaAds_202408,2024-08-05,Meta Ads,172.6,13663,246,13
CAMP01088,LumaStyle_Email_202408,2024-08-05,Email,24.01,3786,490,7
CAMP01089,LumaStyle_Organic_202408,2024-08-05,Organic,0.0,6776,189,3
CAMP01090,LumaStyle_Referral_202408,2024-08-05,Referral,0.0,1599,157,10
CAMP01091,LumaStyle_GoogleAds_202408,2024-08-06,Google Ads,423.6,19678,412,16
CAMP01092,LumaStyle_MetaAds_202408,2024-08-06,Meta Ads,260.34,14408,188,9
CAMP01093,LumaStyle_Email_202408,2024-08-06,Email,33.88,4650,978,25
CAMP01094,LumaStyle_Organic_202408,2024-08-06,Organic,0.0,6196,239,3
CAMP01095,LumaStyle_Referral_202408,2024-08-06,Referral,0.0,534,60,2
CAMP01096,LumaStyle_GoogleAds_202408,2024-08-07,Google Ads,397.41,19691,608,20
CAMP01097,LumaStyle_MetaAds_202408,2024-08-07,Meta Ads,190.91,10338,134,7
CAMP01098,LumaStyle_Email_202408,2024-08-07,Email,25.02,2654,520,7
CAMP01099,LumaStyle_Organic_202408,2024-08-07,Organic,0.0,5969,133,2
CAMP01100,LumaStyle_Referral_202408,2024-08-07,Referral,0.0,1541,112,5
CAMP01101,LumaStyle_GoogleAds_202408,2024-08-08,Google Ads,213.51,11039,384,14
CAMP01102,LumaStyle_MetaAds_202408,2024-08-08,Meta Ads,103.47,5512,55,2
CAMP01103,LumaStyle_Email_202408,2024-08-08,Email,77.6,4787,501,11
CAMP01104,LumaStyle_Organic_202408,2024-08-08,Organic,0.0,3836,122,1
CAMP01105,LumaStyle_Referral_202408,2024-08-08,Referral,0.0,1972,130,10
CAMP01106,LumaStyle_GoogleAds_202408,2024-08-09,Google Ads,346.34,17710,373,17
CAMP01107,LumaStyle_MetaAds_202408,2024-08-09,Meta Ads,310.27,19454,155,8
CAMP01108,LumaStyle_Email_202408,2024-08-09,Email,70.15,2268,472,13
CAMP01109,LumaStyle_Organic_202408,2024-08-09,Organic,0.0,6782,159,4
CAMP01110,LumaStyle_Referral_202408,2024-08-09,Referral,0.0,1495,79,3
CAMP01111,LumaStyle_GoogleAds_202408,2024-08-10,Google Ads,169.25,8030,272,11
CAMP01112,LumaStyle_MetaAds_202408,2024-08-10,Meta Ads,276.36,15222,129,5
CAMP01113,LumaStyle_Email_202408,2024-08-10,Email,74.41,4745,910,14
CAMP01114,LumaStyle_Organic_202408,2024-08-10,Organic,0.0,4699,151,3
CAMP01115,LumaStyle_Referral_202408,2024-08-10,Referral,0.0,1464,102,4
CAMP01116,LumaStyle_GoogleAds_202408,2024-08-11,Google Ads,321.63,16683,493,13
CAMP01117,LumaStyle_MetaAds_202408,2024-08-11,Meta Ads,208.26,14434,133,5
CAMP01118,LumaStyle_Email_202408,2024-08-11,Email,50.49,2806,361,4
CAMP01119,LumaStyle_Organic_202408,2024-08-11,Organic,0.0,3298,70,1
CAMP01120,LumaStyle_Referral_202408,2024-08-11,Referral,0.0,1624,169,12
CAMP01121,LumaStyle_GoogleAds_202408,2024-08-12,Google Ads,372.78,20688,366,12
CAMP01122,LumaStyle_MetaAds_202408,2024-08-12,Meta Ads,160.57,9683,89,4
CAMP01123,LumaStyle_Email_202408,2024-08-12,Email,37.26,3681,411,8
CAMP01124,LumaStyle_Organic_202408,2024-08-12,Organic,0.0,5683,157,3
CAMP01125,LumaStyle_Referral_202408,2024-08-12,Referral,0.0,1642,144,7
CAMP01126,LumaStyle_GoogleAds_202408,2024-08-13,Google Ads,268.72,15957,546,26
CAMP01127,LumaStyle_MetaAds_202408,2024-08-13,Meta Ads,427.11,29566,461,19
CAMP01128,LumaStyle_Email_202408,2024-08-13,Email,38.47,3598,618,9
CAMP01129,LumaStyle_Organic_202408,2024-08-13,Organic,0.0,7305,175,3
CAMP01130,LumaStyle_Referral_202408,2024-08-13,Referral,0.0,1083,91,6
CAMP01131,LumaStyle_GoogleAds_202408,2024-08-14,Google Ads,300.72,15902,257,11
CAMP01132,LumaStyle_MetaAds_202408,2024-08-14,Meta Ads,265.23,13946,272,16
CAMP01133,LumaStyle_Email_202408,2024-08-14,Email,79.38,3607,519,5
CAMP01134,LumaStyle_Organic_202408,2024-08-14,Organic,0.0,5967,229,2
CAMP01135,LumaStyle_Referral_202408,2024-08-14,Referral,0.0,904,68,4
CAMP01136,LumaStyle_GoogleAds_202408,2024-08-15,Google Ads,423.21,19457,304,10
CAMP01137,LumaStyle_MetaAds_202408,2024-08-15,Meta Ads,394.05,29824,267,18
CAMP01138,LumaStyle_Email_202408,2024-08-15,Email,39.07,3003,419,10
CAMP01139,LumaStyle_Organic_202408,2024-08-15,Organic,0.0,3703,88,1
CAMP01140,LumaStyle_Referral_202408,2024-08-15,Referral,0.0,978,97,7
CAMP01141,LumaStyle_GoogleAds_202408,2024-08-16,Google Ads,441.3,23207,673,25
CAMP01142,LumaStyle_MetaAds_202408,2024-08-16,Meta Ads,375.68,25672,223,14
CAMP01143,LumaStyle_Email_202408,2024-08-16,Email,72.4,3807,584,15
CAMP01144,LumaStyle_Organic_202408,2024-08-16,Organic,0.0,7154,278,8
CAMP01145,LumaStyle_Referral_202408,2024-08-16,Referral,0.0,1748,185,12
CAMP01146,LumaStyle_GoogleAds_202408,2024-08-17,Google Ads,179.98,9419,238,9
CAMP01147,LumaStyle_MetaAds_202408,2024-08-17,Meta Ads,152.14,11170,151,10
CAMP01148,LumaStyle_Email_202408,2024-08-17,Email,79.92,3757,735,21
CAMP01149,LumaStyle_Organic_202408,2024-08-17,Organic,0.0,4861,191,5
CAMP01150,LumaStyle_Referral_202408,2024-08-17,Referral,0.0,1035,87,6
CAMP01151,LumaStyle_GoogleAds_202408,2024-08-18,Google Ads,300.66,14488,339,7
CAMP01152,LumaStyle_MetaAds_202408,2024-08-18,Meta Ads,238.68,14310,225,7
CAMP01153,LumaStyle_Email_202408,2024-08-18,Email,44.69,3382,343,5
CAMP01154,LumaStyle_Organic_202408,2024-08-18,Organic,0.0,3280,123,3
CAMP01155,LumaStyle_Referral_202408,2024-08-18,Referral,0.0,1776,90,5
CAMP01156,LumaStyle_GoogleAds_202408,2024-08-19,Google Ads,336.98,16215,551,12
CAMP01157,LumaStyle_MetaAds_202408,2024-08-19,Meta Ads,436.17,25145,407,19
CAMP01158,LumaStyle_Email_202408,2024-08-19,Email,21.22,3233,695,13
CAMP01159,LumaStyle_Organic_202408,2024-08-19,Organic,0.0,3279,98,1
CAMP01160,LumaStyle_Referral_202408,2024-08-19,Referral,0.0,891,74,3
CAMP01161,LumaStyle_GoogleAds_202408,2024-08-20,Google Ads,293.46,13397,241,9
CAMP01162,LumaStyle_MetaAds_202408,2024-08-20,Meta Ads,221.6,15345,170,8
CAMP01163,LumaStyle_Email_202408,2024-08-20,Email,25.62,4243,850,21
CAMP01164,LumaStyle_Organic_202408,2024-08-20,Organic,0.0,7450,259,6
CAMP01165,LumaStyle_Referral_202408,2024-08-20,Referral,0.0,1153,103,4
CAMP01166,LumaStyle_GoogleAds_202408,2024-08-21,Google Ads,287.48,16002,420,9
CAMP01167,LumaStyle_MetaAds_202408,2024-08-21,Meta Ads,123.12,8324,102,4
CAMP01168,LumaStyle_Email_202408,2024-08-21,Email,26.2,2317,301,8
CAMP01169,LumaStyle_Organic_202408,2024-08-21,Organic,0.0,3205,120,1
CAMP01170,LumaStyle_Referral_202408,2024-08-21,Referral,0.0,1599,171,9
CAMP01171,LumaStyle_GoogleAds_202408,2024-08-22,Google Ads,371.19,18129,600,14
CAMP01172,LumaStyle_MetaAds_202408,2024-08-22,Meta Ads,137.25,7057,95,4
CAMP01173,LumaStyle_Email_202408,2024-08-22,Email,75.43,2746,419,4
CAMP01174,LumaStyle_Organic_202408,2024-08-22,Organic,0.0,4087,163,1
CAMP01175,LumaStyle_Referral_202408,2024-08-22,Referral,0.0,1067,56,3
CAMP01176,LumaStyle_GoogleAds_202408,2024-08-23,Google Ads,470.55,25013,575,26
CAMP01177,LumaStyle_MetaAds_202408,2024-08-23,Meta Ads,101.76,6888,71,3
CAMP01178,LumaStyle_Email_202408,2024-08-23,Email,23.47,2992,367,8
CAMP01179,LumaStyle_Organic_202408,2024-08-23,Organic,0.0,4721,166,2
CAMP01180,LumaStyle_Referral_202408,2024-08-23,Referral,0.0,1800,149,10
CAMP01181,LumaStyle_GoogleAds_202408,2024-08-24,Google Ads,200.55,9760,336,11
CAMP01182,LumaStyle_MetaAds_202408,2024-08-24,Meta Ads,129.71,9348,162,9
CAMP01183,LumaStyle_Email_202408,2024-08-24,Email,65.33,2368,503,8
CAMP01184,LumaStyle_Organic_202408,2024-08-24,Organic,0.0,6635,221,4
CAMP01185,LumaStyle_Referral_202408,2024-08-24,Referral,0.0,1726,127,9
CAMP01186,LumaStyle_GoogleAds_202408,2024-08-25,Google Ads,453.89,23664,820,17
CAMP01187,LumaStyle_MetaAds_202408,2024-08-25,Meta Ads,411.01,28171,354,18
CAMP01188,LumaStyle_Email_202408,2024-08-25,Email,35.66,2304,366,9
CAMP01189,LumaStyle_Organic_202408,2024-08-25,Organic,0.0,4524,145,1
CAMP01190,LumaStyle_Referral_202408,2024-08-25,Referral,0.0,638,36,1
CAMP01191,LumaStyle_GoogleAds_202408,2024-08-26,Google Ads,330.29,14324,229,6
CAMP01192,LumaStyle_MetaAds_202408,2024-08-26,Meta Ads,174.5,12207,111,6
CAMP01193,LumaStyle_Email_202408,2024-08-26,Email,78.37,2388,437,11
CAMP01194,LumaStyle_Organic_202408,2024-08-26,Organic,0.0,4498,138,3
CAMP01195,LumaStyle_Referral_202408,2024-08-26,Referral,0.0,844,76,3
CAMP01196,LumaStyle_GoogleAds_202408,2024-08-27,Google Ads,258.73,14635,232,9
CAMP01197,LumaStyle_MetaAds_202408,2024-08-27,Meta Ads,422.45,24701,271,10
CAMP01198,LumaStyle_Email_202408,2024-08-27,Email,29.23,4413,813,18
CAMP01199,LumaStyle_Organic_202408,2024-08-27,Organic,0.0,5403,128,3
CAMP01200,LumaStyle_Referral_202408,2024-08-27,Referral,0.0,1065,75,3
CAMP01201,LumaStyle_GoogleAds_202408,2024-08-28,Google Ads,363.42,15800,549,19
CAMP01202,LumaStyle_MetaAds_202408,2024-08-28,Meta Ads,327.88,17474,144,8
CAMP01203,LumaStyle_Email_202408,2024-08-28,Email,21.78,4245,721,17
CAMP01204,LumaStyle_Organic_202408,2024-08-28,Organic,0.0,7890,269,6
CAMP01205,LumaStyle_Referral_202408,2024-08-28,Referral,0.0,607,61,4
CAMP01206,LumaStyle_GoogleAds_202408,2024-08-29,Google Ads,178.92,9404,227,6
CAMP01207,LumaStyle_MetaAds_202408,2024-08-29,Meta Ads,367.89,20755,311,13
CAMP01208,LumaStyle_Email_202408,2024-08-29,Email,64.27,2179,339,6
CAMP01209,LumaStyle_Organic_202408,2024-08-29,Organic,0.0,3515,92,2
CAMP01210,LumaStyle_Referral_202408,2024-08-29,Referral,0.0,1091,102,5
CAMP01211,LumaStyle_GoogleAds_202408,2024-08-30,Google Ads,317.07,17669,365,11
CAMP01212,LumaStyle_MetaAds_202408,2024-08-30,Meta Ads,412.61,20705,318,14
CAMP01213,LumaStyle_Email_202408,2024-08-30,Email,46.66,3504,484,6
CAMP01214,LumaStyle_Organic_202408,2024-08-30,Organic,0.0,7003,217,2
CAMP01215,LumaStyle_Referral_202408,2024-08-30,Referral,0.0,1565,131,5
CAMP01216,LumaStyle_GoogleAds_202408,2024-08-31,Google Ads,264.14,11764,381,7
CAMP01217,LumaStyle_MetaAds_202408,2024-08-31,Meta Ads,166.15,8484,110,7
CAMP01218,LumaStyle_Email_202408,2024-08-31,Email,30.49,4643,980,28
CAMP01219,LumaStyle_Organic_202408,2024-08-31,Organic,0.0,4346,119,1
CAMP01220,LumaStyle_Referral_202408,2024-08-31,Referral,0.0,966,99,5
CAMP01221,LumaStyle_GoogleAds_202409,2024-09-01,Google Ads,340.13,14362,341,11
CAMP01222,LumaStyle_MetaAds_202409,2024-09-01,Meta Ads,242.31,14203,136,6
CAMP01223,LumaStyle_Email_202409,2024-09-01,Email,62.89,3295,344,9
CAMP01224,LumaStyle_Organic_202409,2024-09-01,Organic,0.0,3240,106,3
CAMP01225,LumaStyle_Referral_202409,2024-09-01,Referral,0.0,1443,109,5
CAMP01226,LumaStyle_GoogleAds_202409,2024-09-02,Google Ads,414.64,16664,331,8
CAMP01227,LumaStyle_MetaAds_202409,2024-09-02,Meta Ads,343.24,23672,195,7
CAMP01228,LumaStyle_Email_202409,2024-09-02,Email,30.03,2023,402,10
CAMP01229,LumaStyle_Organic_202409,2024-09-02,Organic,0.0,3953,134,3
CAMP01230,LumaStyle_Referral_202409,2024-09-02,Referral,0.0,1758,116,5
CAMP01231,LumaStyle_GoogleAds_202409,2024-09-03,Google Ads,486.35,26123,867,42
CAMP01232,LumaStyle_MetaAds_202409,2024-09-03,Meta Ads,148.67,11294,207,12
CAMP01233,LumaStyle_Email_202409,2024-09-03,Email,42.25,2423,255,5
CAMP01234,LumaStyle_Organic_202409,2024-09-03,Organic,0.0,3002,102,2
CAMP01235,LumaStyle_Referral_202409,2024-09-03,Referral,0.0,1203,138,7
CAMP01236,LumaStyle_GoogleAds_202409,2024-09-04,Google Ads,430.64,22403,651,17
CAMP01237,LumaStyle_MetaAds_202409,2024-09-04,Meta Ads,238.5,12596,141,4
CAMP01238,LumaStyle_Email_202409,2024-09-04,Email,52.91,2400,326,5
CAMP01239,LumaStyle_Organic_202409,2024-09-04,Organic,0.0,7516,209,3
CAMP01240,LumaStyle_Referral_202409,2024-09-04,Referral,0.0,1713,104,4
CAMP01241,LumaStyle_GoogleAds_202409,2024-09-05,Google Ads,408.59,18485,544,25
CAMP01242,LumaStyle_MetaAds_202409,2024-09-05,Meta Ads,188.03,13171,157,5
CAMP01243,LumaStyle_Email_202409,2024-09-05,Email,56.44,4534,597,13
CAMP01244,LumaStyle_Organic_202409,2024-09-05,Organic,0.0,7472,236,4
CAMP01245,LumaStyle_Referral_202409,2024-09-05,Referral,0.0,969,87,4
CAMP01246,LumaStyle_GoogleAds_202409,2024-09-06,Google Ads,166.58,7979,165,6
CAMP01247,LumaStyle_MetaAds_202409,2024-09-06,Meta Ads,214.07,14287,118,7
CAMP01248,LumaStyle_Email_202409,2024-09-06,Email,40.9,4541,643,16
CAMP01249,LumaStyle_Organic_202409,2024-09-06,Organic,0.0,6420,159,4
CAMP01250,LumaStyle_Referral_202409,2024-09-06,Referral,0.0,1108,63,4
CAMP01251,LumaStyle_GoogleAds_202409,2024-09-07,Google Ads,479.75,26004,615,22
CAMP01252,LumaStyle_MetaAds_202409,2024-09-07,Meta Ads,320.79,18181,205,8
CAMP01253,LumaStyle_Email_202409,2024-09-07,Email,47.92,3412,605,12
CAMP01254,LumaStyle_Organic_202409,2024-09-07,Organic,0.0,3517,109,2
CAMP01255,LumaStyle_Referral_202409,2024-09-07,Referral,0.0,1326,88,3
CAMP01256,LumaStyle_GoogleAds_202409,2024-09-08,Google Ads,255.16,13880,480,14
CAMP01257,LumaStyle_MetaAds_202409,2024-09-08,Meta Ads,435.92,33950,670,22
CAMP01258,LumaStyle_Email_202409,2024-09-08,Email,26.91,3903,512,10
CAMP01259,LumaStyle_Organic_202409,2024-09-08,Organic,0.0,3819,105,1
CAMP01260,LumaStyle_Referral_202409,2024-09-08,Referral,0.0,1778,154,7
CAMP01261,LumaStyle_GoogleAds_202409,2024-09-09,Google Ads,476.1,22278,630,12
CAMP01262,LumaStyle_MetaAds_202409,2024-09-09,Meta Ads,342.89,22945,385,14
CAMP01263,LumaStyle_Email_202409,2024-09-09,Email,72.68,4636,499,9
CAMP01264,LumaStyle_Organic_202409,2024-09-09,Organic,0.0,5230,146,4
CAMP01265,LumaStyle_Referral_202409,2024-09-09,Referral,0.0,923,108,6
CAMP01266,LumaStyle_GoogleAds_202409,2024-09-10,Google Ads,280.2,14565,264,9
CAMP01267,LumaStyle_MetaAds_202409,2024-09-10,Meta Ads,323.21,17050,279,13
CAMP01268,LumaStyle_Email_202409,2024-09-10,Email,62.88,4200,467,9
CAMP01269,LumaStyle_Organic_202409,2024-09-10,Organic,0.0,3954,80,1
CAMP01270,LumaStyle_Referral_202409,2024-09-10,Referral,0.0,1615,137,7
CAMP01271,LumaStyle_GoogleAds_202409,2024-09-11,Google Ads,211.32,10703,285,12
CAMP01272,LumaStyle_MetaAds_202409,2024-09-11,Meta Ads,216.49,15528,132,7
CAMP01273,LumaStyle_Email_202409,2024-09-11,Email,79.96,3020,325,3
CAMP01274,LumaStyle_Organic_202409,2024-09-11,Organic,0.0,5589,162,4
CAMP01275,LumaStyle_Referral_202409,2024-09-11,Referral,0.0,1638,100,6
CAMP01276,LumaStyle_GoogleAds_202409,2024-09-12,Google Ads,453.0,19789,499,19
CAMP01277,LumaStyle_MetaAds_202409,2024-09-12,Meta Ads,224.45,16647,223,9
CAMP01278,LumaStyle_Email_202409,2024-09-12,Email,51.38,3594,380,6
CAMP01279,LumaStyle_Organic_202409,2024-09-12,Organic,0.0,6332,239,4
CAMP01280,LumaStyle_Referral_202409,2024-09-12,Referral,0.0,1541,179,7
CAMP01281,LumaStyle_GoogleAds_202409,2024-09-13,Google Ads,391.71,20609,720,15
CAMP01282,LumaStyle_MetaAds_202409,2024-09-13,Meta Ads,312.8,17037,226,8
CAMP01283,LumaStyle_Email_202409,2024-09-13,Email,50.03,3526,709,14
CAMP01284,LumaStyle_Organic_202409,2024-09-13,Organic,0.0,6782,215,4
CAMP01285,LumaStyle_Referral_202409,2024-09-13,Referral,0.0,1638,188,13
CAMP01286,LumaStyle_GoogleAds_202409,2024-09-14,Google Ads,150.25,7094,212,5
CAMP01287,LumaStyle_MetaAds_202409,2024-09-14,Meta Ads,245.94,19456,278,13
CAMP01288,LumaStyle_Email_202409,2024-09-14,Email,44.51,2026,294,5
CAMP01289,LumaStyle_Organic_202409,2024-09-14,Organic,0.0,7171,166,4
CAMP01290,LumaStyle_Referral_202409,2024-09-14,Referral,0.0,1731,179,10
CAMP01291,LumaStyle_GoogleAds_202409,2024-09-15,Google Ads,333.15,18785,397,17
CAMP01292,LumaStyle_MetaAds_202409,2024-09-15,Meta Ads,432.06,30657,612,29
CAMP01293,LumaStyle_Email_202409,2024-09-15,Email,63.73,3648,586,6
CAMP01294,LumaStyle_Organic_202409,2024-09-15,Organic,0.0,4380,133,2
CAMP01295,LumaStyle_Referral_202409,2024-09-15,Referral,0.0,1896,173,9
CAMP01296,LumaStyle_GoogleAds_202409,2024-09-16,Google Ads,349.6,16748,398,9
CAMP01297,LumaStyle_MetaAds_202409,2024-09-16,Meta Ads,203.77,15700,192,12
CAMP01298,LumaStyle_Email_202409,2024-09-16,Email,57.5,3936,426,7
CAMP01299,LumaStyle_Organic_202409,2024-09-16,Organic,0.0,6311,198,3
CAMP01300,LumaStyle_Referral_202409,2024-09-16,Referral,0.0,859,91,7
CAMP01301,LumaStyle_GoogleAds_202409,2024-09-17,Google Ads,197.97,9841,303,9
CAMP01302,LumaStyle_MetaAds_202409,2024-09-17,Meta Ads,399.09,30802,343,22
CAMP01303,LumaStyle_Email_202409,2024-09-17,Email,56.4,4070,519,7
CAMP01304,LumaStyle_Organic_202409,2024-09-17,Organic,0.0,3464,110,2
CAMP01305,LumaStyle_Referral_202409,2024-09-17,Referral,0.0,1207,79,3
CAMP01306,LumaStyle_GoogleAds_202409,2024-09-18,Google Ads,351.76,19992,342,13
CAMP01307,LumaStyle_MetaAds_202409,2024-09-18,Meta Ads,227.06,16029,137,7
CAMP01308,LumaStyle_Email_202409,2024-09-18,Email,63.3,3558,682,11
CAMP01309,LumaStyle_Organic_202409,2024-09-18,Organic,0.0,7455,180,2
CAMP01310,LumaStyle_Referral_202409,2024-09-18,Referral,0.0,1530,136,7
CAMP01311,LumaStyle_GoogleAds_202409,2024-09-19,Google Ads,188.1,7914,163,5
CAMP01312,LumaStyle_MetaAds_202409,2024-09-19,Meta Ads,128.84,9759,127,6
CAMP01313,LumaStyle_Email_202409,2024-09-19,Email,39.69,3684,535,15
CAMP01314,LumaStyle_Organic_202409,2024-09-19,Organic,0.0,6885,151,4
CAMP01315,LumaStyle_Referral_202409,2024-09-19,Referral,0.0,1425,136,10
CAMP01316,LumaStyle_GoogleAds_202409,2024-09-20,Google Ads,193.82,11069,315,12
CAMP01317,LumaStyle_MetaAds_202409,2024-09-20,Meta Ads,344.83,22589,210,12
CAMP01318,LumaStyle_Email_202409,2024-09-20,Email,59.28,4308,549,15
CAMP01319,LumaStyle_Organic_202409,2024-09-20,Organic,0.0,5129,170,3
CAMP01320,LumaStyle_Referral_202409,2024-09-20,Referral,0.0,587,69,3
CAMP01321,LumaStyle_GoogleAds_202409,2024-09-21,Google Ads,452.11,22963,508,11
CAMP01322,LumaStyle_MetaAds_202409,2024-09-21,Meta Ads,358.71,22553,232,15
CAMP01323,LumaStyle_Email_202409,2024-09-21,Email,76.61,4687,868,17
CAMP01324,LumaStyle_Organic_202409,2024-09-21,Organic,0.0,4953,173,2
CAMP01325,LumaStyle_Referral_202409,2024-09-21,Referral,0.0,1066,92,3
CAMP01326,LumaStyle_GoogleAds_202409,2024-09-22,Google Ads,402.1,18656,470,16
CAMP01327,LumaStyle_MetaAds_202409,2024-09-22,Meta Ads,445.31,24844,443,29
CAMP01328,LumaStyle_Email_202409,2024-09-22,Email,35.41,3611,623,15
CAMP01329,LumaStyle_Organic_202409,2024-09-22,Organic,0.0,7446,254,2
CAMP01330,LumaStyle_Referral_202409,2024-09-22,Referral,0.0,1472,75,4
CAMP01331,LumaStyle_GoogleAds_202409,2024-09-23,Google Ads,160.07,9170,172,3
CAMP01332,LumaStyle_MetaAds_202409,2024-09-23,Meta Ads,385.72,22521,210,7
CAMP01333,LumaStyle_Email_202409,2024-09-23,Email,43.25,2231,338,3
CAMP01334,LumaStyle_Organic_202409,2024-09-23,Organic,0.0,6182,188,5
CAMP01335,LumaStyle_Referral_202409,2024-09-23,Referral,0.0,1989,110,7
CAMP01336,LumaStyle_GoogleAds_202409,2024-09-24,Google Ads,464.21,21106,711,22
CAMP01337,LumaStyle_MetaAds_202409,2024-09-24,Meta Ads,107.08,8388,155,9
CAMP01338,LumaStyle_Email_202409,2024-09-24,Email,74.01,2000,282,6
CAMP01339,LumaStyle_Organic_202409,2024-09-24,Organic,0.0,7366,152,1
CAMP01340,LumaStyle_Referral_202409,2024-09-24,Referral,0.0,574,31,2
CAMP01341,LumaStyle_GoogleAds_202409,2024-09-25,Google Ads,296.42,11880,273,5
CAMP01342,LumaStyle_MetaAds_202409,2024-09-25,Meta Ads,141.26,9669,78,3
CAMP01343,LumaStyle_Email_202409,2024-09-25,Email,52.17,3966,816,20
CAMP01344,LumaStyle_Organic_202409,2024-09-25,Organic,0.0,7969,165,1
CAMP01345,LumaStyle_Referral_202409,2024-09-25,Referral,0.0,1130,69,3
CAMP01346,LumaStyle_GoogleAds_202409,2024-09-26,Google Ads,293.08,15462,359,14
CAMP01347,LumaStyle_MetaAds_202409,2024-09-26,Meta Ads,222.21,13168,110,6
CAMP01348,LumaStyle_Email_202409,2024-09-26,Email,66.46,4881,768,18
CAMP01349,LumaStyle_Organic_202409,2024-09-26,Organic,0.0,4206,138,3
CAMP01350,LumaStyle_Referral_202409,2024-09-26,Referral,0.0,789,46,2
CAMP01351,LumaStyle_GoogleAds_202409,2024-09-27,Google Ads,485.58,25491,809,35
CAMP01352,LumaStyle_MetaAds_202409,2024-09-27,Meta Ads,109.09,8140,153,10
CAMP01353,LumaStyle_Email_202409,2024-09-27,Email,72.33,3407,572,7
CAMP01354,LumaStyle_Organic_202409,2024-09-27,Organic,0.0,6441,248,7
CAMP01355,LumaStyle_Referral_202409,2024-09-27,Referral,0.0,1543,161,11
CAMP01356,LumaStyle_GoogleAds_202409,2024-09-28,Google Ads,391.02,19314,337,10
CAMP01357,LumaStyle_MetaAds_202409,2024-09-28,Meta Ads,394.51,25411,298,16
CAMP01358,LumaStyle_Email_202409,2024-09-28,Email,74.9,3735,441,6
CAMP01359,LumaStyle_Organic_202409,2024-09-28,Organic,0.0,5667,195,3
CAMP01360,LumaStyle_Referral_202409,2024-09-28,Referral,0.0,1891,181,13
CAMP01361,LumaStyle_GoogleAds_202409,2024-09-29,Google Ads,369.22,21392,526,11
CAMP01362,LumaStyle_MetaAds_202409,2024-09-29,Meta Ads,324.19,22500,366,17
CAMP01363,LumaStyle_Email_202409,2024-09-29,Email,63.72,4022,728,12
CAMP01364,LumaStyle_Organic_202409,2024-09-29,Organic,0.0,4398,147,3
CAMP01365,LumaStyle_Referral_202409,2024-09-29,Referral,0.0,1595,174,7
CAMP01366,LumaStyle_GoogleAds_202409,2024-09-30,Google Ads,418.66,22348,755,22
CAMP01367,LumaStyle_MetaAds_202409,2024-09-30,Meta Ads,110.33,5801,66,4
CAMP01368,LumaStyle_Email_202409,2024-09-30,Email,20.83,3154,570,15
CAMP01369,LumaStyle_Organic_202409,2024-09-30,Organic,0.0,6974,275,6
CAMP01370,LumaStyle_Referral_202409,2024-09-30,Referral,0.0,1437,105,8
CAMP01371,LumaStyle_GoogleAds_202410,2024-10-01,Google Ads,186.12,8079,222,9
CAMP01372,LumaStyle_MetaAds_202410,2024-10-01,Meta Ads,180.02,13115,187,7
CAMP01373,LumaStyle_Email_202410,2024-10-01,Email,40.35,3832,399,7
CAMP01374,LumaStyle_Organic_202410,2024-10-01,Organic,0.0,3796,108,2
CAMP01375,LumaStyle_Referral_202410,2024-10-01,Referral,0.0,1770,180,12
CAMP01376,LumaStyle_GoogleAds_202410,2024-10-02,Google Ads,437.9,20118,369,15
CAMP01377,LumaStyle_MetaAds_202410,2024-10-02,Meta Ads,213.72,11565,142,6
CAMP01378,LumaStyle_Email_202410,2024-10-02,Email,56.79,2636,272,6
CAMP01379,LumaStyle_Organic_202410,2024-10-02,Organic,0.0,5928,192,4
CAMP01380,LumaStyle_Referral_202410,2024-10-02,Referral,0.0,1163,111,5
CAMP01381,LumaStyle_GoogleAds_202410,2024-10-03,Google Ads,246.18,12551,191,7
CAMP01382,LumaStyle_MetaAds_202410,2024-10-03,Meta Ads,210.95,14385,228,11
CAMP01383,LumaStyle_Email_202410,2024-10-03,Email,69.06,4640,649,10
CAMP01384,LumaStyle_Organic_202410,2024-10-03,Organic,0.0,7744,274,6
CAMP01385,LumaStyle_Referral_202410,2024-10-03,Referral,0.0,1985,158,12
CAMP01386,LumaStyle_GoogleAds_202410,2024-10-04,Google Ads,326.63,17039,492,24
CAMP01387,LumaStyle_MetaAds_202410,2024-10-04,Meta Ads,147.85,11039,103,5
CAMP01388,LumaStyle_Email_202410,2024-10-04,Email,50.05,2792,467,10
CAMP01389,LumaStyle_Organic_202410,2024-10-04,Organic,0.0,5748,142,3
CAMP01390,LumaStyle_Referral_202410,2024-10-04,Referral,0.0,660,78,3
CAMP01391,LumaStyle_GoogleAds_202410,2024-10-05,Google Ads,286.01,14857,442,12
CAMP01392,LumaStyle_MetaAds_202410,2024-10-05,Meta Ads,176.69,10396,157,8
CAMP01393,LumaStyle_Email_202410,2024-10-05,Email,20.73,3389,690,10
CAMP01394,LumaStyle_Organic_202410,2024-10-05,Organic,0.0,4561,139,3
CAMP01395,LumaStyle_Referral_202410,2024-10-05,Referral,0.0,819,54,3
CAMP01396,LumaStyle_GoogleAds_202410,2024-10-06,Google Ads,160.57,6810,106,3
CAMP01397,LumaStyle_MetaAds_202410,2024-10-06,Meta Ads,342.92,20444,387,26
CAMP01398,LumaStyle_Email_202410,2024-10-06,Email,38.32,2870,627,8
CAMP01399,LumaStyle_Organic_202410,2024-10-06,Organic,0.0,7072,216,4
CAMP01400,LumaStyle_Referral_202410,2024-10-06,Referral,0.0,1402,104,8
CAMP01401,LumaStyle_GoogleAds_202410,2024-10-07,Google Ads,475.45,22596,735,24
CAMP01402,LumaStyle_MetaAds_202410,2024-10-07,Meta Ads,294.02,15305,276,9
CAMP01403,LumaStyle_Email_202410,2024-10-07,Email,33.86,3256,496,13
CAMP01404,LumaStyle_Organic_202410,2024-10-07,Organic,0.0,7761,284,4
CAMP01405,LumaStyle_Referral_202410,2024-10-07,Referral,0.0,1784,151,10
CAMP01406,LumaStyle_GoogleAds_202410,2024-10-08,Google Ads,225.87,10652,263,7
CAMP01407,LumaStyle_MetaAds_202410,2024-10-08,Meta Ads,375.45,26136,256,11
CAMP01408,LumaStyle_Email_202410,2024-10-08,Email,62.44,3177,658,17
CAMP01409,LumaStyle_Organic_202410,2024-10-08,Organic,0.0,7463,160,4
CAMP01410,LumaStyle_Referral_202410,2024-10-08,Referral,0.0,1028,112,6
CAMP01411,LumaStyle_GoogleAds_202410,2024-10-09,Google Ads,334.84,16468,541,25
CAMP01412,LumaStyle_MetaAds_202410,2024-10-09,Meta Ads,428.67,28197,349,20
CAMP01413,LumaStyle_Email_202410,2024-10-09,Email,38.09,2394,274,3
CAMP01414,LumaStyle_Organic_202410,2024-10-09,Organic,0.0,6789,246,7
CAMP01415,LumaStyle_Referral_202410,2024-10-09,Referral,0.0,1400,143,10
CAMP01416,LumaStyle_GoogleAds_202410,2024-10-10,Google Ads,156.51,6381,192,3
CAMP01417,LumaStyle_MetaAds_202410,2024-10-10,Meta Ads,118.3,7125,68,3
CAMP01418,LumaStyle_Email_202410,2024-10-10,Email,39.47,2401,373,5
CAMP01419,LumaStyle_Organic_202410,2024-10-10,Organic,0.0,6216,151,2
CAMP01420,LumaStyle_Referral_202410,2024-10-10,Referral,0.0,1126,119,7
CAMP01421,LumaStyle_GoogleAds_202410,2024-10-11,Google Ads,457.28,24668,858,40
CAMP01422,LumaStyle_MetaAds_202410,2024-10-11,Meta Ads,248.45,18070,152,8
CAMP01423,LumaStyle_Email_202410,2024-10-11,Email,73.77,4489,721,17
CAMP01424,LumaStyle_Organic_202410,2024-10-11,Organic,0.0,6022,198,4
CAMP01425,LumaStyle_Referral_202410,2024-10-11,Referral,0.0,876,93,3
CAMP01426,LumaStyle_GoogleAds_202410,2024-10-12,Google Ads,413.28,21730,528,25
CAMP01427,LumaStyle_MetaAds_202410,2024-10-12,Meta Ads,158.62,12004,100,5
CAMP01428,LumaStyle_Email_202410,2024-10-12,Email,27.0,4105,685,17
CAMP01429,LumaStyle_Organic_202410,2024-10-12,Organic,0.0,4025,89,2
CAMP01430,LumaStyle_Referral_202410,2024-10-12,Referral,0.0,1903,167,9
CAMP01431,LumaStyle_GoogleAds_202410,2024-10-13,Google Ads,301.77,14363,459,22
CAMP01432,LumaStyle_MetaAds_202410,2024-10-13,Meta Ads,362.98,21125,232,11
CAMP01433,LumaStyle_Email_202410,2024-10-13,Email,37.27,2992,330,4
CAMP01434,LumaStyle_Organic_202410,2024-10-13,Organic,0.0,4096,92,1
CAMP01435,LumaStyle_Referral_202410,2024-10-13,Referral,0.0,859,59,4
CAMP01436,LumaStyle_GoogleAds_202410,2024-10-14,Google Ads,160.79,9575,311,8
CAMP01437,LumaStyle_MetaAds_202410,2024-10-14,Meta Ads,217.56,14206,175,9
CAMP01438,LumaStyle_Email_202410,2024-10-14,Email,71.38,2522,404,7
CAMP01439,LumaStyle_Organic_202410,2024-10-14,Organic,0.0,5175,202,3
CAMP01440,LumaStyle_Referral_202410,2024-10-14,Referral,0.0,1093,65,5
CAMP01441,LumaStyle_GoogleAds_202410,2024-10-15,Google Ads,487.88,22742,415,8
CAMP01442,LumaStyle_MetaAds_202410,2024-10-15,Meta Ads,304.18,15256,129,7
CAMP01443,LumaStyle_Email_202410,2024-10-15,Email,62.65,4868,653,7
CAMP01444,LumaStyle_Organic_202410,2024-10-15,Organic,0.0,6701,242,4
CAMP01445,LumaStyle_Referral_202410,2024-10-15,Referral,0.0,1745,109,8
CAMP01446,LumaStyle_GoogleAds_202410,2024-10-16,Google Ads,284.4,15802,291,11
CAMP01447,LumaStyle_MetaAds_202410,2024-10-16,Meta Ads,340.51,25731,255,8
CAMP01448,LumaStyle_Email_202410,2024-10-16,Email,42.29,3501,706,8
CAMP01449,LumaStyle_Organic_202410,2024-10-16,Organic,0.0,7457,246,6
CAMP01450,LumaStyle_Referral_202410,2024-10-16,Referral,0.0,864,99,5
CAMP01451,LumaStyle_GoogleAds_202410,2024-10-17,Google Ads,161.2,6908,222,7
CAMP01452,LumaStyle_MetaAds_202410,2024-10-17,Meta Ads,327.93,18522,276,16
CAMP01453,LumaStyle_Email_202410,2024-10-17,Email,32.5,2886,491,9
CAMP01454,LumaStyle_Organic_202410,2024-10-17,Organic,0.0,6639,243,3
CAMP01455,LumaStyle_Referral_202410,2024-10-17,Referral,0.0,1887,179,9
CAMP01456,LumaStyle_GoogleAds_202410,2024-10-18,Google Ads,475.44,28067,503,16
CAMP01457,LumaStyle_MetaAds_202410,2024-10-18,Meta Ads,340.41,17047,312,14
CAMP01458,LumaStyle_Email_202410,2024-10-18,Email,52.05,3758,379,7
CAMP01459,LumaStyle_Organic_202410,2024-10-18,Organic,0.0,6304,162,3
CAMP01460,LumaStyle_Referral_202410,2024-10-18,Referral,0.0,760,78,5
CAMP01461,LumaStyle_GoogleAds_202410,2024-10-19,Google Ads,163.16,8122,159,6
CAMP01462,LumaStyle_MetaAds_202410,2024-10-19,Meta Ads,336.16,22977,382,25
CAMP01463,LumaStyle_Email_202410,2024-10-19,Email,25.28,4241,739,14
CAMP01464,LumaStyle_Organic_202410,2024-10-19,Organic,0.0,3957,86,2
CAMP01465,LumaStyle_Referral_202410,2024-10-19,Referral,0.0,1887,222,8
CAMP01466,LumaStyle_GoogleAds_202410,2024-10-20,Google Ads,244.11,10738,177,4
CAMP01467,LumaStyle_MetaAds_202410,2024-10-20,Meta Ads,157.66,12200,149,7
CAMP01468,LumaStyle_Email_202410,2024-10-20,Email,77.97,4441,919,14
CAMP01469,LumaStyle_Organic_202410,2024-10-20,Organic,0.0,6290,214,3
CAMP01470,LumaStyle_Referral_202410,2024-10-20,Referral,0.0,1966,143,5
CAMP01471,LumaStyle_GoogleAds_202410,2024-10-21,Google Ads,307.99,16365,431,11
CAMP01472,LumaStyle_MetaAds_202410,2024-10-21,Meta Ads,144.78,8441,81,3
CAMP01473,LumaStyle_Email_202410,2024-10-21,Email,20.53,4194,602,15
CAMP01474,LumaStyle_Organic_202410,2024-10-21,Organic,0.0,3515,75,1
CAMP01475,LumaStyle_Referral_202410,2024-10-21,Referral,0.0,1669,190,11
CAMP01476,LumaStyle_GoogleAds_202410,2024-10-22,Google Ads,440.55,20915,625,12
CAMP01477,LumaStyle_MetaAds_202410,2024-10-22,Meta Ads,203.66,15786,288,11
CAMP01478,LumaStyle_Email_202410,2024-10-22,Email,70.6,3396,461,6
CAMP01479,LumaStyle_Organic_202410,2024-10-22,Organic,0.0,4234,149,3
CAMP01480,LumaStyle_Referral_202410,2024-10-22,Referral,0.0,1839,121,5
CAMP01481,LumaStyle_GoogleAds_202410,2024-10-23,Google Ads,151.0,7760,216,8
CAMP01482,LumaStyle_MetaAds_202410,2024-10-23,Meta Ads,434.78,25513,375,23
CAMP01483,LumaStyle_Email_202410,2024-10-23,Email,47.36,3737,683,18
CAMP01484,LumaStyle_Organic_202410,2024-10-23,Organic,0.0,7542,218,5
CAMP01485,LumaStyle_Referral_202410,2024-10-23,Referral,0.0,924,95,4
CAMP01486,LumaStyle_GoogleAds_202410,2024-10-24,Google Ads,184.93,9433,227,10
CAMP01487,LumaStyle_MetaAds_202410,2024-10-24,Meta Ads,129.8,9154,139,8
CAMP01488,LumaStyle_Email_202410,2024-10-24,Email,78.37,2158,258,5
CAMP01489,LumaStyle_Organic_202410,2024-10-24,Organic,0.0,6462,184,5
CAMP01490,LumaStyle_Referral_202410,2024-10-24,Referral,0.0,1819,202,13
CAMP01491,LumaStyle_GoogleAds_202410,2024-10-25,Google Ads,235.3,14080,396,8
CAMP01492,LumaStyle_MetaAds_202410,2024-10-25,Meta Ads,391.18,26353,384,24
CAMP01493,LumaStyle_Email_202410,2024-10-25,Email,74.46,4535,941,21
CAMP01494,LumaStyle_Organic_202410,2024-10-25,Organic,0.0,4296,92,1
CAMP01495,LumaStyle_Referral_202410,2024-10-25,Referral,0.0,1640,143,9
CAMP01496,LumaStyle_GoogleAds_202410,2024-10-26,Google Ads,344.8,19246,421,16
CAMP01497,LumaStyle_MetaAds_202410,2024-10-26,Meta Ads,135.62,9942,184,7
CAMP01498,LumaStyle_Email_202410,2024-10-26,Email,35.14,3732,569,6
CAMP01499,LumaStyle_Organic_202410,2024-10-26,Organic,0.0,7430,288,4
CAMP01500,LumaStyle_Referral_202410,2024-10-26,Referral,0.0,1859,93,4
CAMP01501,LumaStyle_GoogleAds_202410,2024-10-27,Google Ads,405.78,22491,395,13
CAMP01502,LumaStyle_MetaAds_202410,2024-10-27,Meta Ads,197.18,9942,89,3
CAMP01503,LumaStyle_Email_202410,2024-10-27,Email,41.94,3701,474,10
CAMP01504,LumaStyle_Organic_202410,2024-10-27,Organic,0.0,3533,72,2
CAMP01505,LumaStyle_Referral_202410,2024-10-27,Referral,0.0,1543,106,5
CAMP01506,LumaStyle_GoogleAds_202410,2024-10-28,Google Ads,309.72,16151,526,24
CAMP01507,LumaStyle_MetaAds_202410,2024-10-28,Meta Ads,339.99,25953,277,17
CAMP01508,LumaStyle_Email_202410,2024-10-28,Email,26.08,2607,338,4
CAMP01509,LumaStyle_Organic_202410,2024-10-28,Organic,0.0,5343,159,2
CAMP01510,LumaStyle_Referral_202410,2024-10-28,Referral,0.0,1315,91,4
CAMP01511,LumaStyle_GoogleAds_202410,2024-10-29,Google Ads,180.47,8416,144,3
CAMP01512,LumaStyle_MetaAds_202410,2024-10-29,Meta Ads,212.02,16448,314,17
CAMP01513,LumaStyle_Email_202410,2024-10-29,Email,26.14,4717,586,5
CAMP01514,LumaStyle_Organic_202410,2024-10-29,Organic,0.0,4537,151,1
CAMP01515,LumaStyle_Referral_202410,2024-10-29,Referral,0.0,642,40,2
CAMP01516,LumaStyle_GoogleAds_202410,2024-10-30,Google Ads,457.21,18353,482,10
CAMP01517,LumaStyle_MetaAds_202410,2024-10-30,Meta Ads,100.97,6292,117,4
CAMP01518,LumaStyle_Email_202410,2024-10-30,Email,48.91,3396,625,14
CAMP01519,LumaStyle_Organic_202410,2024-10-30,Organic,0.0,7008,157,3
CAMP01520,LumaStyle_Referral_202410,2024-10-30,Referral,0.0,1404,85,3
CAMP01521,LumaStyle_GoogleAds_202410,2024-10-31,Google Ads,283.76,12990,426,9
CAMP01522,LumaStyle_MetaAds_202410,2024-10-31,Meta Ads,236.1,13065,192,7
CAMP01523,LumaStyle_Email_202410,2024-10-31,Email,35.32,3103,479,11
CAMP01524,LumaStyle_Organic_202410,2024-10-31,Organic,0.0,4140,127,3
CAMP01525,LumaStyle_Referral_202410,2024-10-31,Referral,0.0,563,47,3
CAMP01526,LumaStyle_GoogleAds_202411,2024-11-01,Google Ads,476.6,23781,509,15
CAMP01527,LumaStyle_MetaAds_202411,2024-11-01,Meta Ads,385.65,20517,341,18
CAMP01528,LumaStyle_Email_202411,2024-11-01,Email,69.63,2823,570,13
CAMP01529,LumaStyle_Organic_202411,2024-11-01,Organic,0.0,3142,69,1
CAMP01530,LumaStyle_Referral_202411,2024-11-01,Referral,0.0,755,77,3
CAMP01531,LumaStyle_GoogleAds_202411,2024-11-02,Google Ads,496.61,24802,744,20
CAMP01532,LumaStyle_MetaAds_202411,2024-11-02,Meta Ads,405.78,28998,354,20
CAMP01533,LumaStyle_Email_202411,2024-11-02,Email,43.88,4578,887,15
CAMP01534,LumaStyle_Organic_202411,2024-11-02,Organic,0.0,4147,150,2
CAMP01535,LumaStyle_Referral_202411,2024-11-02,Referral,0.0,1899,213,15
CAMP01536,LumaStyle_GoogleAds_202411,2024-11-03,Google Ads,258.68,11362,244,8
CAMP01537,LumaStyle_MetaAds_202411,2024-11-03,Meta Ads,294.42,20762,195,7
CAMP01538,LumaStyle_Email_202411,2024-11-03,Email,69.06,2044,324,6
CAMP01539,LumaStyle_Organic_202411,2024-11-03,Organic,0.0,7637,261,3
CAMP01540,LumaStyle_Referral_202411,2024-11-03,Referral,0.0,1553,176,8
CAMP01541,LumaStyle_GoogleAds_202411,2024-11-04,Google Ads,319.69,16316,331,12
CAMP01542,LumaStyle_MetaAds_202411,2024-11-04,Meta Ads,446.41,31850,409,18
CAMP01543,LumaStyle_Email_202411,2024-11-04,Email,39.37,4630,507,8
CAMP01544,LumaStyle_Organic_202411,2024-11-04,Organic,0.0,5888,119,3
CAMP01545,LumaStyle_Referral_202411,2024-11-04,Referral,0.0,866,86,3
CAMP01546,LumaStyle_GoogleAds_202411,2024-11-05,Google Ads,242.06,12151,338,14
CAMP01547,LumaStyle_MetaAds_202411,2024-11-05,Meta Ads,444.42,32390,579,28
CAMP01548,LumaStyle_Email_202411,2024-11-05,Email,27.69,4785,667,14
CAMP01549,LumaStyle_Organic_202411,2024-11-05,Organic,0.0,5948,212,3
CAMP01550,LumaStyle_Referral_202411,2024-11-05,Referral,0.0,1113,81,5
CAMP01551,LumaStyle_GoogleAds_202411,2024-11-06,Google Ads,202.72,10064,194,7
CAMP01552,LumaStyle_MetaAds_202411,2024-11-06,Meta Ads,108.2,5781,81,4
CAMP01553,LumaStyle_Email_202411,2024-11-06,Email,56.55,3092,371,4
CAMP01554,LumaStyle_Organic_202411,2024-11-06,Organic,0.0,5623,217,3
CAMP01555,LumaStyle_Referral_202411,2024-11-06,Referral,0.0,1702,188,7
CAMP01556,LumaStyle_GoogleAds_202411,2024-11-07,Google Ads,156.95,7823,251,10
CAMP01557,LumaStyle_MetaAds_202411,2024-11-07,Meta Ads,445.51,35363,396,19
CAMP01558,LumaStyle_Email_202411,2024-11-07,Email,27.65,2880,614,8
CAMP01559,LumaStyle_Organic_202411,2024-11-07,Organic,0.0,3429,70,1
CAMP01560,LumaStyle_Referral_202411,2024-11-07,Referral,0.0,1460,95,5
CAMP01561,LumaStyle_GoogleAds_202411,2024-11-08,Google Ads,203.62,11781,374,16
CAMP01562,LumaStyle_MetaAds_202411,2024-11-08,Meta Ads,272.89,20405,337,15
CAMP01563,LumaStyle_Email_202411,2024-11-08,Email,49.78,2274,375,6
CAMP01564,LumaStyle_Organic_202411,2024-11-08,Organic,0.0,3617,130,2
CAMP01565,LumaStyle_Referral_202411,2024-11-08,Referral,0.0,975,98,7
CAMP01566,LumaStyle_GoogleAds_202411,2024-11-09,Google Ads,265.07,14809,289,9
CAMP01567,LumaStyle_MetaAds_202411,2024-11-09,Meta Ads,369.63,25749,219,10
CAMP01568,LumaStyle_Email_202411,2024-11-09,Email,68.75,4156,851,12
CAMP01569,LumaStyle_Organic_202411,2024-11-09,Organic,0.0,6349,195,2
CAMP01570,LumaStyle_Referral_202411,2024-11-09,Referral,0.0,1697,146,6
CAMP01571,LumaStyle_GoogleAds_202411,2024-11-10,Google Ads,222.64,11503,307,10
CAMP01572,LumaStyle_MetaAds_202411,2024-11-10,Meta Ads,266.59,20912,219,7
CAMP01573,LumaStyle_Email_202411,2024-11-10,Email,31.65,4576,659,10
CAMP01574,LumaStyle_Organic_202411,2024-11-10,Organic,0.0,3667,96,2
CAMP01575,LumaStyle_Referral_202411,2024-11-10,Referral,0.0,1623,147,9
CAMP01576,LumaStyle_GoogleAds_202411,2024-11-11,Google Ads,446.05,22490,632,22
CAMP01577,LumaStyle_MetaAds_202411,2024-11-11,Meta Ads,211.06,14630,246,16
CAMP01578,LumaStyle_Email_202411,2024-11-11,Email,61.0,2398,527,14
CAMP01579,LumaStyle_Organic_202411,2024-11-11,Organic,0.0,4998,167,1
CAMP01580,LumaStyle_Referral_202411,2024-11-11,Referral,0.0,765,86,3
CAMP01581,LumaStyle_GoogleAds_202411,2024-11-12,Google Ads,397.22,17792,493,12
CAMP01582,LumaStyle_MetaAds_202411,2024-11-12,Meta Ads,449.94,29710,312,14
CAMP01583,LumaStyle_Email_202411,2024-11-12,Email,25.98,4948,718,9
CAMP01584,LumaStyle_Organic_202411,2024-11-12,Organic,0.0,7123,209,3
CAMP01585,LumaStyle_Referral_202411,2024-11-12,Referral,0.0,977,115,9
CAMP01586,LumaStyle_GoogleAds_202411,2024-11-13,Google Ads,450.68,23376,736,16
CAMP01587,LumaStyle_MetaAds_202411,2024-11-13,Meta Ads,203.07,15210,195,6
CAMP01588,LumaStyle_Email_202411,2024-11-13,Email,34.99,2706,451,10
CAMP01589,LumaStyle_Organic_202411,2024-11-13,Organic,0.0,6025,178,4
CAMP01590,LumaStyle_Referral_202411,2024-11-13,Referral,0.0,711,54,3
CAMP01591,LumaStyle_GoogleAds_202411,2024-11-14,Google Ads,361.65,19957,487,18
CAMP01592,LumaStyle_MetaAds_202411,2024-11-14,Meta Ads,221.92,15384,243,15
CAMP01593,LumaStyle_Email_202411,2024-11-14,Email,20.56,4747,950,26
CAMP01594,LumaStyle_Organic_202411,2024-11-14,Organic,0.0,6447,208,2
CAMP01595,LumaStyle_Referral_202411,2024-11-14,Referral,0.0,918,54,3
CAMP01596,LumaStyle_GoogleAds_202411,2024-11-15,Google Ads,401.97,23266,610,25
CAMP01597,LumaStyle_MetaAds_202411,2024-11-15,Meta Ads,297.81,18521,233,12
CAMP01598,LumaStyle_Email_202411,2024-11-15,Email,54.64,2832,438,6
CAMP01599,LumaStyle_Organic_202411,2024-11-15,Organic,0.0,4301,132,1
CAMP01600,LumaStyle_Referral_202411,2024-11-15,Referral,0.0,1701,195,8
CAMP01601,LumaStyle_GoogleAds_202411,2024-11-16,Google Ads,304.68,16257,366,9
CAMP01602,LumaStyle_MetaAds_202411,2024-11-16,Meta Ads,438.44,22529,324,11
CAMP01603,LumaStyle_Email_202411,2024-11-16,Email,71.91,4931,655,15
CAMP01604,LumaStyle_Organic_202411,2024-11-16,Organic,0.0,4806,98,2
CAMP01605,LumaStyle_Referral_202411,2024-11-16,Referral,0.0,1039,93,3
CAMP01606,LumaStyle_GoogleAds_202411,2024-11-17,Google Ads,306.25,18133,626,15
CAMP01607,LumaStyle_MetaAds_202411,2024-11-17,Meta Ads,134.64,8942,94,5
CAMP01608,LumaStyle_Email_202411,2024-11-17,Email,41.15,3914,460,8
CAMP01609,LumaStyle_Organic_202411,2024-11-17,Organic,0.0,3516,126,2
CAMP01610,LumaStyle_Referral_202411,2024-11-17,Referral,0.0,723,49,2
CAMP01611,LumaStyle_GoogleAds_202411,2024-11-18,Google Ads,406.5,22289,396,9
CAMP01612,LumaStyle_MetaAds_202411,2024-11-18,Meta Ads,407.6,20987,311,13
CAMP01613,LumaStyle_Email_202411,2024-11-18,Email,61.18,4518,465,5
CAMP01614,LumaStyle_Organic_202411,2024-11-18,Organic,0.0,3612,105,1
CAMP01615,LumaStyle_Referral_202411,2024-11-18,Referral,0.0,1605,187,11
CAMP01616,LumaStyle_GoogleAds_202411,2024-11-19,Google Ads,293.4,12482,435,15
CAMP01617,LumaStyle_MetaAds_202411,2024-11-19,Meta Ads,246.92,14158,282,11
CAMP01618,LumaStyle_Email_202411,2024-11-19,Email,52.05,3088,332,5
CAMP01619,LumaStyle_Organic_202411,2024-11-19,Organic,0.0,5038,136,2
CAMP01620,LumaStyle_Referral_202411,2024-11-19,Referral,0.0,874,103,8
CAMP01621,LumaStyle_GoogleAds_202411,2024-11-20,Google Ads,171.6,7327,234,9
CAMP01622,LumaStyle_MetaAds_202411,2024-11-20,Meta Ads,124.53,7699,132,5
CAMP01623,LumaStyle_Email_202411,2024-11-20,Email,26.33,2286,355,7
CAMP01624,LumaStyle_Organic_202411,2024-11-20,Organic,0.0,4306,107,1
CAMP01625,LumaStyle_Referral_202411,2024-11-20,Referral,0.0,1901,152,9
CAMP01626,LumaStyle_GoogleAds_202411,2024-11-21,Google Ads,248.86,13048,367,14
CAMP01627,LumaStyle_MetaAds_202411,2024-11-21,Meta Ads,321.42,24835,436,13
CAMP01628,LumaStyle_Email_202411,2024-11-21,Email,34.42,2078,274,5
CAMP01629,LumaStyle_Organic_202411,2024-11-21,Organic,0.0,3384,115,3
CAMP01630,LumaStyle_Referral_202411,2024-11-21,Referral,0.0,1156,113,6
CAMP01631,LumaStyle_GoogleAds_202411,2024-11-22,Google Ads,486.57,22862,628,19
CAMP01632,LumaStyle_MetaAds_202411,2024-11-22,Meta Ads,186.24,11851,213,13
CAMP01633,LumaStyle_Email_202411,2024-11-22,Email,50.07,3673,635,16
CAMP01634,LumaStyle_Organic_202411,2024-11-22,Organic,0.0,4655,170,4
CAMP01635,LumaStyle_Referral_202411,2024-11-22,Referral,0.0,1774,168,12
CAMP01636,LumaStyle_GoogleAds_202411,2024-11-23,Google Ads,460.51,19638,617,23
CAMP01637,LumaStyle_MetaAds_202411,2024-11-23,Meta Ads,437.04,29824,592,32
CAMP01638,LumaStyle_Email_202411,2024-11-23,Email,61.51,3542,454,13
CAMP01639,LumaStyle_Organic_202411,2024-11-23,Organic,0.0,4790,179,3
CAMP01640,LumaStyle_Referral_202411,2024-11-23,Referral,0.0,1519,83,4
CAMP01641,LumaStyle_GoogleAds_202411,2024-11-24,Google Ads,227.14,9254,160,4
CAMP01642,LumaStyle_MetaAds_202411,2024-11-24,Meta Ads,385.07,27515,440,21
CAMP01643,LumaStyle_Email_202411,2024-11-24,Email,79.67,3623,414,8
CAMP01644,LumaStyle_Organic_202411,2024-11-24,Organic,0.0,6900,258,6
CAMP01645,LumaStyle_Referral_202411,2024-11-24,Referral,0.0,1812,100,5
CAMP01646,LumaStyle_GoogleAds_202411,2024-11-25,Google Ads,386.35,18633,422,15
CAMP01647,LumaStyle_MetaAds_202411,2024-11-25,Meta Ads,299.54,16779,265,8
CAMP01648,LumaStyle_Email_202411,2024-11-25,Email,71.15,3395,495,12
CAMP01649,LumaStyle_Organic_202411,2024-11-25,Organic,0.0,4348,109,3
CAMP01650,LumaStyle_Referral_202411,2024-11-25,Referral,0.0,1060,62,4
CAMP01651,LumaStyle_GoogleAds_202411,2024-11-26,Google Ads,377.63,21734,727,25
CAMP01652,LumaStyle_MetaAds_202411,2024-11-26,Meta Ads,203.46,14040,132,6
CAMP01653,LumaStyle_Email_202411,2024-11-26,Email,60.19,2786,425,7
CAMP01654,LumaStyle_Organic_202411,2024-11-26,Organic,0.0,6275,227,4
CAMP01655,LumaStyle_Referral_202411,2024-11-26,Referral,0.0,1357,146,10
CAMP01656,LumaStyle_GoogleAds_202411,2024-11-27,Google Ads,189.35,10707,249,11
CAMP01657,LumaStyle_MetaAds_202411,2024-11-27,Meta Ads,301.02,17138,214,14
CAMP01658,LumaStyle_Email_202411,2024-11-27,Email,38.89,4449,947,26
CAMP01659,LumaStyle_Organic_202411,2024-11-27,Organic,0.0,7202,234,4
CAMP01660,LumaStyle_Referral_202411,2024-11-27,Referral,0.0,526,28,1
CAMP01661,LumaStyle_GoogleAds_202411,2024-11-28,Google Ads,187.71,9490,318,11
CAMP01662,LumaStyle_MetaAds_202411,2024-11-28,Meta Ads,402.97,24917,249,10
CAMP01663,LumaStyle_Email_202411,2024-11-28,Email,34.99,3073,414,11
CAMP01664,LumaStyle_Organic_202411,2024-11-28,Organic,0.0,3937,154,2
CAMP01665,LumaStyle_Referral_202411,2024-11-28,Referral,0.0,568,31,1
CAMP01666,LumaStyle_GoogleAds_202411,2024-11-29,Google Ads,175.0,7086,231,11
CAMP01667,LumaStyle_MetaAds_202411,2024-11-29,Meta Ads,152.07,10010,194,13
CAMP01668,LumaStyle_Email_202411,2024-11-29,Email,47.52,4445,834,22
CAMP01669,LumaStyle_Organic_202411,2024-11-29,Organic,0.0,4426,170,2
CAMP01670,LumaStyle_Referral_202411,2024-11-29,Referral,0.0,804,71,5
CAMP01671,LumaStyle_GoogleAds_202411,2024-11-30,Google Ads,227.64,13213,436,8
CAMP01672,LumaStyle_MetaAds_202411,2024-11-30,Meta Ads,383.56,21136,345,12
CAMP01673,LumaStyle_Email_202411,2024-11-30,Email,28.49,2034,213,5
CAMP01674,LumaStyle_Organic_202411,2024-11-30,Organic,0.0,4068,103,2
CAMP01675,LumaStyle_Referral_202411,2024-11-30,Referral,0.0,1121,114,6
CAMP01676,LumaStyle_GoogleAds_202412,2024-12-01,Google Ads,157.58,7150,229,9
CAMP01677,LumaStyle_MetaAds_202412,2024-12-01,Meta Ads,276.31,15122,203,9
CAMP01678,LumaStyle_Email_202412,2024-12-01,Email,21.51,2694,460,12
CAMP01679,LumaStyle_Organic_202412,2024-12-01,Organic,0.0,4432,129,2
CAMP01680,LumaStyle_Referral_202412,2024-12-01,Referral,0.0,1742,157,11
CAMP01681,LumaStyle_GoogleAds_202412,2024-12-02,Google Ads,437.24,25338,403,19
CAMP01682,LumaStyle_MetaAds_202412,2024-12-02,Meta Ads,165.26,12413,235,14
CAMP01683,LumaStyle_Email_202412,2024-12-02,Email,65.97,4956,1014,22
CAMP01684,LumaStyle_Organic_202412,2024-12-02,Organic,0.0,6745,209,5
CAMP01685,LumaStyle_Referral_202412,2024-12-02,Referral,0.0,1766,149,11
CAMP01686,LumaStyle_GoogleAds_202412,2024-12-03,Google Ads,463.62,20527,523,21
CAMP01687,LumaStyle_MetaAds_202412,2024-12-03,Meta Ads,271.41,16146,215,6
CAMP01688,LumaStyle_Email_202412,2024-12-03,Email,64.82,3575,590,14
CAMP01689,LumaStyle_Organic_202412,2024-12-03,Organic,0.0,3295,126,3
CAMP01690,LumaStyle_Referral_202412,2024-12-03,Referral,0.0,1598,118,6
CAMP01691,LumaStyle_GoogleAds_202412,2024-12-04,Google Ads,199.91,8034,247,7
CAMP01692,LumaStyle_MetaAds_202412,2024-12-04,Meta Ads,317.96,25058,235,16
CAMP01693,LumaStyle_Email_202412,2024-12-04,Email,51.11,4178,863,11
CAMP01694,LumaStyle_Organic_202412,2024-12-04,Organic,0.0,6680,214,3
CAMP01695,LumaStyle_Referral_202412,2024-12-04,Referral,0.0,1147,135,9
CAMP01696,LumaStyle_GoogleAds_202412,2024-12-05,Google Ads,256.5,12574,254,9
CAMP01697,LumaStyle_MetaAds_202412,2024-12-05,Meta Ads,215.1,11517,208,7
CAMP01698,LumaStyle_Email_202412,2024-12-05,Email,46.16,2294,344,9
CAMP01699,LumaStyle_Organic_202412,2024-12-05,Organic,0.0,4492,109,3
CAMP01700,LumaStyle_Referral_202412,2024-12-05,Referral,0.0,1878,166,10
CAMP01701,LumaStyle_GoogleAds_202412,2024-12-06,Google Ads,311.41,16723,315,12
CAMP01702,LumaStyle_MetaAds_202412,2024-12-06,Meta Ads,191.64,11301,110,3
CAMP01703,LumaStyle_Email_202412,2024-12-06,Email,41.34,2605,348,8
CAMP01704,LumaStyle_Organic_202412,2024-12-06,Organic,0.0,3486,94,1
CAMP01705,LumaStyle_Referral_202412,2024-12-06,Referral,0.0,1507,96,6
CAMP01706,LumaStyle_GoogleAds_202412,2024-12-07,Google Ads,328.68,19370,540,23
CAMP01707,LumaStyle_MetaAds_202412,2024-12-07,Meta Ads,353.45,20308,316,16
CAMP01708,LumaStyle_Email_202412,2024-12-07,Email,48.52,3571,455,11
CAMP01709,LumaStyle_Organic_202412,2024-12-07,Organic,0.0,7994,213,5
CAMP01710,LumaStyle_Referral_202412,2024-12-07,Referral,0.0,549,58,4
CAMP01711,LumaStyle_GoogleAds_202412,2024-12-08,Google Ads,435.84,17510,318,13
CAMP01712,LumaStyle_MetaAds_202412,2024-12-08,Meta Ads,252.0,16045,318,19
CAMP01713,LumaStyle_Email_202412,2024-12-08,Email,55.1,2420,287,7
CAMP01714,LumaStyle_Organic_202412,2024-12-08,Organic,0.0,3014,111,2
CAMP01715,LumaStyle_Referral_202412,2024-12-08,Referral,0.0,1957,119,5
CAMP01716,LumaStyle_GoogleAds_202412,2024-12-09,Google Ads,157.22,8426,165,7
CAMP01717,LumaStyle_MetaAds_202412,2024-12-09,Meta Ads,444.25,22994,186,5
CAMP01718,LumaStyle_Email_202412,2024-12-09,Email,55.26,2365,267,5
CAMP01719,LumaStyle_Organic_202412,2024-12-09,Organic,0.0,3414,107,1
CAMP01720,LumaStyle_Referral_202412,2024-12-09,Referral,0.0,1645,184,8
CAMP01721,LumaStyle_GoogleAds_202412,2024-12-10,Google Ads,485.57,19458,623,22
CAMP01722,LumaStyle_MetaAds_202412,2024-12-10,Meta Ads,422.59,27228,252,8
CAMP01723,LumaStyle_Email_202412,2024-12-10,Email,37.42,3906,626,16
CAMP01724,LumaStyle_Organic_202412,2024-12-10,Organic,0.0,6485,177,5
CAMP01725,LumaStyle_Referral_202412,2024-12-10,Referral,0.0,660,73,5
CAMP01726,LumaStyle_GoogleAds_202412,2024-12-11,Google Ads,211.66,9657,171,5
CAMP01727,LumaStyle_MetaAds_202412,2024-12-11,Meta Ads,336.57,20529,389,19
CAMP01728,LumaStyle_Email_202412,2024-12-11,Email,22.96,3958,847,9
CAMP01729,LumaStyle_Organic_202412,2024-12-11,Organic,0.0,5478,126,3
CAMP01730,LumaStyle_Referral_202412,2024-12-11,Referral,0.0,1953,199,8
CAMP01731,LumaStyle_GoogleAds_202412,2024-12-12,Google Ads,342.17,15050,267,9
CAMP01732,LumaStyle_MetaAds_202412,2024-12-12,Meta Ads,264.33,18740,360,23
CAMP01733,LumaStyle_Email_202412,2024-12-12,Email,39.76,3042,592,10
CAMP01734,LumaStyle_Organic_202412,2024-12-12,Organic,0.0,4487,113,1
CAMP01735,LumaStyle_Referral_202412,2024-12-12,Referral,0.0,1096,125,6
CAMP01736,LumaStyle_GoogleAds_202412,2024-12-13,Google Ads,170.33,8466,228,8
CAMP01737,LumaStyle_MetaAds_202412,2024-12-13,Meta Ads,153.83,11829,213,6
CAMP01738,LumaStyle_Email_202412,2024-12-13,Email,26.39,3195,405,12
CAMP01739,LumaStyle_Organic_202412,2024-12-13,Organic,0.0,3325,130,2
CAMP01740,LumaStyle_Referral_202412,2024-12-13,Referral,0.0,624,57,3
CAMP01741,LumaStyle_GoogleAds_202412,2024-12-14,Google Ads,408.1,20071,319,13
CAMP01742,LumaStyle_MetaAds_202412,2024-12-14,Meta Ads,103.85,6043,117,7
CAMP01743,LumaStyle_Email_202412,2024-12-14,Email,56.96,3426,355,8
CAMP01744,LumaStyle_Organic_202412,2024-12-14,Organic,0.0,3109,85,2
CAMP01745,LumaStyle_Referral_202412,2024-12-14,Referral,0.0,919,60,3
CAMP01746,LumaStyle_GoogleAds_202412,2024-12-15,Google Ads,249.22,11743,400,17
CAMP01747,LumaStyle_MetaAds_202412,2024-12-15,Meta Ads,441.22,23689,256,16
CAMP01748,LumaStyle_Email_202412,2024-12-15,Email,77.21,4806,793,16
CAMP01749,LumaStyle_Organic_202412,2024-12-15,Organic,0.0,5967,129,2
CAMP01750,LumaStyle_Referral_202412,2024-12-15,Referral,0.0,993,89,6
CAMP01751,LumaStyle_GoogleAds_202412,2024-12-16,Google Ads,153.26,6815,181,7
CAMP01752,LumaStyle_MetaAds_202412,2024-12-16,Meta Ads,322.42,21627,359,20
CAMP01753,LumaStyle_Email_202412,2024-12-16,Email,40.09,4025,474,11
CAMP01754,LumaStyle_Organic_202412,2024-12-16,Organic,0.0,6169,191,4
CAMP01755,LumaStyle_Referral_202412,2024-12-16,Referral,0.0,703,60,2
CAMP01756,LumaStyle_GoogleAds_202412,2024-12-17,Google Ads,194.59,9944,226,10
CAMP01757,LumaStyle_MetaAds_202412,2024-12-17,Meta Ads,169.57,10482,116,6
CAMP01758,LumaStyle_Email_202412,2024-12-17,Email,59.81,4356,479,14
CAMP01759,LumaStyle_Organic_202412,2024-12-17,Organic,0.0,4631,157,3
CAMP01760,LumaStyle_Referral_202412,2024-12-17,Referral,0.0,1656,109,6
CAMP01761,LumaStyle_GoogleAds_202412,2024-12-18,Google Ads,456.99,20713,693,14
CAMP01762,LumaStyle_MetaAds_202412,2024-12-18,Meta Ads,354.93,20600,320,12
CAMP01763,LumaStyle_Email_202412,2024-12-18,Email,28.41,4268,520,5
CAMP01764,LumaStyle_Organic_202412,2024-12-18,Organic,0.0,6200,220,6
CAMP01765,LumaStyle_Referral_202412,2024-12-18,Referral,0.0,784,62,4
CAMP01766,LumaStyle_GoogleAds_202412,2024-12-19,Google Ads,183.16,7483,251,10
CAMP01767,LumaStyle_MetaAds_202412,2024-12-19,Meta Ads,204.0,13088,256,14
CAMP01768,LumaStyle_Email_202412,2024-12-19,Email,78.16,4462,718,15
CAMP01769,LumaStyle_Organic_202412,2024-12-19,Organic,0.0,7317,228,5
CAMP01770,LumaStyle_Referral_202412,2024-12-19,Referral,0.0,822,71,4
CAMP01771,LumaStyle_GoogleAds_202412,2024-12-20,Google Ads,252.02,11248,354,13
CAMP01772,LumaStyle_MetaAds_202412,2024-12-20,Meta Ads,427.92,30928,581,29
CAMP01773,LumaStyle_Email_202412,2024-12-20,Email,40.57,2636,364,9
CAMP01774,LumaStyle_Organic_202412,2024-12-20,Organic,0.0,7192,152,3
CAMP01775,LumaStyle_Referral_202412,2024-12-20,Referral,0.0,1315,129,6
CAMP01776,LumaStyle_GoogleAds_202412,2024-12-21,Google Ads,274.09,14931,487,10
CAMP01777,LumaStyle_MetaAds_202412,2024-12-21,Meta Ads,186.59,9962,118,6
CAMP01778,LumaStyle_Email_202412,2024-12-21,Email,40.11,2881,310,7
CAMP01779,LumaStyle_Organic_202412,2024-12-21,Organic,0.0,3604,87,2
CAMP01780,LumaStyle_Referral_202412,2024-12-21,Referral,0.0,636,45,2
CAMP01781,LumaStyle_GoogleAds_202412,2024-12-22,Google Ads,381.66,22724,375,10
CAMP01782,LumaStyle_MetaAds_202412,2024-12-22,Meta Ads,369.49,28968,442,16
CAMP01783,LumaStyle_Email_202412,2024-12-22,Email,75.29,3681,425,11
CAMP01784,LumaStyle_Organic_202412,2024-12-22,Organic,0.0,6666,236,6
CAMP01785,LumaStyle_Referral_202412,2024-12-22,Referral,0.0,714,50,2
CAMP01786,LumaStyle_GoogleAds_202412,2024-12-23,Google Ads,299.62,14186,265,12
CAMP01787,LumaStyle_MetaAds_202412,2024-12-23,Meta Ads,330.33,23823,191,6
CAMP01788,LumaStyle_Email_202412,2024-12-23,Email,61.17,4990,656,11
CAMP01789,LumaStyle_Organic_202412,2024-12-23,Organic,0.0,3842,86,0
CAMP01790,LumaStyle_Referral_202412,2024-12-23,Referral,0.0,734,78,4
CAMP01791,LumaStyle_GoogleAds_202412,2024-12-24,Google Ads,383.4,22286,492,19
CAMP01792,LumaStyle_MetaAds_202412,2024-12-24,Meta Ads,291.0,22681,213,14
CAMP01793,LumaStyle_Email_202412,2024-12-24,Email,65.6,3351,351,7
CAMP01794,LumaStyle_Organic_202412,2024-12-24,Organic,0.0,5674,126,1
CAMP01795,LumaStyle_Referral_202412,2024-12-24,Referral,0.0,1796,184,11
CAMP01796,LumaStyle_GoogleAds_202412,2024-12-25,Google Ads,156.23,8872,135,5
CAMP01797,LumaStyle_MetaAds_202412,2024-12-25,Meta Ads,221.35,14244,124,5
CAMP01798,LumaStyle_Email_202412,2024-12-25,Email,52.23,2248,291,5
CAMP01799,LumaStyle_Organic_202412,2024-12-25,Organic,0.0,4685,164,1
CAMP01800,LumaStyle_Referral_202412,2024-12-25,Referral,0.0,1699,121,5
CAMP01801,LumaStyle_GoogleAds_202412,2024-12-26,Google Ads,494.43,26630,440,9
CAMP01802,LumaStyle_MetaAds_202412,2024-12-26,Meta Ads,246.57,15179,199,13
CAMP01803,LumaStyle_Email_202412,2024-12-26,Email,46.05,2622,437,10
CAMP01804,LumaStyle_Organic_202412,2024-12-26,Organic,0.0,7291,227,5
CAMP01805,LumaStyle_Referral_202412,2024-12-26,Referral,0.0,1696,117,8
CAMP01806,LumaStyle_GoogleAds_202412,2024-12-27,Google Ads,267.81,15905,473,15
CAMP01807,LumaStyle_MetaAds_202412,2024-12-27,Meta Ads,322.21,19389,230,16
CAMP01808,LumaStyle_Email_202412,2024-12-27,Email,55.51,2440,340,8
CAMP01809,LumaStyle_Organic_202412,2024-12-27,Organic,0.0,5181,122,2
CAMP01810,LumaStyle_Referral_202412,2024-12-27,Referral,0.0,1863,100,4
CAMP01811,LumaStyle_GoogleAds_202412,2024-12-28,Google Ads,281.74,14864,323,15
CAMP01812,LumaStyle_MetaAds_202412,2024-12-28,Meta Ads,338.11,26081,288,17
CAMP01813,LumaStyle_Email_202412,2024-12-28,Email,65.82,3561,426,4
CAMP01814,LumaStyle_Organic_202412,2024-12-28,Organic,0.0,3213,118,1
CAMP01815,LumaStyle_Referral_202412,2024-12-28,Referral,0.0,1130,109,7
CAMP01816,LumaStyle_GoogleAds_202412,2024-12-29,Google Ads,209.67,12472,318,7
CAMP01817,LumaStyle_MetaAds_202412,2024-12-29,Meta Ads,209.39,15901,245,12
CAMP01818,LumaStyle_Email_202412,2024-12-29,Email,77.3,4098,747,15
CAMP01819,LumaStyle_Organic_202412,2024-12-29,Organic,0.0,4886,104,1
CAMP01820,LumaStyle_Referral_202412,2024-12-29,Referral,0.0,1331,85,5
CAMP01821,LumaStyle_GoogleAds_202412,2024-12-30,Google Ads,323.42,16441,546,15
CAMP01822,LumaStyle_MetaAds_202412,2024-12-30,Meta Ads,123.07,9016,88,5
CAMP01823,LumaStyle_Email_202412,2024-12-30,Email,67.52,3978,762,13
CAMP01824,LumaStyle_Organic_202412,2024-12-30,Organic,0.0,4180,135,2
CAMP01825,LumaStyle_Referral_202412,2024-12-30,Referral,0.0,1696,121,9
CAMP01826,LumaStyle_GoogleAds_202412,2024-12-31,Google Ads,294.44,11800,212,4
CAMP01827,LumaStyle_MetaAds_202412,2024-12-31,Meta Ads,352.24,19848,294,10
CAMP01828,LumaStyle_Email_202412,2024-12-31,Email,72.37,3369,462,7
CAMP01829,LumaStyle_Organic_202412,2024-12-31,Organic,0.0,5550,188,3
CAMP01830,LumaStyle_Referral_202412,2024-12-31,Referral,0.0,1698,167,7
CAMP01831,LumaStyle_GoogleAds_202501,2025-01-01,Google Ads,199.83,8125,217,10
CAMP01832,LumaStyle_MetaAds_202501,2025-01-01,Meta Ads,415.14,21824,353,20
CAMP01833,LumaStyle_Email_202501,2025-01-01,Email,73.7,4878,1009,18
CAMP01834,LumaStyle_Organic_202501,2025-01-01,Organic,0.0,4164,109,2
CAMP01835,LumaStyle_Referral_202501,2025-01-01,Referral,0.0,867,85,5
CAMP01836,LumaStyle_GoogleAds_202501,2025-01-02,Google Ads,308.04,13332,394,8
CAMP01837,LumaStyle_MetaAds_202501,2025-01-02,Meta Ads,413.36,32979,643,40
CAMP01838,LumaStyle_Email_202501,2025-01-02,Email,73.07,2007,350,5
CAMP01839,LumaStyle_Organic_202501,2025-01-02,Organic,0.0,6087,208,4
CAMP01840,LumaStyle_Referral_202501,2025-01-02,Referral,0.0,1606,191,12
CAMP01841,LumaStyle_GoogleAds_202501,2025-01-03,Google Ads,247.86,10189,158,6
CAMP01842,LumaStyle_MetaAds_202501,2025-01-03,Meta Ads,230.25,17060,277,10
CAMP01843,LumaStyle_Email_202501,2025-01-03,Email,63.65,4967,874,9
CAMP01844,LumaStyle_Organic_202501,2025-01-03,Organic,0.0,7163,239,3
CAMP01845,LumaStyle_Referral_202501,2025-01-03,Referral,0.0,1178,93,6
CAMP01846,LumaStyle_GoogleAds_202501,2025-01-04,Google Ads,307.26,17728,348,8
CAMP01847,LumaStyle_MetaAds_202501,2025-01-04,Meta Ads,145.71,8129,91,6
CAMP01848,LumaStyle_Email_202501,2025-01-04,Email,34.12,2085,382,7
CAMP01849,LumaStyle_Organic_202501,2025-01-04,Organic,0.0,5522,129,1
CAMP01850,LumaStyle_Referral_202501,2025-01-04,Referral,0.0,523,38,2
CAMP01851,LumaStyle_GoogleAds_202501,2025-01-05,Google Ads,217.59,12980,268,6
CAMP01852,LumaStyle_MetaAds_202501,2025-01-05,Meta Ads,299.25,15957,209,7
CAMP01853,LumaStyle_Email_202501,2025-01-05,Email,63.86,2324,274,4
CAMP01854,LumaStyle_Organic_202501,2025-01-05,Organic,0.0,5609,215,5
CAMP01855,LumaStyle_Referral_202501,2025-01-05,Referral,0.0,1814,102,6
CAMP01856,LumaStyle_GoogleAds_202501,2025-01-06,Google Ads,439.08,25400,770,30
CAMP01857,LumaStyle_MetaAds_202501,2025-01-06,Meta Ads,360.53,22550,279,17
CAMP01858,LumaStyle_Email_202501,2025-01-06,Email,48.07,2584,405,12
CAMP01859,LumaStyle_Organic_202501,2025-01-06,Organic,0.0,7925,159,2
CAMP01860,LumaStyle_Referral_202501,2025-01-06,Referral,0.0,1730,87,5
CAMP01861,LumaStyle_GoogleAds_202501,2025-01-07,Google Ads,380.99,16811,257,11
CAMP01862,LumaStyle_MetaAds_202501,2025-01-07,Meta Ads,208.42,14140,149,9
CAMP01863,LumaStyle_Email_202501,2025-01-07,Email,36.93,4436,943,18
CAMP01864,LumaStyle_Organic_202501,2025-01-07,Organic,0.0,4425,92,2
CAMP01865,LumaStyle_Referral_202501,2025-01-07,Referral,0.0,1471,153,10
CAMP01866,LumaStyle_GoogleAds_202501,2025-01-08,Google Ads,325.82,19509,475,16
CAMP01867,LumaStyle_MetaAds_202501,2025-01-08,Meta Ads,348.75,26179,209,12
CAMP01868,LumaStyle_Email_202501,2025-01-08,Email,58.52,2601,386,8
CAMP01869,LumaStyle_Organic_202501,2025-01-08,Organic,0.0,5893,128,3
CAMP01870,LumaStyle_Referral_202501,2025-01-08,Referral,0.0,604,65,3
CAMP01871,LumaStyle_GoogleAds_202501,2025-01-09,Google Ads,362.23,16693,297,9
CAMP01872,LumaStyle_MetaAds_202501,2025-01-09,Meta Ads,413.92,30874,260,15
CAMP01873,LumaStyle_Email_202501,2025-01-09,Email,72.86,2418,471,9
CAMP01874,LumaStyle_Organic_202501,2025-01-09,Organic,0.0,5902,202,2
CAMP01875,LumaStyle_Referral_202501,2025-01-09,Referral,0.0,1860,207,12
CAMP01876,LumaStyle_GoogleAds_202501,2025-01-10,Google Ads,377.64,20949,637,14
CAMP01877,LumaStyle_MetaAds_202501,2025-01-10,Meta Ads,447.04,33082,589,24
CAMP01878,LumaStyle_Email_202501,2025-01-10,Email,53.8,4029,527,13
CAMP01879,LumaStyle_Organic_202501,2025-01-10,Organic,0.0,4060,90,1
CAMP01880,LumaStyle_Referral_202501,2025-01-10,Referral,0.0,1037,105,7
CAMP01881,LumaStyle_GoogleAds_202501,2025-01-11,Google Ads,337.66,16570,434,16
CAMP01882,LumaStyle_MetaAds_202501,2025-01-11,Meta Ads,110.65,6593,114,6
CAMP01883,LumaStyle_Email_202501,2025-01-11,Email,30.17,3744,444,12
CAMP01884,LumaStyle_Organic_202501,2025-01-11,Organic,0.0,5433,191,5
CAMP01885,LumaStyle_Referral_202501,2025-01-11,Referral,0.0,538,45,2
CAMP01886,LumaStyle_GoogleAds_202501,2025-01-12,Google Ads,314.48,15267,410,16
CAMP01887,LumaStyle_MetaAds_202501,2025-01-12,Meta Ads,429.65,30442,376,12
CAMP01888,LumaStyle_Email_202501,2025-01-12,Email,33.55,3074,406,5
CAMP01889,LumaStyle_Organic_202501,2025-01-12,Organic,0.0,3708,121,2
CAMP01890,LumaStyle_Referral_202501,2025-01-12,Referral,0.0,1115,121,6
CAMP01891,LumaStyle_GoogleAds_202501,2025-01-13,Google Ads,478.94,26768,853,26
CAMP01892,LumaStyle_MetaAds_202501,2025-01-13,Meta Ads,442.89,28516,228,7
CAMP01893,LumaStyle_Email_202501,2025-01-13,Email,46.67,3175,341,9
CAMP01894,LumaStyle_Organic_202501,2025-01-13,Organic,0.0,4962,155,3
CAMP01895,LumaStyle_Referral_202501,2025-01-13,Referral,0.0,1168,140,9
CAMP01896,LumaStyle_GoogleAds_202501,2025-01-14,Google Ads,422.84,16975,540,14
CAMP01897,LumaStyle_MetaAds_202501,2025-01-14,Meta Ads,173.64,9148,119,6
CAMP01898,LumaStyle_Email_202501,2025-01-14,Email,34.42,4384,713,11
CAMP01899,LumaStyle_Organic_202501,2025-01-14,Organic,0.0,3539,132,3
CAMP01900,LumaStyle_Referral_202501,2025-01-14,Referral,0.0,1767,118,6
CAMP01901,LumaStyle_GoogleAds_202501,2025-01-15,Google Ads,486.41,26401,518,11
CAMP01902,LumaStyle_MetaAds_202501,2025-01-15,Meta Ads,291.51,15012,225,11
CAMP01903,LumaStyle_Email_202501,2025-01-15,Email,20.04,3953,506,6
CAMP01904,LumaStyle_Organic_202501,2025-01-15,Organic,0.0,3775,114,3
CAMP01905,LumaStyle_Referral_202501,2025-01-15,Referral,0.0,1780,133,6
CAMP01906,LumaStyle_GoogleAds_202501,2025-01-16,Google Ads,469.31,24532,707,20
CAMP01907,LumaStyle_MetaAds_202501,2025-01-16,Meta Ads,394.35,24360,326,21
CAMP01908,LumaStyle_Email_202501,2025-01-16,Email,47.28,3993,549,9
CAMP01909,LumaStyle_Organic_202501,2025-01-16,Organic,0.0,3149,93,2
CAMP01910,LumaStyle_Referral_202501,2025-01-16,Referral,0.0,1243,143,7
CAMP01911,LumaStyle_GoogleAds_202501,2025-01-17,Google Ads,380.36,19387,405,14
CAMP01912,LumaStyle_MetaAds_202501,2025-01-17,Meta Ads,426.81,33903,504,30
CAMP01913,LumaStyle_Email_202501,2025-01-17,Email,23.46,4580,562,14
CAMP01914,LumaStyle_Organic_202501,2025-01-17,Organic,0.0,7367,200,3
CAMP01915,LumaStyle_Referral_202501,2025-01-17,Referral,0.0,1607,132,5
CAMP01916,LumaStyle_GoogleAds_202501,2025-01-18,Google Ads,460.1,26626,532,13
CAMP01917,LumaStyle_MetaAds_202501,2025-01-18,Meta Ads,141.16,9123,154,8
CAMP01918,LumaStyle_Email_202501,2025-01-18,Email,37.62,3541,604,7
CAMP01919,LumaStyle_Organic_202501,2025-01-18,Organic,0.0,5117,199,3
CAMP01920,LumaStyle_Referral_202501,2025-01-18,Referral,0.0,1434,138,6
CAMP01921,LumaStyle_GoogleAds_202501,2025-01-19,Google Ads,328.47,14049,378,13
CAMP01922,LumaStyle_MetaAds_202501,2025-01-19,Meta Ads,179.1,10284,128,4
CAMP01923,LumaStyle_Email_202501,2025-01-19,Email,60.02,3141,552,12
CAMP01924,LumaStyle_Organic_202501,2025-01-19,Organic,0.0,3240,87,1
CAMP01925,LumaStyle_Referral_202501,2025-01-19,Referral,0.0,975,50,2
CAMP01926,LumaStyle_GoogleAds_202501,2025-01-20,Google Ads,188.1,10234,301,13
CAMP01927,LumaStyle_MetaAds_202501,2025-01-20,Meta Ads,340.99,21330,275,9
CAMP01928,LumaStyle_Email_202501,2025-01-20,Email,73.35,4400,848,24
CAMP01929,LumaStyle_Organic_202501,2025-01-20,Organic,0.0,5084,104,1
CAMP01930,LumaStyle_Referral_202501,2025-01-20,Referral,0.0,1995,136,6
CAMP01931,LumaStyle_GoogleAds_202501,2025-01-21,Google Ads,339.35,14185,356,16
CAMP01932,LumaStyle_MetaAds_202501,2025-01-21,Meta Ads,389.2,26916,283,12
CAMP01933,LumaStyle_Email_202501,2025-01-21,Email,27.34,2094,265,7
CAMP01934,LumaStyle_Organic_202501,2025-01-21,Organic,0.0,5759,173,2
CAMP01935,LumaStyle_Referral_202501,2025-01-21,Referral,0.0,765,68,4
CAMP01936,LumaStyle_GoogleAds_202501,2025-01-22,Google Ads,279.83,12990,239,8
CAMP01937,LumaStyle_MetaAds_202501,2025-01-22,Meta Ads,365.86,22772,220,14
CAMP01938,LumaStyle_Email_202501,2025-01-22,Email,21.67,2329,447,8
CAMP01939,LumaStyle_Organic_202501,2025-01-22,Organic,0.0,6261,127,3
CAMP01940,LumaStyle_Referral_202501,2025-01-22,Referral,0.0,1380,77,3
CAMP01941,LumaStyle_GoogleAds_202501,2025-01-23,Google Ads,495.63,22885,378,12
CAMP01942,LumaStyle_MetaAds_202501,2025-01-23,Meta Ads,340.62,25672,405,13
CAMP01943,LumaStyle_Email_202501,2025-01-23,Email,48.3,3982,722,15
CAMP01944,LumaStyle_Organic_202501,2025-01-23,Organic,0.0,7660,198,4
CAMP01945,LumaStyle_Referral_202501,2025-01-23,Referral,0.0,1069,117,7
CAMP01946,LumaStyle_GoogleAds_202501,2025-01-24,Google Ads,428.87,23624,691,26
CAMP01947,LumaStyle_MetaAds_202501,2025-01-24,Meta Ads,282.5,21349,269,10
CAMP01948,LumaStyle_Email_202501,2025-01-24,Email,74.9,4359,555,13
CAMP01949,LumaStyle_Organic_202501,2025-01-24,Organic,0.0,6123,177,1
CAMP01950,LumaStyle_Referral_202501,2025-01-24,Referral,0.0,1840,145,8
CAMP01951,LumaStyle_GoogleAds_202501,2025-01-25,Google Ads,406.62,16518,302,12
CAMP01952,LumaStyle_MetaAds_202501,2025-01-25,Meta Ads,303.92,22084,417,20
CAMP01953,LumaStyle_Email_202501,2025-01-25,Email,33.39,4418,915,12
CAMP01954,LumaStyle_Organic_202501,2025-01-25,Organic,0.0,6071,147,1
CAMP01955,LumaStyle_Referral_202501,2025-01-25,Referral,0.0,1296,70,4
CAMP01956,LumaStyle_GoogleAds_202501,2025-01-26,Google Ads,391.29,19498,477,18
CAMP01957,LumaStyle_MetaAds_202501,2025-01-26,Meta Ads,410.83,29498,507,17
CAMP01958,LumaStyle_Email_202501,2025-01-26,Email,55.99,2766,291,7
CAMP01959,LumaStyle_Organic_202501,2025-01-26,Organic,0.0,5524,152,4
CAMP01960,LumaStyle_Referral_202501,2025-01-26,Referral,0.0,1082,91,5
CAMP01961,LumaStyle_GoogleAds_202501,2025-01-27,Google Ads,186.72,10652,320,10
CAMP01962,LumaStyle_MetaAds_202501,2025-01-27,Meta Ads,168.62,12537,145,6
CAMP01963,LumaStyle_Email_202501,2025-01-27,Email,63.12,4508,470,6
CAMP01964,LumaStyle_Organic_202501,2025-01-27,Organic,0.0,3231,128,2
CAMP01965,LumaStyle_Referral_202501,2025-01-27,Referral,0.0,1121,71,4
CAMP01966,LumaStyle_GoogleAds_202501,2025-01-28,Google Ads,485.74,20843,335,11
CAMP01967,LumaStyle_MetaAds_202501,2025-01-28,Meta Ads,275.35,14331,176,8
CAMP01968,LumaStyle_Email_202501,2025-01-28,Email,23.4,3576,492,6
CAMP01969,LumaStyle_Organic_202501,2025-01-28,Organic,0.0,3644,116,2
CAMP01970,LumaStyle_Referral_202501,2025-01-28,Referral,0.0,1789,158,9
CAMP01971,LumaStyle_GoogleAds_202501,2025-01-29,Google Ads,492.56,26145,690,21
CAMP01972,LumaStyle_MetaAds_202501,2025-01-29,Meta Ads,101.49,5793,60,3
CAMP01973,LumaStyle_Email_202501,2025-01-29,Email,77.13,4159,420,8
CAMP01974,LumaStyle_Organic_202501,2025-01-29,Organic,0.0,6766,260,6
CAMP01975,LumaStyle_Referral_202501,2025-01-29,Referral,0.0,906,78,6
CAMP01976,LumaStyle_GoogleAds_202501,2025-01-30,Google Ads,319.06,17147,475,18
CAMP01977,LumaStyle_MetaAds_202501,2025-01-30,Meta Ads,127.94,10112,134,5
CAMP01978,LumaStyle_Email_202501,2025-01-30,Email,79.21,3384,731,15
CAMP01979,LumaStyle_Organic_202501,2025-01-30,Organic,0.0,7407,163,4
CAMP01980,LumaStyle_Referral_202501,2025-01-30,Referral,0.0,696,44,2
CAMP01981,LumaStyle_GoogleAds_202501,2025-01-31,Google Ads,361.98,18141,307,12
CAMP01982,LumaStyle_MetaAds_202501,2025-01-31,Meta Ads,108.23,6093,106,6
CAMP01983,LumaStyle_Email_202501,2025-01-31,Email,71.35,2065,273,3
CAMP01984,LumaStyle_Organic_202501,2025-01-31,Organic,0.0,5390,146,3
CAMP01985,LumaStyle_Referral_202501,2025-01-31,Referral,0.0,1259,68,3
CAMP01986,LumaStyle_GoogleAds_202502,2025-02-01,Google Ads,329.51,18577,558,14
CAMP01987,LumaStyle_MetaAds_202502,2025-02-01,Meta Ads,313.58,21413,345,20
CAMP01988,LumaStyle_Email_202502,2025-02-01,Email,22.43,3898,540,12
CAMP01989,LumaStyle_Organic_202502,2025-02-01,Organic,0.0,7470,270,3
CAMP01990,LumaStyle_Referral_202502,2025-02-01,Referral,0.0,1594,81,5
CAMP01991,LumaStyle_GoogleAds_202502,2025-02-02,Google Ads,293.32,16534,537,22
CAMP01992,LumaStyle_MetaAds_202502,2025-02-02,Meta Ads,290.97,19354,358,24
CAMP01993,LumaStyle_Email_202502,2025-02-02,Email,56.18,2443,454,5
CAMP01994,LumaStyle_Organic_202502,2025-02-02,Organic,0.0,3912,101,1
CAMP01995,LumaStyle_Referral_202502,2025-02-02,Referral,0.0,1045,69,4
CAMP01996,LumaStyle_GoogleAds_202502,2025-02-03,Google Ads,490.35,20666,715,21
CAMP01997,LumaStyle_MetaAds_202502,2025-02-03,Meta Ads,321.1,16335,265,18
CAMP01998,LumaStyle_Email_202502,2025-02-03,Email,75.21,2806,595,13
CAMP01999,LumaStyle_Organic_202502,2025-02-03,Organic,0.0,6479,238,2
CAMP02000,LumaStyle_Referral_202502,2025-02-03,Referral,0.0,1440,75,3
CAMP02001,LumaStyle_GoogleAds_202502,2025-02-04,Google Ads,155.87,7570,133,4
CAMP02002,LumaStyle_MetaAds_202502,2025-02-04,Meta Ads,445.32,29650,445,20
CAMP02003,LumaStyle_Email_202502,2025-02-04,Email,72.73,2243,254,5
CAMP02004,LumaStyle_Organic_202502,2025-02-04,Organic,0.0,4446,124,2
CAMP02005,LumaStyle_Referral_202502,2025-02-04,Referral,0.0,1019,103,4
CAMP02006,LumaStyle_GoogleAds_202502,2025-02-05,Google Ads,400.83,19879,420,11
CAMP02007,LumaStyle_MetaAds_202502,2025-02-05,Meta Ads,309.93,22513,288,18
CAMP02008,LumaStyle_Email_202502,2025-02-05,Email,53.0,3622,713,16
CAMP02009,LumaStyle_Organic_202502,2025-02-05,Organic,0.0,6298,202,4
CAMP02010,LumaStyle_Referral_202502,2025-02-05,Referral,0.0,538,38,2
CAMP02011,LumaStyle_GoogleAds_202502,2025-02-06,Google Ads,370.15,18921,538,25
CAMP02012,LumaStyle_MetaAds_202502,2025-02-06,Meta Ads,114.62,6503,56,3
CAMP02013,LumaStyle_Email_202502,2025-02-06,Email,46.64,3611,378,5
CAMP02014,LumaStyle_Organic_202502,2025-02-06,Organic,0.0,7255,271,4
CAMP02015,LumaStyle_Referral_202502,2025-02-06,Referral,0.0,927,82,6
CAMP02016,LumaStyle_GoogleAds_202502,2025-02-07,Google Ads,387.47,21525,357,17
CAMP02017,LumaStyle_MetaAds_202502,2025-02-07,Meta Ads,280.64,21004,324,16
CAMP02018,LumaStyle_Email_202502,2025-02-07,Email,66.65,3917,508,9
CAMP02019,LumaStyle_Organic_202502,2025-02-07,Organic,0.0,4220,105,1
CAMP02020,LumaStyle_Referral_202502,2025-02-07,Referral,0.0,1878,109,4
CAMP02021,LumaStyle_GoogleAds_202502,2025-02-08,Google Ads,251.28,11826,399,13
CAMP02022,LumaStyle_MetaAds_202502,2025-02-08,Meta Ads,331.88,19077,177,5
CAMP02023,LumaStyle_Email_202502,2025-02-08,Email,49.94,2092,419,4
CAMP02024,LumaStyle_Organic_202502,2025-02-08,Organic,0.0,4640,182,3
CAMP02025,LumaStyle_Referral_202502,2025-02-08,Referral,0.0,669,34,1
CAMP02026,LumaStyle_GoogleAds_202502,2025-02-09,Google Ads,197.08,9706,178,7
CAMP02027,LumaStyle_MetaAds_202502,2025-02-09,Meta Ads,411.33,28551,501,24
CAMP02028,LumaStyle_Email_202502,2025-02-09,Email,66.77,3775,415,9
CAMP02029,LumaStyle_Organic_202502,2025-02-09,Organic,0.0,7354,251,6
CAMP02030,LumaStyle_Referral_202502,2025-02-09,Referral,0.0,1292,74,3
CAMP02031,LumaStyle_GoogleAds_202502,2025-02-10,Google Ads,323.69,18790,492,21
CAMP02032,LumaStyle_MetaAds_202502,2025-02-10,Meta Ads,329.96,19369,224,14
CAMP02033,LumaStyle_Email_202502,2025-02-10,Email,28.56,2029,411,8
CAMP02034,LumaStyle_Organic_202502,2025-02-10,Organic,0.0,6669,184,5
CAMP02035,LumaStyle_Referral_202502,2025-02-10,Referral,0.0,1855,205,11
CAMP02036,LumaStyle_GoogleAds_202502,2025-02-11,Google Ads,232.99,9703,284,12
CAMP02037,LumaStyle_MetaAds_202502,2025-02-11,Meta Ads,449.94,27072,217,9
CAMP02038,LumaStyle_Email_202502,2025-02-11,Email,71.73,4979,1062,27
CAMP02039,LumaStyle_Organic_202502,2025-02-11,Organic,0.0,5601,199,2
CAMP02040,LumaStyle_Referral_202502,2025-02-11,Referral,0.0,1300,111,6
CAMP02041,LumaStyle_GoogleAds_202502,2025-02-12,Google Ads,392.02,20600,525,11
CAMP02042,LumaStyle_MetaAds_202502,2025-02-12,Meta Ads,343.6,19309,352,23
CAMP02043,LumaStyle_Email_202502,2025-02-12,Email,67.07,4372,701,15
CAMP02044,LumaStyle_Organic_202502,2025-02-12,Organic,0.0,7500,172,4
CAMP02045,LumaStyle_Referral_202502,2025-02-12,Referral,0.0,1124,63,3
CAMP02046,LumaStyle_GoogleAds_202502,2025-02-13,Google Ads,450.76,25653,894,22
CAMP02047,LumaStyle_MetaAds_202502,2025-02-13,Meta Ads,133.78,8448,108,4
CAMP02048,LumaStyle_Email_202502,2025-02-13,Email,26.63,3647,636,18
CAMP02049,LumaStyle_Organic_202502,2025-02-13,Organic,0.0,7493,288,3
CAMP02050,LumaStyle_Referral_202502,2025-02-13,Referral,0.0,1340,116,4
CAMP02051,LumaStyle_GoogleAds_202502,2025-02-14,Google Ads,389.58,21854,514,23
CAMP02052,LumaStyle_MetaAds_202502,2025-02-14,Meta Ads,320.23,24294,411,13
CAMP02053,LumaStyle_Email_202502,2025-02-14,Email,28.69,2435,464,7
CAMP02054,LumaStyle_Organic_202502,2025-02-14,Organic,0.0,5522,197,3
CAMP02055,LumaStyle_Referral_202502,2025-02-14,Referral,0.0,812,54,3
CAMP02056,LumaStyle_GoogleAds_202502,2025-02-15,Google Ads,259.0,14831,307,11
CAMP02057,LumaStyle_MetaAds_202502,2025-02-15,Meta Ads,343.14,19496,307,16
CAMP02058,LumaStyle_Email_202502,2025-02-15,Email,50.36,4878,562,9
CAMP02059,LumaStyle_Organic_202502,2025-02-15,Organic,0.0,3378,105,1
CAMP02060,LumaStyle_Referral_202502,2025-02-15,Referral,0.0,1853,212,12
CAMP02061,LumaStyle_GoogleAds_202502,2025-02-16,Google Ads,380.88,21174,408,16
CAMP02062,LumaStyle_MetaAds_202502,2025-02-16,Meta Ads,163.57,12228,142,4
CAMP02063,LumaStyle_Email_202502,2025-02-16,Email,65.02,2093,351,6
CAMP02064,LumaStyle_Organic_202502,2025-02-16,Organic,0.0,4003,84,1
CAMP02065,LumaStyle_Referral_202502,2025-02-16,Referral,0.0,509,37,2
CAMP02066,LumaStyle_GoogleAds_202502,2025-02-17,Google Ads,348.11,16739,288,11
CAMP02067,LumaStyle_MetaAds_202502,2025-02-17,Meta Ads,390.5,28064,388,22
CAMP02068,LumaStyle_Email_202502,2025-02-17,Email,60.14,2446,450,7
CAMP02069,LumaStyle_Organic_202502,2025-02-17,Organic,0.0,5176,124,1
CAMP02070,LumaStyle_Referral_202502,2025-02-17,Referral,0.0,627,34,2
CAMP02071,LumaStyle_GoogleAds_202502,2025-02-18,Google Ads,419.83,20280,507,22
CAMP02072,LumaStyle_MetaAds_202502,2025-02-18,Meta Ads,207.06,14561,277,12
CAMP02073,LumaStyle_Email_202502,2025-02-18,Email,68.23,3054,563,9
CAMP02074,LumaStyle_Organic_202502,2025-02-18,Organic,0.0,4802,126,3
CAMP02075,LumaStyle_Referral_202502,2025-02-18,Referral,0.0,1732,143,9
CAMP02076,LumaStyle_GoogleAds_202502,2025-02-19,Google Ads,260.52,10436,327,16
CAMP02077,LumaStyle_MetaAds_202502,2025-02-19,Meta Ads,198.12,10495,149,8
CAMP02078,LumaStyle_Email_202502,2025-02-19,Email,25.25,3251,329,8
CAMP02079,LumaStyle_Organic_202502,2025-02-19,Organic,0.0,7620,178,3
CAMP02080,LumaStyle_Referral_202502,2025-02-19,Referral,0.0,1902,184,9
CAMP02081,LumaStyle_GoogleAds_202502,2025-02-20,Google Ads,289.51,15035,273,11
CAMP02082,LumaStyle_MetaAds_202502,2025-02-20,Meta Ads,203.1,11518,130,5
CAMP02083,LumaStyle_Email_202502,2025-02-20,Email,56.29,3297,509,9
CAMP02084,LumaStyle_Organic_202502,2025-02-20,Organic,0.0,5463,166,2
CAMP02085,LumaStyle_Referral_202502,2025-02-20,Referral,0.0,1187,114,4
CAMP02086,LumaStyle_GoogleAds_202502,2025-02-21,Google Ads,237.37,13223,359,14
CAMP02087,LumaStyle_MetaAds_202502,2025-02-21,Meta Ads,429.58,29147,365,17
CAMP02088,LumaStyle_Email_202502,2025-02-21,Email,52.32,2646,436,7
CAMP02089,LumaStyle_Organic_202502,2025-02-21,Organic,0.0,7692,231,6
CAMP02090,LumaStyle_Referral_202502,2025-02-21,Referral,0.0,1170,109,5
CAMP02091,LumaStyle_GoogleAds_202502,2025-02-22,Google Ads,296.61,12180,338,16
CAMP02092,LumaStyle_MetaAds_202502,2025-02-22,Meta Ads,176.64,10328,83,2
CAMP02093,LumaStyle_Email_202502,2025-02-22,Email,34.02,2070,233,5
CAMP02094,LumaStyle_Organic_202502,2025-02-22,Organic,0.0,3417,119,3
CAMP02095,LumaStyle_Referral_202502,2025-02-22,Referral,0.0,1000,59,4
CAMP02096,LumaStyle_GoogleAds_202502,2025-02-23,Google Ads,236.47,12005,278,8
CAMP02097,LumaStyle_MetaAds_202502,2025-02-23,Meta Ads,242.8,15175,195,7
CAMP02098,LumaStyle_Email_202502,2025-02-23,Email,79.56,4097,471,8
CAMP02099,LumaStyle_Organic_202502,2025-02-23,Organic,0.0,4963,188,5
CAMP02100,LumaStyle_Referral_202502,2025-02-23,Referral,0.0,676,42,3
CAMP02101,LumaStyle_GoogleAds_202502,2025-02-24,Google Ads,178.66,7197,135,6
CAMP02102,LumaStyle_MetaAds_202502,2025-02-24,Meta Ads,330.18,20478,387,18
CAMP02103,LumaStyle_Email_202502,2025-02-24,Email,23.31,2973,444,12
CAMP02104,LumaStyle_Organic_202502,2025-02-24,Organic,0.0,5483,186,2
CAMP02105,LumaStyle_Referral_202502,2025-02-24,Referral,0.0,1983,203,13
CAMP02106,LumaStyle_GoogleAds_202502,2025-02-25,Google Ads,283.26,14822,312,12
CAMP02107,LumaStyle_MetaAds_202502,2025-02-25,Meta Ads,350.46,17669,235,12
CAMP02108,LumaStyle_Email_202502,2025-02-25,Email,58.22,3474,434,11
CAMP02109,LumaStyle_Organic_202502,2025-02-25,Organic,0.0,4878,114,2
CAMP02110,LumaStyle_Referral_202502,2025-02-25,Referral,0.0,1783,100,5
CAMP02111,LumaStyle_GoogleAds_202502,2025-02-26,Google Ads,371.31,18976,323,8
CAMP02112,LumaStyle_MetaAds_202502,2025-02-26,Meta Ads,336.77,19925,381,15
CAMP02113,LumaStyle_Email_202502,2025-02-26,Email,65.52,3641,464,9
CAMP02114,LumaStyle_Organic_202502,2025-02-26,Organic,0.0,7746,178,3
CAMP02115,LumaStyle_Referral_202502,2025-02-26,Referral,0.0,578,69,5
CAMP02116,LumaStyle_GoogleAds_202502,2025-02-27,Google Ads,404.85,22169,605,30
CAMP02117,LumaStyle_MetaAds_202502,2025-02-27,Meta Ads,299.99,21267,403,17
CAMP02118,LumaStyle_Email_202502,2025-02-27,Email,49.62,4629,584,11
CAMP02119,LumaStyle_Organic_202502,2025-02-27,Organic,0.0,5722,223,6
CAMP02120,LumaStyle_Referral_202502,2025-02-27,Referral,0.0,724,58,2
CAMP02121,LumaStyle_GoogleAds_202502,2025-02-28,Google Ads,360.77,15585,495,23
CAMP02122,LumaStyle_MetaAds_202502,2025-02-28,Meta Ads,113.37,5674,90,4
CAMP02123,LumaStyle_Email_202502,2025-02-28,Email,79.08,2649,297,4
CAMP02124,LumaStyle_Organic_202502,2025-02-28,Organic,0.0,3203,107,1
CAMP02125,LumaStyle_Referral_202502,2025-02-28,Referral,0.0,1167,133,9
CAMP02126,LumaStyle_GoogleAds_202503,2025-03-01,Google Ads,487.68,24223,706,20
CAMP02127,LumaStyle_MetaAds_202503,2025-03-01,Meta Ads,276.28,21493,414,14
CAMP02128,LumaStyle_Email_202503,2025-03-01,Email,76.81,3825,664,16
CAMP02129,LumaStyle_Organic_202503,2025-03-01,Organic,0.0,7652,161,3
CAMP02130,LumaStyle_Referral_202503,2025-03-01,Referral,0.0,979,112,8
CAMP02131,LumaStyle_GoogleAds_202503,2025-03-02,Google Ads,458.63,20500,454,17
CAMP02132,LumaStyle_MetaAds_202503,2025-03-02,Meta Ads,389.99,25477,441,25
CAMP02133,LumaStyle_Email_202503,2025-03-02,Email,61.41,2556,283,2
CAMP02134,LumaStyle_Organic_202503,2025-03-02,Organic,0.0,7797,265,4
CAMP02135,LumaStyle_Referral_202503,2025-03-02,Referral,0.0,1161,129,5
CAMP02136,LumaStyle_GoogleAds_202503,2025-03-03,Google Ads,172.88,7795,126,5
CAMP02137,LumaStyle_MetaAds_202503,2025-03-03,Meta Ads,109.5,5860,74,2
CAMP02138,LumaStyle_Email_202503,2025-03-03,Email,62.59,3363,422,12
CAMP02139,LumaStyle_Organic_202503,2025-03-03,Organic,0.0,3467,98,1
CAMP02140,LumaStyle_Referral_202503,2025-03-03,Referral,0.0,1311,145,7
CAMP02141,LumaStyle_GoogleAds_202503,2025-03-04,Google Ads,493.22,21554,628,24
CAMP02142,LumaStyle_MetaAds_202503,2025-03-04,Meta Ads,396.59,25479,235,11
CAMP02143,LumaStyle_Email_202503,2025-03-04,Email,77.21,2647,391,9
CAMP02144,LumaStyle_Organic_202503,2025-03-04,Organic,0.0,7049,216,5
CAMP02145,LumaStyle_Referral_202503,2025-03-04,Referral,0.0,623,65,4
CAMP02146,LumaStyle_GoogleAds_202503,2025-03-05,Google Ads,325.88,14927,346,13
CAMP02147,LumaStyle_MetaAds_202503,2025-03-05,Meta Ads,293.06,18380,198,13
CAMP02148,LumaStyle_Email_202503,2025-03-05,Email,77.65,3456,499,11
CAMP02149,LumaStyle_Organic_202503,2025-03-05,Organic,0.0,6400,186,4
CAMP02150,LumaStyle_Referral_202503,2025-03-05,Referral,0.0,1605,129,8
CAMP02151,LumaStyle_GoogleAds_202503,2025-03-06,Google Ads,150.94,8755,183,8
CAMP02152,LumaStyle_MetaAds_202503,2025-03-06,Meta Ads,418.64,26249,445,20
CAMP02153,LumaStyle_Email_202503,2025-03-06,Email,73.77,2353,492,6
CAMP02154,LumaStyle_Organic_202503,2025-03-06,Organic,0.0,3170,124,3
CAMP02155,LumaStyle_Referral_202503,2025-03-06,Referral,0.0,1148,69,3
CAMP02156,LumaStyle_GoogleAds_202503,2025-03-07,Google Ads,298.57,16977,458,17
CAMP02157,LumaStyle_MetaAds_202503,2025-03-07,Meta Ads,331.6,22408,295,20
CAMP02158,LumaStyle_Email_202503,2025-03-07,Email,46.76,4114,622,15
CAMP02159,LumaStyle_Organic_202503,2025-03-07,Organic,0.0,3083,64,1
CAMP02160,LumaStyle_Referral_202503,2025-03-07,Referral,0.0,857,73,5
CAMP02161,LumaStyle_GoogleAds_202503,2025-03-08,Google Ads,290.09,17246,348,14
CAMP02162,LumaStyle_MetaAds_202503,2025-03-08,Meta Ads,273.63,20785,326,13
CAMP02163,LumaStyle_Email_202503,2025-03-08,Email,22.5,4316,931,24
CAMP02164,LumaStyle_Organic_202503,2025-03-08,Organic,0.0,3349,81,1
CAMP02165,LumaStyle_Referral_202503,2025-03-08,Referral,0.0,694,34,1
CAMP02166,LumaStyle_GoogleAds_202503,2025-03-09,Google Ads,185.29,8781,216,8
CAMP02167,LumaStyle_MetaAds_202503,2025-03-09,Meta Ads,268.39,13979,149,10
CAMP02168,LumaStyle_Email_202503,2025-03-09,Email,59.5,4079,557,15
CAMP02169,LumaStyle_Organic_202503,2025-03-09,Organic,0.0,7128,168,2
CAMP02170,LumaStyle_Referral_202503,2025-03-09,Referral,0.0,1209,92,6
CAMP02171,LumaStyle_GoogleAds_202503,2025-03-10,Google Ads,396.89,18174,356,8
CAMP02172,LumaStyle_MetaAds_202503,2025-03-10,Meta Ads,141.76,7924,67,4
CAMP02173,LumaStyle_Email_202503,2025-03-10,Email,67.66,2525,312,7
CAMP02174,LumaStyle_Organic_202503,2025-03-10,Organic,0.0,5045,166,2
CAMP02175,LumaStyle_Referral_202503,2025-03-10,Referral,0.0,1005,76,3
CAMP02176,LumaStyle_GoogleAds_202503,2025-03-11,Google Ads,449.47,24853,502,23
CAMP02177,LumaStyle_MetaAds_202503,2025-03-11,Meta Ads,270.18,18586,271,9
CAMP02178,LumaStyle_Email_202503,2025-03-11,Email,26.68,3597,752,18
CAMP02179,LumaStyle_Organic_202503,2025-03-11,Organic,0.0,5567,221,5
CAMP02180,LumaStyle_Referral_202503,2025-03-11,Referral,0.0,1939,162,11
CAMP02181,LumaStyle_GoogleAds_202503,2025-03-12,Google Ads,469.95,21825,737,36
CAMP02182,LumaStyle_MetaAds_202503,2025-03-12,Meta Ads,233.02,16350,215,10
CAMP02183,LumaStyle_Email_202503,2025-03-12,Email,79.48,3679,485,5
CAMP02184,LumaStyle_Organic_202503,2025-03-12,Organic,0.0,5231,126,3
CAMP02185,LumaStyle_Referral_202503,2025-03-12,Referral,0.0,1329,126,9
CAMP02186,LumaStyle_GoogleAds_202503,2025-03-13,Google Ads,227.21,11482,240,8
CAMP02187,LumaStyle_MetaAds_202503,2025-03-13,Meta Ads,137.52,8231,114,5
CAMP02188,LumaStyle_Email_202503,2025-03-13,Email,22.49,3284,660,9
CAMP02189,LumaStyle_Organic_202503,2025-03-13,Organic,0.0,6459,212,4
CAMP02190,LumaStyle_Referral_202503,2025-03-13,Referral,0.0,987,77,4
CAMP02191,LumaStyle_GoogleAds_202503,2025-03-14,Google Ads,475.44,28244,932,20
CAMP02192,LumaStyle_MetaAds_202503,2025-03-14,Meta Ads,392.9,26801,417,26
CAMP02193,LumaStyle_Email_202503,2025-03-14,Email,25.43,2167,376,8
CAMP02194,LumaStyle_Organic_202503,2025-03-14,Organic,0.0,7091,220,3
CAMP02195,LumaStyle_Referral_202503,2025-03-14,Referral,0.0,1967,199,9
CAMP02196,LumaStyle_GoogleAds_202503,2025-03-15,Google Ads,336.73,17674,512,22
CAMP02197,LumaStyle_MetaAds_202503,2025-03-15,Meta Ads,180.39,10435,98,4
CAMP02198,LumaStyle_Email_202503,2025-03-15,Email,61.82,4851,517,13
CAMP02199,LumaStyle_Organic_202503,2025-03-15,Organic,0.0,5833,127,2
CAMP02200,LumaStyle_Referral_202503,2025-03-15,Referral,0.0,943,81,6
CAMP02201,LumaStyle_GoogleAds_202503,2025-03-16,Google Ads,209.81,10134,276,7
CAMP02202,LumaStyle_MetaAds_202503,2025-03-16,Meta Ads,367.15,23985,257,10
CAMP02203,LumaStyle_Email_202503,2025-03-16,Email,72.51,4518,661,7
CAMP02204,LumaStyle_Organic_202503,2025-03-16,Organic,0.0,4231,167,4
CAMP02205,LumaStyle_Referral_202503,2025-03-16,Referral,0.0,1119,98,4
CAMP02206,LumaStyle_GoogleAds_202503,2025-03-17,Google Ads,260.88,12418,354,14
CAMP02207,LumaStyle_MetaAds_202503,2025-03-17,Meta Ads,126.71,7068,99,4
CAMP02208,LumaStyle_Email_202503,2025-03-17,Email,41.27,3643,616,16
CAMP02209,LumaStyle_Organic_202503,2025-03-17,Organic,0.0,5446,199,5
CAMP02210,LumaStyle_Referral_202503,2025-03-17,Referral,0.0,1453,162,9
CAMP02211,LumaStyle_GoogleAds_202503,2025-03-18,Google Ads,429.97,22317,370,12
CAMP02212,LumaStyle_MetaAds_202503,2025-03-18,Meta Ads,102.08,7453,139,6
CAMP02213,LumaStyle_Email_202503,2025-03-18,Email,75.62,3041,434,8
CAMP02214,LumaStyle_Organic_202503,2025-03-18,Organic,0.0,3066,121,3
CAMP02215,LumaStyle_Referral_202503,2025-03-18,Referral,0.0,1375,78,4
CAMP02216,LumaStyle_GoogleAds_202503,2025-03-19,Google Ads,168.42,10046,347,11
CAMP02217,LumaStyle_MetaAds_202503,2025-03-19,Meta Ads,123.96,6884,60,2
CAMP02218,LumaStyle_Email_202503,2025-03-19,Email,46.74,4470,503,9
CAMP02219,LumaStyle_Organic_202503,2025-03-19,Organic,0.0,6651,157,3
CAMP02220,LumaStyle_Referral_202503,2025-03-19,Referral,0.0,1179,107,7
CAMP02221,LumaStyle_GoogleAds_202503,2025-03-20,Google Ads,283.67,12878,402,16
CAMP02222,LumaStyle_MetaAds_202503,2025-03-20,Meta Ads,145.45,11202,170,7
CAMP02223,LumaStyle_Email_202503,2025-03-20,Email,65.96,3029,600,9
CAMP02224,LumaStyle_Organic_202503,2025-03-20,Organic,0.0,3302,72,2
CAMP02225,LumaStyle_Referral_202503,2025-03-20,Referral,0.0,1679,113,6
CAMP02226,LumaStyle_GoogleAds_202503,2025-03-21,Google Ads,455.81,26561,610,28
CAMP02227,LumaStyle_MetaAds_202503,2025-03-21,Meta Ads,214.11,15872,147,5
CAMP02228,LumaStyle_Email_202503,2025-03-21,Email,22.63,4907,645,9
CAMP02229,LumaStyle_Organic_202503,2025-03-21,Organic,0.0,7441,153,2
CAMP02230,LumaStyle_Referral_202503,2025-03-21,Referral,0.0,683,35,1
CAMP02231,LumaStyle_GoogleAds_202503,2025-03-22,Google Ads,263.43,10775,258,7
CAMP02232,LumaStyle_MetaAds_202503,2025-03-22,Meta Ads,377.39,23808,215,7
CAMP02233,LumaStyle_Email_202503,2025-03-22,Email,33.19,4312,597,13
CAMP02234,LumaStyle_Organic_202503,2025-03-22,Organic,0.0,7157,282,8
CAMP02235,LumaStyle_Referral_202503,2025-03-22,Referral,0.0,1688,166,9
CAMP02236,LumaStyle_GoogleAds_202503,2025-03-23,Google Ads,328.01,16223,271,9
CAMP02237,LumaStyle_MetaAds_202503,2025-03-23,Meta Ads,313.36,21322,295,18
CAMP02238,LumaStyle_Email_202503,2025-03-23,Email,25.16,4211,776,16
CAMP02239,LumaStyle_Organic_202503,2025-03-23,Organic,0.0,4647,168,2
CAMP02240,LumaStyle_Referral_202503,2025-03-23,Referral,0.0,613,48,2
CAMP02241,LumaStyle_GoogleAds_202503,2025-03-24,Google Ads,379.69,22191,687,29
CAMP02242,LumaStyle_MetaAds_202503,2025-03-24,Meta Ads,124.31,7542,72,2
CAMP02243,LumaStyle_Email_202503,2025-03-24,Email,61.87,2630,550,15
CAMP02244,LumaStyle_Organic_202503,2025-03-24,Organic,0.0,6634,214,2
CAMP02245,LumaStyle_Referral_202503,2025-03-24,Referral,0.0,1503,123,8
CAMP02246,LumaStyle_GoogleAds_202503,2025-03-25,Google Ads,161.87,9107,233,8
CAMP02247,LumaStyle_MetaAds_202503,2025-03-25,Meta Ads,372.67,27809,336,10
CAMP02248,LumaStyle_Email_202503,2025-03-25,Email,30.91,4419,585,12
CAMP02249,LumaStyle_Organic_202503,2025-03-25,Organic,0.0,7886,244,3
CAMP02250,LumaStyle_Referral_202503,2025-03-25,Referral,0.0,1925,111,6
CAMP02251,LumaStyle_GoogleAds_202503,2025-03-26,Google Ads,350.2,17865,397,8
CAMP02252,LumaStyle_MetaAds_202503,2025-03-26,Meta Ads,148.41,8863,113,4
CAMP02253,LumaStyle_Email_202503,2025-03-26,Email,64.5,3582,368,6
CAMP02254,LumaStyle_Organic_202503,2025-03-26,Organic,0.0,5517,209,5
CAMP02255,LumaStyle_Referral_202503,2025-03-26,Referral,0.0,1743,88,5
CAMP02256,LumaStyle_GoogleAds_202503,2025-03-27,Google Ads,363.64,21436,665,14
CAMP02257,LumaStyle_MetaAds_202503,2025-03-27,Meta Ads,274.83,15213,292,8
CAMP02258,LumaStyle_Email_202503,2025-03-27,Email,66.34,4879,632,14
CAMP02259,LumaStyle_Organic_202503,2025-03-27,Organic,0.0,4394,101,2
CAMP02260,LumaStyle_Referral_202503,2025-03-27,Referral,0.0,861,95,4
CAMP02261,LumaStyle_GoogleAds_202503,2025-03-28,Google Ads,154.26,6924,158,7
CAMP02262,LumaStyle_MetaAds_202503,2025-03-28,Meta Ads,132.69,7413,109,5
CAMP02263,LumaStyle_Email_202503,2025-03-28,Email,35.93,2249,379,4
CAMP02264,LumaStyle_Organic_202503,2025-03-28,Organic,0.0,5232,135,3
CAMP02265,LumaStyle_Referral_202503,2025-03-28,Referral,0.0,1957,201,15
CAMP02266,LumaStyle_GoogleAds_202503,2025-03-29,Google Ads,165.47,9455,177,5
CAMP02267,LumaStyle_MetaAds_202503,2025-03-29,Meta Ads,356.89,24646,370,13
CAMP02268,LumaStyle_Email_202503,2025-03-29,Email,31.53,2357,461,12
CAMP02269,LumaStyle_Organic_202503,2025-03-29,Organic,0.0,4331,158,1
CAMP02270,LumaStyle_Referral_202503,2025-03-29,Referral,0.0,1816,155,9
CAMP02271,LumaStyle_GoogleAds_202503,2025-03-30,Google Ads,453.1,26827,907,38
CAMP02272,LumaStyle_MetaAds_202503,2025-03-30,Meta Ads,155.89,10559,193,9
CAMP02273,LumaStyle_Email_202503,2025-03-30,Email,47.47,2878,470,7
CAMP02274,LumaStyle_Organic_202503,2025-03-30,Organic,0.0,6755,247,5
CAMP02275,LumaStyle_Referral_202503,2025-03-30,Referral,0.0,976,111,8
CAMP02276,LumaStyle_GoogleAds_202503,2025-03-31,Google Ads,380.59,17767,612,29
CAMP02277,LumaStyle_MetaAds_202503,2025-03-31,Meta Ads,211.08,12872,201,13
CAMP02278,LumaStyle_Email_202503,2025-03-31,Email,34.22,2777,423,4
CAMP02279,LumaStyle_Organic_202503,2025-03-31,Organic,0.0,6723,267,6
CAMP02280,LumaStyle_Referral_202503,2025-03-31,Referral,0.0,1458,140,8
CAMP02281,LumaStyle_GoogleAds_202504,2025-04-01,Google Ads,400.26,19890,464,13
CAMP02282,LumaStyle_MetaAds_202504,2025-04-01,Meta Ads,324.63,22135,306,11
CAMP02283,LumaStyle_Email_202504,2025-04-01,Email,45.18,3507,629,15
CAMP02284,LumaStyle_Organic_202504,2025-04-01,Organic,0.0,3291,88,2
CAMP02285,LumaStyle_Referral_202504,2025-04-01,Referral,0.0,1918,108,6
CAMP02286,LumaStyle_GoogleAds_202504,2025-04-02,Google Ads,265.84,14460,323,14
CAMP02287,LumaStyle_MetaAds_202504,2025-04-02,Meta Ads,331.59,24230,309,15
CAMP02288,LumaStyle_Email_202504,2025-04-02,Email,30.12,2266,351,3
CAMP02289,LumaStyle_Organic_202504,2025-04-02,Organic,0.0,4214,107,2
CAMP02290,LumaStyle_Referral_202504,2025-04-02,Referral,0.0,1223,117,9
CAMP02291,LumaStyle_GoogleAds_202504,2025-04-03,Google Ads,377.15,21091,474,15
CAMP02292,LumaStyle_MetaAds_202504,2025-04-03,Meta Ads,189.49,12701,240,9
CAMP02293,LumaStyle_Email_202504,2025-04-03,Email,37.13,3244,398,10
CAMP02294,LumaStyle_Organic_202504,2025-04-03,Organic,0.0,4322,134,2
CAMP02295,LumaStyle_Referral_202504,2025-04-03,Referral,0.0,849,91,7
CAMP02296,LumaStyle_GoogleAds_202504,2025-04-04,Google Ads,152.8,8167,156,3
CAMP02297,LumaStyle_MetaAds_202504,2025-04-04,Meta Ads,110.69,6540,74,4
CAMP02298,LumaStyle_Email_202504,2025-04-04,Email,20.72,3455,435,6
CAMP02299,LumaStyle_Organic_202504,2025-04-04,Organic,0.0,6221,225,3
CAMP02300,LumaStyle_Referral_202504,2025-04-04,Referral,0.0,846,71,4
CAMP02301,LumaStyle_GoogleAds_202504,2025-04-05,Google Ads,430.39,24476,612,21
CAMP02302,LumaStyle_MetaAds_202504,2025-04-05,Meta Ads,269.45,15703,171,6
CAMP02303,LumaStyle_Email_202504,2025-04-05,Email,46.89,4797,491,13
CAMP02304,LumaStyle_Organic_202504,2025-04-05,Organic,0.0,7361,263,4
CAMP02305,LumaStyle_Referral_202504,2025-04-05,Referral,0.0,990,115,6
CAMP02306,LumaStyle_GoogleAds_202504,2025-04-06,Google Ads,284.23,15944,442,19
CAMP02307,LumaStyle_MetaAds_202504,2025-04-06,Meta Ads,217.77,13289,202,12
CAMP02308,LumaStyle_Email_202504,2025-04-06,Email,37.3,2666,505,14
CAMP02309,LumaStyle_Organic_202504,2025-04-06,Organic,0.0,5861,184,3
CAMP02310,LumaStyle_Referral_202504,2025-04-06,Referral,0.0,1719,152,8
CAMP02311,LumaStyle_GoogleAds_202504,2025-04-07,Google Ads,458.01,24103,814,32
CAMP02312,LumaStyle_MetaAds_202504,2025-04-07,Meta Ads,302.29,23769,465,31
CAMP02313,LumaStyle_Email_202504,2025-04-07,Email,20.19,4787,934,17
CAMP02314,LumaStyle_Organic_202504,2025-04-07,Organic,0.0,3434,97,1
CAMP02315,LumaStyle_Referral_202504,2025-04-07,Referral,0.0,1745,166,9
CAMP02316,LumaStyle_GoogleAds_202504,2025-04-08,Google Ads,224.55,9467,176,8
CAMP02317,LumaStyle_MetaAds_202504,2025-04-08,Meta Ads,360.56,26710,302,18
CAMP02318,LumaStyle_Email_202504,2025-04-08,Email,43.2,3177,539,14
CAMP02319,LumaStyle_Organic_202504,2025-04-08,Organic,0.0,6270,236,4
CAMP02320,LumaStyle_Referral_202504,2025-04-08,Referral,0.0,1859,218,12
CAMP02321,LumaStyle_GoogleAds_202504,2025-04-09,Google Ads,295.13,12891,200,6
CAMP02322,LumaStyle_MetaAds_202504,2025-04-09,Meta Ads,149.55,11062,129,9
CAMP02323,LumaStyle_Email_202504,2025-04-09,Email,34.26,2244,381,4
CAMP02324,LumaStyle_Organic_202504,2025-04-09,Organic,0.0,4153,121,1
CAMP02325,LumaStyle_Referral_202504,2025-04-09,Referral,0.0,1947,168,8
CAMP02326,LumaStyle_GoogleAds_202504,2025-04-10,Google Ads,318.27,16544,465,23
CAMP02327,LumaStyle_MetaAds_202504,2025-04-10,Meta Ads,204.46,14935,171,7
CAMP02328,LumaStyle_Email_202504,2025-04-10,Email,46.14,4768,635,14
CAMP02329,LumaStyle_Organic_202504,2025-04-10,Organic,0.0,4825,138,1
CAMP02330,LumaStyle_Referral_202504,2025-04-10,Referral,0.0,1465,163,8
CAMP02331,LumaStyle_GoogleAds_202504,2025-04-11,Google Ads,366.55,15265,385,11
CAMP02332,LumaStyle_MetaAds_202504,2025-04-11,Meta Ads,308.72,18594,151,5
CAMP02333,LumaStyle_Email_202504,2025-04-11,Email,63.84,3348,361,7
CAMP02334,LumaStyle_Organic_202504,2025-04-11,Organic,0.0,6054,201,4
CAMP02335,LumaStyle_Referral_202504,2025-04-11,Referral,0.0,1398,161,9
CAMP02336,LumaStyle_GoogleAds_202504,2025-04-12,Google Ads,176.17,9522,209,9
CAMP02337,LumaStyle_MetaAds_202504,2025-04-12,Meta Ads,343.84,23458,274,8
CAMP02338,LumaStyle_Email_202504,2025-04-12,Email,51.45,3728,643,7
CAMP02339,LumaStyle_Organic_202504,2025-04-12,Organic,0.0,6040,176,3
CAMP02340,LumaStyle_Referral_202504,2025-04-12,Referral,0.0,561,30,2
CAMP02341,LumaStyle_GoogleAds_202504,2025-04-13,Google Ads,385.12,18684,568,21
CAMP02342,LumaStyle_MetaAds_202504,2025-04-13,Meta Ads,283.79,14302,236,10
CAMP02343,LumaStyle_Email_202504,2025-04-13,Email,49.87,4106,481,7
CAMP02344,LumaStyle_Organic_202504,2025-04-13,Organic,0.0,3127,108,2
CAMP02345,LumaStyle_Referral_202504,2025-04-13,Referral,0.0,986,70,4
CAMP02346,LumaStyle_GoogleAds_202504,2025-04-14,Google Ads,324.92,18868,452,15
CAMP02347,LumaStyle_MetaAds_202504,2025-04-14,Meta Ads,260.04,14333,201,6
CAMP02348,LumaStyle_Email_202504,2025-04-14,Email,40.25,3295,490,13
CAMP02349,LumaStyle_Organic_202504,2025-04-14,Organic,0.0,5443,175,2
CAMP02350,LumaStyle_Referral_202504,2025-04-14,Referral,0.0,1502,89,5
CAMP02351,LumaStyle_GoogleAds_202504,2025-04-15,Google Ads,431.17,23510,791,35
CAMP02352,LumaStyle_MetaAds_202504,2025-04-15,Meta Ads,345.6,17637,184,6
CAMP02353,LumaStyle_Email_202504,2025-04-15,Email,23.44,2570,513,13
CAMP02354,LumaStyle_Organic_202504,2025-04-15,Organic,0.0,7049,193,4
CAMP02355,LumaStyle_Referral_202504,2025-04-15,Referral,0.0,1482,145,6
CAMP02356,LumaStyle_GoogleAds_202504,2025-04-16,Google Ads,350.07,17549,400,14
CAMP02357,LumaStyle_MetaAds_202504,2025-04-16,Meta Ads,226.88,16841,203,9
CAMP02358,LumaStyle_Email_202504,2025-04-16,Email,21.81,2071,370,10
CAMP02359,LumaStyle_Organic_202504,2025-04-16,Organic,0.0,5638,165,3
CAMP02360,LumaStyle_Referral_202504,2025-04-16,Referral,0.0,1678,139,9
CAMP02361,LumaStyle_GoogleAds_202504,2025-04-17,Google Ads,407.43,24308,761,30
CAMP02362,LumaStyle_MetaAds_202504,2025-04-17,Meta Ads,128.91,8489,131,7
CAMP02363,LumaStyle_Email_202504,2025-04-17,Email,26.42,3040,318,4
CAMP02364,LumaStyle_Organic_202504,2025-04-17,Organic,0.0,5058,143,2
CAMP02365,LumaStyle_Referral_202504,2025-04-17,Referral,0.0,853,77,3
CAMP02366,LumaStyle_GoogleAds_202504,2025-04-18,Google Ads,442.84,22896,432,15
CAMP02367,LumaStyle_MetaAds_202504,2025-04-18,Meta Ads,227.85,17537,150,6
CAMP02368,LumaStyle_Email_202504,2025-04-18,Email,52.68,4778,948,26
CAMP02369,LumaStyle_Organic_202504,2025-04-18,Organic,0.0,5056,188,3
CAMP02370,LumaStyle_Referral_202504,2025-04-18,Referral,0.0,789,80,4
CAMP02371,LumaStyle_GoogleAds_202504,2025-04-19,Google Ads,397.14,16625,488,20
CAMP02372,LumaStyle_MetaAds_202504,2025-04-19,Meta Ads,276.11,18895,186,8
CAMP02373,LumaStyle_Email_202504,2025-04-19,Email,34.96,4830,721,20
CAMP02374,LumaStyle_Organic_202504,2025-04-19,Organic,0.0,5527,170,1
CAMP02375,LumaStyle_Referral_202504,2025-04-19,Referral,0.0,545,29,2
CAMP02376,LumaStyle_GoogleAds_202504,2025-04-20,Google Ads,255.84,14316,279,11
CAMP02377,LumaStyle_MetaAds_202504,2025-04-20,Meta Ads,361.0,21044,418,24
CAMP02378,LumaStyle_Email_202504,2025-04-20,Email,42.29,4955,916,26
CAMP02379,LumaStyle_Organic_202504,2025-04-20,Organic,0.0,6534,147,2
CAMP02380,LumaStyle_Referral_202504,2025-04-20,Referral,0.0,1820,95,3
CAMP02381,LumaStyle_GoogleAds_202504,2025-04-21,Google Ads,377.42,21827,439,10
CAMP02382,LumaStyle_MetaAds_202504,2025-04-21,Meta Ads,226.62,17741,249,11
CAMP02383,LumaStyle_Email_202504,2025-04-21,Email,22.64,4447,794,7
CAMP02384,LumaStyle_Organic_202504,2025-04-21,Organic,0.0,4323,113,2
CAMP02385,LumaStyle_Referral_202504,2025-04-21,Referral,0.0,1904,99,4
CAMP02386,LumaStyle_GoogleAds_202504,2025-04-22,Google Ads,339.66,15795,288,6
CAMP02387,LumaStyle_MetaAds_202504,2025-04-22,Meta Ads,148.89,10915,105,3
CAMP02388,LumaStyle_Email_202504,2025-04-22,Email,62.98,2488,287,6
CAMP02389,LumaStyle_Organic_202504,2025-04-22,Organic,0.0,6604,208,5
CAMP02390,LumaStyle_Referral_202504,2025-04-22,Referral,0.0,509,34,1
CAMP02391,LumaStyle_GoogleAds_202504,2025-04-23,Google Ads,188.4,10797,357,15
CAMP02392,LumaStyle_MetaAds_202504,2025-04-23,Meta Ads,377.42,18996,269,18
CAMP02393,LumaStyle_Email_202504,2025-04-23,Email,78.78,3432,403,11
CAMP02394,LumaStyle_Organic_202504,2025-04-23,Organic,0.0,3318,123,3
CAMP02395,LumaStyle_Referral_202504,2025-04-23,Referral,0.0,932,70,5
CAMP02396,LumaStyle_GoogleAds_202504,2025-04-24,Google Ads,484.09,20449,578,21
CAMP02397,LumaStyle_MetaAds_202504,2025-04-24,Meta Ads,325.16,24828,261,15
CAMP02398,LumaStyle_Email_202504,2025-04-24,Email,49.56,3162,530,9
CAMP02399,LumaStyle_Organic_202504,2025-04-24,Organic,0.0,7841,300,6
CAMP02400,LumaStyle_Referral_202504,2025-04-24,Referral,0.0,1291,127,8
CAMP02401,LumaStyle_GoogleAds_202504,2025-04-25,Google Ads,353.02,14619,337,14
CAMP02402,LumaStyle_MetaAds_202504,2025-04-25,Meta Ads,355.96,22182,354,16
CAMP02403,LumaStyle_Email_202504,2025-04-25,Email,43.58,4570,575,10
CAMP02404,LumaStyle_Organic_202504,2025-04-25,Organic,0.0,4828,160,3
CAMP02405,LumaStyle_Referral_202504,2025-04-25,Referral,0.0,1550,136,8
CAMP02406,LumaStyle_GoogleAds_202504,2025-04-26,Google Ads,304.04,17156,552,18
CAMP02407,LumaStyle_MetaAds_202504,2025-04-26,Meta Ads,290.07,21693,249,12
CAMP02408,LumaStyle_Email_202504,2025-04-26,Email,38.18,3305,364,6
CAMP02409,LumaStyle_Organic_202504,2025-04-26,Organic,0.0,4492,173,3
CAMP02410,LumaStyle_Referral_202504,2025-04-26,Referral,0.0,1203,97,5
CAMP02411,LumaStyle_GoogleAds_202504,2025-04-27,Google Ads,392.3,21645,467,13
CAMP02412,LumaStyle_MetaAds_202504,2025-04-27,Meta Ads,389.33,31002,540,25
CAMP02413,LumaStyle_Email_202504,2025-04-27,Email,52.13,2816,322,4
CAMP02414,LumaStyle_Organic_202504,2025-04-27,Organic,0.0,3936,131,3
CAMP02415,LumaStyle_Referral_202504,2025-04-27,Referral,0.0,1457,91,4
CAMP02416,LumaStyle_GoogleAds_202504,2025-04-28,Google Ads,331.15,18979,344,7
CAMP02417,LumaStyle_MetaAds_202504,2025-04-28,Meta Ads,214.11,12624,102,5
CAMP02418,LumaStyle_Email_202504,2025-04-28,Email,37.75,2382,497,12
CAMP02419,LumaStyle_Organic_202504,2025-04-28,Organic,0.0,5048,123,3
CAMP02420,LumaStyle_Referral_202504,2025-04-28,Referral,0.0,1179,102,6
CAMP02421,LumaStyle_GoogleAds_202504,2025-04-29,Google Ads,160.26,8804,239,4
CAMP02422,LumaStyle_MetaAds_202504,2025-04-29,Meta Ads,191.29,10424,200,12
CAMP02423,LumaStyle_Email_202504,2025-04-29,Email,46.17,4779,902,15
CAMP02424,LumaStyle_Organic_202504,2025-04-29,Organic,0.0,6826,193,2
CAMP02425,LumaStyle_Referral_202504,2025-04-29,Referral,0.0,1780,200,10
CAMP02426,LumaStyle_GoogleAds_202504,2025-04-30,Google Ads,459.85,21386,729,27
CAMP02427,LumaStyle_MetaAds_202504,2025-04-30,Meta Ads,210.08,13740,144,8
CAMP02428,LumaStyle_Email_202504,2025-04-30,Email,75.78,2105,238,5
CAMP02429,LumaStyle_Organic_202504,2025-04-30,Organic,0.0,4379,152,3
CAMP02430,LumaStyle_Referral_202504,2025-04-30,Referral,0.0,1314,112,6
CAMP02431,LumaStyle_GoogleAds_202505,2025-05-01,Google Ads,349.4,16802,464,10
CAMP02432,LumaStyle_MetaAds_202505,2025-05-01,Meta Ads,130.74,10159,187,9
CAMP02433,LumaStyle_Email_202505,2025-05-01,Email,21.02,2685,429,11
CAMP02434,LumaStyle_Organic_202505,2025-05-01,Organic,0.0,5622,221,6
CAMP02435,LumaStyle_Referral_202505,2025-05-01,Referral,0.0,934,86,6
CAMP02436,LumaStyle_GoogleAds_202505,2025-05-02,Google Ads,169.09,7818,229,7
CAMP02437,LumaStyle_MetaAds_202505,2025-05-02,Meta Ads,333.29,16880,286,12
CAMP02438,LumaStyle_Email_202505,2025-05-02,Email,31.16,4565,871,9
CAMP02439,LumaStyle_Organic_202505,2025-05-02,Organic,0.0,6828,206,2
CAMP02440,LumaStyle_Referral_202505,2025-05-02,Referral,0.0,502,28,1
CAMP02441,LumaStyle_GoogleAds_202505,2025-05-03,Google Ads,384.31,18067,275,6
CAMP02442,LumaStyle_MetaAds_202505,2025-05-03,Meta Ads,115.87,7693,92,3
CAMP02443,LumaStyle_Email_202505,2025-05-03,Email,58.03,4818,482,9
CAMP02444,LumaStyle_Organic_202505,2025-05-03,Organic,0.0,4613,139,1
CAMP02445,LumaStyle_Referral_202505,2025-05-03,Referral,0.0,1770,99,5
CAMP02446,LumaStyle_GoogleAds_202505,2025-05-04,Google Ads,216.92,11241,354,17
CAMP02447,LumaStyle_MetaAds_202505,2025-05-04,Meta Ads,131.53,9137,85,5
CAMP02448,LumaStyle_Email_202505,2025-05-04,Email,66.04,2584,403,5
CAMP02449,LumaStyle_Organic_202505,2025-05-04,Organic,0.0,7963,190,4
CAMP02450,LumaStyle_Referral_202505,2025-05-04,Referral,0.0,1452,107,7
CAMP02451,LumaStyle_GoogleAds_202505,2025-05-05,Google Ads,216.32,12912,414,9
CAMP02452,LumaStyle_MetaAds_202505,2025-05-05,Meta Ads,307.24,18871,288,12
CAMP02453,LumaStyle_Email_202505,2025-05-05,Email,41.64,3245,677,16
CAMP02454,LumaStyle_Organic_202505,2025-05-05,Organic,0.0,6755,209,6
CAMP02455,LumaStyle_Referral_202505,2025-05-05,Referral,0.0,1635,120,6
CAMP02456,LumaStyle_GoogleAds_202505,2025-05-06,Google Ads,287.53,13006,389,12
CAMP02457,LumaStyle_MetaAds_202505,2025-05-06,Meta Ads,230.57,12297,161,5
CAMP02458,LumaStyle_Email_202505,2025-05-06,Email,30.36,2859,440,9
CAMP02459,LumaStyle_Organic_202505,2025-05-06,Organic,0.0,3440,118,2
CAMP02460,LumaStyle_Referral_202505,2025-05-06,Referral,0.0,1919,158,11
CAMP02461,LumaStyle_GoogleAds_202505,2025-05-07,Google Ads,183.96,7821,264,9
CAMP02462,LumaStyle_MetaAds_202505,2025-05-07,Meta Ads,107.21,7485,82,4
CAMP02463,LumaStyle_Email_202505,2025-05-07,Email,53.94,2115,428,6
CAMP02464,LumaStyle_Organic_202505,2025-05-07,Organic,0.0,5612,200,5
CAMP02465,LumaStyle_Referral_202505,2025-05-07,Referral,0.0,1475,139,10
CAMP02466,LumaStyle_GoogleAds_202505,2025-05-08,Google Ads,322.68,18747,649,14
CAMP02467,LumaStyle_MetaAds_202505,2025-05-08,Meta Ads,389.62,29469,507,24
CAMP02468,LumaStyle_Email_202505,2025-05-08,Email,50.87,4683,974,19
CAMP02469,LumaStyle_Organic_202505,2025-05-08,Organic,0.0,4262,131,2
CAMP02470,LumaStyle_Referral_202505,2025-05-08,Referral,0.0,816,84,4
CAMP02471,LumaStyle_GoogleAds_202505,2025-05-09,Google Ads,166.63,8751,145,3
CAMP02472,LumaStyle_MetaAds_202505,2025-05-09,Meta Ads,173.1,13175,186,11
CAMP02473,LumaStyle_Email_202505,2025-05-09,Email,33.84,3725,442,6
CAMP02474,LumaStyle_Organic_202505,2025-05-09,Organic,0.0,6080,181,3
CAMP02475,LumaStyle_Referral_202505,2025-05-09,Referral,0.0,930,109,7
CAMP02476,LumaStyle_GoogleAds_202505,2025-05-10,Google Ads,355.93,15642,280,8
CAMP02477,LumaStyle_MetaAds_202505,2025-05-10,Meta Ads,299.3,16635,175,12
CAMP02478,LumaStyle_Email_202505,2025-05-10,Email,55.55,4568,917,26
CAMP02479,LumaStyle_Organic_202505,2025-05-10,Organic,0.0,5772,184,5
CAMP02480,LumaStyle_Referral_202505,2025-05-10,Referral,0.0,1904,105,4
CAMP02481,LumaStyle_GoogleAds_202505,2025-05-11,Google Ads,393.97,20048,694,14
CAMP02482,LumaStyle_MetaAds_202505,2025-05-11,Meta Ads,269.43,19800,273,9
CAMP02483,LumaStyle_Email_202505,2025-05-11,Email,50.49,2414,255,5
CAMP02484,LumaStyle_Organic_202505,2025-05-11,Organic,0.0,3914,121,2
CAMP02485,LumaStyle_Referral_202505,2025-05-11,Referral,0.0,516,57,3
CAMP02486,LumaStyle_GoogleAds_202505,2025-05-12,Google Ads,266.69,10889,174,6
CAMP02487,LumaStyle_MetaAds_202505,2025-05-12,Meta Ads,392.34,26818,247,17
CAMP02488,LumaStyle_Email_202505,2025-05-12,Email,27.71,2128,271,2
CAMP02489,LumaStyle_Organic_202505,2025-05-12,Organic,0.0,6238,128,1
CAMP02490,LumaStyle_Referral_202505,2025-05-12,Referral,0.0,1065,95,5
CAMP02491,LumaStyle_GoogleAds_202505,2025-05-13,Google Ads,175.05,7592,202,4
CAMP02492,LumaStyle_MetaAds_202505,2025-05-13,Meta Ads,146.31,10496,91,4
CAMP02493,LumaStyle_Email_202505,2025-05-13,Email,34.95,3174,636,16
CAMP02494,LumaStyle_Organic_202505,2025-05-13,Organic,0.0,6519,209,4
CAMP02495,LumaStyle_Referral_202505,2025-05-13,Referral,0.0,1808,163,6
CAMP02496,LumaStyle_GoogleAds_202505,2025-05-14,Google Ads,225.65,11632,230,8
CAMP02497,LumaStyle_MetaAds_202505,2025-05-14,Meta Ads,390.65,28305,455,30
CAMP02498,LumaStyle_Email_202505,2025-05-14,Email,23.72,3098,628,6
CAMP02499,LumaStyle_Organic_202505,2025-05-14,Organic,0.0,7045,279,7
CAMP02500,LumaStyle_Referral_202505,2025-05-14,Referral,0.0,1738,197,12
CAMP02501,LumaStyle_GoogleAds_202505,2025-05-15,Google Ads,225.49,11812,346,8
CAMP02502,LumaStyle_MetaAds_202505,2025-05-15,Meta Ads,161.97,12331,239,14
CAMP02503,LumaStyle_Email_202505,2025-05-15,Email,23.26,3264,660,14
CAMP02504,LumaStyle_Organic_202505,2025-05-15,Organic,0.0,7643,227,6
CAMP02505,LumaStyle_Referral_202505,2025-05-15,Referral,0.0,1172,85,3
CAMP02506,LumaStyle_GoogleAds_202505,2025-05-16,Google Ads,254.06,14755,286,6
CAMP02507,LumaStyle_MetaAds_202505,2025-05-16,Meta Ads,414.5,28512,375,11
CAMP02508,LumaStyle_Email_202505,2025-05-16,Email,40.71,2430,283,3
CAMP02509,LumaStyle_Organic_202505,2025-05-16,Organic,0.0,6884,180,5
CAMP02510,LumaStyle_Referral_202505,2025-05-16,Referral,0.0,904,67,4
CAMP02511,LumaStyle_GoogleAds_202505,2025-05-17,Google Ads,252.73,14563,435,14
CAMP02512,LumaStyle_MetaAds_202505,2025-05-17,Meta Ads,334.3,26023,357,16
CAMP02513,LumaStyle_Email_202505,2025-05-17,Email,35.89,2392,275,5
CAMP02514,LumaStyle_Organic_202505,2025-05-17,Organic,0.0,6144,220,3
CAMP02515,LumaStyle_Referral_202505,2025-05-17,Referral,0.0,1125,100,5
CAMP02516,LumaStyle_GoogleAds_202505,2025-05-18,Google Ads,330.63,18886,433,15
CAMP02517,LumaStyle_MetaAds_202505,2025-05-18,Meta Ads,203.07,12622,200,10
CAMP02518,LumaStyle_Email_202505,2025-05-18,Email,35.26,3802,827,21
CAMP02519,LumaStyle_Organic_202505,2025-05-18,Organic,0.0,7517,291,4
CAMP02520,LumaStyle_Referral_202505,2025-05-18,Referral,0.0,531,29,1
CAMP02521,LumaStyle_GoogleAds_202505,2025-05-19,Google Ads,489.84,28943,974,23
CAMP02522,LumaStyle_MetaAds_202505,2025-05-19,Meta Ads,163.22,8795,124,4
CAMP02523,LumaStyle_Email_202505,2025-05-19,Email,69.55,2080,320,5
CAMP02524,LumaStyle_Organic_202505,2025-05-19,Organic,0.0,7644,278,8
CAMP02525,LumaStyle_Referral_202505,2025-05-19,Referral,0.0,796,82,3
CAMP02526,LumaStyle_GoogleAds_202505,2025-05-20,Google Ads,320.29,13352,301,10
CAMP02527,LumaStyle_MetaAds_202505,2025-05-20,Meta Ads,210.81,16667,151,6
CAMP02528,LumaStyle_Email_202505,2025-05-20,Email,49.21,3352,478,11
CAMP02529,LumaStyle_Organic_202505,2025-05-20,Organic,0.0,3843,98,2
CAMP02530,LumaStyle_Referral_202505,2025-05-20,Referral,0.0,545,32,1
CAMP02531,LumaStyle_GoogleAds_202505,2025-05-21,Google Ads,398.93,19566,536,25
CAMP02532,LumaStyle_MetaAds_202505,2025-05-21,Meta Ads,143.75,9393,106,7
CAMP02533,LumaStyle_Email_202505,2025-05-21,Email,20.48,2579,480,6
CAMP02534,LumaStyle_Organic_202505,2025-05-21,Organic,0.0,5075,118,1
CAMP02535,LumaStyle_Referral_202505,2025-05-21,Referral,0.0,1739,127,5
CAMP02536,LumaStyle_GoogleAds_202505,2025-05-22,Google Ads,475.21,26628,555,24
CAMP02537,LumaStyle_MetaAds_202505,2025-05-22,Meta Ads,309.52,21098,271,12
CAMP02538,LumaStyle_Email_202505,2025-05-22,Email,28.36,3020,563,13
CAMP02539,LumaStyle_Organic_202505,2025-05-22,Organic,0.0,4005,96,1
CAMP02540,LumaStyle_Referral_202505,2025-05-22,Referral,0.0,871,48,2
CAMP02541,LumaStyle_GoogleAds_202505,2025-05-23,Google Ads,312.89,13033,424,17
CAMP02542,LumaStyle_MetaAds_202505,2025-05-23,Meta Ads,104.75,6282,57,3
CAMP02543,LumaStyle_Email_202505,2025-05-23,Email,66.4,4478,699,19
CAMP02544,LumaStyle_Organic_202505,2025-05-23,Organic,0.0,4242,136,2
CAMP02545,LumaStyle_Referral_202505,2025-05-23,Referral,0.0,1878,194,13
CAMP02546,LumaStyle_GoogleAds_202505,2025-05-24,Google Ads,355.93,20856,429,19
CAMP02547,LumaStyle_MetaAds_202505,2025-05-24,Meta Ads,130.53,9962,127,6
CAMP02548,LumaStyle_Email_202505,2025-05-24,Email,57.54,4062,497,9
CAMP02549,LumaStyle_Organic_202505,2025-05-24,Organic,0.0,7801,289,7
CAMP02550,LumaStyle_Referral_202505,2025-05-24,Referral,0.0,806,95,5
CAMP02551,LumaStyle_GoogleAds_202505,2025-05-25,Google Ads,315.35,14290,394,17
CAMP02552,LumaStyle_MetaAds_202505,2025-05-25,Meta Ads,196.26,13799,256,17
CAMP02553,LumaStyle_Email_202505,2025-05-25,Email,71.14,2329,484,6
CAMP02554,LumaStyle_Organic_202505,2025-05-25,Organic,0.0,3495,83,1
CAMP02555,LumaStyle_Referral_202505,2025-05-25,Referral,0.0,1891,109,8
CAMP02556,LumaStyle_GoogleAds_202505,2025-05-26,Google Ads,247.25,12390,428,20
CAMP02557,LumaStyle_MetaAds_202505,2025-05-26,Meta Ads,260.46,14787,258,18
CAMP02558,LumaStyle_Email_202505,2025-05-26,Email,27.27,4217,512,6
CAMP02559,LumaStyle_Organic_202505,2025-05-26,Organic,0.0,7623,282,5
CAMP02560,LumaStyle_Referral_202505,2025-05-26,Referral,0.0,1107,106,5
CAMP02561,LumaStyle_GoogleAds_202505,2025-05-27,Google Ads,216.77,9124,282,8
CAMP02562,LumaStyle_MetaAds_202505,2025-05-27,Meta Ads,343.89,18036,322,18
CAMP02563,LumaStyle_Email_202505,2025-05-27,Email,35.0,4993,702,12
CAMP02564,LumaStyle_Organic_202505,2025-05-27,Organic,0.0,7971,307,5
CAMP02565,LumaStyle_Referral_202505,2025-05-27,Referral,0.0,1993,195,9
CAMP02566,LumaStyle_GoogleAds_202505,2025-05-28,Google Ads,186.6,9159,215,8
CAMP02567,LumaStyle_MetaAds_202505,2025-05-28,Meta Ads,364.42,24335,248,10
CAMP02568,LumaStyle_Email_202505,2025-05-28,Email,61.95,2692,288,5
CAMP02569,LumaStyle_Organic_202505,2025-05-28,Organic,0.0,7118,202,2
CAMP02570,LumaStyle_Referral_202505,2025-05-28,Referral,0.0,815,54,2
CAMP02571,LumaStyle_GoogleAds_202505,2025-05-29,Google Ads,230.52,10499,195,4
CAMP02572,LumaStyle_MetaAds_202505,2025-05-29,Meta Ads,415.48,22717,333,22
CAMP02573,LumaStyle_Email_202505,2025-05-29,Email,49.6,4399,788,15
CAMP02574,LumaStyle_Organic_202505,2025-05-29,Organic,0.0,4344,115,3
CAMP02575,LumaStyle_Referral_202505,2025-05-29,Referral,0.0,1800,164,9
CAMP02576,LumaStyle_GoogleAds_202505,2025-05-30,Google Ads,363.67,20266,709,32
CAMP02577,LumaStyle_MetaAds_202505,2025-05-30,Meta Ads,309.21,20045,291,15
CAMP02578,LumaStyle_Email_202505,2025-05-30,Email,77.77,3002,409,6
CAMP02579,LumaStyle_Organic_202505,2025-05-30,Organic,0.0,7222,150,4
CAMP02580,LumaStyle_Referral_202505,2025-05-30,Referral,0.0,703,64,4
CAMP02581,LumaStyle_GoogleAds_202505,2025-05-31,Google Ads,366.43,17334,412,15
CAMP02582,LumaStyle_MetaAds_202505,2025-05-31,Meta Ads,344.74,22297,271,11
CAMP02583,LumaStyle_Email_202505,2025-05-31,Email,50.15,3072,515,12
CAMP02584,LumaStyle_Organic_202505,2025-05-31,Organic,0.0,3442,94,2
CAMP02585,LumaStyle_Referral_202505,2025-05-31,Referral,0.0,1288,75,3
CAMP02586,LumaStyle_GoogleAds_202506,2025-06-01,Google Ads,384.74,18788,438,10
CAMP02587,LumaStyle_MetaAds_202506,2025-06-01,Meta Ads,251.44,15930,307,9
CAMP02588,LumaStyle_Email_202506,2025-06-01,Email,50.13,4943,1003,21
CAMP02589,LumaStyle_Organic_202506,2025-06-01,Organic,0.0,5051,142,3
CAMP02590,LumaStyle_Referral_202506,2025-06-01,Referral,0.0,637,46,2
CAMP02591,LumaStyle_GoogleAds_202506,2025-06-02,Google Ads,201.27,10215,220,9
CAMP02592,LumaStyle_MetaAds_202506,2025-06-02,Meta Ads,213.85,12495,142,7
CAMP02593,LumaStyle_Email_202506,2025-06-02,Email,50.59,4312,734,17
CAMP02594,LumaStyle_Organic_202506,2025-06-02,Organic,0.0,4779,95,1
CAMP02595,LumaStyle_Referral_202506,2025-06-02,Referral,0.0,509,56,2
CAMP02596,LumaStyle_GoogleAds_202506,2025-06-03,Google Ads,293.32,12080,388,18
CAMP02597,LumaStyle_MetaAds_202506,2025-06-03,Meta Ads,385.29,23445,233,13
CAMP02598,LumaStyle_Email_202506,2025-06-03,Email,44.63,2417,482,12
CAMP02599,LumaStyle_Organic_202506,2025-06-03,Organic,0.0,5459,162,2
CAMP02600,LumaStyle_Referral_202506,2025-06-03,Referral,0.0,544,39,1
CAMP02601,LumaStyle_GoogleAds_202506,2025-06-04,Google Ads,243.73,9875,290,10
CAMP02602,LumaStyle_MetaAds_202506,2025-06-04,Meta Ads,122.31,8488,141,8
CAMP02603,LumaStyle_Email_202506,2025-06-04,Email,64.31,2056,303,6
CAMP02604,LumaStyle_Organic_202506,2025-06-04,Organic,0.0,5603,145,2
CAMP02605,LumaStyle_Referral_202506,2025-06-04,Referral,0.0,718,71,2
CAMP02606,LumaStyle_GoogleAds_202506,2025-06-05,Google Ads,206.53,11202,358,10
CAMP02607,LumaStyle_MetaAds_202506,2025-06-05,Meta Ads,109.97,7444,87,5
CAMP02608,LumaStyle_Email_202506,2025-06-05,Email,26.2,4005,834,17
CAMP02609,LumaStyle_Organic_202506,2025-06-05,Organic,0.0,4900,156,3
CAMP02610,LumaStyle_Referral_202506,2025-06-05,Referral,0.0,1433,71,5
CAMP02611,LumaStyle_GoogleAds_202506,2025-06-06,Google Ads,364.66,18360,392,17
CAMP02612,LumaStyle_MetaAds_202506,2025-06-06,Meta Ads,183.02,11760,100,4
CAMP02613,LumaStyle_Email_202506,2025-06-06,Email,67.88,4395,555,11
CAMP02614,LumaStyle_Organic_202506,2025-06-06,Organic,0.0,7038,188,2
CAMP02615,LumaStyle_Referral_202506,2025-06-06,Referral,0.0,1459,116,8
CAMP02616,LumaStyle_GoogleAds_202506,2025-06-07,Google Ads,435.41,20444,576,18
CAMP02617,LumaStyle_MetaAds_202506,2025-06-07,Meta Ads,187.42,14573,235,15
CAMP02618,LumaStyle_Email_202506,2025-06-07,Email,67.02,4425,703,11
CAMP02619,LumaStyle_Organic_202506,2025-06-07,Organic,0.0,5755,150,1
CAMP02620,LumaStyle_Referral_202506,2025-06-07,Referral,0.0,1442,81,5
CAMP02621,LumaStyle_GoogleAds_202506,2025-06-08,Google Ads,442.0,25460,593,16
CAMP02622,LumaStyle_MetaAds_202506,2025-06-08,Meta Ads,311.86,22121,327,21
CAMP02623,LumaStyle_Email_202506,2025-06-08,Email,71.27,3548,447,12
CAMP02624,LumaStyle_Organic_202506,2025-06-08,Organic,0.0,5541,187,2
CAMP02625,LumaStyle_Referral_202506,2025-06-08,Referral,0.0,1141,122,9
CAMP02626,LumaStyle_GoogleAds_202506,2025-06-09,Google Ads,164.83,8889,287,8
CAMP02627,LumaStyle_MetaAds_202506,2025-06-09,Meta Ads,372.49,29504,523,21
CAMP02628,LumaStyle_Email_202506,2025-06-09,Email,56.48,3128,539,9
CAMP02629,LumaStyle_Organic_202506,2025-06-09,Organic,0.0,3977,140,3
CAMP02630,LumaStyle_Referral_202506,2025-06-09,Referral,0.0,730,82,3
CAMP02631,LumaStyle_GoogleAds_202506,2025-06-10,Google Ads,343.33,18770,628,27
CAMP02632,LumaStyle_MetaAds_202506,2025-06-10,Meta Ads,158.69,10653,87,5
CAMP02633,LumaStyle_Email_202506,2025-06-10,Email,67.13,3841,428,8
CAMP02634,LumaStyle_Organic_202506,2025-06-10,Organic,0.0,7848,176,3
CAMP02635,LumaStyle_Referral_202506,2025-06-10,Referral,0.0,1917,147,11
CAMP02636,LumaStyle_GoogleAds_202506,2025-06-11,Google Ads,280.89,16619,534,20
CAMP02637,LumaStyle_MetaAds_202506,2025-06-11,Meta Ads,124.91,8231,141,8
CAMP02638,LumaStyle_Email_202506,2025-06-11,Email,31.44,3097,493,7
CAMP02639,LumaStyle_Organic_202506,2025-06-11,Organic,0.0,3891,138,1
CAMP02640,LumaStyle_Referral_202506,2025-06-11,Referral,0.0,1781,130,6
CAMP02641,LumaStyle_GoogleAds_202506,2025-06-12,Google Ads,494.97,20251,445,12
CAMP02642,LumaStyle_MetaAds_202506,2025-06-12,Meta Ads,319.66,20724,288,9
CAMP02643,LumaStyle_Email_202506,2025-06-12,Email,76.91,4183,621,9
CAMP02644,LumaStyle_Organic_202506,2025-06-12,Organic,0.0,3781,107,1
CAMP02645,LumaStyle_Referral_202506,2025-06-12,Referral,0.0,1428,95,4
CAMP02646,LumaStyle_GoogleAds_202506,2025-06-13,Google Ads,473.22,23878,379,10
CAMP02647,LumaStyle_MetaAds_202506,2025-06-13,Meta Ads,424.88,28020,271,11
CAMP02648,LumaStyle_Email_202506,2025-06-13,Email,43.13,3722,419,11
CAMP02649,LumaStyle_Organic_202506,2025-06-13,Organic,0.0,4362,153,2
CAMP02650,LumaStyle_Referral_202506,2025-06-13,Referral,0.0,1565,94,6
CAMP02651,LumaStyle_GoogleAds_202506,2025-06-14,Google Ads,308.18,18159,320,12
CAMP02652,LumaStyle_MetaAds_202506,2025-06-14,Meta Ads,201.48,15889,199,9
CAMP02653,LumaStyle_Email_202506,2025-06-14,Email,68.92,4181,682,7
CAMP02654,LumaStyle_Organic_202506,2025-06-14,Organic,0.0,5383,169,3
CAMP02655,LumaStyle_Referral_202506,2025-06-14,Referral,0.0,1861,96,6
CAMP02656,LumaStyle_GoogleAds_202506,2025-06-15,Google Ads,483.05,27148,667,31
CAMP02657,LumaStyle_MetaAds_202506,2025-06-15,Meta Ads,324.72,21076,233,8
CAMP02658,LumaStyle_Email_202506,2025-06-15,Email,79.43,2043,292,3
CAMP02659,LumaStyle_Organic_202506,2025-06-15,Organic,0.0,3318,118,2
CAMP02660,LumaStyle_Referral_202506,2025-06-15,Referral,0.0,1862,127,6
CAMP02661,LumaStyle_GoogleAds_202506,2025-06-16,Google Ads,267.6,12995,195,9
CAMP02662,LumaStyle_MetaAds_202506,2025-06-16,Meta Ads,218.06,16037,277,11
CAMP02663,LumaStyle_Email_202506,2025-06-16,Email,60.96,2711,339,9
CAMP02664,LumaStyle_Organic_202506,2025-06-16,Organic,0.0,3069,86,2
CAMP02665,LumaStyle_Referral_202506,2025-06-16,Referral,0.0,1713,115,8
CAMP02666,LumaStyle_GoogleAds_202506,2025-06-17,Google Ads,305.19,15777,371,15
CAMP02667,LumaStyle_MetaAds_202506,2025-06-17,Meta Ads,176.57,13754,252,8
CAMP02668,LumaStyle_Email_202506,2025-06-17,Email,62.15,3477,587,10
CAMP02669,LumaStyle_Organic_202506,2025-06-17,Organic,0.0,6699,217,6
CAMP02670,LumaStyle_Referral_202506,2025-06-17,Referral,0.0,1572,118,5
CAMP02671,LumaStyle_GoogleAds_202506,2025-06-18,Google Ads,407.41,17215,434,14
CAMP02672,LumaStyle_MetaAds_202506,2025-06-18,Meta Ads,311.3,21738,338,10
CAMP02673,LumaStyle_Email_202506,2025-06-18,Email,60.72,3026,333,4
CAMP02674,LumaStyle_Organic_202506,2025-06-18,Organic,0.0,5516,163,2
CAMP02675,LumaStyle_Referral_202506,2025-06-18,Referral,0.0,917,59,4
CAMP02676,LumaStyle_GoogleAds_202506,2025-06-19,Google Ads,255.88,12990,384,17
CAMP02677,LumaStyle_MetaAds_202506,2025-06-19,Meta Ads,305.45,22036,249,7
CAMP02678,LumaStyle_Email_202506,2025-06-19,Email,54.23,3215,416,10
CAMP02679,LumaStyle_Organic_202506,2025-06-19,Organic,0.0,6366,180,2
CAMP02680,LumaStyle_Referral_202506,2025-06-19,Referral,0.0,1877,98,5
CAMP02681,LumaStyle_GoogleAds_202506,2025-06-20,Google Ads,315.51,17628,468,14
CAMP02682,LumaStyle_MetaAds_202506,2025-06-20,Meta Ads,178.71,12640,204,12
CAMP02683,LumaStyle_Email_202506,2025-06-20,Email,22.78,4442,636,15
CAMP02684,LumaStyle_Organic_202506,2025-06-20,Organic,0.0,6861,154,1
CAMP02685,LumaStyle_Referral_202506,2025-06-20,Referral,0.0,1529,79,3
CAMP02686,LumaStyle_GoogleAds_202506,2025-06-21,Google Ads,378.95,18785,402,13
CAMP02687,LumaStyle_MetaAds_202506,2025-06-21,Meta Ads,146.69,8509,165,10
CAMP02688,LumaStyle_Email_202506,2025-06-21,Email,53.84,2784,570,15
CAMP02689,LumaStyle_Organic_202506,2025-06-21,Organic,0.0,3600,107,2
CAMP02690,LumaStyle_Referral_202506,2025-06-21,Referral,0.0,747,66,2
CAMP02691,LumaStyle_GoogleAds_202506,2025-06-22,Google Ads,177.14,7963,273,9
CAMP02692,LumaStyle_MetaAds_202506,2025-06-22,Meta Ads,181.03,12976,135,8
CAMP02693,LumaStyle_Email_202506,2025-06-22,Email,58.85,4230,924,9
CAMP02694,LumaStyle_Organic_202506,2025-06-22,Organic,0.0,3374,119,2
CAMP02695,LumaStyle_Referral_202506,2025-06-22,Referral,0.0,1745,194,10
CAMP02696,LumaStyle_GoogleAds_202506,2025-06-23,Google Ads,151.49,7993,273,7
CAMP02697,LumaStyle_MetaAds_202506,2025-06-23,Meta Ads,224.12,12670,140,6
CAMP02698,LumaStyle_Email_202506,2025-06-23,Email,42.06,3838,476,11
CAMP02699,LumaStyle_Organic_202506,2025-06-23,Organic,0.0,3922,154,1
CAMP02700,LumaStyle_Referral_202506,2025-06-23,Referral,0.0,858,53,3
CAMP02701,LumaStyle_GoogleAds_202506,2025-06-24,Google Ads,298.52,17622,526,20
CAMP02702,LumaStyle_MetaAds_202506,2025-06-24,Meta Ads,449.71,33767,555,25
CAMP02703,LumaStyle_Email_202506,2025-06-24,Email,66.13,4283,457,9
CAMP02704,LumaStyle_Organic_202506,2025-06-24,Organic,0.0,4218,151,3
CAMP02705,LumaStyle_Referral_202506,2025-06-24,Referral,0.0,1604,165,7
CAMP02706,LumaStyle_GoogleAds_202506,2025-06-25,Google Ads,314.3,13360,228,8
CAMP02707,LumaStyle_MetaAds_202506,2025-06-25,Meta Ads,321.19,22279,326,18
CAMP02708,LumaStyle_Email_202506,2025-06-25,Email,73.41,4879,769,17
CAMP02709,LumaStyle_Organic_202506,2025-06-25,Organic,0.0,3273,128,2
CAMP02710,LumaStyle_Referral_202506,2025-06-25,Referral,0.0,1480,91,7
CAMP02711,LumaStyle_GoogleAds_202506,2025-06-26,Google Ads,156.3,7815,246,10
CAMP02712,LumaStyle_MetaAds_202506,2025-06-26,Meta Ads,384.77,20370,199,12
CAMP02713,LumaStyle_Email_202506,2025-06-26,Email,74.6,2512,542,11
CAMP02714,LumaStyle_Organic_202506,2025-06-26,Organic,0.0,4136,110,3
CAMP02715,LumaStyle_Referral_202506,2025-06-26,Referral,0.0,1701,151,11
CAMP02716,LumaStyle_GoogleAds_202506,2025-06-27,Google Ads,212.21,12407,387,15
CAMP02717,LumaStyle_MetaAds_202506,2025-06-27,Meta Ads,343.66,20949,333,15
CAMP02718,LumaStyle_Email_202506,2025-06-27,Email,70.18,4582,765,19
CAMP02719,LumaStyle_Organic_202506,2025-06-27,Organic,0.0,4765,103,1
CAMP02720,LumaStyle_Referral_202506,2025-06-27,Referral,0.0,1636,179,14
CAMP02721,LumaStyle_GoogleAds_202506,2025-06-28,Google Ads,152.14,8344,286,12
CAMP02722,LumaStyle_MetaAds_202506,2025-06-28,Meta Ads,227.19,14216,185,8
CAMP02723,LumaStyle_Email_202506,2025-06-28,Email,31.95,2556,491,10
CAMP02724,LumaStyle_Organic_202506,2025-06-28,Organic,0.0,3884,130,3
CAMP02725,LumaStyle_Referral_202506,2025-06-28,Referral,0.0,1304,88,5
CAMP02726,LumaStyle_GoogleAds_202506,2025-06-29,Google Ads,380.75,15590,544,25
CAMP02727,LumaStyle_MetaAds_202506,2025-06-29,Meta Ads,309.87,15958,137,6
CAMP02728,LumaStyle_Email_202506,2025-06-29,Email,34.09,4366,730,10
CAMP02729,LumaStyle_Organic_202506,2025-06-29,Organic,0.0,4363,168,2
CAMP02730,LumaStyle_Referral_202506,2025-06-29,Referral,0.0,1578,94,6
CAMP02731,LumaStyle_GoogleAds_202506,2025-06-30,Google Ads,488.51,20889,673,20
CAMP02732,LumaStyle_MetaAds_202506,2025-06-30,Meta Ads,152.57,8860,158,6
CAMP02733,LumaStyle_Email_202506,2025-06-30,Email,27.33,4908,905,11
CAMP02734,LumaStyle_Organic_202506,2025-06-30,Organic,0.0,4933,111,3
CAMP02735,LumaStyle_Referral_202506,2025-06-30,Referral,0.0,1178,95,4
CAMP02736,LumaStyle_GoogleAds_202507,2025-07-01,Google Ads,308.58,12916,285,9
CAMP02737,LumaStyle_MetaAds_202507,2025-07-01,Meta Ads,138.26,11034,180,7
CAMP02738,LumaStyle_Email_202507,2025-07-01,Email,21.45,3618,367,7
CAMP02739,LumaStyle_Organic_202507,2025-07-01,Organic,0.0,3959,144,3
CAMP02740,LumaStyle_Referral_202507,2025-07-01,Referral,0.0,1570,128,9
CAMP02741,LumaStyle_GoogleAds_202507,2025-07-02,Google Ads,308.35,17476,447,12
CAMP02742,LumaStyle_MetaAds_202507,2025-07-02,Meta Ads,197.26,12667,210,14
CAMP02743,LumaStyle_Email_202507,2025-07-02,Email,44.4,3909,840,15
CAMP02744,LumaStyle_Organic_202507,2025-07-02,Organic,0.0,4759,106,1
CAMP02745,LumaStyle_Referral_202507,2025-07-02,Referral,0.0,1939,125,5
CAMP02746,LumaStyle_GoogleAds_202507,2025-07-03,Google Ads,363.44,15789,427,11
CAMP02747,LumaStyle_MetaAds_202507,2025-07-03,Meta Ads,162.13,9213,106,5
CAMP02748,LumaStyle_Email_202507,2025-07-03,Email,59.95,2147,426,4
CAMP02749,LumaStyle_Organic_202507,2025-07-03,Organic,0.0,5887,121,3
CAMP02750,LumaStyle_Referral_202507,2025-07-03,Referral,0.0,1396,81,5
CAMP02751,LumaStyle_GoogleAds_202507,2025-07-04,Google Ads,380.42,16815,431,12
CAMP02752,LumaStyle_MetaAds_202507,2025-07-04,Meta Ads,281.08,19656,344,10
CAMP02753,LumaStyle_Email_202507,2025-07-04,Email,57.85,4483,904,19
CAMP02754,LumaStyle_Organic_202507,2025-07-04,Organic,0.0,4681,118,2
CAMP02755,LumaStyle_Referral_202507,2025-07-04,Referral,0.0,1768,94,4
CAMP02756,LumaStyle_GoogleAds_202507,2025-07-05,Google Ads,153.74,7258,139,5
CAMP02757,LumaStyle_MetaAds_202507,2025-07-05,Meta Ads,321.82,18007,221,7
CAMP02758,LumaStyle_Email_202507,2025-07-05,Email,41.4,4430,678,8
CAMP02759,LumaStyle_Organic_202507,2025-07-05,Organic,0.0,4670,137,2
CAMP02760,LumaStyle_Referral_202507,2025-07-05,Referral,0.0,692,80,4
CAMP02761,LumaStyle_GoogleAds_202507,2025-07-06,Google Ads,382.41,19400,388,11
CAMP02762,LumaStyle_MetaAds_202507,2025-07-06,Meta Ads,289.44,16306,317,19
CAMP02763,LumaStyle_Email_202507,2025-07-06,Email,20.44,4453,652,18
CAMP02764,LumaStyle_Organic_202507,2025-07-06,Organic,0.0,3326,108,1
CAMP02765,LumaStyle_Referral_202507,2025-07-06,Referral,0.0,517,57,3
CAMP02766,LumaStyle_GoogleAds_202507,2025-07-07,Google Ads,209.94,10038,178,4
CAMP02767,LumaStyle_MetaAds_202507,2025-07-07,Meta Ads,259.87,13419,154,6
CAMP02768,LumaStyle_Email_202507,2025-07-07,Email,65.88,4808,565,15
CAMP02769,LumaStyle_Organic_202507,2025-07-07,Organic,0.0,7337,167,4
CAMP02770,LumaStyle_Referral_202507,2025-07-07,Referral,0.0,1610,122,8
CAMP02771,LumaStyle_GoogleAds_202507,2025-07-08,Google Ads,329.13,13571,398,13
CAMP02772,LumaStyle_MetaAds_202507,2025-07-08,Meta Ads,318.27,22540,281,15
CAMP02773,LumaStyle_Email_202507,2025-07-08,Email,56.17,3952,468,5
CAMP02774,LumaStyle_Organic_202507,2025-07-08,Organic,0.0,3238,99,1
CAMP02775,LumaStyle_Referral_202507,2025-07-08,Referral,0.0,1108,62,2
CAMP02776,LumaStyle_GoogleAds_202507,2025-07-09,Google Ads,393.88,20075,576,27
CAMP02777,LumaStyle_MetaAds_202507,2025-07-09,Meta Ads,426.1,33455,415,17
CAMP02778,LumaStyle_Email_202507,2025-07-09,Email,55.88,3148,445,6
CAMP02779,LumaStyle_Organic_202507,2025-07-09,Organic,0.0,4378,105,2
CAMP02780,LumaStyle_Referral_202507,2025-07-09,Referral,0.0,1248,77,3
CAMP02781,LumaStyle_GoogleAds_202507,2025-07-10,Google Ads,454.29,18872,552,12
CAMP02782,LumaStyle_MetaAds_202507,2025-07-10,Meta Ads,352.44,21289,353,20
CAMP02783,LumaStyle_Email_202507,2025-07-10,Email,64.71,3151,384,10
CAMP02784,LumaStyle_Organic_202507,2025-07-10,Organic,0.0,5018,179,2
CAMP02785,LumaStyle_Referral_202507,2025-07-10,Referral,0.0,798,56,3
CAMP02786,LumaStyle_GoogleAds_202507,2025-07-11,Google Ads,468.55,23504,697,26
CAMP02787,LumaStyle_MetaAds_202507,2025-07-11,Meta Ads,174.33,10377,159,7
CAMP02788,LumaStyle_Email_202507,2025-07-11,Email,63.01,3463,633,11
CAMP02789,LumaStyle_Organic_202507,2025-07-11,Organic,0.0,3057,74,1
CAMP02790,LumaStyle_Referral_202507,2025-07-11,Referral,0.0,750,70,3
CAMP02791,LumaStyle_GoogleAds_202507,2025-07-12,Google Ads,405.27,19260,659,14
CAMP02792,LumaStyle_MetaAds_202507,2025-07-12,Meta Ads,428.01,31054,493,29
CAMP02793,LumaStyle_Email_202507,2025-07-12,Email,40.33,2016,318,9
CAMP02794,LumaStyle_Organic_202507,2025-07-12,Organic,0.0,7868,199,2
CAMP02795,LumaStyle_Referral_202507,2025-07-12,Referral,0.0,505,27,1
CAMP02796,LumaStyle_GoogleAds_202507,2025-07-13,Google Ads,461.02,24465,551,19
CAMP02797,LumaStyle_MetaAds_202507,2025-07-13,Meta Ads,161.85,10093,149,7
CAMP02798,LumaStyle_Email_202507,2025-07-13,Email,21.65,2267,494,6
CAMP02799,LumaStyle_Organic_202507,2025-07-13,Organic,0.0,6567,186,3
CAMP02800,LumaStyle_Referral_202507,2025-07-13,Referral,0.0,1470,95,4
CAMP02801,LumaStyle_GoogleAds_202507,2025-07-14,Google Ads,221.79,11552,195,9
CAMP02802,LumaStyle_MetaAds_202507,2025-07-14,Meta Ads,108.41,8416,83,5
CAMP02803,LumaStyle_Email_202507,2025-07-14,Email,24.25,3448,381,10
CAMP02804,LumaStyle_Organic_202507,2025-07-14,Organic,0.0,4784,109,2
CAMP02805,LumaStyle_Referral_202507,2025-07-14,Referral,0.0,689,60,4
CAMP02806,LumaStyle_GoogleAds_202507,2025-07-15,Google Ads,216.69,10489,261,11
CAMP02807,LumaStyle_MetaAds_202507,2025-07-15,Meta Ads,268.62,15836,135,8
CAMP02808,LumaStyle_Email_202507,2025-07-15,Email,22.88,2731,306,3
CAMP02809,LumaStyle_Organic_202507,2025-07-15,Organic,0.0,4243,142,3
CAMP02810,LumaStyle_Referral_202507,2025-07-15,Referral,0.0,658,51,2
CAMP02811,LumaStyle_GoogleAds_202507,2025-07-16,Google Ads,244.88,12961,354,11
CAMP02812,LumaStyle_MetaAds_202507,2025-07-16,Meta Ads,282.22,15440,224,8
CAMP02813,LumaStyle_Email_202507,2025-07-16,Email,31.81,2334,358,8
CAMP02814,LumaStyle_Organic_202507,2025-07-16,Organic,0.0,7418,253,5
CAMP02815,LumaStyle_Referral_202507,2025-07-16,Referral,0.0,1463,146,6
CAMP02816,LumaStyle_GoogleAds_202507,2025-07-17,Google Ads,200.12,8057,154,7
CAMP02817,LumaStyle_MetaAds_202507,2025-07-17,Meta Ads,262.62,20805,335,23
CAMP02818,LumaStyle_Email_202507,2025-07-17,Email,51.37,3553,391,11
CAMP02819,LumaStyle_Organic_202507,2025-07-17,Organic,0.0,6858,178,2
CAMP02820,LumaStyle_Referral_202507,2025-07-17,Referral,0.0,989,100,7
CAMP02821,LumaStyle_GoogleAds_202507,2025-07-18,Google Ads,368.61,18342,463,12
CAMP02822,LumaStyle_MetaAds_202507,2025-07-18,Meta Ads,199.6,13667,196,8
CAMP02823,LumaStyle_Email_202507,2025-07-18,Email,37.65,2632,375,5
CAMP02824,LumaStyle_Organic_202507,2025-07-18,Organic,0.0,6475,170,4
CAMP02825,LumaStyle_Referral_202507,2025-07-18,Referral,0.0,1902,144,8
CAMP02826,LumaStyle_GoogleAds_202507,2025-07-19,Google Ads,447.2,26720,803,20
CAMP02827,LumaStyle_MetaAds_202507,2025-07-19,Meta Ads,281.2,18955,183,6
CAMP02828,LumaStyle_Email_202507,2025-07-19,Email,74.25,4393,503,7
CAMP02829,LumaStyle_Organic_202507,2025-07-19,Organic,0.0,3204,90,2
CAMP02830,LumaStyle_Referral_202507,2025-07-19,Referral,0.0,962,55,3
CAMP02831,LumaStyle_GoogleAds_202507,2025-07-20,Google Ads,213.84,9153,233,4
CAMP02832,LumaStyle_MetaAds_202507,2025-07-20,Meta Ads,189.44,9959,186,10
CAMP02833,LumaStyle_Email_202507,2025-07-20,Email,49.98,2185,444,8
CAMP02834,LumaStyle_Organic_202507,2025-07-20,Organic,0.0,5919,128,1
CAMP02835,LumaStyle_Referral_202507,2025-07-20,Referral,0.0,1247,131,8
CAMP02836,LumaStyle_GoogleAds_202507,2025-07-21,Google Ads,418.23,22858,425,19
CAMP02837,LumaStyle_MetaAds_202507,2025-07-21,Meta Ads,419.49,32812,268,13
CAMP02838,LumaStyle_Email_202507,2025-07-21,Email,66.26,2277,280,3
CAMP02839,LumaStyle_Organic_202507,2025-07-21,Organic,0.0,7797,296,3
CAMP02840,LumaStyle_Referral_202507,2025-07-21,Referral,0.0,724,78,5
CAMP02841,LumaStyle_GoogleAds_202507,2025-07-22,Google Ads,458.64,19984,556,18
CAMP02842,LumaStyle_MetaAds_202507,2025-07-22,Meta Ads,290.53,17175,213,14
CAMP02843,LumaStyle_Email_202507,2025-07-22,Email,28.4,2959,395,6
CAMP02844,LumaStyle_Organic_202507,2025-07-22,Organic,0.0,7997,314,6
CAMP02845,LumaStyle_Referral_202507,2025-07-22,Referral,0.0,1226,122,7
CAMP02846,LumaStyle_GoogleAds_202507,2025-07-23,Google Ads,491.78,27015,859,32
CAMP02847,LumaStyle_MetaAds_202507,2025-07-23,Meta Ads,409.88,28757,419,21
CAMP02848,LumaStyle_Email_202507,2025-07-23,Email,30.85,3300,645,18
CAMP02849,LumaStyle_Organic_202507,2025-07-23,Organic,0.0,3118,119,2
CAMP02850,LumaStyle_Referral_202507,2025-07-23,Referral,0.0,1383,145,10
CAMP02851,LumaStyle_GoogleAds_202507,2025-07-24,Google Ads,319.42,17376,343,10
CAMP02852,LumaStyle_MetaAds_202507,2025-07-24,Meta Ads,360.58,23866,320,17
CAMP02853,LumaStyle_Email_202507,2025-07-24,Email,40.77,2541,519,12
CAMP02854,LumaStyle_Organic_202507,2025-07-24,Organic,0.0,4447,152,2
CAMP02855,LumaStyle_Referral_202507,2025-07-24,Referral,0.0,914,77,5
CAMP02856,LumaStyle_GoogleAds_202507,2025-07-25,Google Ads,457.85,21152,377,15
CAMP02857,LumaStyle_MetaAds_202507,2025-07-25,Meta Ads,150.86,8722,79,2
CAMP02858,LumaStyle_Email_202507,2025-07-25,Email,36.38,2537,258,4
CAMP02859,LumaStyle_Organic_202507,2025-07-25,Organic,0.0,3320,72,1
CAMP02860,LumaStyle_Referral_202507,2025-07-25,Referral,0.0,1209,95,4
CAMP02861,LumaStyle_GoogleAds_202507,2025-07-26,Google Ads,184.52,10113,279,9
CAMP02862,LumaStyle_MetaAds_202507,2025-07-26,Meta Ads,345.32,22420,282,11
CAMP02863,LumaStyle_Email_202507,2025-07-26,Email,57.24,4715,569,15
CAMP02864,LumaStyle_Organic_202507,2025-07-26,Organic,0.0,4605,109,2
CAMP02865,LumaStyle_Referral_202507,2025-07-26,Referral,0.0,1523,164,7
CAMP02866,LumaStyle_GoogleAds_202507,2025-07-27,Google Ads,216.86,11057,219,9
CAMP02867,LumaStyle_MetaAds_202507,2025-07-27,Meta Ads,113.72,7644,146,7
CAMP02868,LumaStyle_Email_202507,2025-07-27,Email,45.16,3222,426,7
CAMP02869,LumaStyle_Organic_202507,2025-07-27,Organic,0.0,4651,174,2
CAMP02870,LumaStyle_Referral_202507,2025-07-27,Referral,0.0,1857,120,6
CAMP02871,LumaStyle_GoogleAds_202507,2025-07-28,Google Ads,399.13,21715,376,11
CAMP02872,LumaStyle_MetaAds_202507,2025-07-28,Meta Ads,160.7,10746,109,5
CAMP02873,LumaStyle_Email_202507,2025-07-28,Email,34.74,2663,383,6
CAMP02874,LumaStyle_Organic_202507,2025-07-28,Organic,0.0,6613,144,3
CAMP02875,LumaStyle_Referral_202507,2025-07-28,Referral,0.0,660,53,2
CAMP02876,LumaStyle_GoogleAds_202507,2025-07-29,Google Ads,384.56,21650,429,8
CAMP02877,LumaStyle_MetaAds_202507,2025-07-29,Meta Ads,137.87,9690,85,3
CAMP02878,LumaStyle_Email_202507,2025-07-29,Email,22.3,2164,456,7
CAMP02879,LumaStyle_Organic_202507,2025-07-29,Organic,0.0,7811,270,6
CAMP02880,LumaStyle_Referral_202507,2025-07-29,Referral,0.0,720,79,3
CAMP02881,LumaStyle_GoogleAds_202507,2025-07-30,Google Ads,239.49,10634,320,12
CAMP02882,LumaStyle_MetaAds_202507,2025-07-30,Meta Ads,435.56,25058,399,13
CAMP02883,LumaStyle_Email_202507,2025-07-30,Email,40.24,3585,411,11
CAMP02884,LumaStyle_Organic_202507,2025-07-30,Organic,0.0,5526,201,3
CAMP02885,LumaStyle_Referral_202507,2025-07-30,Referral,0.0,1652,84,4
CAMP02886,LumaStyle_GoogleAds_202507,2025-07-31,Google Ads,328.03,15327,326,10
CAMP02887,LumaStyle_MetaAds_202507,2025-07-31,Meta Ads,391.82,29769,263,8
CAMP02888,LumaStyle_Email_202507,2025-07-31,Email,30.34,4485,607,13
CAMP02889,LumaStyle_Organic_202507,2025-07-31,Organic,0.0,7725,155,3
CAMP02890,LumaStyle_Referral_202507,2025-07-31,Referral,0.0,647,38,1
CAMP02891,LumaStyle_GoogleAds_202508,2025-08-01,Google Ads,452.78,24318,663,31
CAMP02892,LumaStyle_MetaAds_202508,2025-08-01,Meta Ads,372.1,24118,201,10
CAMP02893,LumaStyle_Email_202508,2025-08-01,Email,73.14,3874,479,10
CAMP02894,LumaStyle_Organic_202508,2025-08-01,Organic,0.0,6640,167,2
CAMP02895,LumaStyle_Referral_202508,2025-08-01,Referral,0.0,1598,190,10
CAMP02896,LumaStyle_GoogleAds_202508,2025-08-02,Google Ads,213.2,10524,250,12
CAMP02897,LumaStyle_MetaAds_202508,2025-08-02,Meta Ads,333.12,22182,438,16
CAMP02898,LumaStyle_Email_202508,2025-08-02,Email,58.3,4159,787,14
CAMP02899,LumaStyle_Organic_202508,2025-08-02,Organic,0.0,4669,112,2
CAMP02900,LumaStyle_Referral_202508,2025-08-02,Referral,0.0,1277,92,5
CAMP02901,LumaStyle_GoogleAds_202508,2025-08-03,Google Ads,334.28,16390,528,11
CAMP02902,LumaStyle_MetaAds_202508,2025-08-03,Meta Ads,210.11,15571,269,11
CAMP02903,LumaStyle_Email_202508,2025-08-03,Email,77.75,2262,315,6
CAMP02904,LumaStyle_Organic_202508,2025-08-03,Organic,0.0,7437,262,3
CAMP02905,LumaStyle_Referral_202508,2025-08-03,Referral,0.0,974,63,4
CAMP02906,LumaStyle_GoogleAds_202508,2025-08-04,Google Ads,463.37,21677,406,11
CAMP02907,LumaStyle_MetaAds_202508,2025-08-04,Meta Ads,134.91,7289,112,5
CAMP02908,LumaStyle_Email_202508,2025-08-04,Email,55.9,4139,478,11
CAMP02909,LumaStyle_Organic_202508,2025-08-04,Organic,0.0,6625,150,2
CAMP02910,LumaStyle_Referral_202508,2025-08-04,Referral,0.0,1546,92,7
CAMP02911,LumaStyle_GoogleAds_202508,2025-08-05,Google Ads,239.93,13459,369,8
CAMP02912,LumaStyle_MetaAds_202508,2025-08-05,Meta Ads,253.64,14008,136,8
CAMP02913,LumaStyle_Email_202508,2025-08-05,Email,21.84,3385,425,4
CAMP02914,LumaStyle_Organic_202508,2025-08-05,Organic,0.0,3030,109,2
CAMP02915,LumaStyle_Referral_202508,2025-08-05,Referral,0.0,812,53,2
CAMP02916,LumaStyle_GoogleAds_202508,2025-08-06,Google Ads,448.6,23682,484,22
CAMP02917,LumaStyle_MetaAds_202508,2025-08-06,Meta Ads,197.34,15252,140,7
CAMP02918,LumaStyle_Email_202508,2025-08-06,Email,46.88,3152,554,11
CAMP02919,LumaStyle_Organic_202508,2025-08-06,Organic,0.0,3457,93,1
CAMP02920,LumaStyle_Referral_202508,2025-08-06,Referral,0.0,1582,80,4
CAMP02921,LumaStyle_GoogleAds_202508,2025-08-07,Google Ads,409.54,23476,711,31
CAMP02922,LumaStyle_MetaAds_202508,2025-08-07,Meta Ads,327.11,18845,290,9
CAMP02923,LumaStyle_Email_202508,2025-08-07,Email,54.29,4333,703,9
CAMP02924,LumaStyle_Organic_202508,2025-08-07,Organic,0.0,4631,110,3
CAMP02925,LumaStyle_Referral_202508,2025-08-07,Referral,0.0,1995,119,5
CAMP02926,LumaStyle_GoogleAds_202508,2025-08-08,Google Ads,222.18,11845,300,13
CAMP02927,LumaStyle_MetaAds_202508,2025-08-08,Meta Ads,371.41,20975,206,6
CAMP02928,LumaStyle_Email_202508,2025-08-08,Email,50.32,4917,555,16
CAMP02929,LumaStyle_Organic_202508,2025-08-08,Organic,0.0,6072,142,3
CAMP02930,LumaStyle_Referral_202508,2025-08-08,Referral,0.0,1219,145,6
CAMP02931,LumaStyle_GoogleAds_202508,2025-08-09,Google Ads,330.07,16224,386,15
CAMP02932,LumaStyle_MetaAds_202508,2025-08-09,Meta Ads,431.59,24472,428,22
CAMP02933,LumaStyle_Email_202508,2025-08-09,Email,38.16,4598,923,14
CAMP02934,LumaStyle_Organic_202508,2025-08-09,Organic,0.0,4491,163,2
CAMP02935,LumaStyle_Referral_202508,2025-08-09,Referral,0.0,1036,116,5
CAMP02936,LumaStyle_GoogleAds_202508,2025-08-10,Google Ads,389.36,23157,734,29
CAMP02937,LumaStyle_MetaAds_202508,2025-08-10,Meta Ads,279.68,15357,281,19
CAMP02938,LumaStyle_Email_202508,2025-08-10,Email,79.49,3511,723,10
CAMP02939,LumaStyle_Organic_202508,2025-08-10,Organic,0.0,4847,104,3
CAMP02940,LumaStyle_Referral_202508,2025-08-10,Referral,0.0,1447,137,6
CAMP02941,LumaStyle_GoogleAds_202508,2025-08-11,Google Ads,481.9,28419,742,26
CAMP02942,LumaStyle_MetaAds_202508,2025-08-11,Meta Ads,257.8,13883,273,8
CAMP02943,LumaStyle_Email_202508,2025-08-11,Email,32.25,2772,547,14
CAMP02944,LumaStyle_Organic_202508,2025-08-11,Organic,0.0,3220,91,1
CAMP02945,LumaStyle_Referral_202508,2025-08-11,Referral,0.0,1655,155,9
CAMP02946,LumaStyle_GoogleAds_202508,2025-08-12,Google Ads,424.31,20691,665,16
CAMP02947,LumaStyle_MetaAds_202508,2025-08-12,Meta Ads,362.27,27671,476,15
CAMP02948,LumaStyle_Email_202508,2025-08-12,Email,51.63,2067,286,4
CAMP02949,LumaStyle_Organic_202508,2025-08-12,Organic,0.0,3848,110,3
CAMP02950,LumaStyle_Referral_202508,2025-08-12,Referral,0.0,863,50,3
CAMP02951,LumaStyle_GoogleAds_202508,2025-08-13,Google Ads,275.09,16468,281,6
CAMP02952,LumaStyle_MetaAds_202508,2025-08-13,Meta Ads,300.88,21576,253,10
CAMP02953,LumaStyle_Email_202508,2025-08-13,Email,25.02,2935,391,7
CAMP02954,LumaStyle_Organic_202508,2025-08-13,Organic,0.0,4304,137,3
CAMP02955,LumaStyle_Referral_202508,2025-08-13,Referral,0.0,1943,148,9
CAMP02956,LumaStyle_GoogleAds_202508,2025-08-14,Google Ads,290.6,11919,268,7
CAMP02957,LumaStyle_MetaAds_202508,2025-08-14,Meta Ads,174.87,10931,183,11
CAMP02958,LumaStyle_Email_202508,2025-08-14,Email,59.8,2392,507,10
CAMP02959,LumaStyle_Organic_202508,2025-08-14,Organic,0.0,7210,209,5
CAMP02960,LumaStyle_Referral_202508,2025-08-14,Referral,0.0,1277,108,6
CAMP02961,LumaStyle_GoogleAds_202508,2025-08-15,Google Ads,175.78,7137,190,4
CAMP02962,LumaStyle_MetaAds_202508,2025-08-15,Meta Ads,304.94,23949,379,22
CAMP02963,LumaStyle_Email_202508,2025-08-15,Email,20.64,3855,675,20
CAMP02964,LumaStyle_Organic_202508,2025-08-15,Organic,0.0,5983,221,3
CAMP02965,LumaStyle_Referral_202508,2025-08-15,Referral,0.0,1290,119,6
CAMP02966,LumaStyle_GoogleAds_202508,2025-08-16,Google Ads,457.35,23359,613,25
CAMP02967,LumaStyle_MetaAds_202508,2025-08-16,Meta Ads,415.59,33177,292,15
CAMP02968,LumaStyle_Email_202508,2025-08-16,Email,29.05,2109,367,3
CAMP02969,LumaStyle_Organic_202508,2025-08-16,Organic,0.0,3091,76,2
CAMP02970,LumaStyle_Referral_202508,2025-08-16,Referral,0.0,1384,114,6
CAMP02971,LumaStyle_GoogleAds_202508,2025-08-17,Google Ads,337.76,17794,331,11
CAMP02972,LumaStyle_MetaAds_202508,2025-08-17,Meta Ads,176.92,11263,172,10
CAMP02973,LumaStyle_Email_202508,2025-08-17,Email,66.7,4620,960,24
CAMP02974,LumaStyle_Organic_202508,2025-08-17,Organic,0.0,4673,100,1
CAMP02975,LumaStyle_Referral_202508,2025-08-17,Referral,0.0,1566,173,11
CAMP02976,LumaStyle_GoogleAds_202508,2025-08-18,Google Ads,292.06,14442,402,12
CAMP02977,LumaStyle_MetaAds_202508,2025-08-18,Meta Ads,241.53,14537,270,15
CAMP02978,LumaStyle_Email_202508,2025-08-18,Email,59.3,3496,549,15
CAMP02979,LumaStyle_Organic_202508,2025-08-18,Organic,0.0,4884,119,3
CAMP02980,LumaStyle_Referral_202508,2025-08-18,Referral,0.0,1928,213,16
CAMP02981,LumaStyle_GoogleAds_202508,2025-08-19,Google Ads,216.41,11923,359,8
CAMP02982,LumaStyle_MetaAds_202508,2025-08-19,Meta Ads,175.51,13935,214,14
CAMP02983,LumaStyle_Email_202508,2025-08-19,Email,26.54,4344,806,19
CAMP02984,LumaStyle_Organic_202508,2025-08-19,Organic,0.0,7109,279,5
CAMP02985,LumaStyle_Referral_202508,2025-08-19,Referral,0.0,731,41,3
CAMP02986,LumaStyle_GoogleAds_202508,2025-08-20,Google Ads,321.25,16730,345,12
CAMP02987,LumaStyle_MetaAds_202508,2025-08-20,Meta Ads,362.11,18471,257,16
CAMP02988,LumaStyle_Email_202508,2025-08-20,Email,59.58,2817,471,6
CAMP02989,LumaStyle_Organic_202508,2025-08-20,Organic,0.0,3665,110,1
CAMP02990,LumaStyle_Referral_202508,2025-08-20,Referral,0.0,1902,173,9
CAMP02991,LumaStyle_GoogleAds_202508,2025-08-21,Google Ads,251.14,14824,240,11
CAMP02992,LumaStyle_MetaAds_202508,2025-08-21,Meta Ads,110.0,8418,159,10
CAMP02993,LumaStyle_Email_202508,2025-08-21,Email,26.0,2390,513,10
CAMP02994,LumaStyle_Organic_202508,2025-08-21,Organic,0.0,5106,166,2
CAMP02995,LumaStyle_Referral_202508,2025-08-21,Referral,0.0,927,59,2
CAMP02996,LumaStyle_GoogleAds_202508,2025-08-22,Google Ads,306.05,17324,535,16
CAMP02997,LumaStyle_MetaAds_202508,2025-08-22,Meta Ads,301.56,21430,375,22
CAMP02998,LumaStyle_Email_202508,2025-08-22,Email,22.8,2823,359,7
CAMP02999,LumaStyle_Organic_202508,2025-08-22,Organic,0.0,3592,88,1
CAMP03000,LumaStyle_Referral_202508,2025-08-22,Referral,0.0,1744,193,14
CAMP03001,LumaStyle_GoogleAds_202508,2025-08-23,Google Ads,418.06,20152,601,27
CAMP03002,LumaStyle_MetaAds_202508,2025-08-23,Meta Ads,191.45,9798,85,3
CAMP03003,LumaStyle_Email_202508,2025-08-23,Email,39.6,2838,478,8
CAMP03004,LumaStyle_Organic_202508,2025-08-23,Organic,0.0,4937,195,2
CAMP03005,LumaStyle_Referral_202508,2025-08-23,Referral,0.0,1735,123,7
CAMP03006,LumaStyle_GoogleAds_202508,2025-08-24,Google Ads,406.99,21980,359,16
CAMP03007,LumaStyle_MetaAds_202508,2025-08-24,Meta Ads,165.88,8543,149,6
CAMP03008,LumaStyle_Email_202508,2025-08-24,Email,30.18,4349,734,17
CAMP03009,LumaStyle_Organic_202508,2025-08-24,Organic,0.0,3775,117,2
CAMP03010,LumaStyle_Referral_202508,2025-08-24,Referral,0.0,1093,71,3
CAMP03011,LumaStyle_GoogleAds_202508,2025-08-25,Google Ads,454.46,21670,331,12
CAMP03012,LumaStyle_MetaAds_202508,2025-08-25,Meta Ads,345.91,20346,333,13
CAMP03013,LumaStyle_Email_202508,2025-08-25,Email,72.69,3474,497,10
CAMP03014,LumaStyle_Organic_202508,2025-08-25,Organic,0.0,3056,74,1
CAMP03015,LumaStyle_Referral_202508,2025-08-25,Referral,0.0,1218,84,4
CAMP03016,LumaStyle_GoogleAds_202508,2025-08-26,Google Ads,373.04,18488,368,12
CAMP03017,LumaStyle_MetaAds_202508,2025-08-26,Meta Ads,267.91,16762,261,9
CAMP03018,LumaStyle_Email_202508,2025-08-26,Email,32.2,2631,519,11
CAMP03019,LumaStyle_Organic_202508,2025-08-26,Organic,0.0,6106,128,3
CAMP03020,LumaStyle_Referral_202508,2025-08-26,Referral,0.0,853,46,2
CAMP03021,LumaStyle_GoogleAds_202508,2025-08-27,Google Ads,428.09,18439,631,21
CAMP03022,LumaStyle_MetaAds_202508,2025-08-27,Meta Ads,103.17,7517,102,4
CAMP03023,LumaStyle_Email_202508,2025-08-27,Email,41.0,4287,573,7
CAMP03024,LumaStyle_Organic_202508,2025-08-27,Organic,0.0,6785,262,3
CAMP03025,LumaStyle_Referral_202508,2025-08-27,Referral,0.0,719,68,3
CAMP03026,LumaStyle_GoogleAds_202508,2025-08-28,Google Ads,355.83,18598,628,22
CAMP03027,LumaStyle_MetaAds_202508,2025-08-28,Meta Ads,269.5,18386,169,8
CAMP03028,LumaStyle_Email_202508,2025-08-28,Email,78.34,4690,704,9
CAMP03029,LumaStyle_Organic_202508,2025-08-28,Organic,0.0,6978,174,2
CAMP03030,LumaStyle_Referral_202508,2025-08-28,Referral,0.0,1459,105,4
CAMP03031,LumaStyle_GoogleAds_202508,2025-08-29,Google Ads,311.11,17489,434,21
CAMP03032,LumaStyle_MetaAds_202508,2025-08-29,Meta Ads,431.9,23312,219,12
CAMP03033,LumaStyle_Email_202508,2025-08-29,Email,25.32,3390,603,12
CAMP03034,LumaStyle_Organic_202508,2025-08-29,Organic,0.0,7580,219,2
CAMP03035,LumaStyle_Referral_202508,2025-08-29,Referral,0.0,1306,145,10
CAMP03036,LumaStyle_GoogleAds_202508,2025-08-30,Google Ads,240.96,12009,415,12
CAMP03037,LumaStyle_MetaAds_202508,2025-08-30,Meta Ads,175.84,9208,89,6
CAMP03038,LumaStyle_Email_202508,2025-08-30,Email,48.04,3967,417,10
CAMP03039,LumaStyle_Organic_202508,2025-08-30,Organic,0.0,7668,247,6
CAMP03040,LumaStyle_Referral_202508,2025-08-30,Referral,0.0,1218,68,4
CAMP03041,LumaStyle_GoogleAds_202508,2025-08-31,Google Ads,170.88,9541,171,6
CAMP03042,LumaStyle_MetaAds_202508,2025-08-31,Meta Ads,408.86,22279,299,11
CAMP03043,LumaStyle_Email_202508,2025-08-31,Email,44.38,3681,722,15
CAMP03044,LumaStyle_Organic_202508,2025-08-31,Organic,0.0,3064,71,2
CAMP03045,LumaStyle_Referral_202508,2025-08-31,Referral,0.0,1128,88,5
CAMP03046,LumaStyle_GoogleAds_202509,2025-09-01,Google Ads,434.09,20115,451,10
CAMP03047,LumaStyle_MetaAds_202509,2025-09-01,Meta Ads,139.29,10030,172,7
CAMP03048,LumaStyle_Email_202509,2025-09-01,Email,54.92,4110,517,11
CAMP03049,LumaStyle_Organic_202509,2025-09-01,Organic,0.0,7321,168,4
CAMP03050,LumaStyle_Referral_202509,2025-09-01,Referral,0.0,1401,71,5
CAMP03051,LumaStyle_GoogleAds_202509,2025-09-02,Google Ads,373.53,17231,568,23
CAMP03052,LumaStyle_MetaAds_202509,2025-09-02,Meta Ads,224.21,13920,142,9
CAMP03053,LumaStyle_Email_202509,2025-09-02,Email,50.4,3316,441,12
CAMP03054,LumaStyle_Organic_202509,2025-09-02,Organic,0.0,4804,166,4
CAMP03055,LumaStyle_Referral_202509,2025-09-02,Referral,0.0,1113,130,8
CAMP03056,LumaStyle_GoogleAds_202509,2025-09-03,Google Ads,317.0,18924,582,20
CAMP03057,LumaStyle_MetaAds_202509,2025-09-03,Meta Ads,104.31,6957,130,7
CAMP03058,LumaStyle_Email_202509,2025-09-03,Email,75.87,4918,745,15
CAMP03059,LumaStyle_Organic_202509,2025-09-03,Organic,0.0,4664,141,4
CAMP03060,LumaStyle_Referral_202509,2025-09-03,Referral,0.0,1979,236,17
CAMP03061,LumaStyle_GoogleAds_202509,2025-09-04,Google Ads,184.39,9517,165,5
CAMP03062,LumaStyle_MetaAds_202509,2025-09-04,Meta Ads,345.76,21403,351,12
CAMP03063,LumaStyle_Email_202509,2025-09-04,Email,53.66,4417,601,6
CAMP03064,LumaStyle_Organic_202509,2025-09-04,Organic,0.0,5045,173,2
CAMP03065,LumaStyle_Referral_202509,2025-09-04,Referral,0.0,1905,107,8
CAMP03066,LumaStyle_GoogleAds_202509,2025-09-05,Google Ads,333.84,14296,330,9
CAMP03067,LumaStyle_MetaAds_202509,2025-09-05,Meta Ads,381.87,28419,547,17
CAMP03068,LumaStyle_Email_202509,2025-09-05,Email,75.1,4911,981,18
CAMP03069,LumaStyle_Organic_202509,2025-09-05,Organic,0.0,6731,186,2
CAMP03070,LumaStyle_Referral_202509,2025-09-05,Referral,0.0,1435,89,5
CAMP03071,LumaStyle_GoogleAds_202509,2025-09-06,Google Ads,158.29,7050,226,5
CAMP03072,LumaStyle_MetaAds_202509,2025-09-06,Meta Ads,182.57,9376,80,5
CAMP03073,LumaStyle_Email_202509,2025-09-06,Email,67.78,3140,433,5
CAMP03074,LumaStyle_Organic_202509,2025-09-06,Organic,0.0,6544,148,4
CAMP03075,LumaStyle_Referral_202509,2025-09-06,Referral,0.0,1131,56,4
CAMP03076,LumaStyle_GoogleAds_202509,2025-09-07,Google Ads,366.04,16310,286,6
CAMP03077,LumaStyle_MetaAds_202509,2025-09-07,Meta Ads,260.43,15385,273,10
CAMP03078,LumaStyle_Email_202509,2025-09-07,Email,41.13,4402,660,15
CAMP03079,LumaStyle_Organic_202509,2025-09-07,Organic,0.0,3161,83,1
CAMP03080,LumaStyle_Referral_202509,2025-09-07,Referral,0.0,1649,98,4
CAMP03081,LumaStyle_GoogleAds_202509,2025-09-08,Google Ads,170.45,8176,215,5
CAMP03082,LumaStyle_MetaAds_202509,2025-09-08,Meta Ads,275.92,17047,254,10
CAMP03083,LumaStyle_Email_202509,2025-09-08,Email,40.19,3567,465,6
CAMP03084,LumaStyle_Organic_202509,2025-09-08,Organic,0.0,6204,124,3
CAMP03085,LumaStyle_Referral_202509,2025-09-08,Referral,0.0,1590,92,6
CAMP03086,LumaStyle_GoogleAds_202509,2025-09-09,Google Ads,432.91,25819,625,12
CAMP03087,LumaStyle_MetaAds_202509,2025-09-09,Meta Ads,141.01,9830,89,4
CAMP03088,LumaStyle_Email_202509,2025-09-09,Email,50.32,3147,680,14
CAMP03089,LumaStyle_Organic_202509,2025-09-09,Organic,0.0,5449,172,3
CAMP03090,LumaStyle_Referral_202509,2025-09-09,Referral,0.0,1227,68,3
CAMP03091,LumaStyle_GoogleAds_202509,2025-09-10,Google Ads,248.79,14465,363,16
CAMP03092,LumaStyle_MetaAds_202509,2025-09-10,Meta Ads,277.3,21144,186,6
CAMP03093,LumaStyle_Email_202509,2025-09-10,Email,64.78,4666,836,11
CAMP03094,LumaStyle_Organic_202509,2025-09-10,Organic,0.0,6827,158,4
CAMP03095,LumaStyle_Referral_202509,2025-09-10,Referral,0.0,1538,174,11
CAMP03096,LumaStyle_GoogleAds_202509,2025-09-11,Google Ads,246.76,11991,315,6
CAMP03097,LumaStyle_MetaAds_202509,2025-09-11,Meta Ads,448.91,27158,361,13
CAMP03098,LumaStyle_Email_202509,2025-09-11,Email,26.47,2711,446,5
CAMP03099,LumaStyle_Organic_202509,2025-09-11,Organic,0.0,6070,138,2
CAMP03100,LumaStyle_Referral_202509,2025-09-11,Referral,0.0,1781,105,5
CAMP03101,LumaStyle_GoogleAds_202509,2025-09-12,Google Ads,316.33,13391,362,7
CAMP03102,LumaStyle_MetaAds_202509,2025-09-12,Meta Ads,167.85,9340,173,7
CAMP03103,LumaStyle_Email_202509,2025-09-12,Email,28.94,4864,746,18
CAMP03104,LumaStyle_Organic_202509,2025-09-12,Organic,0.0,3507,108,3
CAMP03105,LumaStyle_Referral_202509,2025-09-12,Referral,0.0,1663,136,8
CAMP03106,LumaStyle_GoogleAds_202509,2025-09-13,Google Ads,353.93,17635,584,17
CAMP03107,LumaStyle_MetaAds_202509,2025-09-13,Meta Ads,426.93,28948,486,23
CAMP03108,LumaStyle_Email_202509,2025-09-13,Email,58.44,4208,615,16
CAMP03109,LumaStyle_Organic_202509,2025-09-13,Organic,0.0,4179,125,3
CAMP03110,LumaStyle_Referral_202509,2025-09-13,Referral,0.0,1708,180,11
CAMP03111,LumaStyle_GoogleAds_202509,2025-09-14,Google Ads,238.18,12967,226,5
CAMP03112,LumaStyle_MetaAds_202509,2025-09-14,Meta Ads,321.33,21961,364,23
CAMP03113,LumaStyle_Email_202509,2025-09-14,Email,52.57,3584,706,16
CAMP03114,LumaStyle_Organic_202509,2025-09-14,Organic,0.0,5056,125,2
CAMP03115,LumaStyle_Referral_202509,2025-09-14,Referral,0.0,1722,154,9
CAMP03116,LumaStyle_GoogleAds_202509,2025-09-15,Google Ads,249.41,10502,234,6
CAMP03117,LumaStyle_MetaAds_202509,2025-09-15,Meta Ads,187.62,10666,212,9
CAMP03118,LumaStyle_Email_202509,2025-09-15,Email,79.5,2724,497,6
CAMP03119,LumaStyle_Organic_202509,2025-09-15,Organic,0.0,6571,163,2
CAMP03120,LumaStyle_Referral_202509,2025-09-15,Referral,0.0,1897,194,13
CAMP03121,LumaStyle_GoogleAds_202509,2025-09-16,Google Ads,386.72,19683,471,19
CAMP03122,LumaStyle_MetaAds_202509,2025-09-16,Meta Ads,282.38,14323,206,13
CAMP03123,LumaStyle_Email_202509,2025-09-16,Email,76.1,4222,830,11
CAMP03124,LumaStyle_Organic_202509,2025-09-16,Organic,0.0,3289,86,2
CAMP03125,LumaStyle_Referral_202509,2025-09-16,Referral,0.0,1877,214,16
CAMP03126,LumaStyle_GoogleAds_202509,2025-09-17,Google Ads,454.23,23176,667,28
CAMP03127,LumaStyle_MetaAds_202509,2025-09-17,Meta Ads,439.12,25502,276,16
CAMP03128,LumaStyle_Email_202509,2025-09-17,Email,25.24,2213,326,3
CAMP03129,LumaStyle_Organic_202509,2025-09-17,Organic,0.0,5345,111,3
CAMP03130,LumaStyle_Referral_202509,2025-09-17,Referral,0.0,934,102,5
CAMP03131,LumaStyle_GoogleAds_202509,2025-09-18,Google Ads,355.51,16712,324,6
CAMP03132,LumaStyle_MetaAds_202509,2025-09-18,Meta Ads,265.8,16573,329,11
CAMP03133,LumaStyle_Email_202509,2025-09-18,Email,51.22,3225,531,14
CAMP03134,LumaStyle_Organic_202509,2025-09-18,Organic,0.0,3699,79,1
CAMP03135,LumaStyle_Referral_202509,2025-09-18,Referral,0.0,534,63,3
CAMP03136,LumaStyle_GoogleAds_202509,2025-09-19,Google Ads,231.67,10654,372,16
CAMP03137,LumaStyle_MetaAds_202509,2025-09-19,Meta Ads,351.86,21052,317,11
CAMP03138,LumaStyle_Email_202509,2025-09-19,Email,36.56,2421,307,8
CAMP03139,LumaStyle_Organic_202509,2025-09-19,Organic,0.0,5782,185,5
CAMP03140,LumaStyle_Referral_202509,2025-09-19,Referral,0.0,1387,157,11
CAMP03141,LumaStyle_GoogleAds_202509,2025-09-20,Google Ads,297.08,17212,356,16
CAMP03142,LumaStyle_MetaAds_202509,2025-09-20,Meta Ads,104.51,6817,112,7
CAMP03143,LumaStyle_Email_202509,2025-09-20,Email,28.22,2631,434,5
CAMP03144,LumaStyle_Organic_202509,2025-09-20,Organic,0.0,7211,213,4
CAMP03145,LumaStyle_Referral_202509,2025-09-20,Referral,0.0,888,53,2
CAMP03146,LumaStyle_GoogleAds_202509,2025-09-21,Google Ads,207.83,11024,277,6
CAMP03147,LumaStyle_MetaAds_202509,2025-09-21,Meta Ads,308.65,18497,220,7
CAMP03148,LumaStyle_Email_202509,2025-09-21,Email,65.68,4897,1014,10
CAMP03149,LumaStyle_Organic_202509,2025-09-21,Organic,0.0,7277,251,6
CAMP03150,LumaStyle_Referral_202509,2025-09-21,Referral,0.0,1058,108,4
CAMP03151,LumaStyle_GoogleAds_202509,2025-09-22,Google Ads,415.92,16675,408,11
CAMP03152,LumaStyle_MetaAds_202509,2025-09-22,Meta Ads,344.1,25778,383,12
CAMP03153,LumaStyle_Email_202509,2025-09-22,Email,78.3,2143,426,12
CAMP03154,LumaStyle_Organic_202509,2025-09-22,Organic,0.0,3548,124,3
CAMP03155,LumaStyle_Referral_202509,2025-09-22,Referral,0.0,1905,216,16
CAMP03156,LumaStyle_GoogleAds_202509,2025-09-23,Google Ads,440.12,19249,554,23
CAMP03157,LumaStyle_MetaAds_202509,2025-09-23,Meta Ads,229.93,14195,133,7
CAMP03158,LumaStyle_Email_202509,2025-09-23,Email,55.03,2021,360,8
CAMP03159,LumaStyle_Organic_202509,2025-09-23,Organic,0.0,7767,310,8
CAMP03160,LumaStyle_Referral_202509,2025-09-23,Referral,0.0,1884,183,7
CAMP03161,LumaStyle_GoogleAds_202509,2025-09-24,Google Ads,410.74,21474,642,28
CAMP03162,LumaStyle_MetaAds_202509,2025-09-24,Meta Ads,113.29,6680,64,2
CAMP03163,LumaStyle_Email_202509,2025-09-24,Email,71.17,3346,500,11
CAMP03164,LumaStyle_Organic_202509,2025-09-24,Organic,0.0,3822,122,2
CAMP03165,LumaStyle_Referral_202509,2025-09-24,Referral,0.0,1684,140,7
CAMP03166,LumaStyle_GoogleAds_202509,2025-09-25,Google Ads,208.15,11937,294,6
CAMP03167,LumaStyle_MetaAds_202509,2025-09-25,Meta Ads,286.85,16156,249,16
CAMP03168,LumaStyle_Email_202509,2025-09-25,Email,68.0,3186,422,5
CAMP03169,LumaStyle_Organic_202509,2025-09-25,Organic,0.0,6051,132,1
CAMP03170,LumaStyle_Referral_202509,2025-09-25,Referral,0.0,747,82,3
CAMP03171,LumaStyle_GoogleAds_202509,2025-09-26,Google Ads,495.53,26041,579,26
CAMP03172,LumaStyle_MetaAds_202509,2025-09-26,Meta Ads,101.9,6835,93,3
CAMP03173,LumaStyle_Email_202509,2025-09-26,Email,38.13,2015,290,8
CAMP03174,LumaStyle_Organic_202509,2025-09-26,Organic,0.0,5482,158,2
CAMP03175,LumaStyle_Referral_202509,2025-09-26,Referral,0.0,1068,72,3
CAMP03176,LumaStyle_GoogleAds_202509,2025-09-27,Google Ads,445.68,26305,815,36
CAMP03177,LumaStyle_MetaAds_202509,2025-09-27,Meta Ads,154.12,12322,219,8
CAMP03178,LumaStyle_Email_202509,2025-09-27,Email,75.65,2106,241,3
CAMP03179,LumaStyle_Organic_202509,2025-09-27,Organic,0.0,7318,172,1
CAMP03180,LumaStyle_Referral_202509,2025-09-27,Referral,0.0,710,59,2
CAMP03181,LumaStyle_GoogleAds_202509,2025-09-28,Google Ads,471.04,25284,506,12
CAMP03182,LumaStyle_MetaAds_202509,2025-09-28,Meta Ads,240.98,19020,310,18
CAMP03183,LumaStyle_Email_202509,2025-09-28,Email,52.94,4227,655,18
CAMP03184,LumaStyle_Organic_202509,2025-09-28,Organic,0.0,6064,162,3
CAMP03185,LumaStyle_Referral_202509,2025-09-28,Referral,0.0,693,36,2
CAMP03186,LumaStyle_GoogleAds_202509,2025-09-29,Google Ads,197.7,10270,167,6
CAMP03187,LumaStyle_MetaAds_202509,2025-09-29,Meta Ads,250.54,19260,276,9
CAMP03188,LumaStyle_Email_202509,2025-09-29,Email,33.82,3874,644,8
CAMP03189,LumaStyle_Organic_202509,2025-09-29,Organic,0.0,5900,118,1
CAMP03190,LumaStyle_Referral_202509,2025-09-29,Referral,0.0,1106,57,4
CAMP03191,LumaStyle_GoogleAds_202509,2025-09-30,Google Ads,179.72,8874,188,6
CAMP03192,LumaStyle_MetaAds_202509,2025-09-30,Meta Ads,114.71,6592,104,3
CAMP03193,LumaStyle_Email_202509,2025-09-30,Email,22.91,2107,259,4
CAMP03194,LumaStyle_Organic_202509,2025-09-30,Organic,0.0,4533,113,1
CAMP03195,LumaStyle_Referral_202509,2025-09-30,Referral,0.0,1420,167,12
CAMP03196,LumaStyle_GoogleAds_202510,2025-10-01,Google Ads,476.84,22374,562,24
CAMP03197,LumaStyle_MetaAds_202510,2025-10-01,Meta Ads,251.11,16367,225,8
CAMP03198,LumaStyle_Email_202510,2025-10-01,Email,78.08,3976,418,5
CAMP03199,LumaStyle_Organic_202510,2025-10-01,Organic,0.0,5306,152,4
CAMP03200,LumaStyle_Referral_202510,2025-10-01,Referral,0.0,1773,163,9
CAMP03201,LumaStyle_GoogleAds_202510,2025-10-02,Google Ads,331.12,16071,494,11
CAMP03202,LumaStyle_MetaAds_202510,2025-10-02,Meta Ads,120.69,9069,108,4
CAMP03203,LumaStyle_Email_202510,2025-10-02,Email,28.4,2538,324,3
CAMP03204,LumaStyle_Organic_202510,2025-10-02,Organic,0.0,4934,197,5
CAMP03205,LumaStyle_Referral_202510,2025-10-02,Referral,0.0,889,99,6
CAMP03206,LumaStyle_GoogleAds_202510,2025-10-03,Google Ads,358.01,18647,633,22
CAMP03207,LumaStyle_MetaAds_202510,2025-10-03,Meta Ads,407.29,22055,433,24
CAMP03208,LumaStyle_Email_202510,2025-10-03,Email,48.81,3965,767,21
CAMP03209,LumaStyle_Organic_202510,2025-10-03,Organic,0.0,4129,128,1
CAMP03210,LumaStyle_Referral_202510,2025-10-03,Referral,0.0,1623,168,12
CAMP03211,LumaStyle_GoogleAds_202510,2025-10-04,Google Ads,417.46,18149,529,14
CAMP03212,LumaStyle_MetaAds_202510,2025-10-04,Meta Ads,136.54,7609,151,9
CAMP03213,LumaStyle_Email_202510,2025-10-04,Email,74.44,4323,749,19
CAMP03214,LumaStyle_Organic_202510,2025-10-04,Organic,0.0,4127,102,1
CAMP03215,LumaStyle_Referral_202510,2025-10-04,Referral,0.0,1217,121,9
CAMP03216,LumaStyle_GoogleAds_202510,2025-10-05,Google Ads,219.14,9226,301,8
CAMP03217,LumaStyle_MetaAds_202510,2025-10-05,Meta Ads,232.07,13657,173,7
CAMP03218,LumaStyle_Email_202510,2025-10-05,Email,45.79,2428,458,7
CAMP03219,LumaStyle_Organic_202510,2025-10-05,Organic,0.0,3849,100,2
CAMP03220,LumaStyle_Referral_202510,2025-10-05,Referral,0.0,1849,177,13
CAMP03221,LumaStyle_GoogleAds_202510,2025-10-06,Google Ads,280.28,14908,488,11
CAMP03222,LumaStyle_MetaAds_202510,2025-10-06,Meta Ads,424.97,23397,403,17
CAMP03223,LumaStyle_Email_202510,2025-10-06,Email,54.62,3872,596,13
CAMP03224,LumaStyle_Organic_202510,2025-10-06,Organic,0.0,3515,86,2
CAMP03225,LumaStyle_Referral_202510,2025-10-06,Referral,0.0,912,69,3
CAMP03226,LumaStyle_GoogleAds_202510,2025-10-07,Google Ads,225.65,11926,281,8
CAMP03227,LumaStyle_MetaAds_202510,2025-10-07,Meta Ads,357.97,22010,196,13
CAMP03228,LumaStyle_Email_202510,2025-10-07,Email,40.42,4421,639,12
CAMP03229,LumaStyle_Organic_202510,2025-10-07,Organic,0.0,4844,164,4
CAMP03230,LumaStyle_Referral_202510,2025-10-07,Referral,0.0,927,63,4
CAMP03231,LumaStyle_GoogleAds_202510,2025-10-08,Google Ads,283.28,13049,397,9
CAMP03232,LumaStyle_MetaAds_202510,2025-10-08,Meta Ads,117.72,7587,115,7
CAMP03233,LumaStyle_Email_202510,2025-10-08,Email,24.58,3138,366,5
CAMP03234,LumaStyle_Organic_202510,2025-10-08,Organic,0.0,4393,123,2
CAMP03235,LumaStyle_Referral_202510,2025-10-08,Referral,0.0,610,63,3
CAMP03236,LumaStyle_GoogleAds_202510,2025-10-09,Google Ads,429.02,17864,533,22
CAMP03237,LumaStyle_MetaAds_202510,2025-10-09,Meta Ads,186.9,10738,213,11
CAMP03238,LumaStyle_Email_202510,2025-10-09,Email,74.67,4572,817,12
CAMP03239,LumaStyle_Organic_202510,2025-10-09,Organic,0.0,5703,166,2
CAMP03240,LumaStyle_Referral_202510,2025-10-09,Referral,0.0,1369,141,9
CAMP03241,LumaStyle_GoogleAds_202510,2025-10-10,Google Ads,360.58,20404,545,13
CAMP03242,LumaStyle_MetaAds_202510,2025-10-10,Meta Ads,120.14,7473,148,5
CAMP03243,LumaStyle_Email_202510,2025-10-10,Email,24.62,2748,437,5
CAMP03244,LumaStyle_Organic_202510,2025-10-10,Organic,0.0,5271,189,5
CAMP03245,LumaStyle_Referral_202510,2025-10-10,Referral,0.0,721,40,2
CAMP03246,LumaStyle_GoogleAds_202510,2025-10-11,Google Ads,234.24,12779,298,14
CAMP03247,LumaStyle_MetaAds_202510,2025-10-11,Meta Ads,242.72,18227,298,16
CAMP03248,LumaStyle_Email_202510,2025-10-11,Email,31.68,2740,311,3
CAMP03249,LumaStyle_Organic_202510,2025-10-11,Organic,0.0,7759,241,4
CAMP03250,LumaStyle_Referral_202510,2025-10-11,Referral,0.0,1021,80,4
CAMP03251,LumaStyle_GoogleAds_202510,2025-10-12,Google Ads,331.41,15395,459,10
CAMP03252,LumaStyle_MetaAds_202510,2025-10-12,Meta Ads,354.51,26752,304,19
CAMP03253,LumaStyle_Email_202510,2025-10-12,Email,62.79,2319,391,6
CAMP03254,LumaStyle_Organic_202510,2025-10-12,Organic,0.0,4685,149,2
CAMP03255,LumaStyle_Referral_202510,2025-10-12,Referral,0.0,1690,89,5
CAMP03256,LumaStyle_GoogleAds_202510,2025-10-13,Google Ads,378.93,22519,629,15
CAMP03257,LumaStyle_MetaAds_202510,2025-10-13,Meta Ads,180.29,13280,107,6
CAMP03258,LumaStyle_Email_202510,2025-10-13,Email,43.16,3239,678,7
CAMP03259,LumaStyle_Organic_202510,2025-10-13,Organic,0.0,6414,249,4
CAMP03260,LumaStyle_Referral_202510,2025-10-13,Referral,0.0,1691,161,9
CAMP03261,LumaStyle_GoogleAds_202510,2025-10-14,Google Ads,455.14,26332,752,32
CAMP03262,LumaStyle_MetaAds_202510,2025-10-14,Meta Ads,339.78,23441,262,15
CAMP03263,LumaStyle_Email_202510,2025-10-14,Email,22.53,4249,707,15
CAMP03264,LumaStyle_Organic_202510,2025-10-14,Organic,0.0,4036,85,2
CAMP03265,LumaStyle_Referral_202510,2025-10-14,Referral,0.0,912,93,3
CAMP03266,LumaStyle_GoogleAds_202510,2025-10-15,Google Ads,396.64,21301,412,20
CAMP03267,LumaStyle_MetaAds_202510,2025-10-15,Meta Ads,385.98,21617,430,18
CAMP03268,LumaStyle_Email_202510,2025-10-15,Email,48.28,3531,523,9
CAMP03269,LumaStyle_Organic_202510,2025-10-15,Organic,0.0,5107,120,2
CAMP03270,LumaStyle_Referral_202510,2025-10-15,Referral,0.0,1169,103,8
CAMP03271,LumaStyle_GoogleAds_202510,2025-10-16,Google Ads,207.01,10980,234,10
CAMP03272,LumaStyle_MetaAds_202510,2025-10-16,Meta Ads,206.06,12909,153,9
CAMP03273,LumaStyle_Email_202510,2025-10-16,Email,42.85,2137,242,4
CAMP03274,LumaStyle_Organic_202510,2025-10-16,Organic,0.0,4182,139,3
CAMP03275,LumaStyle_Referral_202510,2025-10-16,Referral,0.0,1779,199,11
CAMP03276,LumaStyle_GoogleAds_202510,2025-10-17,Google Ads,430.16,23847,781,22
CAMP03277,LumaStyle_MetaAds_202510,2025-10-17,Meta Ads,434.53,22665,451,19
CAMP03278,LumaStyle_Email_202510,2025-10-17,Email,71.01,3219,550,15
CAMP03279,LumaStyle_Organic_202510,2025-10-17,Organic,0.0,5376,119,2
CAMP03280,LumaStyle_Referral_202510,2025-10-17,Referral,0.0,1276,65,3
CAMP03281,LumaStyle_GoogleAds_202510,2025-10-18,Google Ads,444.94,19757,562,21
CAMP03282,LumaStyle_MetaAds_202510,2025-10-18,Meta Ads,358.31,28115,339,13
CAMP03283,LumaStyle_Email_202510,2025-10-18,Email,51.13,4064,710,10
CAMP03284,LumaStyle_Organic_202510,2025-10-18,Organic,0.0,7757,269,7
CAMP03285,LumaStyle_Referral_202510,2025-10-18,Referral,0.0,621,31,2
CAMP03286,LumaStyle_GoogleAds_202510,2025-10-19,Google Ads,476.43,27318,549,13
CAMP03287,LumaStyle_MetaAds_202510,2025-10-19,Meta Ads,437.99,32467,336,23
CAMP03288,LumaStyle_Email_202510,2025-10-19,Email,75.47,2863,517,15
CAMP03289,LumaStyle_Organic_202510,2025-10-19,Organic,0.0,6860,174,5
CAMP03290,LumaStyle_Referral_202510,2025-10-19,Referral,0.0,1448,101,6
CAMP03291,LumaStyle_GoogleAds_202510,2025-10-20,Google Ads,272.97,12376,349,13
CAMP03292,LumaStyle_MetaAds_202510,2025-10-20,Meta Ads,143.13,10718,208,11
CAMP03293,LumaStyle_Email_202510,2025-10-20,Email,54.16,2193,257,5
CAMP03294,LumaStyle_Organic_202510,2025-10-20,Organic,0.0,7038,167,3
CAMP03295,LumaStyle_Referral_202510,2025-10-20,Referral,0.0,1690,138,6
CAMP03296,LumaStyle_GoogleAds_202510,2025-10-21,Google Ads,433.24,19947,456,15
CAMP03297,LumaStyle_MetaAds_202510,2025-10-21,Meta Ads,245.66,14456,273,9
CAMP03298,LumaStyle_Email_202510,2025-10-21,Email,26.53,3273,640,14
CAMP03299,LumaStyle_Organic_202510,2025-10-21,Organic,0.0,7188,213,2
CAMP03300,LumaStyle_Referral_202510,2025-10-21,Referral,0.0,1828,210,15
CAMP03301,LumaStyle_GoogleAds_202510,2025-10-22,Google Ads,395.02,20670,615,27
CAMP03302,LumaStyle_MetaAds_202510,2025-10-22,Meta Ads,404.63,30115,421,26
CAMP03303,LumaStyle_Email_202510,2025-10-22,Email,39.9,3867,647,13
CAMP03304,LumaStyle_Organic_202510,2025-10-22,Organic,0.0,6286,180,3
CAMP03305,LumaStyle_Referral_202510,2025-10-22,Referral,0.0,801,54,3
CAMP03306,LumaStyle_GoogleAds_202510,2025-10-23,Google Ads,276.17,12280,244,8
CAMP03307,LumaStyle_MetaAds_202510,2025-10-23,Meta Ads,398.41,29692,397,12
CAMP03308,LumaStyle_Email_202510,2025-10-23,Email,70.32,2217,466,4
CAMP03309,LumaStyle_Organic_202510,2025-10-23,Organic,0.0,6039,146,2
CAMP03310,LumaStyle_Referral_202510,2025-10-23,Referral,0.0,1823,146,7
CAMP03311,LumaStyle_GoogleAds_202510,2025-10-24,Google Ads,215.57,12045,280,12
CAMP03312,LumaStyle_MetaAds_202510,2025-10-24,Meta Ads,272.24,14198,236,8
CAMP03313,LumaStyle_Email_202510,2025-10-24,Email,50.9,4218,558,6
CAMP03314,LumaStyle_Organic_202510,2025-10-24,Organic,0.0,4040,110,2
CAMP03315,LumaStyle_Referral_202510,2025-10-24,Referral,0.0,1360,69,3
CAMP03316,LumaStyle_GoogleAds_202510,2025-10-25,Google Ads,343.16,16699,258,9
CAMP03317,LumaStyle_MetaAds_202510,2025-10-25,Meta Ads,274.26,16314,292,18
CAMP03318,LumaStyle_Email_202510,2025-10-25,Email,51.89,3999,495,8
CAMP03319,LumaStyle_Organic_202510,2025-10-25,Organic,0.0,5215,186,2
CAMP03320,LumaStyle_Referral_202510,2025-10-25,Referral,0.0,995,117,5
CAMP03321,LumaStyle_GoogleAds_202510,2025-10-26,Google Ads,383.91,22480,495,14
CAMP03322,LumaStyle_MetaAds_202510,2025-10-26,Meta Ads,368.2,20134,172,8
CAMP03323,LumaStyle_Email_202510,2025-10-26,Email,44.47,2630,417,6
CAMP03324,LumaStyle_Organic_202510,2025-10-26,Organic,0.0,7893,260,4
CAMP03325,LumaStyle_Referral_202510,2025-10-26,Referral,0.0,816,71,4
CAMP03326,LumaStyle_GoogleAds_202510,2025-10-27,Google Ads,417.68,24948,819,33
CAMP03327,LumaStyle_MetaAds_202510,2025-10-27,Meta Ads,303.64,22582,437,19
CAMP03328,LumaStyle_Email_202510,2025-10-27,Email,45.72,4046,748,9
CAMP03329,LumaStyle_Organic_202510,2025-10-27,Organic,0.0,6354,212,2
CAMP03330,LumaStyle_Referral_202510,2025-10-27,Referral,0.0,538,50,2
CAMP03331,LumaStyle_GoogleAds_202510,2025-10-28,Google Ads,408.44,21021,458,15
CAMP03332,LumaStyle_MetaAds_202510,2025-10-28,Meta Ads,318.63,20406,388,17
CAMP03333,LumaStyle_Email_202510,2025-10-28,Email,53.65,2138,418,10
CAMP03334,LumaStyle_Organic_202510,2025-10-28,Organic,0.0,3157,73,1
CAMP03335,LumaStyle_Referral_202510,2025-10-28,Referral,0.0,694,46,2
CAMP03336,LumaStyle_GoogleAds_202510,2025-10-29,Google Ads,296.87,13844,227,5
CAMP03337,LumaStyle_MetaAds_202510,2025-10-29,Meta Ads,213.46,14265,194,10
CAMP03338,LumaStyle_Email_202510,2025-10-29,Email,72.7,2534,328,9
CAMP03339,LumaStyle_Organic_202510,2025-10-29,Organic,0.0,3391,80,1
CAMP03340,LumaStyle_Referral_202510,2025-10-29,Referral,0.0,746,68,5
CAMP03341,LumaStyle_GoogleAds_202510,2025-10-30,Google Ads,171.19,7827,255,8
CAMP03342,LumaStyle_MetaAds_202510,2025-10-30,Meta Ads,376.45,23783,401,16
CAMP03343,LumaStyle_Email_202510,2025-10-30,Email,70.56,4702,1032,16
CAMP03344,LumaStyle_Organic_202510,2025-10-30,Organic,0.0,7864,182,4
CAMP03345,LumaStyle_Referral_202510,2025-10-30,Referral,0.0,589,65,2
CAMP03346,LumaStyle_GoogleAds_202510,2025-10-31,Google Ads,185.96,10261,252,6
CAMP03347,LumaStyle_MetaAds_202510,2025-10-31,Meta Ads,302.57,21130,405,14
CAMP03348,LumaStyle_Email_202510,2025-10-31,Email,56.47,2415,441,10
CAMP03349,LumaStyle_Organic_202510,2025-10-31,Organic,0.0,6926,237,6
CAMP03350,LumaStyle_Referral_202510,2025-10-31,Referral,0.0,669,70,4
CAMP03351,LumaStyle_GoogleAds_202511,2025-11-01,Google Ads,288.08,14842,479,16
CAMP03352,LumaStyle_MetaAds_202511,2025-11-01,Meta Ads,186.61,12415,209,7
CAMP03353,LumaStyle_Email_202511,2025-11-01,Email,31.83,2574,533,15
CAMP03354,LumaStyle_Organic_202511,2025-11-01,Organic,0.0,7452,164,3
CAMP03355,LumaStyle_Referral_202511,2025-11-01,Referral,0.0,1690,179,11
CAMP03356,LumaStyle_GoogleAds_202511,2025-11-02,Google Ads,315.2,15849,522,19
CAMP03357,LumaStyle_MetaAds_202511,2025-11-02,Meta Ads,323.27,16459,136,5
CAMP03358,LumaStyle_Email_202511,2025-11-02,Email,30.28,3809,749,17
CAMP03359,LumaStyle_Organic_202511,2025-11-02,Organic,0.0,3835,147,3
CAMP03360,LumaStyle_Referral_202511,2025-11-02,Referral,0.0,1439,81,3
CAMP03361,LumaStyle_GoogleAds_202511,2025-11-03,Google Ads,318.3,18887,321,12
CAMP03362,LumaStyle_MetaAds_202511,2025-11-03,Meta Ads,399.84,21450,177,8
CAMP03363,LumaStyle_Email_202511,2025-11-03,Email,70.81,3424,696,18
CAMP03364,LumaStyle_Organic_202511,2025-11-03,Organic,0.0,7211,181,4
CAMP03365,LumaStyle_Referral_202511,2025-11-03,Referral,0.0,793,64,4
CAMP03366,LumaStyle_GoogleAds_202511,2025-11-04,Google Ads,150.93,8728,253,10
CAMP03367,LumaStyle_MetaAds_202511,2025-11-04,Meta Ads,344.33,19318,330,18
CAMP03368,LumaStyle_Email_202511,2025-11-04,Email,46.76,4753,740,17
CAMP03369,LumaStyle_Organic_202511,2025-11-04,Organic,0.0,7981,276,3
CAMP03370,LumaStyle_Referral_202511,2025-11-04,Referral,0.0,1292,107,6
CAMP03371,LumaStyle_GoogleAds_202511,2025-11-05,Google Ads,401.84,20233,508,18
CAMP03372,LumaStyle_MetaAds_202511,2025-11-05,Meta Ads,262.96,14138,231,12
CAMP03373,LumaStyle_Email_202511,2025-11-05,Email,44.1,2677,509,7
CAMP03374,LumaStyle_Organic_202511,2025-11-05,Organic,0.0,5506,217,5
CAMP03375,LumaStyle_Referral_202511,2025-11-05,Referral,0.0,649,63,3
CAMP03376,LumaStyle_GoogleAds_202511,2025-11-06,Google Ads,184.15,9175,153,6
CAMP03377,LumaStyle_MetaAds_202511,2025-11-06,Meta Ads,325.71,16876,233,11
CAMP03378,LumaStyle_Email_202511,2025-11-06,Email,26.57,2508,414,9
CAMP03379,LumaStyle_Organic_202511,2025-11-06,Organic,0.0,6708,170,1
CAMP03380,LumaStyle_Referral_202511,2025-11-06,Referral,0.0,1654,148,9
CAMP03381,LumaStyle_GoogleAds_202511,2025-11-07,Google Ads,291.0,13102,324,11
CAMP03382,LumaStyle_MetaAds_202511,2025-11-07,Meta Ads,364.08,24284,272,14
CAMP03383,LumaStyle_Email_202511,2025-11-07,Email,46.7,4578,683,11
CAMP03384,LumaStyle_Organic_202511,2025-11-07,Organic,0.0,5871,125,3
CAMP03385,LumaStyle_Referral_202511,2025-11-07,Referral,0.0,674,41,2
CAMP03386,LumaStyle_GoogleAds_202511,2025-11-08,Google Ads,314.16,13065,413,9
CAMP03387,LumaStyle_MetaAds_202511,2025-11-08,Meta Ads,404.99,26759,329,22
CAMP03388,LumaStyle_Email_202511,2025-11-08,Email,36.72,2784,610,13
CAMP03389,LumaStyle_Organic_202511,2025-11-08,Organic,0.0,4149,132,3
CAMP03390,LumaStyle_Referral_202511,2025-11-08,Referral,0.0,1955,142,6
CAMP03391,LumaStyle_GoogleAds_202511,2025-11-09,Google Ads,285.36,14861,489,13
CAMP03392,LumaStyle_MetaAds_202511,2025-11-09,Meta Ads,130.02,7130,103,5
CAMP03393,LumaStyle_Email_202511,2025-11-09,Email,53.82,2304,283,2
CAMP03394,LumaStyle_Organic_202511,2025-11-09,Organic,0.0,7904,239,2
CAMP03395,LumaStyle_Referral_202511,2025-11-09,Referral,0.0,1518,141,10
CAMP03396,LumaStyle_GoogleAds_202511,2025-11-10,Google Ads,185.25,7851,261,7
CAMP03397,LumaStyle_MetaAds_202511,2025-11-10,Meta Ads,332.78,21099,373,25
CAMP03398,LumaStyle_Email_202511,2025-11-10,Email,64.49,3184,408,11
CAMP03399,LumaStyle_Organic_202511,2025-11-10,Organic,0.0,6354,186,2
CAMP03400,LumaStyle_Referral_202511,2025-11-10,Referral,0.0,1309,151,6
CAMP03401,LumaStyle_GoogleAds_202511,2025-11-11,Google Ads,232.46,11735,319,15
CAMP03402,LumaStyle_MetaAds_202511,2025-11-11,Meta Ads,347.54,23665,463,23
CAMP03403,LumaStyle_Email_202511,2025-11-11,Email,43.43,4178,659,14
CAMP03404,LumaStyle_Organic_202511,2025-11-11,Organic,0.0,7057,251,6
CAMP03405,LumaStyle_Referral_202511,2025-11-11,Referral,0.0,902,97,4
CAMP03406,LumaStyle_GoogleAds_202511,2025-11-12,Google Ads,392.73,23262,722,23
CAMP03407,LumaStyle_MetaAds_202511,2025-11-12,Meta Ads,263.37,15826,165,9
CAMP03408,LumaStyle_Email_202511,2025-11-12,Email,67.75,3701,477,9
CAMP03409,LumaStyle_Organic_202511,2025-11-12,Organic,0.0,3129,104,2
CAMP03410,LumaStyle_Referral_202511,2025-11-12,Referral,0.0,1547,151,11
CAMP03411,LumaStyle_GoogleAds_202511,2025-11-13,Google Ads,305.1,13442,293,9
CAMP03412,LumaStyle_MetaAds_202511,2025-11-13,Meta Ads,126.25,7046,133,4
CAMP03413,LumaStyle_Email_202511,2025-11-13,Email,40.04,3193,509,10
CAMP03414,LumaStyle_Organic_202511,2025-11-13,Organic,0.0,4874,131,1
CAMP03415,LumaStyle_Referral_202511,2025-11-13,Referral,0.0,1432,116,5
CAMP03416,LumaStyle_GoogleAds_202511,2025-11-14,Google Ads,449.56,22601,387,15
CAMP03417,LumaStyle_MetaAds_202511,2025-11-14,Meta Ads,202.23,15372,277,17
CAMP03418,LumaStyle_Email_202511,2025-11-14,Email,69.08,4101,540,7
CAMP03419,LumaStyle_Organic_202511,2025-11-14,Organic,0.0,7646,275,6
CAMP03420,LumaStyle_Referral_202511,2025-11-14,Referral,0.0,1093,63,3
CAMP03421,LumaStyle_GoogleAds_202511,2025-11-15,Google Ads,192.76,10458,196,9
CAMP03422,LumaStyle_MetaAds_202511,2025-11-15,Meta Ads,242.58,16486,314,18
CAMP03423,LumaStyle_Email_202511,2025-11-15,Email,49.43,4096,819,11
CAMP03424,LumaStyle_Organic_202511,2025-11-15,Organic,0.0,3407,129,1
CAMP03425,LumaStyle_Referral_202511,2025-11-15,Referral,0.0,1503,180,13
CAMP03426,LumaStyle_GoogleAds_202511,2025-11-16,Google Ads,443.36,25166,401,10
CAMP03427,LumaStyle_MetaAds_202511,2025-11-16,Meta Ads,184.64,13816,147,4
CAMP03428,LumaStyle_Email_202511,2025-11-16,Email,55.35,3839,800,15
CAMP03429,LumaStyle_Organic_202511,2025-11-16,Organic,0.0,5078,186,3
CAMP03430,LumaStyle_Referral_202511,2025-11-16,Referral,0.0,1494,160,10
CAMP03431,LumaStyle_GoogleAds_202511,2025-11-17,Google Ads,299.84,15612,522,21
CAMP03432,LumaStyle_MetaAds_202511,2025-11-17,Meta Ads,329.2,19459,274,10
CAMP03433,LumaStyle_Email_202511,2025-11-17,Email,46.14,2896,445,9
CAMP03434,LumaStyle_Organic_202511,2025-11-17,Organic,0.0,5041,109,1
CAMP03435,LumaStyle_Referral_202511,2025-11-17,Referral,0.0,1378,109,4
CAMP03436,LumaStyle_GoogleAds_202511,2025-11-18,Google Ads,371.55,20013,513,18
CAMP03437,LumaStyle_MetaAds_202511,2025-11-18,Meta Ads,187.68,14848,158,8
CAMP03438,LumaStyle_Email_202511,2025-11-18,Email,65.67,3754,709,18
CAMP03439,LumaStyle_Organic_202511,2025-11-18,Organic,0.0,5146,188,3
CAMP03440,LumaStyle_Referral_202511,2025-11-18,Referral,0.0,1137,112,6
CAMP03441,LumaStyle_GoogleAds_202511,2025-11-19,Google Ads,305.33,16073,357,13
CAMP03442,LumaStyle_MetaAds_202511,2025-11-19,Meta Ads,334.19,17699,226,9
CAMP03443,LumaStyle_Email_202511,2025-11-19,Email,51.12,3949,790,9
CAMP03444,LumaStyle_Organic_202511,2025-11-19,Organic,0.0,7219,251,6
CAMP03445,LumaStyle_Referral_202511,2025-11-19,Referral,0.0,833,84,4
CAMP03446,LumaStyle_GoogleAds_202511,2025-11-20,Google Ads,479.17,20587,361,14
CAMP03447,LumaStyle_MetaAds_202511,2025-11-20,Meta Ads,221.79,11490,128,4
CAMP03448,LumaStyle_Email_202511,2025-11-20,Email,73.37,4939,697,10
CAMP03449,LumaStyle_Organic_202511,2025-11-20,Organic,0.0,5765,132,3
CAMP03450,LumaStyle_Referral_202511,2025-11-20,Referral,0.0,1960,191,11
CAMP03451,LumaStyle_GoogleAds_202511,2025-11-21,Google Ads,376.72,18913,621,29
CAMP03452,LumaStyle_MetaAds_202511,2025-11-21,Meta Ads,330.05,17091,307,15
CAMP03453,LumaStyle_Email_202511,2025-11-21,Email,35.01,4722,926,25
CAMP03454,LumaStyle_Organic_202511,2025-11-21,Organic,0.0,3386,108,2
CAMP03455,LumaStyle_Referral_202511,2025-11-21,Referral,0.0,676,44,1
CAMP03456,LumaStyle_GoogleAds_202511,2025-11-22,Google Ads,423.54,22620,491,23
CAMP03457,LumaStyle_MetaAds_202511,2025-11-22,Meta Ads,371.77,26430,212,9
CAMP03458,LumaStyle_Email_202511,2025-11-22,Email,59.31,3041,487,7
CAMP03459,LumaStyle_Organic_202511,2025-11-22,Organic,0.0,5789,182,2
CAMP03460,LumaStyle_Referral_202511,2025-11-22,Referral,0.0,1784,176,9
CAMP03461,LumaStyle_GoogleAds_202511,2025-11-23,Google Ads,314.6,13088,384,15
CAMP03462,LumaStyle_MetaAds_202511,2025-11-23,Meta Ads,158.1,10322,126,8
CAMP03463,LumaStyle_Email_202511,2025-11-23,Email,54.45,4166,772,14
CAMP03464,LumaStyle_Organic_202511,2025-11-23,Organic,0.0,5766,195,3
CAMP03465,LumaStyle_Referral_202511,2025-11-23,Referral,0.0,1382,94,4
CAMP03466,LumaStyle_GoogleAds_202511,2025-11-24,Google Ads,198.57,9545,269,6
CAMP03467,LumaStyle_MetaAds_202511,2025-11-24,Meta Ads,411.33,21562,193,7
CAMP03468,LumaStyle_Email_202511,2025-11-24,Email,21.64,2197,268,6
CAMP03469,LumaStyle_Organic_202511,2025-11-24,Organic,0.0,3678,75,1
CAMP03470,LumaStyle_Referral_202511,2025-11-24,Referral,0.0,1837,209,16
CAMP03471,LumaStyle_GoogleAds_202511,2025-11-25,Google Ads,287.37,11501,203,6
CAMP03472,LumaStyle_MetaAds_202511,2025-11-25,Meta Ads,104.76,8295,144,5
CAMP03473,LumaStyle_Email_202511,2025-11-25,Email,64.03,2668,300,7
CAMP03474,LumaStyle_Organic_202511,2025-11-25,Organic,0.0,4093,127,2
CAMP03475,LumaStyle_Referral_202511,2025-11-25,Referral,0.0,553,63,2
CAMP03476,LumaStyle_GoogleAds_202511,2025-11-26,Google Ads,355.35,17768,544,16
CAMP03477,LumaStyle_MetaAds_202511,2025-11-26,Meta Ads,146.5,10186,111,5
CAMP03478,LumaStyle_Email_202511,2025-11-26,Email,52.55,3380,467,11
CAMP03479,LumaStyle_Organic_202511,2025-11-26,Organic,0.0,6976,217,3
CAMP03480,LumaStyle_Referral_202511,2025-11-26,Referral,0.0,1763,135,6
CAMP03481,LumaStyle_GoogleAds_202511,2025-11-27,Google Ads,169.05,9934,314,9
CAMP03482,LumaStyle_MetaAds_202511,2025-11-27,Meta Ads,281.8,18511,359,10
CAMP03483,LumaStyle_Email_202511,2025-11-27,Email,23.29,2078,277,4
CAMP03484,LumaStyle_Organic_202511,2025-11-27,Organic,0.0,7227,173,5
CAMP03485,LumaStyle_Referral_202511,2025-11-27,Referral,0.0,1954,139,9
CAMP03486,LumaStyle_GoogleAds_202511,2025-11-28,Google Ads,375.45,15429,360,8
CAMP03487,LumaStyle_MetaAds_202511,2025-11-28,Meta Ads,425.66,31508,575,34
CAMP03488,LumaStyle_Email_202511,2025-11-28,Email,38.99,2189,407,8
CAMP03489,LumaStyle_Organic_202511,2025-11-28,Organic,0.0,6432,169,3
CAMP03490,LumaStyle_Referral_202511,2025-11-28,Referral,0.0,1726,149,10
CAMP03491,LumaStyle_GoogleAds_202511,2025-11-29,Google Ads,291.35,15706,528,12
CAMP03492,LumaStyle_MetaAds_202511,2025-11-29,Meta Ads,146.73,11719,98,5
CAMP03493,LumaStyle_Email_202511,2025-11-29,Email,61.79,3130,313,3
CAMP03494,LumaStyle_Organic_202511,2025-11-29,Organic,0.0,7871,303,5
CAMP03495,LumaStyle_Referral_202511,2025-11-29,Referral,0.0,1457,174,9
CAMP03496,LumaStyle_GoogleAds_202511,2025-11-30,Google Ads,197.0,10237,304,8
CAMP03497,LumaStyle_MetaAds_202511,2025-11-30,Meta Ads,272.11,17629,264,16
CAMP03498,LumaStyle_Email_202511,2025-11-30,Email,28.25,3226,498,12
CAMP03499,LumaStyle_Organic_202511,2025-11-30,Organic,0.0,4237,98,2
CAMP03500,LumaStyle_Referral_202511,2025-11-30,Referral,0.0,981,96,5
CAMP03501,LumaStyle_GoogleAds_202512,2025-12-01,Google Ads,332.74,13476,336,7
CAMP03502,LumaStyle_MetaAds_202512,2025-12-01,Meta Ads,144.62,10423,192,5
CAMP03503,LumaStyle_Email_202512,2025-12-01,Email,59.89,2921,518,14
CAMP03504,LumaStyle_Organic_202512,2025-12-01,Organic,0.0,3862,88,2
CAMP03505,LumaStyle_Referral_202512,2025-12-01,Referral,0.0,735,77,3
CAMP03506,LumaStyle_GoogleAds_202512,2025-12-02,Google Ads,311.72,18117,488,17
CAMP03507,LumaStyle_MetaAds_202512,2025-12-02,Meta Ads,393.67,22817,410,13
CAMP03508,LumaStyle_Email_202512,2025-12-02,Email,29.85,4554,735,17
CAMP03509,LumaStyle_Organic_202512,2025-12-02,Organic,0.0,5752,200,3
CAMP03510,LumaStyle_Referral_202512,2025-12-02,Referral,0.0,1431,101,5
CAMP03511,LumaStyle_GoogleAds_202512,2025-12-03,Google Ads,379.44,21556,330,9
CAMP03512,LumaStyle_MetaAds_202512,2025-12-03,Meta Ads,190.64,13610,195,11
CAMP03513,LumaStyle_Email_202512,2025-12-03,Email,69.43,2960,381,6
CAMP03514,LumaStyle_Organic_202512,2025-12-03,Organic,0.0,3637,78,1
CAMP03515,LumaStyle_Referral_202512,2025-12-03,Referral,0.0,850,70,2
CAMP03516,LumaStyle_GoogleAds_202512,2025-12-04,Google Ads,239.3,13774,411,12
CAMP03517,LumaStyle_MetaAds_202512,2025-12-04,Meta Ads,282.7,18914,191,7
CAMP03518,LumaStyle_Email_202512,2025-12-04,Email,45.24,2936,543,7
CAMP03519,LumaStyle_Organic_202512,2025-12-04,Organic,0.0,3745,80,1
CAMP03520,LumaStyle_Referral_202512,2025-12-04,Referral,0.0,1019,85,3
CAMP03521,LumaStyle_GoogleAds_202512,2025-12-05,Google Ads,447.39,22323,400,18
CAMP03522,LumaStyle_MetaAds_202512,2025-12-05,Meta Ads,413.74,25428,451,31
CAMP03523,LumaStyle_Email_202512,2025-12-05,Email,62.8,4420,787,22
CAMP03524,LumaStyle_Organic_202512,2025-12-05,Organic,0.0,3864,130,3
CAMP03525,LumaStyle_Referral_202512,2025-12-05,Referral,0.0,586,48,2
CAMP03526,LumaStyle_GoogleAds_202512,2025-12-06,Google Ads,232.1,13445,302,9
CAMP03527,LumaStyle_MetaAds_202512,2025-12-06,Meta Ads,138.48,7826,144,4
CAMP03528,LumaStyle_Email_202512,2025-12-06,Email,46.14,3256,690,20
CAMP03529,LumaStyle_Organic_202512,2025-12-06,Organic,0.0,3275,75,0
CAMP03530,LumaStyle_Referral_202512,2025-12-06,Referral,0.0,761,90,6
CAMP03531,LumaStyle_GoogleAds_202512,2025-12-07,Google Ads,291.33,12644,300,14
CAMP03532,LumaStyle_MetaAds_202512,2025-12-07,Meta Ads,305.54,24035,472,25
CAMP03533,LumaStyle_Email_202512,2025-12-07,Email,50.8,2630,427,7
CAMP03534,LumaStyle_Organic_202512,2025-12-07,Organic,0.0,6373,161,2
CAMP03535,LumaStyle_Referral_202512,2025-12-07,Referral,0.0,1363,91,4
CAMP03536,LumaStyle_GoogleAds_202512,2025-12-08,Google Ads,294.16,15554,474,21
CAMP03537,LumaStyle_MetaAds_202512,2025-12-08,Meta Ads,283.56,16169,141,6
CAMP03538,LumaStyle_Email_202512,2025-12-08,Email,71.89,3769,712,17
CAMP03539,LumaStyle_Organic_202512,2025-12-08,Organic,0.0,4944,119,2
CAMP03540,LumaStyle_Referral_202512,2025-12-08,Referral,0.0,1032,80,3
CAMP03541,LumaStyle_GoogleAds_202512,2025-12-09,Google Ads,374.94,17571,493,14
CAMP03542,LumaStyle_MetaAds_202512,2025-12-09,Meta Ads,425.23,25337,354,18
CAMP03543,LumaStyle_Email_202512,2025-12-09,Email,42.89,4074,727,12
CAMP03544,LumaStyle_Organic_202512,2025-12-09,Organic,0.0,3436,109,1
CAMP03545,LumaStyle_Referral_202512,2025-12-09,Referral,0.0,1635,165,12
CAMP03546,LumaStyle_GoogleAds_202512,2025-12-10,Google Ads,159.03,7540,255,8
CAMP03547,LumaStyle_MetaAds_202512,2025-12-10,Meta Ads,287.38,20621,220,11
CAMP03548,LumaStyle_Email_202512,2025-12-10,Email,36.15,2185,392,4
CAMP03549,LumaStyle_Organic_202512,2025-12-10,Organic,0.0,6826,214,3
CAMP03550,LumaStyle_Referral_202512,2025-12-10,Referral,0.0,510,58,2
CAMP03551,LumaStyle_GoogleAds_202512,2025-12-11,Google Ads,462.91,21939,621,13
CAMP03552,LumaStyle_MetaAds_202512,2025-12-11,Meta Ads,210.66,14966,279,15
CAMP03553,LumaStyle_Email_202512,2025-12-11,Email,21.5,3389,654,11
CAMP03554,LumaStyle_Organic_202512,2025-12-11,Organic,0.0,7520,163,3
CAMP03555,LumaStyle_Referral_202512,2025-12-11,Referral,0.0,1327,84,5
CAMP03556,LumaStyle_GoogleAds_202512,2025-12-12,Google Ads,270.86,15851,447,15
CAMP03557,LumaStyle_MetaAds_202512,2025-12-12,Meta Ads,259.22,13386,131,4
CAMP03558,LumaStyle_Email_202512,2025-12-12,Email,41.83,3646,748,21
CAMP03559,LumaStyle_Organic_202512,2025-12-12,Organic,0.0,3332,133,1
CAMP03560,LumaStyle_Referral_202512,2025-12-12,Referral,0.0,1034,97,7
CAMP03561,LumaStyle_GoogleAds_202512,2025-12-13,Google Ads,194.2,11594,244,11
CAMP03562,LumaStyle_MetaAds_202512,2025-12-13,Meta Ads,249.06,17785,248,13
CAMP03563,LumaStyle_Email_202512,2025-12-13,Email,36.53,4479,781,20
CAMP03564,LumaStyle_Organic_202512,2025-12-13,Organic,0.0,7500,184,3
CAMP03565,LumaStyle_Referral_202512,2025-12-13,Referral,0.0,1043,116,5
CAMP03566,LumaStyle_GoogleAds_202512,2025-12-14,Google Ads,414.89,24775,625,29
CAMP03567,LumaStyle_MetaAds_202512,2025-12-14,Meta Ads,387.65,29156,424,14
CAMP03568,LumaStyle_Email_202512,2025-12-14,Email,51.11,3527,366,6
CAMP03569,LumaStyle_Organic_202512,2025-12-14,Organic,0.0,7600,218,4
CAMP03570,LumaStyle_Referral_202512,2025-12-14,Referral,0.0,1009,68,5
CAMP03571,LumaStyle_GoogleAds_202512,2025-12-15,Google Ads,441.38,17860,520,21
CAMP03572,LumaStyle_MetaAds_202512,2025-12-15,Meta Ads,387.41,25472,258,12
CAMP03573,LumaStyle_Email_202512,2025-12-15,Email,55.44,2541,453,6
CAMP03574,LumaStyle_Organic_202512,2025-12-15,Organic,0.0,7063,216,3
CAMP03575,LumaStyle_Referral_202512,2025-12-15,Referral,0.0,542,50,3
CAMP03576,LumaStyle_GoogleAds_202512,2025-12-16,Google Ads,352.65,18462,441,16
CAMP03577,LumaStyle_MetaAds_202512,2025-12-16,Meta Ads,338.0,24164,429,27
CAMP03578,LumaStyle_Email_202512,2025-12-16,Email,63.63,4769,811,17
CAMP03579,LumaStyle_Organic_202512,2025-12-16,Organic,0.0,3510,122,2
CAMP03580,LumaStyle_Referral_202512,2025-12-16,Referral,0.0,1210,132,6
CAMP03581,LumaStyle_GoogleAds_202512,2025-12-17,Google Ads,323.78,15971,250,7
CAMP03582,LumaStyle_MetaAds_202512,2025-12-17,Meta Ads,382.72,29643,565,37
CAMP03583,LumaStyle_Email_202512,2025-12-17,Email,25.47,4192,457,10
CAMP03584,LumaStyle_Organic_202512,2025-12-17,Organic,0.0,7879,217,3
CAMP03585,LumaStyle_Referral_202512,2025-12-17,Referral,0.0,1923,159,8
CAMP03586,LumaStyle_GoogleAds_202512,2025-12-18,Google Ads,260.62,13499,293,13
CAMP03587,LumaStyle_MetaAds_202512,2025-12-18,Meta Ads,170.13,12383,195,8
CAMP03588,LumaStyle_Email_202512,2025-12-18,Email,46.33,3191,444,4
CAMP03589,LumaStyle_Organic_202512,2025-12-18,Organic,0.0,5921,185,2
CAMP03590,LumaStyle_Referral_202512,2025-12-18,Referral,0.0,1239,92,4
CAMP03591,LumaStyle_GoogleAds_202512,2025-12-19,Google Ads,444.7,18997,351,7
CAMP03592,LumaStyle_MetaAds_202512,2025-12-19,Meta Ads,299.56,17448,343,23
CAMP03593,LumaStyle_Email_202512,2025-12-19,Email,20.78,4127,733,11
CAMP03594,LumaStyle_Organic_202512,2025-12-19,Organic,0.0,5824,200,2
CAMP03595,LumaStyle_Referral_202512,2025-12-19,Referral,0.0,655,55,4
CAMP03596,LumaStyle_GoogleAds_202512,2025-12-20,Google Ads,360.05,17799,330,15
CAMP03597,LumaStyle_MetaAds_202512,2025-12-20,Meta Ads,119.31,9505,91,3
CAMP03598,LumaStyle_Email_202512,2025-12-20,Email,73.59,4792,645,13
CAMP03599,LumaStyle_Organic_202512,2025-12-20,Organic,0.0,6846,160,1
CAMP03600,LumaStyle_Referral_202512,2025-12-20,Referral,0.0,791,54,3
CAMP03601,LumaStyle_GoogleAds_202512,2025-12-21,Google Ads,475.06,21427,637,19
CAMP03602,LumaStyle_MetaAds_202512,2025-12-21,Meta Ads,273.17,15428,226,10
CAMP03603,LumaStyle_Email_202512,2025-12-21,Email,60.95,4625,691,15
CAMP03604,LumaStyle_Organic_202512,2025-12-21,Organic,0.0,5253,208,3
CAMP03605,LumaStyle_Referral_202512,2025-12-21,Referral,0.0,1241,70,4
CAMP03606,LumaStyle_GoogleAds_202512,2025-12-22,Google Ads,315.32,14184,250,6
CAMP03607,LumaStyle_MetaAds_202512,2025-12-22,Meta Ads,277.43,15554,238,10
CAMP03608,LumaStyle_Email_202512,2025-12-22,Email,40.48,3034,460,12
CAMP03609,LumaStyle_Organic_202512,2025-12-22,Organic,0.0,4623,137,2
CAMP03610,LumaStyle_Referral_202512,2025-12-22,Referral,0.0,1524,160,9
CAMP03611,LumaStyle_GoogleAds_202512,2025-12-23,Google Ads,245.71,14527,405,15
CAMP03612,LumaStyle_MetaAds_202512,2025-12-23,Meta Ads,210.18,14368,149,9
CAMP03613,LumaStyle_Email_202512,2025-12-23,Email,64.71,4327,763,22
CAMP03614,LumaStyle_Organic_202512,2025-12-23,Organic,0.0,7358,156,4
CAMP03615,LumaStyle_Referral_202512,2025-12-23,Referral,0.0,1537,184,13
CAMP03616,LumaStyle_GoogleAds_202512,2025-12-24,Google Ads,419.26,21709,619,24
CAMP03617,LumaStyle_MetaAds_202512,2025-12-24,Meta Ads,406.11,26287,408,22
CAMP03618,LumaStyle_Email_202512,2025-12-24,Email,49.0,4226,658,10
CAMP03619,LumaStyle_Organic_202512,2025-12-24,Organic,0.0,7443,209,3
CAMP03620,LumaStyle_Referral_202512,2025-12-24,Referral,0.0,1706,102,4
CAMP03621,LumaStyle_GoogleAds_202512,2025-12-25,Google Ads,497.95,28471,755,36
CAMP03622,LumaStyle_MetaAds_202512,2025-12-25,Meta Ads,178.61,10856,211,13
CAMP03623,LumaStyle_Email_202512,2025-12-25,Email,31.28,2336,308,4
CAMP03624,LumaStyle_Organic_202512,2025-12-25,Organic,0.0,6211,243,6
CAMP03625,LumaStyle_Referral_202512,2025-12-25,Referral,0.0,1259,82,6
CAMP03626,LumaStyle_GoogleAds_202512,2025-12-26,Google Ads,329.23,18918,542,15
CAMP03627,LumaStyle_MetaAds_202512,2025-12-26,Meta Ads,313.69,22122,337,23
CAMP03628,LumaStyle_Email_202512,2025-12-26,Email,57.62,2478,541,14
CAMP03629,LumaStyle_Organic_202512,2025-12-26,Organic,0.0,7769,205,3
CAMP03630,LumaStyle_Referral_202512,2025-12-26,Referral,0.0,1428,73,3
CAMP03631,LumaStyle_GoogleAds_202512,2025-12-27,Google Ads,342.82,19348,525,13
CAMP03632,LumaStyle_MetaAds_202512,2025-12-27,Meta Ads,375.77,19774,348,16
CAMP03633,LumaStyle_Email_202512,2025-12-27,Email,38.52,4465,953,12
CAMP03634,LumaStyle_Organic_202512,2025-12-27,Organic,0.0,7693,280,8
CAMP03635,LumaStyle_Referral_202512,2025-12-27,Referral,0.0,829,92,5
CAMP03636,LumaStyle_GoogleAds_202512,2025-12-28,Google Ads,423.29,22174,491,19
CAMP03637,LumaStyle_MetaAds_202512,2025-12-28,Meta Ads,438.45,27132,287,15
CAMP03638,LumaStyle_Email_202512,2025-12-28,Email,64.41,2438,284,6
CAMP03639,LumaStyle_Organic_202512,2025-12-28,Organic,0.0,3549,107,1
CAMP03640,LumaStyle_Referral_202512,2025-12-28,Referral,0.0,563,30,1
CAMP03641,LumaStyle_GoogleAds_202512,2025-12-29,Google Ads,359.76,17750,457,10
CAMP03642,LumaStyle_MetaAds_202512,2025-12-29,Meta Ads,340.78,26860,401,16
CAMP03643,LumaStyle_Email_202512,2025-12-29,Email,42.86,4012,566,16
CAMP03644,LumaStyle_Organic_202512,2025-12-29,Organic,0.0,6001,123,3
CAMP03645,LumaStyle_Referral_202512,2025-12-29,Referral,0.0,1050,82,3
CAMP03646,LumaStyle_GoogleAds_202512,2025-12-30,Google Ads,196.91,10532,211,4
CAMP03647,LumaStyle_MetaAds_202512,2025-12-30,Meta Ads,128.37,7960,83,5
CAMP03648,LumaStyle_Email_202512,2025-12-30,Email,57.82,4825,730,11
CAMP03649,LumaStyle_Organic_202512,2025-12-30,Organic,0.0,3358,93,2
CAMP03650,LumaStyle_Referral_202512,2025-12-30,Referral,0.0,664,77,6
CAMP03651,LumaStyle_GoogleAds_202512,2025-12-31,Google Ads,417.68,17625,298,12
CAMP03652,LumaStyle_MetaAds_202512,2025-12-31,Meta Ads,233.14,16750,210,8
CAMP03653,LumaStyle_Email_202512,2025-12-31,Email,24.84,2121,367,9
CAMP03654,LumaStyle_Organic_202512,2025-12-31,Organic,0.0,7880,266,7
CAMP03655,LumaStyle_Referral_202512,2025-12-31,Referral,0.0,901,88,5
CAMP03656,LumaStyle_GoogleAds_202601,2026-01-01,Google Ads,308.83,16863,444,10
CAMP03657,LumaStyle_MetaAds_202601,2026-01-01,Meta Ads,176.16,10973,127,4
CAMP03658,LumaStyle_Email_202601,2026-01-01,Email,62.84,3466,346,5
CAMP03659,LumaStyle_Organic_202601,2026-01-01,Organic,0.0,5073,176,2
CAMP03660,LumaStyle_Referral_202601,2026-01-01,Referral,0.0,1042,65,3
CAMP03661,LumaStyle_GoogleAds_202601,2026-01-02,Google Ads,304.76,17188,458,20
CAMP03662,LumaStyle_MetaAds_202601,2026-01-02,Meta Ads,350.54,27237,257,14
CAMP03663,LumaStyle_Email_202601,2026-01-02,Email,45.07,3299,636,14
CAMP03664,LumaStyle_Organic_202601,2026-01-02,Organic,0.0,3937,128,3
CAMP03665,LumaStyle_Referral_202601,2026-01-02,Referral,0.0,615,72,3
CAMP03666,LumaStyle_GoogleAds_202601,2026-01-03,Google Ads,221.44,12324,248,12
CAMP03667,LumaStyle_MetaAds_202601,2026-01-03,Meta Ads,404.47,28786,326,21
CAMP03668,LumaStyle_Email_202601,2026-01-03,Email,20.18,4657,802,18
CAMP03669,LumaStyle_Organic_202601,2026-01-03,Organic,0.0,4281,155,4
CAMP03670,LumaStyle_Referral_202601,2026-01-03,Referral,0.0,1234,114,6
CAMP03671,LumaStyle_GoogleAds_202601,2026-01-04,Google Ads,167.94,7272,212,8
CAMP03672,LumaStyle_MetaAds_202601,2026-01-04,Meta Ads,230.09,17348,173,9
CAMP03673,LumaStyle_Email_202601,2026-01-04,Email,56.17,4816,863,11
CAMP03674,LumaStyle_Organic_202601,2026-01-04,Organic,0.0,3925,102,1
CAMP03675,LumaStyle_Referral_202601,2026-01-04,Referral,0.0,824,71,4
CAMP03676,LumaStyle_GoogleAds_202601,2026-01-05,Google Ads,349.61,18093,520,13
CAMP03677,LumaStyle_MetaAds_202601,2026-01-05,Meta Ads,105.46,8091,127,4
CAMP03678,LumaStyle_Email_202601,2026-01-05,Email,72.26,4098,551,10
CAMP03679,LumaStyle_Organic_202601,2026-01-05,Organic,0.0,3976,114,2
CAMP03680,LumaStyle_Referral_202601,2026-01-05,Referral,0.0,864,68,5
CAMP03681,LumaStyle_GoogleAds_202601,2026-01-06,Google Ads,349.26,15485,427,18
CAMP03682,LumaStyle_MetaAds_202601,2026-01-06,Meta Ads,256.79,19915,287,17
CAMP03683,LumaStyle_Email_202601,2026-01-06,Email,74.12,4294,709,16
CAMP03684,LumaStyle_Organic_202601,2026-01-06,Organic,0.0,4125,127,2
CAMP03685,LumaStyle_Referral_202601,2026-01-06,Referral,0.0,1702,132,7
CAMP03686,LumaStyle_GoogleAds_202601,2026-01-07,Google Ads,426.57,24626,424,20
CAMP03687,LumaStyle_MetaAds_202601,2026-01-07,Meta Ads,214.1,10864,205,10
CAMP03688,LumaStyle_Email_202601,2026-01-07,Email,25.12,3735,485,8
CAMP03689,LumaStyle_Organic_202601,2026-01-07,Organic,0.0,7419,156,4
CAMP03690,LumaStyle_Referral_202601,2026-01-07,Referral,0.0,1245,117,7
CAMP03691,LumaStyle_GoogleAds_202601,2026-01-08,Google Ads,302.42,13538,363,9
CAMP03692,LumaStyle_MetaAds_202601,2026-01-08,Meta Ads,322.28,21398,328,11
CAMP03693,LumaStyle_Email_202601,2026-01-08,Email,51.64,2703,357,5
CAMP03694,LumaStyle_Organic_202601,2026-01-08,Organic,0.0,3176,107,2
CAMP03695,LumaStyle_Referral_202601,2026-01-08,Referral,0.0,690,68,2
CAMP03696,LumaStyle_GoogleAds_202601,2026-01-09,Google Ads,389.68,17106,437,13
CAMP03697,LumaStyle_MetaAds_202601,2026-01-09,Meta Ads,115.97,8803,111,6
CAMP03698,LumaStyle_Email_202601,2026-01-09,Email,42.74,4667,655,11
CAMP03699,LumaStyle_Organic_202601,2026-01-09,Organic,0.0,7065,189,3
CAMP03700,LumaStyle_Referral_202601,2026-01-09,Referral,0.0,1030,102,4
CAMP03701,LumaStyle_GoogleAds_202601,2026-01-10,Google Ads,334.0,17619,294,11
CAMP03702,LumaStyle_MetaAds_202601,2026-01-10,Meta Ads,104.88,6516,84,5
CAMP03703,LumaStyle_Email_202601,2026-01-10,Email,62.68,2533,364,4
CAMP03704,LumaStyle_Organic_202601,2026-01-10,Organic,0.0,6572,132,3
CAMP03705,LumaStyle_Referral_202601,2026-01-10,Referral,0.0,807,52,3
CAMP03706,LumaStyle_GoogleAds_202601,2026-01-11,Google Ads,322.34,16932,343,16
CAMP03707,LumaStyle_MetaAds_202601,2026-01-11,Meta Ads,430.9,31979,601,38
CAMP03708,LumaStyle_Email_202601,2026-01-11,Email,55.39,2682,495,6
CAMP03709,LumaStyle_Organic_202601,2026-01-11,Organic,0.0,7696,238,5
CAMP03710,LumaStyle_Referral_202601,2026-01-11,Referral,0.0,1447,165,10
CAMP03711,LumaStyle_GoogleAds_202601,2026-01-12,Google Ads,205.99,8286,237,7
CAMP03712,LumaStyle_MetaAds_202601,2026-01-12,Meta Ads,297.59,16384,227,13
CAMP03713,LumaStyle_Email_202601,2026-01-12,Email,40.93,2490,318,7
CAMP03714,LumaStyle_Organic_202601,2026-01-12,Organic,0.0,4975,166,4
CAMP03715,LumaStyle_Referral_202601,2026-01-12,Referral,0.0,811,96,6
CAMP03716,LumaStyle_GoogleAds_202601,2026-01-13,Google Ads,427.5,18522,577,23
CAMP03717,LumaStyle_MetaAds_202601,2026-01-13,Meta Ads,204.6,15002,240,11
CAMP03718,LumaStyle_Email_202601,2026-01-13,Email,50.44,4209,481,12
CAMP03719,LumaStyle_Organic_202601,2026-01-13,Organic,0.0,5023,196,3
CAMP03720,LumaStyle_Referral_202601,2026-01-13,Referral,0.0,535,59,3
CAMP03721,LumaStyle_GoogleAds_202601,2026-01-14,Google Ads,300.18,17822,616,27
CAMP03722,LumaStyle_MetaAds_202601,2026-01-14,Meta Ads,210.89,10838,191,10
CAMP03723,LumaStyle_Email_202601,2026-01-14,Email,34.51,4690,935,27
CAMP03724,LumaStyle_Organic_202601,2026-01-14,Organic,0.0,3217,85,1
CAMP03725,LumaStyle_Referral_202601,2026-01-14,Referral,0.0,746,77,6
CAMP03726,LumaStyle_GoogleAds_202601,2026-01-15,Google Ads,437.61,25056,702,28
CAMP03727,LumaStyle_MetaAds_202601,2026-01-15,Meta Ads,405.89,24174,316,14
CAMP03728,LumaStyle_Email_202601,2026-01-15,Email,57.86,3887,649,8
CAMP03729,LumaStyle_Organic_202601,2026-01-15,Organic,0.0,3556,125,3
CAMP03730,LumaStyle_Referral_202601,2026-01-15,Referral,0.0,1581,110,5
CAMP03731,LumaStyle_GoogleAds_202601,2026-01-16,Google Ads,491.3,22853,414,17
CAMP03732,LumaStyle_MetaAds_202601,2026-01-16,Meta Ads,168.37,9283,114,6
CAMP03733,LumaStyle_Email_202601,2026-01-16,Email,64.15,3917,441,10
CAMP03734,LumaStyle_Organic_202601,2026-01-16,Organic,0.0,7725,282,3
CAMP03735,LumaStyle_Referral_202601,2026-01-16,Referral,0.0,565,62,2
CAMP03736,LumaStyle_GoogleAds_202601,2026-01-17,Google Ads,318.21,18239,454,10
CAMP03737,LumaStyle_MetaAds_202601,2026-01-17,Meta Ads,130.92,6931,76,3
CAMP03738,LumaStyle_Email_202601,2026-01-17,Email,51.73,4695,772,22
CAMP03739,LumaStyle_Organic_202601,2026-01-17,Organic,0.0,3915,131,2
CAMP03740,LumaStyle_Referral_202601,2026-01-17,Referral,0.0,1411,84,4
CAMP03741,LumaStyle_GoogleAds_202601,2026-01-18,Google Ads,381.14,18758,576,26
CAMP03742,LumaStyle_MetaAds_202601,2026-01-18,Meta Ads,160.53,9229,156,5
CAMP03743,LumaStyle_Email_202601,2026-01-18,Email,45.86,2974,370,8
CAMP03744,LumaStyle_Organic_202601,2026-01-18,Organic,0.0,4342,170,3
CAMP03745,LumaStyle_Referral_202601,2026-01-18,Referral,0.0,500,44,3
CAMP03746,LumaStyle_GoogleAds_202601,2026-01-19,Google Ads,431.12,23748,680,15
CAMP03747,LumaStyle_MetaAds_202601,2026-01-19,Meta Ads,240.97,19053,321,14
CAMP03748,LumaStyle_Email_202601,2026-01-19,Email,72.36,2473,376,8
CAMP03749,LumaStyle_Organic_202601,2026-01-19,Organic,0.0,4443,90,2
CAMP03750,LumaStyle_Referral_202601,2026-01-19,Referral,0.0,1411,153,6
CAMP03751,LumaStyle_GoogleAds_202601,2026-01-20,Google Ads,391.49,17126,316,9
CAMP03752,LumaStyle_MetaAds_202601,2026-01-20,Meta Ads,410.7,30209,601,41
CAMP03753,LumaStyle_Email_202601,2026-01-20,Email,49.97,2735,413,5
CAMP03754,LumaStyle_Organic_202601,2026-01-20,Organic,0.0,3664,98,2
CAMP03755,LumaStyle_Referral_202601,2026-01-20,Referral,0.0,1924,141,8
CAMP03756,LumaStyle_GoogleAds_202601,2026-01-21,Google Ads,379.24,19568,345,7
CAMP03757,LumaStyle_MetaAds_202601,2026-01-21,Meta Ads,163.57,10633,124,5
CAMP03758,LumaStyle_Email_202601,2026-01-21,Email,46.54,4668,664,10
CAMP03759,LumaStyle_Organic_202601,2026-01-21,Organic,0.0,4543,168,2
CAMP03760,LumaStyle_Referral_202601,2026-01-21,Referral,0.0,1595,145,8
CAMP03761,LumaStyle_GoogleAds_202601,2026-01-22,Google Ads,340.87,14092,255,7
CAMP03762,LumaStyle_MetaAds_202601,2026-01-22,Meta Ads,308.32,24252,250,13
CAMP03763,LumaStyle_Email_202601,2026-01-22,Email,68.1,4005,746,13
CAMP03764,LumaStyle_Organic_202601,2026-01-22,Organic,0.0,7919,216,6
CAMP03765,LumaStyle_Referral_202601,2026-01-22,Referral,0.0,1682,161,12
CAMP03766,LumaStyle_GoogleAds_202601,2026-01-23,Google Ads,460.99,20160,680,20
CAMP03767,LumaStyle_MetaAds_202601,2026-01-23,Meta Ads,213.46,15557,216,13
CAMP03768,LumaStyle_Email_202601,2026-01-23,Email,73.18,3490,564,8
CAMP03769,LumaStyle_Organic_202601,2026-01-23,Organic,0.0,4466,156,2
CAMP03770,LumaStyle_Referral_202601,2026-01-23,Referral,0.0,1809,126,9
CAMP03771,LumaStyle_GoogleAds_202601,2026-01-24,Google Ads,379.74,18286,349,7
CAMP03772,LumaStyle_MetaAds_202601,2026-01-24,Meta Ads,310.34,18300,248,7
CAMP03773,LumaStyle_Email_202601,2026-01-24,Email,53.58,2176,379,4
CAMP03774,LumaStyle_Organic_202601,2026-01-24,Organic,0.0,6733,165,3
CAMP03775,LumaStyle_Referral_202601,2026-01-24,Referral,0.0,847,49,2
CAMP03776,LumaStyle_GoogleAds_202601,2026-01-25,Google Ads,310.8,18427,532,14
CAMP03777,LumaStyle_MetaAds_202601,2026-01-25,Meta Ads,279.74,21520,280,12
CAMP03778,LumaStyle_Email_202601,2026-01-25,Email,41.47,3928,401,10
CAMP03779,LumaStyle_Organic_202601,2026-01-25,Organic,0.0,6050,236,3
CAMP03780,LumaStyle_Referral_202601,2026-01-25,Referral,0.0,1142,76,4
CAMP03781,LumaStyle_GoogleAds_202601,2026-01-26,Google Ads,171.04,9431,232,6
CAMP03782,LumaStyle_MetaAds_202601,2026-01-26,Meta Ads,361.74,25955,312,19
CAMP03783,LumaStyle_Email_202601,2026-01-26,Email,76.03,3111,313,8
CAMP03784,LumaStyle_Organic_202601,2026-01-26,Organic,0.0,7735,250,4
CAMP03785,LumaStyle_Referral_202601,2026-01-26,Referral,0.0,637,33,1
CAMP03786,LumaStyle_GoogleAds_202601,2026-01-27,Google Ads,218.67,11222,287,14
CAMP03787,LumaStyle_MetaAds_202601,2026-01-27,Meta Ads,338.99,26194,385,15
CAMP03788,LumaStyle_Email_202601,2026-01-27,Email,23.97,4126,615,11
CAMP03789,LumaStyle_Organic_202601,2026-01-27,Organic,0.0,4646,143,2
CAMP03790,LumaStyle_Referral_202601,2026-01-27,Referral,0.0,1381,150,7
CAMP03791,LumaStyle_GoogleAds_202601,2026-01-28,Google Ads,383.1,19308,311,6
CAMP03792,LumaStyle_MetaAds_202601,2026-01-28,Meta Ads,141.3,7658,128,6
CAMP03793,LumaStyle_Email_202601,2026-01-28,Email,77.25,3400,698,10
CAMP03794,LumaStyle_Organic_202601,2026-01-28,Organic,0.0,3901,146,3
CAMP03795,LumaStyle_Referral_202601,2026-01-28,Referral,0.0,1723,182,8
CAMP03796,LumaStyle_GoogleAds_202601,2026-01-29,Google Ads,295.56,16520,247,10
CAMP03797,LumaStyle_MetaAds_202601,2026-01-29,Meta Ads,435.35,34199,565,18
CAMP03798,LumaStyle_Email_202601,2026-01-29,Email,70.39,2347,401,6
CAMP03799,LumaStyle_Organic_202601,2026-01-29,Organic,0.0,5251,204,3
CAMP03800,LumaStyle_Referral_202601,2026-01-29,Referral,0.0,1528,170,11
CAMP03801,LumaStyle_GoogleAds_202601,2026-01-30,Google Ads,177.29,7903,156,5
CAMP03802,LumaStyle_MetaAds_202601,2026-01-30,Meta Ads,103.89,8243,69,2
CAMP03803,LumaStyle_Email_202601,2026-01-30,Email,27.52,3800,683,9
CAMP03804,LumaStyle_Organic_202601,2026-01-30,Organic,0.0,7639,258,4
CAMP03805,LumaStyle_Referral_202601,2026-01-30,Referral,0.0,1560,151,8
CAMP03806,LumaStyle_GoogleAds_202601,2026-01-31,Google Ads,313.19,14462,462,18
CAMP03807,LumaStyle_MetaAds_202601,2026-01-31,Meta Ads,323.51,20085,210,13
CAMP03808,LumaStyle_Email_202601,2026-01-31,Email,30.81,3316,612,8
CAMP03809,LumaStyle_Organic_202601,2026-01-31,Organic,0.0,5369,209,3
CAMP03810,LumaStyle_Referral_202601,2026-01-31,Referral,0.0,1549,175,7
CAMP03811,LumaStyle_GoogleAds_202602,2026-02-01,Google Ads,370.17,20276,395,9
CAMP03812,LumaStyle_MetaAds_202602,2026-02-01,Meta Ads,384.52,23472,210,6
CAMP03813,LumaStyle_Email_202602,2026-02-01,Email,24.69,3982,497,7
CAMP03814,LumaStyle_Organic_202602,2026-02-01,Organic,0.0,7052,280,5
CAMP03815,LumaStyle_Referral_202602,2026-02-01,Referral,0.0,1128,68,3
CAMP03816,LumaStyle_GoogleAds_202602,2026-02-02,Google Ads,311.55,15698,481,12
CAMP03817,LumaStyle_MetaAds_202602,2026-02-02,Meta Ads,371.15,18940,260,16
CAMP03818,LumaStyle_Email_202602,2026-02-02,Email,60.37,2461,268,4
CAMP03819,LumaStyle_Organic_202602,2026-02-02,Organic,0.0,5024,106,2
CAMP03820,LumaStyle_Referral_202602,2026-02-02,Referral,0.0,642,57,3
CAMP03821,LumaStyle_GoogleAds_202602,2026-02-03,Google Ads,421.48,20655,658,30
CAMP03822,LumaStyle_MetaAds_202602,2026-02-03,Meta Ads,368.37,19084,302,11
CAMP03823,LumaStyle_Email_202602,2026-02-03,Email,38.19,2804,595,17
CAMP03824,LumaStyle_Organic_202602,2026-02-03,Organic,0.0,4014,116,2
CAMP03825,LumaStyle_Referral_202602,2026-02-03,Referral,0.0,871,58,4
CAMP03826,LumaStyle_GoogleAds_202602,2026-02-04,Google Ads,234.84,12172,405,17
CAMP03827,LumaStyle_MetaAds_202602,2026-02-04,Meta Ads,252.43,17009,260,15
CAMP03828,LumaStyle_Email_202602,2026-02-04,Email,53.07,2148,219,6
CAMP03829,LumaStyle_Organic_202602,2026-02-04,Organic,0.0,5183,138,2
CAMP03830,LumaStyle_Referral_202602,2026-02-04,Referral,0.0,1587,106,4
CAMP03831,LumaStyle_GoogleAds_202602,2026-02-05,Google Ads,182.48,9028,191,4
CAMP03832,LumaStyle_MetaAds_202602,2026-02-05,Meta Ads,445.91,25559,328,13
CAMP03833,LumaStyle_Email_202602,2026-02-05,Email,21.68,3440,736,15
CAMP03834,LumaStyle_Organic_202602,2026-02-05,Organic,0.0,3638,112,2
CAMP03835,LumaStyle_Referral_202602,2026-02-05,Referral,0.0,532,32,1
CAMP03836,LumaStyle_GoogleAds_202602,2026-02-06,Google Ads,167.53,6903,128,5
CAMP03837,LumaStyle_MetaAds_202602,2026-02-06,Meta Ads,294.19,16166,264,16
CAMP03838,LumaStyle_Email_202602,2026-02-06,Email,37.14,4562,768,20
CAMP03839,LumaStyle_Organic_202602,2026-02-06,Organic,0.0,7935,214,5
CAMP03840,LumaStyle_Referral_202602,2026-02-06,Referral,0.0,1172,109,7
CAMP03841,LumaStyle_GoogleAds_202602,2026-02-07,Google Ads,393.7,18862,381,11
CAMP03842,LumaStyle_MetaAds_202602,2026-02-07,Meta Ads,413.2,22730,200,10
CAMP03843,LumaStyle_Email_202602,2026-02-07,Email,66.38,2037,337,9
CAMP03844,LumaStyle_Organic_202602,2026-02-07,Organic,0.0,7750,207,5
CAMP03845,LumaStyle_Referral_202602,2026-02-07,Referral,0.0,1568,126,6
CAMP03846,LumaStyle_GoogleAds_202602,2026-02-08,Google Ads,319.25,16042,298,8
CAMP03847,LumaStyle_MetaAds_202602,2026-02-08,Meta Ads,381.06,23548,195,10
CAMP03848,LumaStyle_Email_202602,2026-02-08,Email,26.42,2195,476,10
CAMP03849,LumaStyle_Organic_202602,2026-02-08,Organic,0.0,5549,201,5
CAMP03850,LumaStyle_Referral_202602,2026-02-08,Referral,0.0,860,96,7
CAMP03851,LumaStyle_GoogleAds_202602,2026-02-09,Google Ads,317.07,13238,394,18
CAMP03852,LumaStyle_MetaAds_202602,2026-02-09,Meta Ads,347.73,22980,231,14
CAMP03853,LumaStyle_Email_202602,2026-02-09,Email,29.3,3976,524,8
CAMP03854,LumaStyle_Organic_202602,2026-02-09,Organic,0.0,7306,271,3
CAMP03855,LumaStyle_Referral_202602,2026-02-09,Referral,0.0,1048,68,3
CAMP03856,LumaStyle_GoogleAds_202602,2026-02-10,Google Ads,156.72,7077,121,5
CAMP03857,LumaStyle_MetaAds_202602,2026-02-10,Meta Ads,439.57,32539,567,29
CAMP03858,LumaStyle_Email_202602,2026-02-10,Email,33.94,4800,708,14
CAMP03859,LumaStyle_Organic_202602,2026-02-10,Organic,0.0,3672,113,2
CAMP03860,LumaStyle_Referral_202602,2026-02-10,Referral,0.0,1072,99,4
CAMP03861,LumaStyle_GoogleAds_202602,2026-02-11,Google Ads,312.9,18231,451,13
CAMP03862,LumaStyle_MetaAds_202602,2026-02-11,Meta Ads,430.41,27253,223,8
CAMP03863,LumaStyle_Email_202602,2026-02-11,Email,42.42,4607,855,9
CAMP03864,LumaStyle_Organic_202602,2026-02-11,Organic,0.0,7813,290,6
CAMP03865,LumaStyle_Referral_202602,2026-02-11,Referral,0.0,1292,85,4
CAMP03866,LumaStyle_GoogleAds_202602,2026-02-12,Google Ads,398.94,20331,650,22
CAMP03867,LumaStyle_MetaAds_202602,2026-02-12,Meta Ads,156.83,8686,136,6
CAMP03868,LumaStyle_Email_202602,2026-02-12,Email,29.32,4324,908,18
CAMP03869,LumaStyle_Organic_202602,2026-02-12,Organic,0.0,4331,167,3
CAMP03870,LumaStyle_Referral_202602,2026-02-12,Referral,0.0,686,60,4
CAMP03871,LumaStyle_GoogleAds_202602,2026-02-13,Google Ads,263.1,15524,345,14
CAMP03872,LumaStyle_MetaAds_202602,2026-02-13,Meta Ads,401.87,25445,289,10
CAMP03873,LumaStyle_Email_202602,2026-02-13,Email,76.69,4495,538,12
CAMP03874,LumaStyle_Organic_202602,2026-02-13,Organic,0.0,7902,252,4
CAMP03875,LumaStyle_Referral_202602,2026-02-13,Referral,0.0,1819,174,9
CAMP03876,LumaStyle_GoogleAds_202602,2026-02-14,Google Ads,338.36,16915,266,11
CAMP03877,LumaStyle_MetaAds_202602,2026-02-14,Meta Ads,394.54,20543,293,12
CAMP03878,LumaStyle_Email_202602,2026-02-14,Email,38.91,4901,895,11
CAMP03879,LumaStyle_Organic_202602,2026-02-14,Organic,0.0,6767,214,3
CAMP03880,LumaStyle_Referral_202602,2026-02-14,Referral,0.0,1315,78,4
CAMP03881,LumaStyle_GoogleAds_202602,2026-02-15,Google Ads,356.64,17270,598,15
CAMP03882,LumaStyle_MetaAds_202602,2026-02-15,Meta Ads,314.49,24140,327,10
CAMP03883,LumaStyle_Email_202602,2026-02-15,Email,69.77,4010,511,11
CAMP03884,LumaStyle_Organic_202602,2026-02-15,Organic,0.0,7699,168,1
CAMP03885,LumaStyle_Referral_202602,2026-02-15,Referral,0.0,808,85,3
CAMP03886,LumaStyle_GoogleAds_202602,2026-02-16,Google Ads,156.79,8028,125,2
CAMP03887,LumaStyle_MetaAds_202602,2026-02-16,Meta Ads,396.76,27852,437,13
CAMP03888,LumaStyle_Email_202602,2026-02-16,Email,58.53,2063,309,5
CAMP03889,LumaStyle_Organic_202602,2026-02-16,Organic,0.0,4130,137,2
CAMP03890,LumaStyle_Referral_202602,2026-02-16,Referral,0.0,1101,75,3
CAMP03891,LumaStyle_GoogleAds_202602,2026-02-17,Google Ads,396.36,20111,313,14
CAMP03892,LumaStyle_MetaAds_202602,2026-02-17,Meta Ads,257.56,18917,191,9
CAMP03893,LumaStyle_Email_202602,2026-02-17,Email,71.54,3976,459,10
CAMP03894,LumaStyle_Organic_202602,2026-02-17,Organic,0.0,4146,122,2
CAMP03895,LumaStyle_Referral_202602,2026-02-17,Referral,0.0,1007,90,4
CAMP03896,LumaStyle_GoogleAds_202602,2026-02-18,Google Ads,213.16,10918,331,14
CAMP03897,LumaStyle_MetaAds_202602,2026-02-18,Meta Ads,214.14,14426,207,12
CAMP03898,LumaStyle_Email_202602,2026-02-18,Email,28.08,4612,903,25
CAMP03899,LumaStyle_Organic_202602,2026-02-18,Organic,0.0,7179,252,2
CAMP03900,LumaStyle_Referral_202602,2026-02-18,Referral,0.0,1021,88,5
CAMP03901,LumaStyle_GoogleAds_202602,2026-02-19,Google Ads,362.55,18322,457,22
CAMP03902,LumaStyle_MetaAds_202602,2026-02-19,Meta Ads,152.91,11963,210,7
CAMP03903,LumaStyle_Email_202602,2026-02-19,Email,70.99,3772,787,22
CAMP03904,LumaStyle_Organic_202602,2026-02-19,Organic,0.0,3602,123,2
CAMP03905,LumaStyle_Referral_202602,2026-02-19,Referral,0.0,1413,140,10
CAMP03906,LumaStyle_GoogleAds_202602,2026-02-20,Google Ads,242.74,13507,452,10
CAMP03907,LumaStyle_MetaAds_202602,2026-02-20,Meta Ads,280.51,20318,284,10
CAMP03908,LumaStyle_Email_202602,2026-02-20,Email,46.56,3061,516,7
CAMP03909,LumaStyle_Organic_202602,2026-02-20,Organic,0.0,6670,232,2
CAMP03910,LumaStyle_Referral_202602,2026-02-20,Referral,0.0,1975,114,8
CAMP03911,LumaStyle_GoogleAds_202602,2026-02-21,Google Ads,420.02,16801,487,16
CAMP03912,LumaStyle_MetaAds_202602,2026-02-21,Meta Ads,438.91,34332,375,22
CAMP03913,LumaStyle_Email_202602,2026-02-21,Email,55.41,2206,250,6
CAMP03914,LumaStyle_Organic_202602,2026-02-21,Organic,0.0,5939,176,4
CAMP03915,LumaStyle_Referral_202602,2026-02-21,Referral,0.0,1103,82,3
CAMP03916,LumaStyle_GoogleAds_202602,2026-02-22,Google Ads,178.81,7510,151,3
CAMP03917,LumaStyle_MetaAds_202602,2026-02-22,Meta Ads,270.44,20152,368,15
CAMP03918,LumaStyle_Email_202602,2026-02-22,Email,70.81,3536,514,14
CAMP03919,LumaStyle_Organic_202602,2026-02-22,Organic,0.0,5458,125,3
CAMP03920,LumaStyle_Referral_202602,2026-02-22,Referral,0.0,1595,124,6
CAMP03921,LumaStyle_GoogleAds_202602,2026-02-23,Google Ads,249.77,14781,239,5
CAMP03922,LumaStyle_MetaAds_202602,2026-02-23,Meta Ads,168.79,13398,265,11
CAMP03923,LumaStyle_Email_202602,2026-02-23,Email,63.26,2667,289,3
CAMP03924,LumaStyle_Organic_202602,2026-02-23,Organic,0.0,3003,95,1
CAMP03925,LumaStyle_Referral_202602,2026-02-23,Referral,0.0,1791,100,5
CAMP03926,LumaStyle_GoogleAds_202602,2026-02-24,Google Ads,434.47,20040,453,10
CAMP03927,LumaStyle_MetaAds_202602,2026-02-24,Meta Ads,178.83,10006,118,7
CAMP03928,LumaStyle_Email_202602,2026-02-24,Email,37.75,3764,611,12
CAMP03929,LumaStyle_Organic_202602,2026-02-24,Organic,0.0,7600,239,3
CAMP03930,LumaStyle_Referral_202602,2026-02-24,Referral,0.0,1565,158,10
CAMP03931,LumaStyle_GoogleAds_202602,2026-02-25,Google Ads,266.96,14817,462,12
CAMP03932,LumaStyle_MetaAds_202602,2026-02-25,Meta Ads,164.38,9562,191,6
CAMP03933,LumaStyle_Email_202602,2026-02-25,Email,24.02,3971,787,14
CAMP03934,LumaStyle_Organic_202602,2026-02-25,Organic,0.0,4052,107,2
CAMP03935,LumaStyle_Referral_202602,2026-02-25,Referral,0.0,1616,193,13
CAMP03936,LumaStyle_GoogleAds_202602,2026-02-26,Google Ads,387.86,21887,645,31
CAMP03937,LumaStyle_MetaAds_202602,2026-02-26,Meta Ads,274.21,17422,160,11
CAMP03938,LumaStyle_Email_202602,2026-02-26,Email,55.87,2739,491,14
CAMP03939,LumaStyle_Organic_202602,2026-02-26,Organic,0.0,4085,151,1
CAMP03940,LumaStyle_Referral_202602,2026-02-26,Referral,0.0,1732,134,7
CAMP03941,LumaStyle_GoogleAds_202602,2026-02-27,Google Ads,428.0,18504,510,11
CAMP03942,LumaStyle_MetaAds_202602,2026-02-27,Meta Ads,346.38,23778,266,11
CAMP03943,LumaStyle_Email_202602,2026-02-27,Email,54.24,2693,384,9
CAMP03944,LumaStyle_Organic_202602,2026-02-27,Organic,0.0,6413,129,2
CAMP03945,LumaStyle_Referral_202602,2026-02-27,Referral,0.0,1854,105,7
CAMP03946,LumaStyle_GoogleAds_202602,2026-02-28,Google Ads,260.0,11553,268,7
CAMP03947,LumaStyle_MetaAds_202602,2026-02-28,Meta Ads,364.28,21669,250,10
CAMP03948,LumaStyle_Email_202602,2026-02-28,Email,70.03,2338,275,4
CAMP03949,LumaStyle_Organic_202602,2026-02-28,Organic,0.0,5045,172,3
CAMP03950,LumaStyle_Referral_202602,2026-02-28,Referral,0.0,1620,192,10
CAMP03951,LumaStyle_GoogleAds_202603,2026-03-01,Google Ads,243.72,14445,272,6
CAMP03952,LumaStyle_MetaAds_202603,2026-03-01,Meta Ads,385.26,28411,433,16
CAMP03953,LumaStyle_Email_202603,2026-03-01,Email,61.63,4891,891,22
CAMP03954,LumaStyle_Organic_202603,2026-03-01,Organic,0.0,7058,208,4
CAMP03955,LumaStyle_Referral_202603,2026-03-01,Referral,0.0,903,83,6
CAMP03956,LumaStyle_GoogleAds_202603,2026-03-02,Google Ads,246.61,11993,257,8
CAMP03957,LumaStyle_MetaAds_202603,2026-03-02,Meta Ads,317.89,24629,417,23
CAMP03958,LumaStyle_Email_202603,2026-03-02,Email,35.11,3495,639,18
CAMP03959,LumaStyle_Organic_202603,2026-03-02,Organic,0.0,4551,95,1
CAMP03960,LumaStyle_Referral_202603,2026-03-02,Referral,0.0,1392,75,4
CAMP03961,LumaStyle_GoogleAds_202603,2026-03-03,Google Ads,395.78,16524,424,10
CAMP03962,LumaStyle_MetaAds_202603,2026-03-03,Meta Ads,434.18,28583,248,11
CAMP03963,LumaStyle_Email_202603,2026-03-03,Email,49.69,4879,1025,10
CAMP03964,LumaStyle_Organic_202603,2026-03-03,Organic,0.0,7684,294,5
CAMP03965,LumaStyle_Referral_202603,2026-03-03,Referral,0.0,862,61,2
CAMP03966,LumaStyle_GoogleAds_202603,2026-03-04,Google Ads,488.64,20766,478,20
CAMP03967,LumaStyle_MetaAds_202603,2026-03-04,Meta Ads,398.11,30871,270,18
CAMP03968,LumaStyle_Email_202603,2026-03-04,Email,41.68,2975,624,17
CAMP03969,LumaStyle_Organic_202603,2026-03-04,Organic,0.0,6132,219,6
CAMP03970,LumaStyle_Referral_202603,2026-03-04,Referral,0.0,806,78,3
CAMP03971,LumaStyle_GoogleAds_202603,2026-03-05,Google Ads,480.05,27630,822,31
CAMP03972,LumaStyle_MetaAds_202603,2026-03-05,Meta Ads,389.59,27966,547,17
CAMP03973,LumaStyle_Email_202603,2026-03-05,Email,49.36,4553,912,13
CAMP03974,LumaStyle_Organic_202603,2026-03-05,Organic,0.0,6619,185,3
CAMP03975,LumaStyle_Referral_202603,2026-03-05,Referral,0.0,1717,140,7
CAMP03976,LumaStyle_GoogleAds_202603,2026-03-06,Google Ads,249.18,11117,323,9
CAMP03977,LumaStyle_MetaAds_202603,2026-03-06,Meta Ads,271.08,16603,136,4
CAMP03978,LumaStyle_Email_202603,2026-03-06,Email,47.2,2919,530,9
CAMP03979,LumaStyle_Organic_202603,2026-03-06,Organic,0.0,4482,115,1
CAMP03980,LumaStyle_Referral_202603,2026-03-06,Referral,0.0,1780,98,6
CAMP03981,LumaStyle_GoogleAds_202603,2026-03-07,Google Ads,186.81,7675,253,7
CAMP03982,LumaStyle_MetaAds_202603,2026-03-07,Meta Ads,272.67,18013,213,10
CAMP03983,LumaStyle_Email_202603,2026-03-07,Email,62.77,4593,590,5
CAMP03984,LumaStyle_Organic_202603,2026-03-07,Organic,0.0,4494,158,2
CAMP03985,LumaStyle_Referral_202603,2026-03-07,Referral,0.0,1980,200,9
CAMP03986,LumaStyle_GoogleAds_202603,2026-03-08,Google Ads,220.41,11231,198,6
CAMP03987,LumaStyle_MetaAds_202603,2026-03-08,Meta Ads,136.77,8545,108,5
CAMP03988,LumaStyle_Email_202603,2026-03-08,Email,48.16,3222,541,8
CAMP03989,LumaStyle_Organic_202603,2026-03-08,Organic,0.0,6255,163,3
CAMP03990,LumaStyle_Referral_202603,2026-03-08,Referral,0.0,1468,126,9
CAMP03991,LumaStyle_GoogleAds_202603,2026-03-09,Google Ads,483.94,25942,639,27
CAMP03992,LumaStyle_MetaAds_202603,2026-03-09,Meta Ads,441.59,28788,521,27
CAMP03993,LumaStyle_Email_202603,2026-03-09,Email,42.54,4008,813,23
CAMP03994,LumaStyle_Organic_202603,2026-03-09,Organic,0.0,3281,107,1
CAMP03995,LumaStyle_Referral_202603,2026-03-09,Referral,0.0,1709,96,4
CAMP03996,LumaStyle_GoogleAds_202603,2026-03-10,Google Ads,257.88,13233,204,6
CAMP03997,LumaStyle_MetaAds_202603,2026-03-10,Meta Ads,331.52,24206,219,10
CAMP03998,LumaStyle_Email_202603,2026-03-10,Email,76.72,2330,369,7
CAMP03999,LumaStyle_Organic_202603,2026-03-10,Organic,0.0,3470,133,3
CAMP04000,LumaStyle_Referral_202603,2026-03-10,Referral,0.0,736,73,2
CAMP04001,LumaStyle_GoogleAds_202603,2026-03-11,Google Ads,214.54,10981,316,11
CAMP04002,LumaStyle_MetaAds_202603,2026-03-11,Meta Ads,179.15,10013,157,9
CAMP04003,LumaStyle_Email_202603,2026-03-11,Email,69.35,4656,1004,18
CAMP04004,LumaStyle_Organic_202603,2026-03-11,Organic,0.0,3710,97,2
CAMP04005,LumaStyle_Referral_202603,2026-03-11,Referral,0.0,1913,159,11
CAMP04006,LumaStyle_GoogleAds_202603,2026-03-12,Google Ads,486.41,26890,474,15
CAMP04007,LumaStyle_MetaAds_202603,2026-03-12,Meta Ads,308.87,16228,178,6
CAMP04008,LumaStyle_Email_202603,2026-03-12,Email,36.79,4027,757,20
CAMP04009,LumaStyle_Organic_202603,2026-03-12,Organic,0.0,5832,137,2
CAMP04010,LumaStyle_Referral_202603,2026-03-12,Referral,0.0,963,96,5
CAMP04011,LumaStyle_GoogleAds_202603,2026-03-13,Google Ads,445.81,19485,636,30
CAMP04012,LumaStyle_MetaAds_202603,2026-03-13,Meta Ads,435.37,34402,678,38
CAMP04013,LumaStyle_Email_202603,2026-03-13,Email,77.63,2197,336,5
CAMP04014,LumaStyle_Organic_202603,2026-03-13,Organic,0.0,7528,151,2
CAMP04015,LumaStyle_Referral_202603,2026-03-13,Referral,0.0,1654,157,9
CAMP04016,LumaStyle_GoogleAds_202603,2026-03-14,Google Ads,172.56,9581,194,7
CAMP04017,LumaStyle_MetaAds_202603,2026-03-14,Meta Ads,282.79,18950,163,9
CAMP04018,LumaStyle_Email_202603,2026-03-14,Email,34.15,3723,718,18
CAMP04019,LumaStyle_Organic_202603,2026-03-14,Organic,0.0,6152,174,3
CAMP04020,LumaStyle_Referral_202603,2026-03-14,Referral,0.0,725,57,4
CAMP04021,LumaStyle_GoogleAds_202603,2026-03-15,Google Ads,285.18,12011,204,5
CAMP04022,LumaStyle_MetaAds_202603,2026-03-15,Meta Ads,412.52,31053,298,9
CAMP04023,LumaStyle_Email_202603,2026-03-15,Email,65.83,3858,697,8
CAMP04024,LumaStyle_Organic_202603,2026-03-15,Organic,0.0,7714,209,3
CAMP04025,LumaStyle_Referral_202603,2026-03-15,Referral,0.0,1312,97,4
CAMP04026,LumaStyle_GoogleAds_202603,2026-03-16,Google Ads,287.34,14021,337,8
CAMP04027,LumaStyle_MetaAds_202603,2026-03-16,Meta Ads,406.13,24241,276,13
CAMP04028,LumaStyle_Email_202603,2026-03-16,Email,39.93,3733,604,7
CAMP04029,LumaStyle_Organic_202603,2026-03-16,Organic,0.0,5686,210,3
CAMP04030,LumaStyle_Referral_202603,2026-03-16,Referral,0.0,1459,141,8
CAMP04031,LumaStyle_GoogleAds_202603,2026-03-17,Google Ads,471.91,27185,713,21
CAMP04032,LumaStyle_MetaAds_202603,2026-03-17,Meta Ads,209.64,13191,211,14
CAMP04033,LumaStyle_Email_202603,2026-03-17,Email,22.43,2260,444,6
CAMP04034,LumaStyle_Organic_202603,2026-03-17,Organic,0.0,5299,143,2
CAMP04035,LumaStyle_Referral_202603,2026-03-17,Referral,0.0,1781,212,14
CAMP04036,LumaStyle_GoogleAds_202603,2026-03-18,Google Ads,228.3,10975,326,7
CAMP04037,LumaStyle_MetaAds_202603,2026-03-18,Meta Ads,221.02,12937,112,5
CAMP04038,LumaStyle_Email_202603,2026-03-18,Email,32.7,2732,326,4
CAMP04039,LumaStyle_Organic_202603,2026-03-18,Organic,0.0,4550,181,3
CAMP04040,LumaStyle_Referral_202603,2026-03-18,Referral,0.0,735,87,5
CAMP04041,LumaStyle_GoogleAds_202603,2026-03-19,Google Ads,487.55,26997,470,22
CAMP04042,LumaStyle_MetaAds_202603,2026-03-19,Meta Ads,118.06,8811,176,10
CAMP04043,LumaStyle_Email_202603,2026-03-19,Email,23.01,3641,587,12
CAMP04044,LumaStyle_Organic_202603,2026-03-19,Organic,0.0,6505,208,2
CAMP04045,LumaStyle_Referral_202603,2026-03-19,Referral,0.0,1562,146,8
CAMP04046,LumaStyle_GoogleAds_202603,2026-03-20,Google Ads,184.85,8299,206,7
CAMP04047,LumaStyle_MetaAds_202603,2026-03-20,Meta Ads,360.9,25530,280,8
CAMP04048,LumaStyle_Email_202603,2026-03-20,Email,61.63,2130,414,6
CAMP04049,LumaStyle_Organic_202603,2026-03-20,Organic,0.0,4980,115,1
CAMP04050,LumaStyle_Referral_202603,2026-03-20,Referral,0.0,1202,63,4
CAMP04051,LumaStyle_GoogleAds_202603,2026-03-21,Google Ads,351.42,14755,454,9
CAMP04052,LumaStyle_MetaAds_202603,2026-03-21,Meta Ads,411.21,32315,507,16
CAMP04053,LumaStyle_Email_202603,2026-03-21,Email,78.96,4342,942,22
CAMP04054,LumaStyle_Organic_202603,2026-03-21,Organic,0.0,4226,163,4
CAMP04055,LumaStyle_Referral_202603,2026-03-21,Referral,0.0,1784,188,8
CAMP04056,LumaStyle_GoogleAds_202603,2026-03-22,Google Ads,307.05,13403,235,10
CAMP04057,LumaStyle_MetaAds_202603,2026-03-22,Meta Ads,434.21,33159,365,18
CAMP04058,LumaStyle_Email_202603,2026-03-22,Email,26.78,2219,250,6
CAMP04059,LumaStyle_Organic_202603,2026-03-22,Organic,0.0,3519,123,3
CAMP04060,LumaStyle_Referral_202603,2026-03-22,Referral,0.0,951,92,4
CAMP04061,LumaStyle_GoogleAds_202603,2026-03-23,Google Ads,164.23,8230,166,4
CAMP04062,LumaStyle_MetaAds_202603,2026-03-23,Meta Ads,335.6,26320,288,19
CAMP04063,LumaStyle_Email_202603,2026-03-23,Email,38.84,2768,572,8
CAMP04064,LumaStyle_Organic_202603,2026-03-23,Organic,0.0,6881,181,4
CAMP04065,LumaStyle_Referral_202603,2026-03-23,Referral,0.0,1167,112,8
CAMP04066,LumaStyle_GoogleAds_202603,2026-03-24,Google Ads,462.8,23505,562,22
CAMP04067,LumaStyle_MetaAds_202603,2026-03-24,Meta Ads,303.63,19150,189,7
CAMP04068,LumaStyle_Email_202603,2026-03-24,Email,70.41,3747,760,10
CAMP04069,LumaStyle_Organic_202603,2026-03-24,Organic,0.0,6740,224,3
CAMP04070,LumaStyle_Referral_202603,2026-03-24,Referral,0.0,818,95,4
CAMP04071,LumaStyle_GoogleAds_202603,2026-03-25,Google Ads,181.37,10455,249,7
CAMP04072,LumaStyle_MetaAds_202603,2026-03-25,Meta Ads,421.04,30517,563,30
CAMP04073,LumaStyle_Email_202603,2026-03-25,Email,67.86,3738,756,14
CAMP04074,LumaStyle_Organic_202603,2026-03-25,Organic,0.0,4798,135,3
CAMP04075,LumaStyle_Referral_202603,2026-03-25,Referral,0.0,744,76,3
CAMP04076,LumaStyle_GoogleAds_202603,2026-03-26,Google Ads,469.75,20931,454,19
CAMP04077,LumaStyle_MetaAds_202603,2026-03-26,Meta Ads,121.13,8983,135,4
CAMP04078,LumaStyle_Email_202603,2026-03-26,Email,49.07,3512,523,14
CAMP04079,LumaStyle_Organic_202603,2026-03-26,Organic,0.0,3045,116,2
CAMP04080,LumaStyle_Referral_202603,2026-03-26,Referral,0.0,1859,155,7
CAMP04081,LumaStyle_GoogleAds_202603,2026-03-27,Google Ads,173.87,8630,269,11
CAMP04082,LumaStyle_MetaAds_202603,2026-03-27,Meta Ads,397.61,29935,564,31
CAMP04083,LumaStyle_Email_202603,2026-03-27,Email,64.5,4599,890,12
CAMP04084,LumaStyle_Organic_202603,2026-03-27,Organic,0.0,5253,174,4
CAMP04085,LumaStyle_Referral_202603,2026-03-27,Referral,0.0,1655,108,6
CAMP04086,LumaStyle_GoogleAds_202603,2026-03-28,Google Ads,489.48,26098,621,17
CAMP04087,LumaStyle_MetaAds_202603,2026-03-28,Meta Ads,130.5,6744,88,5
CAMP04088,LumaStyle_Email_202603,2026-03-28,Email,31.83,3583,566,16
CAMP04089,LumaStyle_Organic_202603,2026-03-28,Organic,0.0,3138,105,2
CAMP04090,LumaStyle_Referral_202603,2026-03-28,Referral,0.0,1564,176,12
CAMP04091,LumaStyle_GoogleAds_202603,2026-03-29,Google Ads,309.28,16184,485,11
CAMP04092,LumaStyle_MetaAds_202603,2026-03-29,Meta Ads,280.86,16081,138,5
CAMP04093,LumaStyle_Email_202603,2026-03-29,Email,66.8,2907,516,13
CAMP04094,LumaStyle_Organic_202603,2026-03-29,Organic,0.0,3288,66,1
CAMP04095,LumaStyle_Referral_202603,2026-03-29,Referral,0.0,629,48,3
CAMP04096,LumaStyle_GoogleAds_202603,2026-03-30,Google Ads,305.71,17856,364,10
CAMP04097,LumaStyle_MetaAds_202603,2026-03-30,Meta Ads,296.94,16327,162,5
CAMP04098,LumaStyle_Email_202603,2026-03-30,Email,74.89,3785,762,14
CAMP04099,LumaStyle_Organic_202603,2026-03-30,Organic,0.0,6442,131,3
CAMP04100,LumaStyle_Referral_202603,2026-03-30,Referral,0.0,1329,89,6
CAMP04101,LumaStyle_GoogleAds_202603,2026-03-31,Google Ads,242.36,10471,267,12
CAMP04102,LumaStyle_MetaAds_202603,2026-03-31,Meta Ads,348.65,21690,307,9
CAMP04103,LumaStyle_Email_202603,2026-03-31,Email,31.74,2790,564,14
CAMP04104,LumaStyle_Organic_202603,2026-03-31,Organic,0.0,6008,183,3
CAMP04105,LumaStyle_Referral_202603,2026-03-31,Referral,0.0,597,49,2
CAMP04106,LumaStyle_GoogleAds_202604,2026-04-01,Google Ads,304.15,14307,283,6
CAMP04107,LumaStyle_MetaAds_202604,2026-04-01,Meta Ads,335.68,23185,225,11
CAMP04108,LumaStyle_Email_202604,2026-04-01,Email,41.7,3375,399,7
CAMP04109,LumaStyle_Organic_202604,2026-04-01,Organic,0.0,5167,157,3
CAMP04110,LumaStyle_Referral_202604,2026-04-01,Referral,0.0,945,86,5
CAMP04111,LumaStyle_GoogleAds_202604,2026-04-02,Google Ads,390.64,20515,475,11
CAMP04112,LumaStyle_MetaAds_202604,2026-04-02,Meta Ads,347.39,27316,411,17
CAMP04113,LumaStyle_Email_202604,2026-04-02,Email,33.81,2233,310,8
CAMP04114,LumaStyle_Organic_202604,2026-04-02,Organic,0.0,3644,102,3
CAMP04115,LumaStyle_Referral_202604,2026-04-02,Referral,0.0,878,63,5
CAMP04116,LumaStyle_GoogleAds_202604,2026-04-03,Google Ads,275.84,14085,433,15
CAMP04117,LumaStyle_MetaAds_202604,2026-04-03,Meta Ads,424.73,33812,471,27
CAMP04118,LumaStyle_Email_202604,2026-04-03,Email,44.05,3988,627,14
CAMP04119,LumaStyle_Organic_202604,2026-04-03,Organic,0.0,7483,229,6
CAMP04120,LumaStyle_Referral_202604,2026-04-03,Referral,0.0,960,77,4
CAMP04121,LumaStyle_GoogleAds_202604,2026-04-04,Google Ads,420.04,16816,319,15
CAMP04122,LumaStyle_MetaAds_202604,2026-04-04,Meta Ads,224.83,17587,340,18
CAMP04123,LumaStyle_Email_202604,2026-04-04,Email,56.89,2546,353,3
CAMP04124,LumaStyle_Organic_202604,2026-04-04,Organic,0.0,3214,123,3
CAMP04125,LumaStyle_Referral_202604,2026-04-04,Referral,0.0,1386,88,5
CAMP04126,LumaStyle_GoogleAds_202604,2026-04-05,Google Ads,423.41,17204,440,17
CAMP04127,LumaStyle_MetaAds_202604,2026-04-05,Meta Ads,185.1,13303,253,11
CAMP04128,LumaStyle_Email_202604,2026-04-05,Email,77.96,4537,576,10
CAMP04129,LumaStyle_Organic_202604,2026-04-05,Organic,0.0,5600,117,1
CAMP04130,LumaStyle_Referral_202604,2026-04-05,Referral,0.0,929,80,3
CAMP04131,LumaStyle_GoogleAds_202604,2026-04-06,Google Ads,183.31,9521,238,9
CAMP04132,LumaStyle_MetaAds_202604,2026-04-06,Meta Ads,169.73,9121,92,3
CAMP04133,LumaStyle_Email_202604,2026-04-06,Email,36.66,2502,539,11
CAMP04134,LumaStyle_Organic_202604,2026-04-06,Organic,0.0,4283,106,2
CAMP04135,LumaStyle_Referral_202604,2026-04-06,Referral,0.0,811,50,2
CAMP04136,LumaStyle_GoogleAds_202604,2026-04-07,Google Ads,179.34,9520,204,4
CAMP04137,LumaStyle_MetaAds_202604,2026-04-07,Meta Ads,132.71,10163,100,5
CAMP04138,LumaStyle_Email_202604,2026-04-07,Email,41.62,4286,820,24
CAMP04139,LumaStyle_Organic_202604,2026-04-07,Organic,0.0,7281,209,2
CAMP04140,LumaStyle_Referral_202604,2026-04-07,Referral,0.0,1774,209,16
CAMP04141,LumaStyle_GoogleAds_202604,2026-04-08,Google Ads,371.73,19394,601,14
CAMP04142,LumaStyle_MetaAds_202604,2026-04-08,Meta Ads,443.3,29111,422,26
CAMP04143,LumaStyle_Email_202604,2026-04-08,Email,24.19,4644,521,14
CAMP04144,LumaStyle_Organic_202604,2026-04-08,Organic,0.0,7449,183,2
CAMP04145,LumaStyle_Referral_202604,2026-04-08,Referral,0.0,1777,151,7
CAMP04146,LumaStyle_GoogleAds_202604,2026-04-09,Google Ads,409.18,24240,412,15
CAMP04147,LumaStyle_MetaAds_202604,2026-04-09,Meta Ads,436.36,33594,381,15
CAMP04148,LumaStyle_Email_202604,2026-04-09,Email,51.36,2716,433,7
CAMP04149,LumaStyle_Organic_202604,2026-04-09,Organic,0.0,7333,164,4
CAMP04150,LumaStyle_Referral_202604,2026-04-09,Referral,0.0,1109,73,4
CAMP04151,LumaStyle_GoogleAds_202604,2026-04-10,Google Ads,220.64,11505,180,3
CAMP04152,LumaStyle_MetaAds_202604,2026-04-10,Meta Ads,160.9,10938,182,6
CAMP04153,LumaStyle_Email_202604,2026-04-10,Email,63.91,4493,474,5
CAMP04154,LumaStyle_Organic_202604,2026-04-10,Organic,0.0,5303,201,5
CAMP04155,LumaStyle_Referral_202604,2026-04-10,Referral,0.0,1299,86,3
CAMP04156,LumaStyle_GoogleAds_202604,2026-04-11,Google Ads,313.23,15000,285,6
CAMP04157,LumaStyle_MetaAds_202604,2026-04-11,Meta Ads,314.43,19551,376,12
CAMP04158,LumaStyle_Email_202604,2026-04-11,Email,57.01,2305,317,7
CAMP04159,LumaStyle_Organic_202604,2026-04-11,Organic,0.0,4734,179,3
CAMP04160,LumaStyle_Referral_202604,2026-04-11,Referral,0.0,1357,150,10
CAMP04161,LumaStyle_GoogleAds_202604,2026-04-12,Google Ads,237.85,10671,331,13
CAMP04162,LumaStyle_MetaAds_202604,2026-04-12,Meta Ads,202.05,14777,263,15
CAMP04163,LumaStyle_Email_202604,2026-04-12,Email,63.58,2525,551,12
CAMP04164,LumaStyle_Organic_202604,2026-04-12,Organic,0.0,4560,177,2
CAMP04165,LumaStyle_Referral_202604,2026-04-12,Referral,0.0,1295,149,7
CAMP04166,LumaStyle_GoogleAds_202604,2026-04-13,Google Ads,327.89,14777,504,12
CAMP04167,LumaStyle_MetaAds_202604,2026-04-13,Meta Ads,178.83,12399,195,7
CAMP04168,LumaStyle_Email_202604,2026-04-13,Email,48.7,3707,810,12
CAMP04169,LumaStyle_Organic_202604,2026-04-13,Organic,0.0,7615,211,2
CAMP04170,LumaStyle_Referral_202604,2026-04-13,Referral,0.0,1387,89,4
CAMP04171,LumaStyle_GoogleAds_202604,2026-04-14,Google Ads,369.55,21965,628,18
CAMP04172,LumaStyle_MetaAds_202604,2026-04-14,Meta Ads,143.84,10784,192,9
CAMP04173,LumaStyle_Email_202604,2026-04-14,Email,47.48,4156,843,16
CAMP04174,LumaStyle_Organic_202604,2026-04-14,Organic,0.0,6241,176,4
CAMP04175,LumaStyle_Referral_202604,2026-04-14,Referral,0.0,595,68,4
CAMP04176,LumaStyle_GoogleAds_202604,2026-04-15,Google Ads,348.19,16763,358,10
CAMP04177,LumaStyle_MetaAds_202604,2026-04-15,Meta Ads,348.45,25197,391,14
CAMP04178,LumaStyle_Email_202604,2026-04-15,Email,72.67,3303,435,9
CAMP04179,LumaStyle_Organic_202604,2026-04-15,Organic,0.0,3567,103,1
CAMP04180,LumaStyle_Referral_202604,2026-04-15,Referral,0.0,840,97,6
CAMP04181,LumaStyle_GoogleAds_202604,2026-04-16,Google Ads,234.19,11617,302,10
CAMP04182,LumaStyle_MetaAds_202604,2026-04-16,Meta Ads,426.84,31659,412,12
CAMP04183,LumaStyle_Email_202604,2026-04-16,Email,23.39,3294,575,15
CAMP04184,LumaStyle_Organic_202604,2026-04-16,Organic,0.0,4162,162,4
CAMP04185,LumaStyle_Referral_202604,2026-04-16,Referral,0.0,585,60,3
CAMP04186,LumaStyle_GoogleAds_202604,2026-04-17,Google Ads,163.55,8351,234,11
CAMP04187,LumaStyle_MetaAds_202604,2026-04-17,Meta Ads,131.4,8992,88,6
CAMP04188,LumaStyle_Email_202604,2026-04-17,Email,40.71,2223,262,6
CAMP04189,LumaStyle_Organic_202604,2026-04-17,Organic,0.0,7256,168,4
CAMP04190,LumaStyle_Referral_202604,2026-04-17,Referral,0.0,1918,184,10
CAMP04191,LumaStyle_GoogleAds_202604,2026-04-18,Google Ads,285.47,11550,348,8
CAMP04192,LumaStyle_MetaAds_202604,2026-04-18,Meta Ads,415.13,29229,302,15
CAMP04193,LumaStyle_Email_202604,2026-04-18,Email,49.08,3681,384,4
CAMP04194,LumaStyle_Organic_202604,2026-04-18,Organic,0.0,7284,146,2
CAMP04195,LumaStyle_Referral_202604,2026-04-18,Referral,0.0,940,96,6
CAMP04196,LumaStyle_GoogleAds_202604,2026-04-19,Google Ads,336.59,17168,558,22
CAMP04197,LumaStyle_MetaAds_202604,2026-04-19,Meta Ads,278.81,21690,282,12
CAMP04198,LumaStyle_Email_202604,2026-04-19,Email,20.32,3227,485,7
CAMP04199,LumaStyle_Organic_202604,2026-04-19,Organic,0.0,4715,161,3
CAMP04200,LumaStyle_Referral_202604,2026-04-19,Referral,0.0,872,101,7
CAMP04201,LumaStyle_GoogleAds_202604,2026-04-20,Google Ads,381.81,15635,472,17
CAMP04202,LumaStyle_MetaAds_202604,2026-04-20,Meta Ads,154.98,9884,105,5
CAMP04203,LumaStyle_Email_202604,2026-04-20,Email,54.71,4507,939,19
CAMP04204,LumaStyle_Organic_202604,2026-04-20,Organic,0.0,7187,253,7
CAMP04205,LumaStyle_Referral_202604,2026-04-20,Referral,0.0,1180,77,4
CAMP04206,LumaStyle_GoogleAds_202604,2026-04-21,Google Ads,306.32,17863,490,10
CAMP04207,LumaStyle_MetaAds_202604,2026-04-21,Meta Ads,411.58,30224,364,11
CAMP04208,LumaStyle_Email_202604,2026-04-21,Email,62.68,4195,863,12
CAMP04209,LumaStyle_Organic_202604,2026-04-21,Organic,0.0,7509,278,6
CAMP04210,LumaStyle_Referral_202604,2026-04-21,Referral,0.0,1550,124,5
CAMP04211,LumaStyle_GoogleAds_202604,2026-04-22,Google Ads,281.25,16388,291,6
CAMP04212,LumaStyle_MetaAds_202604,2026-04-22,Meta Ads,279.53,19416,297,18
CAMP04213,LumaStyle_Email_202604,2026-04-22,Email,41.01,2071,329,6
CAMP04214,LumaStyle_Organic_202604,2026-04-22,Organic,0.0,5149,126,2
CAMP04215,LumaStyle_Referral_202604,2026-04-22,Referral,0.0,1257,120,7
CAMP04216,LumaStyle_GoogleAds_202604,2026-04-23,Google Ads,494.62,27240,738,35
CAMP04217,LumaStyle_MetaAds_202604,2026-04-23,Meta Ads,135.54,7101,109,6
CAMP04218,LumaStyle_Email_202604,2026-04-23,Email,74.31,4699,590,17
CAMP04219,LumaStyle_Organic_202604,2026-04-23,Organic,0.0,4386,124,2
CAMP04220,LumaStyle_Referral_202604,2026-04-23,Referral,0.0,1585,175,11
CAMP04221,LumaStyle_GoogleAds_202604,2026-04-24,Google Ads,495.4,28500,986,32
CAMP04222,LumaStyle_MetaAds_202604,2026-04-24,Meta Ads,101.68,7124,116,6
CAMP04223,LumaStyle_Email_202604,2026-04-24,Email,49.26,4291,485,10
CAMP04224,LumaStyle_Organic_202604,2026-04-24,Organic,0.0,7508,166,1
CAMP04225,LumaStyle_Referral_202604,2026-04-24,Referral,0.0,1398,103,7
CAMP04226,LumaStyle_GoogleAds_202604,2026-04-25,Google Ads,185.19,7442,126,6
CAMP04227,LumaStyle_MetaAds_202604,2026-04-25,Meta Ads,311.96,19246,190,12
CAMP04228,LumaStyle_Email_202604,2026-04-25,Email,68.11,2837,478,6
CAMP04229,LumaStyle_Organic_202604,2026-04-25,Organic,0.0,3982,111,1
CAMP04230,LumaStyle_Referral_202604,2026-04-25,Referral,0.0,770,72,3
CAMP04231,LumaStyle_GoogleAds_202604,2026-04-26,Google Ads,361.81,21421,724,28
CAMP04232,LumaStyle_MetaAds_202604,2026-04-26,Meta Ads,153.46,10853,126,3
CAMP04233,LumaStyle_Email_202604,2026-04-26,Email,37.58,2843,364,5
CAMP04234,LumaStyle_Organic_202604,2026-04-26,Organic,0.0,5950,138,2
CAMP04235,LumaStyle_Referral_202604,2026-04-26,Referral,0.0,1983,232,16
CAMP04236,LumaStyle_GoogleAds_202604,2026-04-27,Google Ads,470.49,25973,445,15
CAMP04237,LumaStyle_MetaAds_202604,2026-04-27,Meta Ads,216.7,13733,198,12
CAMP04238,LumaStyle_Email_202604,2026-04-27,Email,74.62,4125,596,8
CAMP04239,LumaStyle_Organic_202604,2026-04-27,Organic,0.0,4137,99,2
CAMP04240,LumaStyle_Referral_202604,2026-04-27,Referral,0.0,709,82,4
CAMP04241,LumaStyle_GoogleAds_202604,2026-04-28,Google Ads,205.25,12222,263,11
CAMP04242,LumaStyle_MetaAds_202604,2026-04-28,Meta Ads,419.87,28997,551,28
CAMP04243,LumaStyle_Email_202604,2026-04-28,Email,56.42,2172,353,5
CAMP04244,LumaStyle_Organic_202604,2026-04-28,Organic,0.0,6156,183,2
CAMP04245,LumaStyle_Referral_202604,2026-04-28,Referral,0.0,1769,89,4
CAMP04246,LumaStyle_GoogleAds_202604,2026-04-29,Google Ads,497.39,22048,702,22
CAMP04247,LumaStyle_MetaAds_202604,2026-04-29,Meta Ads,321.06,24145,479,14
CAMP04248,LumaStyle_Email_202604,2026-04-29,Email,29.19,2747,485,5
CAMP04249,LumaStyle_Organic_202604,2026-04-29,Organic,0.0,3996,150,1
CAMP04250,LumaStyle_Referral_202604,2026-04-29,Referral,0.0,882,91,6
CAMP04251,LumaStyle_GoogleAds_202604,2026-04-30,Google Ads,253.31,13412,338,13
CAMP04252,LumaStyle_MetaAds_202604,2026-04-30,Meta Ads,322.45,18995,245,10
CAMP04253,LumaStyle_Email_202604,2026-04-30,Email,68.03,3410,539,11
CAMP04254,LumaStyle_Organic_202604,2026-04-30,Organic,0.0,3712,95,2
CAMP04255,LumaStyle_Referral_202604,2026-04-30,Referral,0.0,1994,236,12
CAMP04256,LumaStyle_GoogleAds_202605,2026-05-01,Google Ads,234.67,11003,365,13
CAMP04257,LumaStyle_MetaAds_202605,2026-05-01,Meta Ads,324.57,21083,289,9
CAMP04258,LumaStyle_Email_202605,2026-05-01,Email,68.65,2923,398,10
CAMP04259,LumaStyle_Organic_202605,2026-05-01,Organic,0.0,7092,206,4
CAMP04260,LumaStyle_Referral_202605,2026-05-01,Referral,0.0,981,62,4
CAMP04261,LumaStyle_GoogleAds_202605,2026-05-02,Google Ads,178.91,8731,191,6
CAMP04262,LumaStyle_MetaAds_202605,2026-05-02,Meta Ads,406.81,23382,452,26
CAMP04263,LumaStyle_Email_202605,2026-05-02,Email,69.82,2819,439,4
CAMP04264,LumaStyle_Organic_202605,2026-05-02,Organic,0.0,7080,179,4
CAMP04265,LumaStyle_Referral_202605,2026-05-02,Referral,0.0,1874,158,6
CAMP04266,LumaStyle_GoogleAds_202605,2026-05-03,Google Ads,176.56,10533,338,16
CAMP04267,LumaStyle_MetaAds_202605,2026-05-03,Meta Ads,244.08,13308,171,9
CAMP04268,LumaStyle_Email_202605,2026-05-03,Email,27.67,2693,561,13
CAMP04269,LumaStyle_Organic_202605,2026-05-03,Organic,0.0,6814,222,6
CAMP04270,LumaStyle_Referral_202605,2026-05-03,Referral,0.0,975,51,3
CAMP04271,LumaStyle_GoogleAds_202605,2026-05-04,Google Ads,165.83,8096,196,4
CAMP04272,LumaStyle_MetaAds_202605,2026-05-04,Meta Ads,297.86,18811,304,19
CAMP04273,LumaStyle_Email_202605,2026-05-04,Email,35.76,2509,399,11
CAMP04274,LumaStyle_Organic_202605,2026-05-04,Organic,0.0,3253,71,1
CAMP04275,LumaStyle_Referral_202605,2026-05-04,Referral,0.0,1852,187,8
CAMP04276,LumaStyle_GoogleAds_202605,2026-05-05,Google Ads,497.4,25864,781,35
CAMP04277,LumaStyle_MetaAds_202605,2026-05-05,Meta Ads,125.16,8321,114,6
CAMP04278,LumaStyle_Email_202605,2026-05-05,Email,24.38,4971,761,20
CAMP04279,LumaStyle_Organic_202605,2026-05-05,Organic,0.0,6288,159,4
CAMP04280,LumaStyle_Referral_202605,2026-05-05,Referral,0.0,1415,123,9
CAMP04281,LumaStyle_GoogleAds_202605,2026-05-06,Google Ads,341.49,15731,315,8
CAMP04282,LumaStyle_MetaAds_202605,2026-05-06,Meta Ads,261.76,19679,194,6
CAMP04283,LumaStyle_Email_202605,2026-05-06,Email,65.96,2088,337,9
CAMP04284,LumaStyle_Organic_202605,2026-05-06,Organic,0.0,6998,264,5
CAMP04285,LumaStyle_Referral_202605,2026-05-06,Referral,0.0,1227,146,11
CAMP04286,LumaStyle_GoogleAds_202605,2026-05-07,Google Ads,258.52,15347,243,10
CAMP04287,LumaStyle_MetaAds_202605,2026-05-07,Meta Ads,394.07,31281,555,35
CAMP04288,LumaStyle_Email_202605,2026-05-07,Email,61.01,2958,626,13
CAMP04289,LumaStyle_Organic_202605,2026-05-07,Organic,0.0,5735,127,2
CAMP04290,LumaStyle_Referral_202605,2026-05-07,Referral,0.0,1075,90,4
CAMP04291,LumaStyle_GoogleAds_202605,2026-05-08,Google Ads,301.43,14919,225,6
CAMP04292,LumaStyle_MetaAds_202605,2026-05-08,Meta Ads,443.79,27333,342,13
CAMP04293,LumaStyle_Email_202605,2026-05-08,Email,58.33,3095,341,5
CAMP04294,LumaStyle_Organic_202605,2026-05-08,Organic,0.0,4976,180,4
CAMP04295,LumaStyle_Referral_202605,2026-05-08,Referral,0.0,670,55,3
CAMP04296,LumaStyle_GoogleAds_202605,2026-05-09,Google Ads,386.42,16245,450,14
CAMP04297,LumaStyle_MetaAds_202605,2026-05-09,Meta Ads,127.04,7575,128,7
CAMP04298,LumaStyle_Email_202605,2026-05-09,Email,65.26,3100,353,7
CAMP04299,LumaStyle_Organic_202605,2026-05-09,Organic,0.0,5797,118,3
CAMP04300,LumaStyle_Referral_202605,2026-05-09,Referral,0.0,1891,189,9
CAMP04301,LumaStyle_GoogleAds_202605,2026-05-10,Google Ads,318.02,17796,338,12
CAMP04302,LumaStyle_MetaAds_202605,2026-05-10,Meta Ads,323.02,23742,279,13
CAMP04303,LumaStyle_Email_202605,2026-05-10,Email,32.49,4291,761,21
CAMP04304,LumaStyle_Organic_202605,2026-05-10,Organic,0.0,4138,112,2
CAMP04305,LumaStyle_Referral_202605,2026-05-10,Referral,0.0,1101,107,4
CAMP04306,LumaStyle_GoogleAds_202605,2026-05-11,Google Ads,480.47,26525,572,12
CAMP04307,LumaStyle_MetaAds_202605,2026-05-11,Meta Ads,260.04,19747,360,17
CAMP04308,LumaStyle_Email_202605,2026-05-11,Email,47.47,4774,515,13
CAMP04309,LumaStyle_Organic_202605,2026-05-11,Organic,0.0,7382,242,3
CAMP04310,LumaStyle_Referral_202605,2026-05-11,Referral,0.0,1883,124,6
CAMP04311,LumaStyle_GoogleAds_202605,2026-05-12,Google Ads,436.26,22153,728,30
CAMP04312,LumaStyle_MetaAds_202605,2026-05-12,Meta Ads,373.1,25525,209,13
CAMP04313,LumaStyle_Email_202605,2026-05-12,Email,50.33,4371,658,17
CAMP04314,LumaStyle_Organic_202605,2026-05-12,Organic,0.0,5561,195,5
CAMP04315,LumaStyle_Referral_202605,2026-05-12,Referral,0.0,849,88,6
CAMP04316,LumaStyle_GoogleAds_202605,2026-05-13,Google Ads,325.98,18947,628,29
CAMP04317,LumaStyle_MetaAds_202605,2026-05-13,Meta Ads,105.2,7605,73,2
CAMP04318,LumaStyle_Email_202605,2026-05-13,Email,58.02,3085,603,15
CAMP04319,LumaStyle_Organic_202605,2026-05-13,Organic,0.0,5550,122,2
CAMP04320,LumaStyle_Referral_202605,2026-05-13,Referral,0.0,727,69,3
CAMP04321,LumaStyle_GoogleAds_202605,2026-05-14,Google Ads,379.54,17214,453,15
CAMP04322,LumaStyle_MetaAds_202605,2026-05-14,Meta Ads,365.2,18581,209,8
CAMP04323,LumaStyle_Email_202605,2026-05-14,Email,55.24,2481,453,10
CAMP04324,LumaStyle_Organic_202605,2026-05-14,Organic,0.0,5127,173,2
CAMP04325,LumaStyle_Referral_202605,2026-05-14,Referral,0.0,1544,140,7
CAMP04326,LumaStyle_GoogleAds_202605,2026-05-15,Google Ads,409.04,20321,677,25
CAMP04327,LumaStyle_MetaAds_202605,2026-05-15,Meta Ads,134.02,10322,176,8
CAMP04328,LumaStyle_Email_202605,2026-05-15,Email,68.75,2972,516,5
CAMP04329,LumaStyle_Organic_202605,2026-05-15,Organic,0.0,7536,179,3
CAMP04330,LumaStyle_Referral_202605,2026-05-15,Referral,0.0,760,41,2
CAMP04331,LumaStyle_GoogleAds_202605,2026-05-16,Google Ads,204.06,11361,381,15
CAMP04332,LumaStyle_MetaAds_202605,2026-05-16,Meta Ads,364.48,27540,489,16
CAMP04333,LumaStyle_Email_202605,2026-05-16,Email,74.99,3520,523,10
CAMP04334,LumaStyle_Organic_202605,2026-05-16,Organic,0.0,7160,277,6
CAMP04335,LumaStyle_Referral_202605,2026-05-16,Referral,0.0,1632,163,8
CAMP04336,LumaStyle_GoogleAds_202605,2026-05-17,Google Ads,173.26,10236,187,6
CAMP04337,LumaStyle_MetaAds_202605,2026-05-17,Meta Ads,415.28,25981,340,23
CAMP04338,LumaStyle_Email_202605,2026-05-17,Email,32.39,4288,541,13
CAMP04339,LumaStyle_Organic_202605,2026-05-17,Organic,0.0,3536,81,2
CAMP04340,LumaStyle_Referral_202605,2026-05-17,Referral,0.0,1992,166,9
CAMP04341,LumaStyle_GoogleAds_202605,2026-05-18,Google Ads,324.49,16206,495,21
CAMP04342,LumaStyle_MetaAds_202605,2026-05-18,Meta Ads,301.47,19932,396,12
CAMP04343,LumaStyle_Email_202605,2026-05-18,Email,20.16,4062,554,12
CAMP04344,LumaStyle_Organic_202605,2026-05-18,Organic,0.0,7204,275,5
CAMP04345,LumaStyle_Referral_202605,2026-05-18,Referral,0.0,740,56,3
CAMP04346,LumaStyle_GoogleAds_202605,2026-05-19,Google Ads,358.0,19982,657,17
CAMP04347,LumaStyle_MetaAds_202605,2026-05-19,Meta Ads,145.99,10225,102,5
CAMP04348,LumaStyle_Email_202605,2026-05-19,Email,36.44,4754,569,12
CAMP04349,LumaStyle_Organic_202605,2026-05-19,Organic,0.0,4536,104,1
CAMP04350,LumaStyle_Referral_202605,2026-05-19,Referral,0.0,720,51,2
CAMP04351,LumaStyle_GoogleAds_202605,2026-05-20,Google Ads,333.09,13381,219,6
CAMP04352,LumaStyle_MetaAds_202605,2026-05-20,Meta Ads,276.62,16573,265,9
CAMP04353,LumaStyle_Email_202605,2026-05-20,Email,48.89,2902,554,6
CAMP04354,LumaStyle_Organic_202605,2026-05-20,Organic,0.0,5356,198,3
CAMP04355,LumaStyle_Referral_202605,2026-05-20,Referral,0.0,1357,101,5
CAMP04356,LumaStyle_GoogleAds_202605,2026-05-21,Google Ads,302.03,17799,529,25
CAMP04357,LumaStyle_MetaAds_202605,2026-05-21,Meta Ads,279.94,19894,201,7
CAMP04358,LumaStyle_Email_202605,2026-05-21,Email,44.95,2158,357,6
CAMP04359,LumaStyle_Organic_202605,2026-05-21,Organic,0.0,3672,99,2
CAMP04360,LumaStyle_Referral_202605,2026-05-21,Referral,0.0,700,75,4
CAMP04361,LumaStyle_GoogleAds_202605,2026-05-22,Google Ads,308.94,15030,342,15
CAMP04362,LumaStyle_MetaAds_202605,2026-05-22,Meta Ads,364.33,18636,192,8
CAMP04363,LumaStyle_Email_202605,2026-05-22,Email,42.75,4312,567,15
CAMP04364,LumaStyle_Organic_202605,2026-05-22,Organic,0.0,7028,216,3
CAMP04365,LumaStyle_Referral_202605,2026-05-22,Referral,0.0,1212,64,3
CAMP04366,LumaStyle_GoogleAds_202605,2026-05-23,Google Ads,448.38,22203,516,12
CAMP04367,LumaStyle_MetaAds_202605,2026-05-23,Meta Ads,146.7,9309,180,9
CAMP04368,LumaStyle_Email_202605,2026-05-23,Email,44.42,4620,670,14
CAMP04369,LumaStyle_Organic_202605,2026-05-23,Organic,0.0,7661,215,4
CAMP04370,LumaStyle_Referral_202605,2026-05-23,Referral,0.0,1855,189,13
CAMP04371,LumaStyle_GoogleAds_202605,2026-05-24,Google Ads,484.33,28073,500,11
CAMP04372,LumaStyle_MetaAds_202605,2026-05-24,Meta Ads,277.16,21025,291,13
CAMP04373,LumaStyle_Email_202605,2026-05-24,Email,52.63,2473,532,9
CAMP04374,LumaStyle_Organic_202605,2026-05-24,Organic,0.0,5631,170,2
CAMP04375,LumaStyle_Referral_202605,2026-05-24,Referral,0.0,541,32,2
CAMP04376,LumaStyle_GoogleAds_202605,2026-05-25,Google Ads,229.9,11370,194,9
CAMP04377,LumaStyle_MetaAds_202605,2026-05-25,Meta Ads,330.43,23675,376,17
CAMP04378,LumaStyle_Email_202605,2026-05-25,Email,24.78,4017,616,8
CAMP04379,LumaStyle_Organic_202605,2026-05-25,Organic,0.0,6175,124,3
CAMP04380,LumaStyle_Referral_202605,2026-05-25,Referral,0.0,971,72,4
CAMP04381,LumaStyle_GoogleAds_202605,2026-05-26,Google Ads,433.05,19711,344,15
CAMP04382,LumaStyle_MetaAds_202605,2026-05-26,Meta Ads,105.63,8048,110,3
CAMP04383,LumaStyle_Email_202605,2026-05-26,Email,41.93,3677,750,12
CAMP04384,LumaStyle_Organic_202605,2026-05-26,Organic,0.0,3042,78,2
CAMP04385,LumaStyle_Referral_202605,2026-05-26,Referral,0.0,1153,124,7
CAMP04386,LumaStyle_GoogleAds_202605,2026-05-27,Google Ads,265.09,12552,418,13
CAMP04387,LumaStyle_MetaAds_202605,2026-05-27,Meta Ads,252.97,15655,256,11
CAMP04388,LumaStyle_Email_202605,2026-05-27,Email,76.32,3471,537,13
CAMP04389,LumaStyle_Organic_202605,2026-05-27,Organic,0.0,7868,255,5
CAMP04390,LumaStyle_Referral_202605,2026-05-27,Referral,0.0,1438,154,9
CAMP04391,LumaStyle_GoogleAds_202605,2026-05-28,Google Ads,247.8,13063,316,15
CAMP04392,LumaStyle_MetaAds_202605,2026-05-28,Meta Ads,441.88,34328,502,16
CAMP04393,LumaStyle_Email_202605,2026-05-28,Email,51.53,2125,276,3
CAMP04394,LumaStyle_Organic_202605,2026-05-28,Organic,0.0,3102,98,1
CAMP04395,LumaStyle_Referral_202605,2026-05-28,Referral,0.0,920,89,6
CAMP04396,LumaStyle_GoogleAds_202605,2026-05-29,Google Ads,347.05,19478,569,15
CAMP04397,LumaStyle_MetaAds_202605,2026-05-29,Meta Ads,328.51,24421,479,30
CAMP04398,LumaStyle_Email_202605,2026-05-29,Email,51.4,2364,333,7
CAMP04399,LumaStyle_Organic_202605,2026-05-29,Organic,0.0,6299,177,4
CAMP04400,LumaStyle_Referral_202605,2026-05-29,Referral,0.0,1500,162,8
CAMP04401,LumaStyle_GoogleAds_202605,2026-05-30,Google Ads,300.46,13147,421,16
CAMP04402,LumaStyle_MetaAds_202605,2026-05-30,Meta Ads,243.21,14164,231,12
CAMP04403,LumaStyle_Email_202605,2026-05-30,Email,43.78,2758,596,13
CAMP04404,LumaStyle_Organic_202605,2026-05-30,Organic,0.0,7034,194,2
CAMP04405,LumaStyle_Referral_202605,2026-05-30,Referral,0.0,1738,204,15
CAMP04406,LumaStyle_GoogleAds_202605,2026-05-31,Google Ads,461.46,19809,571,18
CAMP04407,LumaStyle_MetaAds_202605,2026-05-31,Meta Ads,322.36,23701,270,15
CAMP04408,LumaStyle_Email_202605,2026-05-31,Email,25.71,3042,424,7
CAMP04409,LumaStyle_Organic_202605,2026-05-31,Organic,0.0,3524,100,2
CAMP04410,LumaStyle_Referral_202605,2026-05-31,Referral,0.0,1322,129,6
CAMP04411,LumaStyle_GoogleAds_202606,2026-06-01,Google Ads,163.76,7840,123,3
CAMP04412,LumaStyle_MetaAds_202606,2026-06-01,Meta Ads,301.21,17494,336,16
CAMP04413,LumaStyle_Email_202606,2026-06-01,Email,20.69,2213,246,5
CAMP04414,LumaStyle_Organic_202606,2026-06-01,Organic,0.0,7342,272,7
CAMP04415,LumaStyle_Referral_202606,2026-06-01,Referral,0.0,1445,143,10
CAMP04416,LumaStyle_GoogleAds_202606,2026-06-02,Google Ads,307.61,15755,287,10
CAMP04417,LumaStyle_MetaAds_202606,2026-06-02,Meta Ads,393.95,19981,185,10
CAMP04418,LumaStyle_Email_202606,2026-06-02,Email,34.32,3609,377,3
CAMP04419,LumaStyle_Organic_202606,2026-06-02,Organic,0.0,6352,142,2
CAMP04420,LumaStyle_Referral_202606,2026-06-02,Referral,0.0,1634,158,9
CAMP04421,LumaStyle_GoogleAds_202606,2026-06-03,Google Ads,476.45,26910,405,17
CAMP04422,LumaStyle_MetaAds_202606,2026-06-03,Meta Ads,395.38,27660,534,36
CAMP04423,LumaStyle_Email_202606,2026-06-03,Email,70.58,3433,688,13
CAMP04424,LumaStyle_Organic_202606,2026-06-03,Organic,0.0,3510,100,2
CAMP04425,LumaStyle_Referral_202606,2026-06-03,Referral,0.0,1647,125,6
CAMP04426,LumaStyle_GoogleAds_202606,2026-06-04,Google Ads,325.52,18315,339,9
CAMP04427,LumaStyle_MetaAds_202606,2026-06-04,Meta Ads,445.05,28290,401,13
CAMP04428,LumaStyle_Email_202606,2026-06-04,Email,59.59,3296,539,8
CAMP04429,LumaStyle_Organic_202606,2026-06-04,Organic,0.0,3157,97,2
CAMP04430,LumaStyle_Referral_202606,2026-06-04,Referral,0.0,1295,132,6
CAMP04431,LumaStyle_GoogleAds_202606,2026-06-05,Google Ads,493.72,24150,679,28
CAMP04432,LumaStyle_MetaAds_202606,2026-06-05,Meta Ads,308.91,19559,314,11
CAMP04433,LumaStyle_Email_202606,2026-06-05,Email,64.82,3228,601,15
CAMP04434,LumaStyle_Organic_202606,2026-06-05,Organic,0.0,3388,110,2
CAMP04435,LumaStyle_Referral_202606,2026-06-05,Referral,0.0,1586,132,6
CAMP04436,LumaStyle_GoogleAds_202606,2026-06-06,Google Ads,260.25,14949,360,7
CAMP04437,LumaStyle_MetaAds_202606,2026-06-06,Meta Ads,315.59,20736,250,10
CAMP04438,LumaStyle_Email_202606,2026-06-06,Email,32.24,4413,905,16
CAMP04439,LumaStyle_Organic_202606,2026-06-06,Organic,0.0,5350,127,2
CAMP04440,LumaStyle_Referral_202606,2026-06-06,Referral,0.0,521,56,3
CAMP04441,LumaStyle_GoogleAds_202606,2026-06-07,Google Ads,277.44,15957,255,12
CAMP04442,LumaStyle_MetaAds_202606,2026-06-07,Meta Ads,440.07,29795,288,9
CAMP04443,LumaStyle_Email_202606,2026-06-07,Email,45.15,2687,441,12
CAMP04444,LumaStyle_Organic_202606,2026-06-07,Organic,0.0,6729,232,6
CAMP04445,LumaStyle_Referral_202606,2026-06-07,Referral,0.0,1873,151,11
CAMP04446,LumaStyle_GoogleAds_202606,2026-06-08,Google Ads,425.44,23645,484,21
CAMP04447,LumaStyle_MetaAds_202606,2026-06-08,Meta Ads,392.5,20210,194,7
CAMP04448,LumaStyle_Email_202606,2026-06-08,Email,35.89,4532,964,10
CAMP04449,LumaStyle_Organic_202606,2026-06-08,Organic,0.0,6985,227,6
CAMP04450,LumaStyle_Referral_202606,2026-06-08,Referral,0.0,547,46,3
CAMP04451,LumaStyle_GoogleAds_202606,2026-06-09,Google Ads,449.22,26496,679,31
CAMP04452,LumaStyle_MetaAds_202606,2026-06-09,Meta Ads,218.52,12286,171,11
CAMP04453,LumaStyle_Email_202606,2026-06-09,Email,62.21,3310,713,15
CAMP04454,LumaStyle_Organic_202606,2026-06-09,Organic,0.0,6236,248,3
CAMP04455,LumaStyle_Referral_202606,2026-06-09,Referral,0.0,1103,79,4
CAMP04456,LumaStyle_GoogleAds_202606,2026-06-10,Google Ads,171.33,7792,246,9
CAMP04457,LumaStyle_MetaAds_202606,2026-06-10,Meta Ads,407.19,25685,393,27
CAMP04458,LumaStyle_Email_202606,2026-06-10,Email,71.87,4336,891,12
CAMP04459,LumaStyle_Organic_202606,2026-06-10,Organic,0.0,4800,185,3
CAMP04460,LumaStyle_Referral_202606,2026-06-10,Referral,0.0,1645,95,5
CAMP04461,LumaStyle_GoogleAds_202606,2026-06-11,Google Ads,155.15,6235,189,7
CAMP04462,LumaStyle_MetaAds_202606,2026-06-11,Meta Ads,299.03,21180,321,12
CAMP04463,LumaStyle_Email_202606,2026-06-11,Email,41.2,2340,398,8
CAMP04464,LumaStyle_Organic_202606,2026-06-11,Organic,0.0,4433,170,4
CAMP04465,LumaStyle_Referral_202606,2026-06-11,Referral,0.0,1641,186,11
CAMP04466,LumaStyle_GoogleAds_202606,2026-06-12,Google Ads,299.23,13905,299,7
CAMP04467,LumaStyle_MetaAds_202606,2026-06-12,Meta Ads,231.54,12771,211,14
CAMP04468,LumaStyle_Email_202606,2026-06-12,Email,46.91,4865,750,20
CAMP04469,LumaStyle_Organic_202606,2026-06-12,Organic,0.0,5595,218,4
CAMP04470,LumaStyle_Referral_202606,2026-06-12,Referral,0.0,1596,145,7
CAMP04471,LumaStyle_GoogleAds_202606,2026-06-13,Google Ads,393.72,17284,442,10
CAMP04472,LumaStyle_MetaAds_202606,2026-06-13,Meta Ads,236.81,17127,232,11
CAMP04473,LumaStyle_Email_202606,2026-06-13,Email,30.04,2846,514,12
CAMP04474,LumaStyle_Organic_202606,2026-06-13,Organic,0.0,5206,136,3
CAMP04475,LumaStyle_Referral_202606,2026-06-13,Referral,0.0,1972,194,13
CAMP04476,LumaStyle_GoogleAds_202606,2026-06-14,Google Ads,362.03,17868,407,16
CAMP04477,LumaStyle_MetaAds_202606,2026-06-14,Meta Ads,183.93,9972,168,6
CAMP04478,LumaStyle_Email_202606,2026-06-14,Email,22.94,3164,611,16
CAMP04479,LumaStyle_Organic_202606,2026-06-14,Organic,0.0,4109,111,1
CAMP04480,LumaStyle_Referral_202606,2026-06-14,Referral,0.0,1829,107,4
CAMP04481,LumaStyle_GoogleAds_202606,2026-06-15,Google Ads,354.95,19833,522,19
CAMP04482,LumaStyle_MetaAds_202606,2026-06-15,Meta Ads,445.56,24355,383,25
CAMP04483,LumaStyle_Email_202606,2026-06-15,Email,28.63,3262,689,18
CAMP04484,LumaStyle_Organic_202606,2026-06-15,Organic,0.0,6625,255,5
CAMP04485,LumaStyle_Referral_202606,2026-06-15,Referral,0.0,800,54,3
CAMP04486,LumaStyle_GoogleAds_202606,2026-06-16,Google Ads,319.15,16209,446,21
CAMP04487,LumaStyle_MetaAds_202606,2026-06-16,Meta Ads,251.42,15272,180,11
CAMP04488,LumaStyle_Email_202606,2026-06-16,Email,69.38,2058,439,10
CAMP04489,LumaStyle_Organic_202606,2026-06-16,Organic,0.0,7248,185,5
CAMP04490,LumaStyle_Referral_202606,2026-06-16,Referral,0.0,1113,125,6
CAMP04491,LumaStyle_GoogleAds_202606,2026-06-17,Google Ads,437.34,18806,439,18
CAMP04492,LumaStyle_MetaAds_202606,2026-06-17,Meta Ads,155.63,7965,122,6
CAMP04493,LumaStyle_Email_202606,2026-06-17,Email,77.51,3019,585,8
CAMP04494,LumaStyle_Organic_202606,2026-06-17,Organic,0.0,7385,202,5
CAMP04495,LumaStyle_Referral_202606,2026-06-17,Referral,0.0,1504,131,6
CAMP04496,LumaStyle_GoogleAds_202606,2026-06-18,Google Ads,373.38,19711,421,16
CAMP04497,LumaStyle_MetaAds_202606,2026-06-18,Meta Ads,205.13,12364,231,13
CAMP04498,LumaStyle_Email_202606,2026-06-18,Email,52.3,4566,810,13
CAMP04499,LumaStyle_Organic_202606,2026-06-18,Organic,0.0,4521,98,2
CAMP04500,LumaStyle_Referral_202606,2026-06-18,Referral,0.0,1435,141,9
CAMP04501,LumaStyle_GoogleAds_202606,2026-06-19,Google Ads,266.87,15238,378,7
CAMP04502,LumaStyle_MetaAds_202606,2026-06-19,Meta Ads,160.51,12375,141,4
CAMP04503,LumaStyle_Email_202606,2026-06-19,Email,79.84,2439,508,8
CAMP04504,LumaStyle_Organic_202606,2026-06-19,Organic,0.0,4467,157,2
CAMP04505,LumaStyle_Referral_202606,2026-06-19,Referral,0.0,1055,91,3
CAMP04506,LumaStyle_GoogleAds_202606,2026-06-20,Google Ads,228.31,11310,384,8
CAMP04507,LumaStyle_MetaAds_202606,2026-06-20,Meta Ads,380.01,24942,330,14
CAMP04508,LumaStyle_Email_202606,2026-06-20,Email,24.62,3437,681,7
CAMP04509,LumaStyle_Organic_202606,2026-06-20,Organic,0.0,6289,195,4
CAMP04510,LumaStyle_Referral_202606,2026-06-20,Referral,0.0,1640,192,10
CAMP04511,LumaStyle_GoogleAds_202606,2026-06-21,Google Ads,404.46,16597,573,15
CAMP04512,LumaStyle_MetaAds_202606,2026-06-21,Meta Ads,216.17,12023,169,8
CAMP04513,LumaStyle_Email_202606,2026-06-21,Email,42.02,3169,370,8
CAMP04514,LumaStyle_Organic_202606,2026-06-21,Organic,0.0,4970,183,2
CAMP04515,LumaStyle_Referral_202606,2026-06-21,Referral,0.0,1499,153,11
CAMP04516,LumaStyle_GoogleAds_202606,2026-06-22,Google Ads,373.22,20054,577,13
CAMP04517,LumaStyle_MetaAds_202606,2026-06-22,Meta Ads,155.45,11730,187,11
CAMP04518,LumaStyle_Email_202606,2026-06-22,Email,42.5,4306,545,16
CAMP04519,LumaStyle_Organic_202606,2026-06-22,Organic,0.0,4413,118,2
CAMP04520,LumaStyle_Referral_202606,2026-06-22,Referral,0.0,969,112,5
CAMP04521,LumaStyle_GoogleAds_202606,2026-06-23,Google Ads,464.74,19377,331,15
CAMP04522,LumaStyle_MetaAds_202606,2026-06-23,Meta Ads,432.61,24840,293,19
CAMP04523,LumaStyle_Email_202606,2026-06-23,Email,26.53,3941,489,7
CAMP04524,LumaStyle_Organic_202606,2026-06-23,Organic,0.0,7949,237,6
CAMP04525,LumaStyle_Referral_202606,2026-06-23,Referral,0.0,861,94,6
CAMP04526,LumaStyle_GoogleAds_202606,2026-06-24,Google Ads,165.64,6939,141,6
CAMP04527,LumaStyle_MetaAds_202606,2026-06-24,Meta Ads,145.17,9572,146,10
CAMP04528,LumaStyle_Email_202606,2026-06-24,Email,36.02,4796,735,15
CAMP04529,LumaStyle_Organic_202606,2026-06-24,Organic,0.0,4687,137,1
CAMP04530,LumaStyle_Referral_202606,2026-06-24,Referral,0.0,1813,152,10
CAMP04531,LumaStyle_GoogleAds_202606,2026-06-25,Google Ads,496.6,20027,555,23
CAMP04532,LumaStyle_MetaAds_202606,2026-06-25,Meta Ads,107.45,7932,79,3
CAMP04533,LumaStyle_Email_202606,2026-06-25,Email,41.73,4552,639,18
CAMP04534,LumaStyle_Organic_202606,2026-06-25,Organic,0.0,5941,136,3
CAMP04535,LumaStyle_Referral_202606,2026-06-25,Referral,0.0,609,41,2
CAMP04536,LumaStyle_GoogleAds_202606,2026-06-26,Google Ads,492.07,20757,415,12
CAMP04537,LumaStyle_MetaAds_202606,2026-06-26,Meta Ads,300.22,16893,154,8
CAMP04538,LumaStyle_Email_202606,2026-06-26,Email,55.11,4497,665,17
CAMP04539,LumaStyle_Organic_202606,2026-06-26,Organic,0.0,4373,109,3
CAMP04540,LumaStyle_Referral_202606,2026-06-26,Referral,0.0,1295,136,8
CAMP04541,LumaStyle_GoogleAds_202606,2026-06-27,Google Ads,431.58,22406,364,8
CAMP04542,LumaStyle_MetaAds_202606,2026-06-27,Meta Ads,149.17,7804,104,6
CAMP04543,LumaStyle_Email_202606,2026-06-27,Email,72.35,3754,653,8
CAMP04544,LumaStyle_Organic_202606,2026-06-27,Organic,0.0,3579,126,1
CAMP04545,LumaStyle_Referral_202606,2026-06-27,Referral,0.0,1907,113,8
CAMP04546,LumaStyle_GoogleAds_202606,2026-06-28,Google Ads,379.27,18136,356,7
CAMP04547,LumaStyle_MetaAds_202606,2026-06-28,Meta Ads,110.06,6277,57,1
CAMP04548,LumaStyle_Email_202606,2026-06-28,Email,78.52,2368,387,5
CAMP04549,LumaStyle_Organic_202606,2026-06-28,Organic,0.0,4709,170,2
CAMP04550,LumaStyle_Referral_202606,2026-06-28,Referral,0.0,1042,84,3
CAMP04551,LumaStyle_GoogleAds_202606,2026-06-29,Google Ads,419.46,21578,419,10
CAMP04552,LumaStyle_MetaAds_202606,2026-06-29,Meta Ads,280.85,18195,283,13
CAMP04553,LumaStyle_Email_202606,2026-06-29,Email,79.3,4097,563,6
CAMP04554,LumaStyle_Organic_202606,2026-06-29,Organic,0.0,6859,152,3
CAMP04555,LumaStyle_Referral_202606,2026-06-29,Referral,0.0,1805,199,12
CAMP04556,LumaStyle_GoogleAds_202606,2026-06-30,Google Ads,333.5,15773,533,14
CAMP04557,LumaStyle_MetaAds_202606,2026-06-30,Meta Ads,111.14,5896,96,5
CAMP04558,LumaStyle_Email_202606,2026-06-30,Email,66.51,4761,683,11
CAMP04559,LumaStyle_Organic_202606,2026-06-30,Organic,0.0,4600,172,1
CAMP04560,LumaStyle_Referral_202606,2026-06-30,Referral,0.0,549,44,3
