transaction_id,customer_id,transaction_date,product_category,size_tier,quantity,price_per_unit,discount_percent,sales_channel,total_amount
TX000001,CUST00001,2026-02-17 00:00:00,Accessories,S,1,13.09,0.0,Online,13.09
TX000002,CUST00001,2026-06-05 00:00:00,Apparel,M,2,79.93,0.0,Online,159.86
TX000003,CUST00002,2025-12-12 00:00:00,Home & Living,M,1,114.48,0.0,Online,114.48
TX000004,CUST00002,2026-05-08 00:00:00,Footwear,M,1,132.13,0.0,In-Store,132.13
TX000005,CUST00002,2026-06-21 00:00:00,Footwear,XL,1,194.32,0.0,Online,194.32
TX000006,CUST00003,2024-04-03 00:00:00,Accessories,M,1,19.6,11.85,Online,17.28
TX000007,CUST00003,2025-04-21 00:00:00,Apparel,M,1,105.37,12.18,Online,92.54
TX000008,CUST00003,2025-07-20 00:00:00,Accessories,M,1,22.47,0.0,In-Store,22.47
TX000009,CUST00003,2025-09-03 00:00:00,Footwear,L,1,185.85,14.54,Online,158.83
TX000010,CUST00003,2025-11-04 00:00:00,Accessories,XS,1,12.75,0.0,In-Store,12.75
TX000011,CUST00003,2026-02-15 00:00:00,Home & Living,M,1,264.8,0.0,Online,264.8
TX000012,CUST00004,2024-05-21 00:00:00,Apparel,S,1,103.75,0.0,In-Store,103.75
TX000013,CUST00004,2025-06-23 00:00:00,Accessories,L,1,60.26,0.0,In-Store,60.26
TX000014,CUST00004,2025-09-03 00:00:00,Accessories,M,3,24.17,7.14,Online,67.33
TX000015,CUST00004,2026-02-18 00:00:00,Apparel,M,1,60.6,0.0,Online,60.6
TX000016,CUST00005,2025-09-05 00:00:00,Footwear,L,1,193.77,33.43,Online,128.99
TX000017,CUST00005,2025-09-12 00:00:00,Footwear,S,1,194.11,0.0,In-Store,194.11
TX000018,CUST00005,2025-09-22 00:00:00,Accessories,L,1,65.86,9.39,Online,59.68
TX000019,CUST00005,2025-12-26 00:00:00,Apparel,L,1,32.61,0.0,Online,32.61
TX000020,CUST00005,2026-01-02 00:00:00,Home & Living,M,2,267.34,0.0,In-Store,534.68
TX000021,CUST00005,2026-01-30 00:00:00,Home & Living,M,1,228.25,0.0,Online,228.25
TX000022,CUST00005,2026-03-02 00:00:00,Accessories,S,1,61.42,9.01,In-Store,55.89
TX000023,CUST00005,2026-06-04 00:00:00,Accessories,S,1,56.38,0.0,In-Store,56.38
TX000024,CUST00006,2026-06-21 00:00:00,Accessories,S,1,54.69,0.0,In-Store,54.69
TX000025,CUST00007,2024-04-28 00:00:00,Footwear,L,2,124.12,12.11,In-Store,218.18
TX000026,CUST00007,2024-06-03 00:00:00,Footwear,L,1,114.7,12.54,In-Store,100.32
TX000027,CUST00007,2024-07-14 00:00:00,Accessories,M,1,19.49,0.0,Online,19.49
TX000028,CUST00007,2024-08-12 00:00:00,Home & Living,XL,1,206.52,12.03,In-Store,181.68
TX000029,CUST00007,2024-09-13 00:00:00,Accessories,XS,2,56.05,0.0,Online,112.1
TX000030,CUST00007,2024-10-03 00:00:00,Footwear,M,3,199.51,0.0,In-Store,598.53
TX000031,CUST00007,2024-10-05 00:00:00,Apparel,M,1,72.93,0.0,In-Store,72.93
TX000032,CUST00007,2024-11-03 00:00:00,Apparel,L,1,49.73,0.0,In-Store,49.73
TX000033,CUST00007,2025-01-05 00:00:00,Home & Living,XL,2,149.73,0.0,Online,299.46
TX000034,CUST00007,2025-01-07 00:00:00,Home & Living,M,2,280.45,0.0,In-Store,560.9
TX000035,CUST00007,2025-04-25 00:00:00,Home & Living,M,1,150.48,0.0,In-Store,150.48
TX000036,CUST00007,2025-05-29 00:00:00,Footwear,L,1,72.29,6.26,Online,67.76
TX000037,CUST00007,2025-06-27 00:00:00,Footwear,M,1,103.48,0.0,Online,103.48
TX000038,CUST00007,2025-07-03 00:00:00,Accessories,S,1,16.08,0.0,Online,16.08
TX000039,CUST00007,2025-07-31 00:00:00,Home & Living,XS,1,210.73,0.0,In-Store,210.73
TX000040,CUST00007,2025-10-04 00:00:00,Accessories,L,1,14.99,0.0,In-Store,14.99
TX000041,CUST00007,2025-11-15 00:00:00,Footwear,M,1,189.37,16.32,Online,158.46
TX000042,CUST00007,2025-12-19 00:00:00,Footwear,XL,1,193.28,0.0,Online,193.28
TX000043,CUST00007,2026-01-06 00:00:00,Footwear,M,1,159.73,0.0,In-Store,159.73
TX000044,CUST00007,2026-04-02 00:00:00,Apparel,M,2,51.88,0.0,In-Store,103.76
TX000045,CUST00007,2026-04-19 00:00:00,Apparel,XS,1,41.91,0.0,In-Store,41.91
TX000046,CUST00008,2025-11-27 00:00:00,Apparel,XL,1,101.1,0.0,In-Store,101.1
TX000047,CUST00009,2024-11-27 00:00:00,Footwear,M,1,108.21,26.01,Online,80.06
TX000048,CUST00009,2025-05-18 00:00:00,Accessories,S,1,37.69,8.42,Online,34.52
TX000049,CUST00009,2025-10-13 00:00:00,Accessories,M,3,44.27,0.0,Online,132.81
TX000050,CUST00010,2026-02-09 00:00:00,Apparel,M,1,112.14,0.0,Online,112.14
TX000051,CUST00010,2026-03-05 00:00:00,Home & Living,L,1,190.18,0.0,Online,190.18
TX000052,CUST00010,2026-05-11 00:00:00,Accessories,S,2,12.94,0.0,In-Store,25.88
TX000053,CUST00010,2026-06-29 00:00:00,Footwear,S,1,89.76,0.0,In-Store,89.76
TX000054,CUST00011,2024-02-21 00:00:00,Apparel,M,1,87.3,0.0,Online,87.3
TX000055,CUST00011,2024-03-05 00:00:00,Footwear,XL,1,171.97,0.0,In-Store,171.97
TX000056,CUST00011,2024-06-03 00:00:00,Home & Living,M,1,70.81,0.0,In-Store,70.81
TX000057,CUST00011,2025-03-26 00:00:00,Apparel,M,1,86.62,0.0,Online,86.62
TX000058,CUST00011,2025-05-05 00:00:00,Accessories,XL,1,60.03,9.22,Online,54.5
TX000059,CUST00011,2025-08-16 00:00:00,Footwear,S,3,120.72,0.0,Online,362.16
TX000060,CUST00011,2026-01-05 00:00:00,Footwear,XL,1,51.18,0.0,In-Store,51.18
TX000061,CUST00012,2024-05-20 00:00:00,Footwear,S,1,59.11,25.17,Online,44.23
TX000062,CUST00012,2025-02-04 00:00:00,Footwear,M,1,143.4,0.0,Online,143.4
TX000063,CUST00012,2025-05-27 00:00:00,Footwear,M,1,84.82,36.82,Online,53.59
TX000064,CUST00012,2025-08-23 00:00:00,Footwear,L,1,94.01,0.0,In-Store,94.01
TX000065,CUST00012,2025-08-25 00:00:00,Home & Living,S,2,246.94,0.0,In-Store,493.88
TX000066,CUST00012,2025-09-20 00:00:00,Footwear,M,1,79.92,0.0,Online,79.92
TX000067,CUST00012,2025-11-01 00:00:00,Home & Living,S,1,182.56,0.0,Online,182.56
TX000068,CUST00013,2024-10-09 00:00:00,Accessories,M,1,24.57,0.0,Online,24.57
TX000069,CUST00013,2025-05-26 00:00:00,Accessories,XS,2,66.79,0.0,Online,133.58
TX000070,CUST00013,2025-08-29 00:00:00,Footwear,M,3,163.36,0.0,In-Store,490.08
TX000071,CUST00014,2026-01-11 00:00:00,Apparel,M,2,111.54,12.3,Online,195.64
TX000072,CUST00015,2026-02-20 00:00:00,Apparel,S,2,66.72,0.0,In-Store,133.44
TX000073,CUST00016,2025-12-26 00:00:00,Home & Living,L,2,144.98,0.0,Online,289.96
TX000074,CUST00016,2026-02-11 00:00:00,Accessories,XL,1,37.87,0.0,In-Store,37.87
TX000075,CUST00017,2024-11-01 00:00:00,Apparel,M,1,63.16,0.0,Online,63.16
TX000076,CUST00017,2026-02-02 00:00:00,Apparel,XL,4,118.1,0.0,In-Store,472.4
TX000077,CUST00018,2025-05-17 00:00:00,Accessories,L,2,39.0,0.0,Online,78.0
TX000078,CUST00018,2026-01-26 00:00:00,Home & Living,S,2,242.11,0.0,Online,484.22
TX000079,CUST00019,2024-11-08 00:00:00,Home & Living,S,2,77.41,16.95,Online,128.58
TX000080,CUST00019,2024-12-12 00:00:00,Footwear,M,4,66.57,18.05,In-Store,218.22
TX000081,CUST00019,2025-03-11 00:00:00,Footwear,L,1,160.53,0.0,In-Store,160.53
TX000082,CUST00019,2025-05-22 00:00:00,Accessories,M,1,28.49,0.0,In-Store,28.49
TX000083,CUST00019,2025-06-20 00:00:00,Accessories,S,1,43.57,12.79,Online,38.0
TX000084,CUST00019,2026-01-10 00:00:00,Footwear,M,1,59.33,0.0,Online,59.33
TX000085,CUST00019,2026-01-19 00:00:00,Footwear,M,1,127.84,14.23,Online,109.65
TX000086,CUST00019,2026-01-20 00:00:00,Footwear,M,2,112.54,22.7,Online,173.99
TX000087,CUST00019,2026-02-09 00:00:00,Apparel,XL,1,68.27,8.92,Online,62.18
TX000088,CUST00019,2026-02-21 00:00:00,Apparel,XL,1,79.32,8.83,Online,72.32
TX000089,CUST00020,2025-05-08 00:00:00,Accessories,XS,1,58.08,10.48,Online,51.99
TX000090,CUST00020,2025-09-06 00:00:00,Home & Living,L,1,273.58,0.0,Online,273.58
TX000091,CUST00020,2025-09-17 00:00:00,Accessories,L,1,39.96,0.0,Online,39.96
TX000092,CUST00020,2025-11-15 00:00:00,Footwear,M,1,185.04,6.6,In-Store,172.83
TX000093,CUST00020,2026-02-09 00:00:00,Apparel,L,2,92.18,0.0,In-Store,184.36
TX000094,CUST00021,2025-10-11 00:00:00,Apparel,XS,3,74.57,0.0,Online,223.71
TX000095,CUST00022,2025-05-28 00:00:00,Apparel,L,2,82.65,0.0,Online,165.3
TX000096,CUST00022,2025-06-17 00:00:00,Footwear,M,1,129.19,8.19,In-Store,118.61
TX000097,CUST00022,2025-07-02 00:00:00,Accessories,S,1,15.83,0.0,Online,15.83
TX000098,CUST00022,2025-09-27 00:00:00,Home & Living,S,1,224.02,0.0,Online,224.02
TX000099,CUST00022,2025-12-05 00:00:00,Home & Living,M,1,254.35,8.04,In-Store,233.9
TX000100,CUST00022,2026-02-08 00:00:00,Footwear,XS,3,90.39,24.36,Online,205.11
TX000101,CUST00022,2026-03-21 00:00:00,Apparel,M,1,116.53,0.0,Online,116.53
TX000102,CUST00022,2026-04-12 00:00:00,Home & Living,L,1,153.19,0.0,Online,153.19
TX000103,CUST00022,2026-04-17 00:00:00,Accessories,M,2,44.94,0.0,In-Store,89.88
TX000104,CUST00022,2026-05-12 00:00:00,Home & Living,S,1,79.36,18.83,Online,64.42
TX000105,CUST00023,2026-03-01 00:00:00,Home & Living,XL,1,220.08,0.0,In-Store,220.08
TX000106,CUST00023,2026-06-28 00:00:00,Accessories,S,1,72.23,0.0,In-Store,72.23
TX000107,CUST00024,2026-04-17 00:00:00,Home & Living,M,1,218.34,0.0,Online,218.34
TX000108,CUST00024,2026-04-22 00:00:00,Accessories,M,1,68.19,0.0,In-Store,68.19
TX000109,CUST00024,2026-05-02 00:00:00,Apparel,S,1,109.79,0.0,Online,109.79
TX000110,CUST00024,2026-05-04 00:00:00,Footwear,XS,2,103.69,31.88,In-Store,141.27
TX000111,CUST00024,2026-05-19 00:00:00,Accessories,M,1,24.4,7.81,In-Store,22.49
TX000112,CUST00024,2026-06-14 00:00:00,Home & Living,XS,2,93.6,0.0,In-Store,187.2
TX000113,CUST00025,2025-09-05 00:00:00,Accessories,M,1,52.89,0.0,In-Store,52.89
TX000114,CUST00025,2025-10-28 00:00:00,Accessories,L,2,18.28,0.0,In-Store,36.56
TX000115,CUST00025,2025-12-11 00:00:00,Home & Living,M,1,214.66,0.0,In-Store,214.66
TX000116,CUST00025,2026-01-22 00:00:00,Footwear,L,1,114.07,0.0,In-Store,114.07
TX000117,CUST00025,2026-03-23 00:00:00,Footwear,L,1,152.03,0.0,Online,152.03
TX000118,CUST00025,2026-05-12 00:00:00,Accessories,M,1,69.7,0.0,Online,69.7
TX000119,CUST00025,2026-05-16 00:00:00,Apparel,XL,4,46.43,0.0,In-Store,185.72
TX000120,CUST00025,2026-06-20 00:00:00,Apparel,M,1,34.19,0.0,In-Store,34.19
TX000121,CUST00026,2025-12-24 00:00:00,Accessories,S,3,64.11,0.0,Online,192.33
TX000122,CUST00026,2026-03-28 00:00:00,Footwear,XS,2,143.8,0.0,Online,287.6
TX000123,CUST00027,2025-02-05 00:00:00,Footwear,L,1,142.6,0.0,In-Store,142.6
TX000124,CUST00027,2025-02-09 00:00:00,Footwear,S,1,169.27,0.0,In-Store,169.27
TX000125,CUST00027,2025-03-28 00:00:00,Apparel,XS,1,56.18,7.57,Online,51.93
TX000126,CUST00027,2025-10-11 00:00:00,Accessories,M,3,18.19,0.0,Online,54.57
TX000127,CUST00028,2026-01-20 00:00:00,Accessories,S,1,38.33,0.0,In-Store,38.33
TX000128,CUST00028,2026-01-24 00:00:00,Accessories,XS,1,30.06,0.0,Online,30.06
TX000129,CUST00029,2025-06-30 00:00:00,Accessories,S,4,51.64,0.0,Online,206.56
TX000130,CUST00029,2025-11-26 00:00:00,Footwear,M,1,99.67,0.0,In-Store,99.67
TX000131,CUST00029,2026-01-05 00:00:00,Accessories,XL,1,66.95,0.0,Online,66.95
TX000132,CUST00029,2026-02-17 00:00:00,Accessories,L,1,23.85,0.0,In-Store,23.85
TX000133,CUST00029,2026-03-16 00:00:00,Footwear,XS,1,77.64,0.0,Online,77.64
TX000134,CUST00030,2025-10-07 00:00:00,Apparel,L,1,51.99,11.55,Online,45.99
TX000135,CUST00030,2026-03-18 00:00:00,Accessories,M,1,64.79,0.0,Online,64.79
TX000136,CUST00031,2026-04-03 00:00:00,Home & Living,L,1,284.41,0.0,In-Store,284.41
TX000137,CUST00031,2026-04-07 00:00:00,Apparel,M,1,108.86,9.74,Online,98.26
TX000138,CUST00031,2026-04-16 00:00:00,Footwear,M,4,86.68,26.56,Online,254.63
TX000139,CUST00031,2026-04-24 00:00:00,Home & Living,M,1,201.81,0.0,Online,201.81
TX000140,CUST00031,2026-05-05 00:00:00,Footwear,XS,1,62.21,0.0,In-Store,62.21
TX000141,CUST00031,2026-06-19 00:00:00,Home & Living,M,1,158.03,0.0,Online,158.03
TX000142,CUST00032,2025-03-05 00:00:00,Apparel,S,1,110.01,0.0,Online,110.01
TX000143,CUST00032,2025-11-03 00:00:00,Footwear,XS,1,190.32,24.27,Online,144.13
TX000144,CUST00032,2026-04-08 00:00:00,Home & Living,M,1,45.9,0.0,Online,45.9
TX000145,CUST00033,2025-06-08 00:00:00,Apparel,XS,1,47.21,0.0,Online,47.21
TX000146,CUST00033,2025-09-28 00:00:00,Apparel,S,2,113.03,6.78,Online,210.73
TX000147,CUST00034,2024-12-17 00:00:00,Accessories,L,2,74.87,0.0,In-Store,149.74
TX000148,CUST00035,2026-04-03 00:00:00,Apparel,M,1,73.7,0.0,Online,73.7
TX000149,CUST00035,2026-05-18 00:00:00,Accessories,L,1,43.53,0.0,In-Store,43.53
TX000150,CUST00036,2025-12-18 00:00:00,Footwear,L,2,54.52,35.58,Online,70.24
TX000151,CUST00036,2025-12-29 00:00:00,Home & Living,L,1,146.07,0.0,Online,146.07
TX000152,CUST00036,2026-04-14 00:00:00,Home & Living,XL,1,185.41,7.09,In-Store,172.26
TX000153,CUST00036,2026-04-20 00:00:00,Footwear,S,4,80.63,23.71,Online,246.05
TX000154,CUST00036,2026-04-25 00:00:00,Footwear,L,1,95.7,28.62,Online,68.31
TX000155,CUST00037,2024-09-20 00:00:00,Apparel,S,1,106.67,0.0,Online,106.67
TX000156,CUST00037,2024-10-03 00:00:00,Footwear,L,2,108.35,0.0,Online,216.7
TX000157,CUST00037,2025-02-19 00:00:00,Footwear,M,1,136.26,12.1,In-Store,119.77
TX000158,CUST00037,2025-03-19 00:00:00,Accessories,S,1,63.6,0.0,Online,63.6
TX000159,CUST00037,2025-05-18 00:00:00,Footwear,L,1,136.42,0.0,Online,136.42
TX000160,CUST00037,2025-08-05 00:00:00,Home & Living,S,1,253.21,0.0,Online,253.21
TX000161,CUST00037,2025-11-01 00:00:00,Footwear,XL,1,186.62,24.9,Online,140.15
TX000162,CUST00037,2026-01-11 00:00:00,Home & Living,L,2,177.5,0.0,Online,355.0
TX000163,CUST00037,2026-05-30 00:00:00,Footwear,M,1,164.28,17.91,In-Store,134.86
TX000164,CUST00038,2025-04-15 00:00:00,Footwear,S,1,145.83,0.0,Online,145.83
TX000165,CUST00038,2025-07-08 00:00:00,Accessories,L,1,10.7,14.17,Online,9.18
TX000166,CUST00038,2025-12-08 00:00:00,Apparel,M,1,87.42,0.0,Online,87.42
TX000167,CUST00039,2024-07-11 00:00:00,Footwear,S,1,150.71,14.56,Online,128.77
TX000168,CUST00039,2025-09-04 00:00:00,Accessories,M,1,13.1,0.0,Online,13.1
TX000169,CUST00039,2026-04-04 00:00:00,Apparel,L,1,54.29,5.12,In-Store,51.51
TX000170,CUST00040,2024-08-29 00:00:00,Footwear,XS,1,52.18,0.0,In-Store,52.18
TX000171,CUST00040,2024-11-14 00:00:00,Apparel,S,2,103.89,9.18,Online,188.71
TX000172,CUST00041,2025-07-04 00:00:00,Footwear,S,1,82.07,11.08,Online,72.98
TX000173,CUST00041,2026-01-12 00:00:00,Footwear,L,1,148.69,26.84,Online,108.78
TX000174,CUST00041,2026-06-11 00:00:00,Footwear,L,4,65.27,0.0,In-Store,261.08
TX000175,CUST00042,2025-09-08 00:00:00,Accessories,L,1,51.3,0.0,Online,51.3
TX000176,CUST00043,2026-05-27 00:00:00,Footwear,S,1,146.09,25.56,In-Store,108.75
TX000177,CUST00044,2025-11-20 00:00:00,Accessories,XL,1,29.28,7.04,Online,27.22
TX000178,CUST00044,2025-11-25 00:00:00,Footwear,M,2,99.3,27.53,In-Store,143.93
TX000179,CUST00044,2026-01-06 00:00:00,Home & Living,S,2,95.69,0.0,Online,191.38
TX000180,CUST00044,2026-02-22 00:00:00,Accessories,XS,1,34.8,0.0,Online,34.8
TX000181,CUST00044,2026-04-12 00:00:00,Apparel,S,3,29.95,0.0,In-Store,89.85
TX000182,CUST00044,2026-05-12 00:00:00,Accessories,L,1,15.08,0.0,Online,15.08
TX000183,CUST00044,2026-05-17 00:00:00,Accessories,S,1,29.7,0.0,In-Store,29.7
TX000184,CUST00045,2026-02-20 00:00:00,Footwear,M,1,120.61,0.0,In-Store,120.61
TX000185,CUST00046,2026-04-09 00:00:00,Home & Living,M,1,75.49,0.0,Online,75.49
TX000186,CUST00047,2025-05-10 00:00:00,Accessories,L,2,22.72,0.0,Online,45.44
TX000187,CUST00047,2025-09-21 00:00:00,Home & Living,M,1,280.31,0.0,In-Store,280.31
TX000188,CUST00048,2024-04-26 00:00:00,Accessories,L,1,38.36,0.0,In-Store,38.36
TX000189,CUST00048,2024-07-23 00:00:00,Footwear,S,1,105.23,18.49,Online,85.77
TX000190,CUST00048,2025-04-16 00:00:00,Home & Living,S,1,214.25,0.0,In-Store,214.25
TX000191,CUST00048,2025-05-10 00:00:00,Accessories,XS,1,49.14,0.0,In-Store,49.14
TX000192,CUST00048,2025-10-18 00:00:00,Footwear,S,1,137.92,0.0,Online,137.92
TX000193,CUST00049,2025-12-08 00:00:00,Footwear,M,2,188.65,0.0,Online,377.3
TX000194,CUST00049,2025-12-11 00:00:00,Accessories,XS,1,23.62,0.0,In-Store,23.62
TX000195,CUST00049,2026-01-18 00:00:00,Footwear,M,1,60.48,0.0,Online,60.48
TX000196,CUST00049,2026-03-20 00:00:00,Accessories,S,1,22.12,9.86,Online,19.94
TX000197,CUST00049,2026-04-05 00:00:00,Accessories,XL,1,13.83,12.59,Online,12.09
TX000198,CUST00049,2026-05-03 00:00:00,Apparel,S,2,40.78,14.44,Online,69.78
TX000199,CUST00049,2026-06-09 00:00:00,Footwear,M,1,164.08,14.31,In-Store,140.6
TX000200,CUST00050,2025-03-18 00:00:00,Footwear,M,1,152.28,16.03,Online,127.87
TX000201,CUST00050,2025-05-30 00:00:00,Apparel,L,4,107.94,0.0,Online,431.76
TX000202,CUST00050,2025-10-16 00:00:00,Accessories,L,1,17.99,0.0,In-Store,17.99
TX000203,CUST00050,2025-10-29 00:00:00,Footwear,S,1,148.83,0.0,Online,148.83
TX000204,CUST00050,2025-12-03 00:00:00,Home & Living,M,1,130.45,17.11,Online,108.13
TX000205,CUST00050,2026-02-27 00:00:00,Footwear,M,2,169.09,37.87,In-Store,210.11
TX000206,CUST00051,2024-09-16 00:00:00,Accessories,XS,2,66.96,0.0,In-Store,133.92
TX000207,CUST00051,2024-12-26 00:00:00,Apparel,S,1,88.94,0.0,In-Store,88.94
TX000208,CUST00051,2025-03-30 00:00:00,Apparel,M,1,76.36,9.26,In-Store,69.29
TX000209,CUST00051,2025-11-12 00:00:00,Accessories,L,3,31.22,0.0,Online,93.66
TX000210,CUST00052,2025-06-05 00:00:00,Apparel,M,1,60.82,0.0,In-Store,60.82
TX000211,CUST00052,2025-09-24 00:00:00,Footwear,L,2,83.53,8.07,Online,153.58
TX000212,CUST00052,2026-05-31 00:00:00,Apparel,S,1,37.1,14.5,In-Store,31.72
TX000213,CUST00052,2026-06-26 00:00:00,Accessories,M,2,73.69,0.0,Online,147.38
TX000214,CUST00053,2024-09-24 00:00:00,Apparel,M,1,68.76,28.57,In-Store,49.12
TX000215,CUST00053,2025-01-20 00:00:00,Home & Living,M,1,211.32,0.0,In-Store,211.32
TX000216,CUST00053,2025-07-16 00:00:00,Apparel,S,1,105.53,0.0,In-Store,105.53
TX000217,CUST00054,2024-10-04 00:00:00,Apparel,S,3,98.72,0.0,In-Store,296.16
TX000218,CUST00054,2024-10-19 00:00:00,Accessories,XL,4,45.62,0.0,In-Store,182.48
TX000219,CUST00054,2026-02-18 00:00:00,Footwear,M,1,159.01,37.31,In-Store,99.68
TX000220,CUST00054,2026-03-06 00:00:00,Apparel,S,2,92.41,0.0,Online,184.82
TX000221,CUST00054,2026-03-23 00:00:00,Home & Living,M,2,90.59,0.0,Online,181.18
TX000222,CUST00054,2026-06-10 00:00:00,Apparel,L,1,118.91,28.76,Online,84.71
TX000223,CUST00055,2025-06-15 00:00:00,Home & Living,M,1,287.96,0.0,Online,287.96
TX000224,CUST00055,2025-07-28 00:00:00,Apparel,M,2,107.17,0.0,Online,214.34
TX000225,CUST00055,2025-09-29 00:00:00,Apparel,S,1,36.59,0.0,In-Store,36.59
TX000226,CUST00055,2025-12-18 00:00:00,Footwear,M,1,161.8,0.0,Online,161.8
TX000227,CUST00055,2026-02-03 00:00:00,Footwear,M,1,68.79,29.98,In-Store,48.17
TX000228,CUST00056,2024-05-27 00:00:00,Apparel,L,2,44.71,0.0,Online,89.42
TX000229,CUST00056,2025-08-05 00:00:00,Apparel,S,1,101.05,8.22,Online,92.74
TX000230,CUST00056,2025-09-05 00:00:00,Apparel,XL,1,36.85,29.16,Online,26.1
TX000231,CUST00056,2025-09-16 00:00:00,Accessories,M,1,71.5,0.0,In-Store,71.5
TX000232,CUST00056,2025-09-23 00:00:00,Footwear,M,1,128.4,0.0,Online,128.4
TX000233,CUST00056,2026-06-03 00:00:00,Accessories,S,1,19.21,0.0,Online,19.21
TX000234,CUST00057,2024-11-12 00:00:00,Home & Living,XL,1,207.19,0.0,Online,207.19
TX000235,CUST00057,2025-11-03 00:00:00,Accessories,M,1,14.59,0.0,In-Store,14.59
TX000236,CUST00057,2026-05-27 00:00:00,Home & Living,L,1,206.66,0.0,Online,206.66
TX000237,CUST00058,2024-04-29 00:00:00,Apparel,L,1,63.64,7.22,In-Store,59.05
TX000238,CUST00058,2024-06-16 00:00:00,Accessories,XL,1,16.37,0.0,Online,16.37
TX000239,CUST00058,2024-10-20 00:00:00,Apparel,M,1,94.19,25.53,Online,70.14
TX000240,CUST00058,2024-11-12 00:00:00,Home & Living,XL,1,195.98,0.0,Online,195.98
TX000241,CUST00058,2025-08-07 00:00:00,Home & Living,L,2,214.62,0.0,Online,429.24
TX000242,CUST00058,2025-10-20 00:00:00,Accessories,S,1,54.63,0.0,In-Store,54.63
TX000243,CUST00059,2025-10-24 00:00:00,Footwear,S,1,197.94,0.0,Online,197.94
TX000244,CUST00059,2026-01-19 00:00:00,Accessories,S,1,65.76,0.0,Online,65.76
TX000245,CUST00059,2026-04-26 00:00:00,Accessories,M,3,20.73,12.43,Online,54.46
TX000246,CUST00059,2026-06-01 00:00:00,Footwear,M,1,189.87,22.42,In-Store,147.3
TX000247,CUST00060,2026-03-02 00:00:00,Home & Living,L,1,230.83,0.0,In-Store,230.83
TX000248,CUST00061,2025-07-08 00:00:00,Accessories,M,1,33.86,8.53,Online,30.97
TX000249,CUST00061,2026-01-06 00:00:00,Apparel,L,1,89.51,0.0,In-Store,89.51
TX000250,CUST00061,2026-03-24 00:00:00,Footwear,S,1,81.96,0.0,Online,81.96
TX000251,CUST00061,2026-05-09 00:00:00,Apparel,XS,3,109.79,0.0,Online,329.37
TX000252,CUST00062,2025-11-02 00:00:00,Footwear,M,1,65.2,0.0,Online,65.2
TX000253,CUST00063,2025-10-16 00:00:00,Home & Living,XL,1,271.43,0.0,Online,271.43
TX000254,CUST00064,2025-01-18 00:00:00,Accessories,XS,1,28.52,9.21,Online,25.89
TX000255,CUST00064,2026-01-15 00:00:00,Footwear,M,3,197.44,22.12,Online,461.3
TX000256,CUST00064,2026-04-02 00:00:00,Footwear,S,1,193.65,0.0,Online,193.65
TX000257,CUST00065,2025-09-22 00:00:00,Home & Living,L,1,56.89,0.0,In-Store,56.89
TX000258,CUST00065,2026-04-28 00:00:00,Home & Living,L,2,264.0,0.0,Online,528.0
TX000259,CUST00065,2026-05-21 00:00:00,Apparel,M,2,72.72,29.81,Online,102.08
TX000260,CUST00066,2024-12-24 00:00:00,Footwear,M,1,155.02,0.0,Online,155.02
TX000261,CUST00066,2025-02-03 00:00:00,Home & Living,S,1,131.35,0.0,In-Store,131.35
TX000262,CUST00066,2025-11-26 00:00:00,Accessories,M,1,13.39,0.0,Online,13.39
TX000263,CUST00067,2025-05-05 00:00:00,Home & Living,S,1,60.68,13.28,In-Store,52.62
TX000264,CUST00067,2025-09-13 00:00:00,Home & Living,S,2,191.06,0.0,Online,382.12
TX000265,CUST00068,2025-10-02 00:00:00,Apparel,M,3,83.81,16.85,In-Store,209.06
TX000266,CUST00068,2025-10-31 00:00:00,Accessories,L,1,45.78,0.0,In-Store,45.78
TX000267,CUST00068,2025-12-17 00:00:00,Home & Living,XS,2,153.85,0.0,In-Store,307.7
TX000268,CUST00068,2025-12-18 00:00:00,Apparel,XL,1,51.04,0.0,Online,51.04
TX000269,CUST00068,2026-04-27 00:00:00,Footwear,M,1,129.87,0.0,Online,129.87
TX000270,CUST00069,2025-04-26 00:00:00,Accessories,XL,1,47.17,0.0,Online,47.17
TX000271,CUST00069,2025-07-02 00:00:00,Home & Living,S,1,93.39,0.0,Online,93.39
TX000272,CUST00069,2026-06-10 00:00:00,Apparel,XS,1,114.49,8.32,In-Store,104.96
TX000273,CUST00070,2025-04-16 00:00:00,Home & Living,M,1,221.95,0.0,In-Store,221.95
TX000274,CUST00071,2026-03-01 00:00:00,Home & Living,M,1,290.79,0.0,In-Store,290.79
TX000275,CUST00071,2026-06-12 00:00:00,Apparel,M,2,90.37,0.0,Online,180.74
TX000276,CUST00072,2025-12-31 00:00:00,Home & Living,M,1,201.9,0.0,Online,201.9
TX000277,CUST00073,2025-12-31 00:00:00,Accessories,S,1,63.01,10.7,In-Store,56.27
TX000278,CUST00073,2026-04-09 00:00:00,Home & Living,XS,1,82.1,0.0,In-Store,82.1
TX000279,CUST00073,2026-04-13 00:00:00,Accessories,S,1,51.93,0.0,In-Store,51.93
TX000280,CUST00074,2025-08-25 00:00:00,Accessories,XL,1,15.43,11.27,Online,13.69
TX000281,CUST00074,2025-09-10 00:00:00,Apparel,S,1,102.73,0.0,Online,102.73
TX000282,CUST00075,2025-03-06 00:00:00,Home & Living,S,1,67.62,0.0,Online,67.62
TX000283,CUST00075,2025-09-14 00:00:00,Footwear,M,1,186.83,19.95,Online,149.56
TX000284,CUST00076,2025-12-25 00:00:00,Apparel,L,1,36.24,0.0,In-Store,36.24
TX000285,CUST00076,2025-12-27 00:00:00,Accessories,M,1,31.76,9.25,In-Store,28.82
TX000286,CUST00076,2025-12-27 00:00:00,Home & Living,XL,1,62.54,0.0,In-Store,62.54
TX000287,CUST00076,2026-01-11 00:00:00,Apparel,S,2,106.86,0.0,In-Store,213.72
TX000288,CUST00076,2026-01-25 00:00:00,Footwear,M,2,167.83,0.0,Online,335.66
TX000289,CUST00076,2026-02-09 00:00:00,Home & Living,M,1,120.61,16.51,Online,100.7
TX000290,CUST00076,2026-02-28 00:00:00,Footwear,M,1,145.49,38.04,In-Store,90.15
TX000291,CUST00076,2026-04-03 00:00:00,Footwear,M,1,173.21,25.33,Online,129.34
TX000292,CUST00077,2025-02-21 00:00:00,Apparel,L,1,58.19,0.0,In-Store,58.19
TX000293,CUST00077,2025-02-28 00:00:00,Accessories,S,2,45.85,0.0,Online,91.7
TX000294,CUST00077,2025-04-29 00:00:00,Accessories,M,1,55.23,12.33,In-Store,48.42
TX000295,CUST00077,2025-06-04 00:00:00,Apparel,XS,1,32.01,0.0,In-Store,32.01
TX000296,CUST00077,2025-06-20 00:00:00,Apparel,M,1,103.95,0.0,In-Store,103.95
TX000297,CUST00077,2025-08-24 00:00:00,Home & Living,XS,1,226.48,0.0,In-Store,226.48
TX000298,CUST00077,2025-08-24 00:00:00,Apparel,XS,2,28.05,0.0,Online,56.1
TX000299,CUST00077,2025-10-20 00:00:00,Footwear,L,1,174.43,0.0,Online,174.43
TX000300,CUST00077,2025-12-02 00:00:00,Accessories,L,1,15.98,0.0,In-Store,15.98
TX000301,CUST00077,2026-05-01 00:00:00,Apparel,L,1,42.45,0.0,Online,42.45
TX000302,CUST00077,2026-06-06 00:00:00,Footwear,XS,1,147.9,0.0,Online,147.9
TX000303,CUST00077,2026-06-25 00:00:00,Footwear,XS,1,66.26,26.11,In-Store,48.96
TX000304,CUST00078,2024-06-26 00:00:00,Accessories,M,1,12.1,0.0,In-Store,12.1
TX000305,CUST00078,2024-12-24 00:00:00,Footwear,M,1,97.19,0.0,Online,97.19
TX000306,CUST00078,2025-04-27 00:00:00,Footwear,M,1,97.17,17.45,Online,80.21
TX000307,CUST00078,2026-02-16 00:00:00,Apparel,L,1,98.63,24.9,Online,74.07
TX000308,CUST00079,2024-10-05 00:00:00,Accessories,L,2,20.47,0.0,Online,40.94
TX000309,CUST00079,2025-02-07 00:00:00,Home & Living,XL,1,69.77,0.0,In-Store,69.77
TX000310,CUST00079,2025-02-24 00:00:00,Footwear,M,1,199.55,0.0,In-Store,199.55
TX000311,CUST00079,2026-04-03 00:00:00,Apparel,XL,2,38.55,0.0,Online,77.1
TX000312,CUST00079,2026-05-30 00:00:00,Apparel,M,1,68.21,12.39,Online,59.76
TX000313,CUST00080,2025-12-17 00:00:00,Footwear,XL,1,178.85,0.0,In-Store,178.85
TX000314,CUST00081,2025-09-20 00:00:00,Footwear,M,1,181.33,0.0,In-Store,181.33
TX000315,CUST00082,2024-11-07 00:00:00,Home & Living,L,1,186.09,0.0,Online,186.09
TX000316,CUST00083,2025-12-05 00:00:00,Apparel,L,1,94.52,0.0,In-Store,94.52
TX000317,CUST00083,2026-02-14 00:00:00,Home & Living,L,1,125.74,0.0,Online,125.74
TX000318,CUST00084,2024-08-08 00:00:00,Accessories,XL,1,12.04,0.0,Online,12.04
TX000319,CUST00084,2025-07-06 00:00:00,Footwear,M,4,82.01,5.8,In-Store,309.01
TX000320,CUST00084,2025-12-27 00:00:00,Accessories,L,1,14.5,0.0,Online,14.5
TX000321,CUST00085,2025-05-18 00:00:00,Apparel,S,1,110.66,23.83,Online,84.29
TX000322,CUST00085,2025-06-25 00:00:00,Footwear,XL,1,167.58,0.0,Online,167.58
TX000323,CUST00085,2026-04-14 00:00:00,Apparel,S,1,109.91,23.07,Online,84.55
TX000324,CUST00086,2024-09-27 00:00:00,Apparel,S,1,118.01,0.0,Online,118.01
TX000325,CUST00086,2024-10-08 00:00:00,Home & Living,M,1,85.66,0.0,In-Store,85.66
TX000326,CUST00086,2025-01-01 00:00:00,Home & Living,M,2,168.05,0.0,In-Store,336.1
TX000327,CUST00086,2025-01-18 00:00:00,Footwear,S,1,174.23,0.0,In-Store,174.23
TX000328,CUST00086,2025-01-30 00:00:00,Footwear,M,1,76.53,0.0,Online,76.53
TX000329,CUST00086,2025-02-22 00:00:00,Footwear,XS,1,155.31,0.0,In-Store,155.31
TX000330,CUST00086,2025-02-25 00:00:00,Apparel,L,1,83.54,0.0,Online,83.54
TX000331,CUST00086,2025-06-20 00:00:00,Apparel,L,1,72.82,0.0,In-Store,72.82
TX000332,CUST00086,2025-08-14 00:00:00,Footwear,M,1,67.18,0.0,In-Store,67.18
TX000333,CUST00086,2025-08-14 00:00:00,Footwear,XS,1,173.06,0.0,In-Store,173.06
TX000334,CUST00086,2025-11-14 00:00:00,Accessories,XL,1,27.39,0.0,Online,27.39
TX000335,CUST00086,2025-12-28 00:00:00,Accessories,L,1,69.09,5.26,In-Store,65.46
TX000336,CUST00086,2025-12-29 00:00:00,Home & Living,XL,1,289.18,0.0,Online,289.18
TX000337,CUST00086,2026-01-06 00:00:00,Footwear,M,2,170.2,0.0,Online,340.4
TX000338,CUST00086,2026-02-17 00:00:00,Accessories,S,1,30.68,7.31,In-Store,28.44
TX000339,CUST00086,2026-03-11 00:00:00,Footwear,S,2,144.1,24.35,In-Store,218.02
TX000340,CUST00086,2026-05-09 00:00:00,Accessories,M,1,55.99,0.0,Online,55.99
TX000341,CUST00087,2026-02-06 00:00:00,Home & Living,L,1,207.92,0.0,Online,207.92
TX000342,CUST00088,2024-06-19 00:00:00,Apparel,S,1,80.04,16.48,Online,66.85
TX000343,CUST00088,2024-07-21 00:00:00,Accessories,M,1,42.13,0.0,In-Store,42.13
TX000344,CUST00088,2024-09-22 00:00:00,Apparel,M,1,71.22,0.0,Online,71.22
TX000345,CUST00088,2025-01-19 00:00:00,Footwear,M,2,76.97,11.25,Online,136.62
TX000346,CUST00088,2025-02-03 00:00:00,Footwear,S,4,140.0,23.26,Online,429.74
TX000347,CUST00088,2026-03-04 00:00:00,Apparel,XS,1,97.29,14.12,In-Store,83.55
TX000348,CUST00089,2026-01-18 00:00:00,Home & Living,M,2,207.76,0.0,In-Store,415.52
TX000349,CUST00090,2025-12-30 00:00:00,Home & Living,M,1,89.55,0.0,Online,89.55
TX000350,CUST00090,2026-01-23 00:00:00,Home & Living,M,2,200.07,0.0,Online,400.14
TX000351,CUST00090,2026-02-13 00:00:00,Apparel,M,1,109.5,0.0,Online,109.5
TX000352,CUST00090,2026-03-14 00:00:00,Home & Living,S,1,65.38,0.0,Online,65.38
TX000353,CUST00090,2026-05-02 00:00:00,Accessories,S,1,34.18,0.0,Online,34.18
TX000354,CUST00090,2026-05-28 00:00:00,Footwear,S,1,98.23,7.32,Online,91.04
TX000355,CUST00090,2026-06-05 00:00:00,Apparel,L,1,86.4,0.0,Online,86.4
TX000356,CUST00090,2026-06-25 00:00:00,Footwear,M,1,91.16,20.85,In-Store,72.15
TX000357,CUST00091,2025-11-12 00:00:00,Apparel,M,1,26.55,0.0,In-Store,26.55
TX000358,CUST00091,2025-11-20 00:00:00,Home & Living,M,2,141.09,0.0,Online,282.18
TX000359,CUST00091,2025-12-14 00:00:00,Footwear,XL,1,146.16,0.0,In-Store,146.16
TX000360,CUST00091,2026-01-22 00:00:00,Apparel,S,1,119.39,0.0,In-Store,119.39
TX000361,CUST00091,2026-02-22 00:00:00,Apparel,XL,3,107.46,24.62,Online,243.01
TX000362,CUST00091,2026-03-09 00:00:00,Footwear,L,1,75.55,21.12,Online,59.59
TX000363,CUST00091,2026-03-27 00:00:00,Footwear,M,1,150.24,0.0,Online,150.24
TX000364,CUST00091,2026-06-14 00:00:00,Home & Living,S,1,228.68,0.0,Online,228.68
TX000365,CUST00091,2026-06-28 00:00:00,Accessories,M,1,14.88,0.0,Online,14.88
TX000366,CUST00092,2026-03-01 00:00:00,Home & Living,M,2,117.63,0.0,Online,235.26
TX000367,CUST00092,2026-04-04 00:00:00,Accessories,S,3,35.06,0.0,In-Store,105.18
TX000368,CUST00093,2025-10-10 00:00:00,Apparel,L,1,108.24,0.0,Online,108.24
TX000369,CUST00094,2025-05-05 00:00:00,Apparel,S,1,45.15,0.0,Online,45.15
TX000370,CUST00094,2025-07-19 00:00:00,Home & Living,S,1,206.88,0.0,Online,206.88
TX000371,CUST00094,2025-12-12 00:00:00,Home & Living,M,1,165.81,0.0,In-Store,165.81
TX000372,CUST00094,2026-06-23 00:00:00,Accessories,M,1,68.18,0.0,Online,68.18
TX000373,CUST00095,2025-09-23 00:00:00,Accessories,XL,1,54.29,8.32,Online,49.77
TX000374,CUST00095,2025-11-09 00:00:00,Footwear,L,1,76.63,7.69,In-Store,70.74
TX000375,CUST00095,2025-11-12 00:00:00,Footwear,M,1,123.25,8.83,In-Store,112.37
TX000376,CUST00095,2025-12-18 00:00:00,Accessories,L,1,20.87,5.94,Online,19.63
TX000377,CUST00095,2025-12-25 00:00:00,Home & Living,XS,4,103.19,0.0,Online,412.76
TX000378,CUST00095,2026-01-04 00:00:00,Home & Living,M,2,240.25,0.0,In-Store,480.5
TX000379,CUST00095,2026-01-05 00:00:00,Apparel,XS,1,63.98,29.85,Online,44.88
TX000380,CUST00095,2026-01-12 00:00:00,Footwear,XL,1,161.65,38.42,In-Store,99.54
TX000381,CUST00095,2026-02-06 00:00:00,Footwear,S,4,181.41,36.86,Online,458.17
TX000382,CUST00095,2026-02-16 00:00:00,Home & Living,M,1,45.89,0.0,Online,45.89
TX000383,CUST00095,2026-02-16 00:00:00,Footwear,XL,1,168.88,8.86,Online,153.92
TX000384,CUST00095,2026-02-25 00:00:00,Home & Living,L,1,211.04,0.0,Online,211.04
TX000385,CUST00095,2026-03-18 00:00:00,Home & Living,M,2,67.71,0.0,Online,135.42
TX000386,CUST00095,2026-04-10 00:00:00,Apparel,L,1,58.27,26.48,In-Store,42.84
TX000387,CUST00095,2026-04-11 00:00:00,Apparel,XL,2,38.55,0.0,Online,77.1
TX000388,CUST00095,2026-04-17 00:00:00,Home & Living,XL,1,214.8,0.0,Online,214.8
TX000389,CUST00095,2026-05-24 00:00:00,Home & Living,L,1,80.93,0.0,In-Store,80.93
TX000390,CUST00095,2026-06-02 00:00:00,Accessories,XL,1,37.06,8.05,Online,34.08
TX000391,CUST00095,2026-06-06 00:00:00,Accessories,M,1,66.93,0.0,Online,66.93
TX000392,CUST00096,2026-01-01 00:00:00,Apparel,S,3,27.51,0.0,Online,82.53
TX000393,CUST00096,2026-01-11 00:00:00,Accessories,L,1,34.25,0.0,In-Store,34.25
TX000394,CUST00096,2026-02-22 00:00:00,Footwear,M,1,150.51,0.0,In-Store,150.51
TX000395,CUST00097,2026-04-16 00:00:00,Apparel,XS,1,34.25,17.04,Online,28.41
TX000396,CUST00098,2025-07-04 00:00:00,Accessories,S,1,53.92,0.0,Online,53.92
TX000397,CUST00098,2025-08-19 00:00:00,Apparel,L,2,84.25,6.68,Online,157.24
TX000398,CUST00098,2025-09-19 00:00:00,Accessories,XS,1,40.79,0.0,Online,40.79
TX000399,CUST00098,2026-02-15 00:00:00,Footwear,M,1,77.61,34.67,Online,50.7
TX000400,CUST00098,2026-02-26 00:00:00,Apparel,S,1,85.44,25.46,In-Store,63.69
TX000401,CUST00098,2026-03-21 00:00:00,Accessories,M,1,28.85,0.0,In-Store,28.85
TX000402,CUST00098,2026-06-01 00:00:00,Footwear,S,1,169.98,0.0,In-Store,169.98
TX000403,CUST00098,2026-06-21 00:00:00,Apparel,M,1,26.05,21.13,In-Store,20.55
TX000404,CUST00099,2025-06-15 00:00:00,Accessories,L,1,65.63,0.0,Online,65.63
TX000405,CUST00099,2025-10-30 00:00:00,Apparel,M,1,39.38,0.0,Online,39.38
TX000406,CUST00100,2026-04-23 00:00:00,Accessories,S,1,70.28,0.0,Online,70.28
TX000407,CUST00101,2024-10-07 00:00:00,Footwear,L,1,84.73,0.0,In-Store,84.73
TX000408,CUST00101,2024-10-23 00:00:00,Footwear,M,3,59.29,6.31,In-Store,166.65
TX000409,CUST00101,2024-11-15 00:00:00,Apparel,XL,3,55.51,0.0,Online,166.53
TX000410,CUST00101,2024-12-14 00:00:00,Accessories,L,1,41.92,0.0,Online,41.92
TX000411,CUST00101,2024-12-24 00:00:00,Accessories,XS,1,11.58,0.0,Online,11.58
TX000412,CUST00101,2025-02-16 00:00:00,Apparel,S,1,63.76,0.0,Online,63.76
TX000413,CUST00101,2025-05-02 00:00:00,Footwear,M,1,81.12,0.0,Online,81.12
TX000414,CUST00101,2025-10-25 00:00:00,Accessories,M,2,38.53,0.0,In-Store,77.06
TX000415,CUST00101,2026-01-31 00:00:00,Home & Living,L,1,167.16,13.11,Online,145.25
TX000416,CUST00101,2026-06-01 00:00:00,Home & Living,S,1,129.84,0.0,Online,129.84
TX000417,CUST00102,2026-02-17 00:00:00,Home & Living,M,1,50.01,0.0,Online,50.01
TX000418,CUST00103,2025-03-29 00:00:00,Accessories,XL,1,63.09,0.0,In-Store,63.09
TX000419,CUST00103,2026-01-05 00:00:00,Footwear,L,1,192.2,0.0,In-Store,192.2
TX000420,CUST00104,2024-03-28 00:00:00,Apparel,L,1,72.18,13.76,Online,62.25
TX000421,CUST00104,2024-05-17 00:00:00,Accessories,M,1,13.6,0.0,In-Store,13.6
TX000422,CUST00104,2024-10-09 00:00:00,Apparel,M,1,29.95,0.0,In-Store,29.95
TX000423,CUST00104,2025-05-10 00:00:00,Accessories,M,1,17.67,0.0,In-Store,17.67
TX000424,CUST00104,2025-07-23 00:00:00,Apparel,L,1,33.74,15.33,In-Store,28.57
TX000425,CUST00105,2024-08-26 00:00:00,Apparel,S,1,82.23,0.0,In-Store,82.23
TX000426,CUST00105,2024-08-26 00:00:00,Apparel,L,1,32.26,0.0,Online,32.26
TX000427,CUST00105,2024-09-15 00:00:00,Accessories,L,1,29.68,0.0,Online,29.68
TX000428,CUST00105,2024-11-05 00:00:00,Home & Living,XL,1,178.48,10.2,Online,160.28
TX000429,CUST00105,2024-12-30 00:00:00,Apparel,L,1,38.03,0.0,Online,38.03
TX000430,CUST00105,2025-04-14 00:00:00,Home & Living,L,2,243.8,8.53,Online,446.01
TX000431,CUST00105,2025-09-21 00:00:00,Apparel,XS,1,28.21,14.6,In-Store,24.09
TX000432,CUST00106,2024-10-27 00:00:00,Accessories,S,1,21.99,0.0,Online,21.99
TX000433,CUST00106,2025-10-10 00:00:00,Home & Living,L,3,276.16,0.0,Online,828.48
TX000434,CUST00106,2025-12-10 00:00:00,Accessories,M,2,32.16,0.0,Online,64.32
TX000435,CUST00107,2025-12-11 00:00:00,Home & Living,M,2,283.56,0.0,Online,567.12
TX000436,CUST00107,2026-02-21 00:00:00,Accessories,XL,3,40.38,0.0,Online,121.14
TX000437,CUST00107,2026-04-04 00:00:00,Home & Living,M,1,101.23,0.0,Online,101.23
TX000438,CUST00107,2026-05-17 00:00:00,Home & Living,XS,1,101.39,0.0,In-Store,101.39
TX000439,CUST00108,2025-09-23 00:00:00,Home & Living,S,2,181.13,0.0,Online,362.26
TX000440,CUST00108,2025-09-27 00:00:00,Home & Living,M,2,68.71,0.0,Online,137.42
TX000441,CUST00108,2025-10-07 00:00:00,Accessories,L,1,65.94,0.0,Online,65.94
TX000442,CUST00108,2025-10-18 00:00:00,Home & Living,XS,1,258.91,0.0,Online,258.91
TX000443,CUST00108,2025-10-29 00:00:00,Apparel,S,1,67.16,0.0,Online,67.16
TX000444,CUST00108,2025-12-19 00:00:00,Footwear,M,1,113.97,5.86,In-Store,107.29
TX000445,CUST00108,2026-01-08 00:00:00,Home & Living,XS,1,292.98,0.0,Online,292.98
TX000446,CUST00108,2026-03-21 00:00:00,Apparel,L,1,45.09,22.89,In-Store,34.77
TX000447,CUST00108,2026-04-16 00:00:00,Accessories,L,1,47.87,0.0,Online,47.87
TX000448,CUST00108,2026-05-02 00:00:00,Apparel,M,3,119.27,0.0,In-Store,357.81
TX000449,CUST00108,2026-05-04 00:00:00,Apparel,M,2,75.14,16.81,Online,125.02
TX000450,CUST00108,2026-05-13 00:00:00,Home & Living,S,3,122.1,0.0,In-Store,366.3
TX000451,CUST00108,2026-05-15 00:00:00,Apparel,XS,1,67.28,0.0,Online,67.28
TX000452,CUST00108,2026-05-22 00:00:00,Apparel,M,3,87.07,0.0,Online,261.21
TX000453,CUST00108,2026-06-30 00:00:00,Accessories,M,3,25.92,0.0,In-Store,77.76
TX000454,CUST00109,2025-05-12 00:00:00,Footwear,XS,1,165.9,0.0,In-Store,165.9
TX000455,CUST00109,2025-05-31 00:00:00,Footwear,XL,2,68.96,20.1,In-Store,110.2
TX000456,CUST00109,2025-06-15 00:00:00,Footwear,L,3,103.16,0.0,Online,309.48
TX000457,CUST00109,2025-10-27 00:00:00,Apparel,M,4,29.3,0.0,Online,117.2
TX000458,CUST00109,2025-11-02 00:00:00,Footwear,L,2,115.35,0.0,In-Store,230.7
TX000459,CUST00109,2025-12-15 00:00:00,Apparel,M,1,25.74,0.0,In-Store,25.74
TX000460,CUST00109,2026-01-20 00:00:00,Accessories,S,1,48.23,0.0,Online,48.23
TX000461,CUST00110,2025-12-26 00:00:00,Apparel,M,2,94.79,0.0,Online,189.58
TX000462,CUST00110,2026-01-13 00:00:00,Home & Living,L,1,110.47,9.11,Online,100.41
TX000463,CUST00110,2026-03-09 00:00:00,Home & Living,S,4,234.67,0.0,In-Store,938.68
TX000464,CUST00110,2026-03-26 00:00:00,Accessories,L,1,68.67,0.0,Online,68.67
TX000465,CUST00110,2026-03-28 00:00:00,Home & Living,M,1,284.58,0.0,In-Store,284.58
TX000466,CUST00110,2026-04-28 00:00:00,Home & Living,L,3,224.81,0.0,Online,674.43
TX000467,CUST00110,2026-05-20 00:00:00,Apparel,M,2,119.34,0.0,Online,238.68
TX000468,CUST00111,2025-07-17 00:00:00,Apparel,XL,2,54.91,0.0,Online,109.82
TX000469,CUST00111,2025-09-16 00:00:00,Home & Living,XL,1,182.92,0.0,In-Store,182.92
TX000470,CUST00111,2026-01-15 00:00:00,Accessories,S,1,34.45,0.0,In-Store,34.45
TX000471,CUST00111,2026-03-11 00:00:00,Accessories,L,2,28.37,13.76,In-Store,48.93
TX000472,CUST00111,2026-03-17 00:00:00,Apparel,XS,1,71.62,0.0,In-Store,71.62
TX000473,CUST00112,2025-05-26 00:00:00,Accessories,M,2,53.42,0.0,In-Store,106.84
TX000474,CUST00112,2025-07-21 00:00:00,Home & Living,S,1,64.78,0.0,In-Store,64.78
TX000475,CUST00112,2025-09-26 00:00:00,Home & Living,M,1,147.59,0.0,In-Store,147.59
TX000476,CUST00112,2025-11-15 00:00:00,Footwear,M,2,166.05,0.0,In-Store,332.1
TX000477,CUST00112,2026-04-02 00:00:00,Accessories,M,1,27.42,0.0,In-Store,27.42
TX000478,CUST00112,2026-05-20 00:00:00,Home & Living,M,1,119.17,0.0,Online,119.17
TX000479,CUST00113,2026-01-09 00:00:00,Apparel,S,1,63.93,0.0,Online,63.93
TX000480,CUST00114,2024-12-24 00:00:00,Apparel,L,2,33.57,0.0,In-Store,67.14
TX000481,CUST00115,2025-07-12 00:00:00,Accessories,XL,3,31.55,0.0,In-Store,94.65
TX000482,CUST00115,2025-08-24 00:00:00,Apparel,XS,2,75.02,0.0,In-Store,150.04
TX000483,CUST00115,2025-09-24 00:00:00,Accessories,M,1,58.74,0.0,Online,58.74
TX000484,CUST00115,2025-11-26 00:00:00,Home & Living,L,2,55.28,0.0,In-Store,110.56
TX000485,CUST00115,2026-02-07 00:00:00,Accessories,L,1,48.23,0.0,In-Store,48.23
TX000486,CUST00115,2026-03-14 00:00:00,Footwear,M,1,53.51,12.09,Online,47.04
TX000487,CUST00116,2025-11-05 00:00:00,Footwear,XL,1,155.43,0.0,Online,155.43
TX000488,CUST00116,2026-03-16 00:00:00,Home & Living,XS,2,224.36,0.0,Online,448.72
TX000489,CUST00117,2025-04-29 00:00:00,Home & Living,S,1,249.57,0.0,Online,249.57
TX000490,CUST00117,2026-01-28 00:00:00,Footwear,M,1,62.58,0.0,In-Store,62.58
TX000491,CUST00118,2025-09-20 00:00:00,Home & Living,L,2,44.68,0.0,Online,89.36
TX000492,CUST00118,2025-10-20 00:00:00,Accessories,M,2,61.66,0.0,Online,123.32
TX000493,CUST00118,2025-12-10 00:00:00,Footwear,S,1,178.8,0.0,Online,178.8
TX000494,CUST00118,2026-01-21 00:00:00,Footwear,S,1,52.04,0.0,Online,52.04
TX000495,CUST00119,2025-05-02 00:00:00,Footwear,XL,1,94.51,0.0,Online,94.51
TX000496,CUST00119,2026-04-22 00:00:00,Home & Living,M,1,133.48,0.0,Online,133.48
TX000497,CUST00119,2026-05-31 00:00:00,Home & Living,XL,1,101.58,0.0,In-Store,101.58
TX000498,CUST00120,2024-05-20 00:00:00,Accessories,S,1,14.36,0.0,Online,14.36
TX000499,CUST00120,2025-03-31 00:00:00,Footwear,M,1,59.17,0.0,Online,59.17
TX000500,CUST00120,2025-07-10 00:00:00,Accessories,M,1,10.92,7.84,In-Store,10.06
TX000501,CUST00120,2025-09-07 00:00:00,Home & Living,M,1,141.87,0.0,Online,141.87
TX000502,CUST00120,2025-10-28 00:00:00,Accessories,L,1,27.09,12.97,Online,23.58
TX000503,CUST00120,2026-05-12 00:00:00,Home & Living,S,3,230.38,0.0,In-Store,691.14
TX000504,CUST00121,2025-08-29 00:00:00,Home & Living,M,1,292.01,17.11,Online,242.05
TX000505,CUST00122,2025-05-16 00:00:00,Home & Living,S,2,119.0,14.08,Online,204.49
TX000506,CUST00122,2025-06-08 00:00:00,Home & Living,L,2,257.57,0.0,Online,515.14
TX000507,CUST00122,2025-06-16 00:00:00,Footwear,L,1,76.7,0.0,In-Store,76.7
TX000508,CUST00122,2025-06-24 00:00:00,Footwear,M,1,133.97,0.0,In-Store,133.97
TX000509,CUST00122,2025-09-15 00:00:00,Accessories,M,1,44.19,8.1,Online,40.61
TX000510,CUST00122,2026-05-11 00:00:00,Apparel,M,1,28.19,16.97,Online,23.41
TX000511,CUST00123,2025-01-09 00:00:00,Home & Living,L,1,271.98,0.0,In-Store,271.98
TX000512,CUST00123,2025-03-17 00:00:00,Footwear,S,2,67.91,0.0,In-Store,135.82
TX000513,CUST00123,2026-03-30 00:00:00,Home & Living,L,4,86.46,0.0,Online,345.84
TX000514,CUST00123,2026-06-12 00:00:00,Home & Living,M,2,79.84,0.0,In-Store,159.68
TX000515,CUST00124,2024-12-12 00:00:00,Accessories,M,2,42.6,0.0,Online,85.2
TX000516,CUST00124,2024-12-16 00:00:00,Accessories,XL,1,36.6,0.0,In-Store,36.6
TX000517,CUST00125,2025-12-20 00:00:00,Apparel,S,1,68.99,7.26,In-Store,63.98
TX000518,CUST00125,2026-02-10 00:00:00,Apparel,L,2,99.93,14.36,Online,171.16
TX000519,CUST00125,2026-06-28 00:00:00,Accessories,S,2,57.98,0.0,Online,115.96
TX000520,CUST00126,2025-12-14 00:00:00,Accessories,M,1,29.17,0.0,Online,29.17
TX000521,CUST00126,2026-01-04 00:00:00,Home & Living,S,2,173.61,0.0,In-Store,347.22
TX000522,CUST00126,2026-05-28 00:00:00,Footwear,M,1,135.31,0.0,Online,135.31
TX000523,CUST00127,2025-12-20 00:00:00,Home & Living,XS,1,239.95,0.0,Online,239.95
TX000524,CUST00127,2026-02-07 00:00:00,Accessories,M,1,40.37,0.0,Online,40.37
TX000525,CUST00128,2025-05-03 00:00:00,Accessories,XL,1,31.76,0.0,Online,31.76
TX000526,CUST00128,2025-10-29 00:00:00,Footwear,M,1,162.81,0.0,In-Store,162.81
TX000527,CUST00129,2025-05-26 00:00:00,Home & Living,XL,1,281.18,0.0,In-Store,281.18
TX000528,CUST00129,2025-06-04 00:00:00,Footwear,M,2,193.1,0.0,Online,386.2
TX000529,CUST00129,2025-08-30 00:00:00,Accessories,XS,3,46.92,11.63,In-Store,124.39
TX000530,CUST00129,2025-10-06 00:00:00,Accessories,L,2,39.82,5.01,Online,75.65
TX000531,CUST00129,2025-11-03 00:00:00,Apparel,S,1,106.49,0.0,In-Store,106.49
TX000532,CUST00129,2026-01-26 00:00:00,Home & Living,S,1,77.22,13.25,Online,66.99
TX000533,CUST00129,2026-05-27 00:00:00,Footwear,S,2,155.93,0.0,Online,311.86
TX000534,CUST00130,2026-03-16 00:00:00,Apparel,S,1,82.81,0.0,Online,82.81
TX000535,CUST00130,2026-04-20 00:00:00,Footwear,M,3,146.84,11.58,Online,389.51
TX000536,CUST00130,2026-04-26 00:00:00,Accessories,XS,1,28.52,0.0,In-Store,28.52
TX000537,CUST00130,2026-05-08 00:00:00,Footwear,L,1,109.73,0.0,Online,109.73
TX000538,CUST00130,2026-05-14 00:00:00,Apparel,S,1,63.42,0.0,Online,63.42
TX000539,CUST00130,2026-05-31 00:00:00,Footwear,XS,1,148.07,0.0,Online,148.07
TX000540,CUST00131,2025-12-01 00:00:00,Home & Living,L,2,292.52,7.68,Online,540.11
TX000541,CUST00131,2026-02-19 00:00:00,Apparel,S,1,57.03,0.0,Online,57.03
TX000542,CUST00131,2026-03-14 00:00:00,Footwear,XS,1,119.71,35.38,Online,77.36
TX000543,CUST00131,2026-04-13 00:00:00,Home & Living,M,1,124.43,0.0,In-Store,124.43
TX000544,CUST00132,2025-01-16 00:00:00,Apparel,XS,1,58.94,23.47,Online,45.11
TX000545,CUST00132,2025-02-13 00:00:00,Footwear,S,1,91.2,0.0,In-Store,91.2
TX000546,CUST00133,2025-12-10 00:00:00,Home & Living,XL,3,233.56,0.0,Online,700.68
TX000547,CUST00133,2025-12-11 00:00:00,Apparel,S,2,66.18,9.79,Online,119.4
TX000548,CUST00133,2025-12-20 00:00:00,Accessories,XL,1,13.17,0.0,Online,13.17
TX000549,CUST00133,2025-12-21 00:00:00,Accessories,M,1,53.64,0.0,In-Store,53.64
TX000550,CUST00133,2025-12-26 00:00:00,Footwear,M,1,167.31,0.0,Online,167.31
TX000551,CUST00133,2026-01-07 00:00:00,Home & Living,M,1,94.58,0.0,Online,94.58
TX000552,CUST00133,2026-02-22 00:00:00,Footwear,XS,1,145.22,18.62,In-Store,118.18
TX000553,CUST00133,2026-03-06 00:00:00,Home & Living,M,2,75.22,0.0,Online,150.44
TX000554,CUST00133,2026-03-08 00:00:00,Footwear,M,1,54.84,0.0,In-Store,54.84
TX000555,CUST00133,2026-03-28 00:00:00,Home & Living,L,1,233.22,0.0,Online,233.22
TX000556,CUST00133,2026-04-11 00:00:00,Footwear,XL,1,143.73,17.31,Online,118.85
TX000557,CUST00133,2026-04-14 00:00:00,Footwear,XL,4,106.29,0.0,Online,425.16
TX000558,CUST00133,2026-04-25 00:00:00,Accessories,L,4,47.1,6.59,In-Store,175.98
TX000559,CUST00133,2026-05-05 00:00:00,Footwear,L,1,82.66,0.0,Online,82.66
TX000560,CUST00133,2026-05-13 00:00:00,Home & Living,L,1,176.11,0.0,Online,176.11
TX000561,CUST00133,2026-06-04 00:00:00,Footwear,L,1,181.0,0.0,Online,181.0
TX000562,CUST00133,2026-06-04 00:00:00,Accessories,M,1,16.39,0.0,Online,16.39
TX000563,CUST00133,2026-06-26 00:00:00,Apparel,M,1,38.16,0.0,In-Store,38.16
TX000564,CUST00134,2025-01-13 00:00:00,Accessories,S,2,20.49,0.0,In-Store,40.98
TX000565,CUST00134,2025-03-24 00:00:00,Accessories,M,1,29.04,0.0,Online,29.04
TX000566,CUST00134,2025-06-09 00:00:00,Footwear,S,4,169.51,0.0,Online,678.04
TX000567,CUST00134,2025-09-02 00:00:00,Home & Living,XS,2,275.85,0.0,In-Store,551.7
TX000568,CUST00134,2026-01-04 00:00:00,Footwear,M,2,199.33,0.0,Online,398.66
TX000569,CUST00134,2026-01-23 00:00:00,Apparel,M,2,82.66,0.0,In-Store,165.32
TX000570,CUST00134,2026-04-18 00:00:00,Apparel,M,1,62.85,0.0,In-Store,62.85
TX000571,CUST00134,2026-05-28 00:00:00,Footwear,L,1,68.61,14.19,In-Store,58.87
TX000572,CUST00135,2025-08-20 00:00:00,Accessories,L,1,31.45,0.0,Online,31.45
TX000573,CUST00135,2026-04-23 00:00:00,Home & Living,S,1,217.64,0.0,Online,217.64
TX000574,CUST00136,2025-09-20 00:00:00,Home & Living,L,1,224.7,0.0,Online,224.7
TX000575,CUST00136,2025-09-24 00:00:00,Accessories,M,2,55.18,7.92,Online,101.62
TX000576,CUST00136,2026-01-01 00:00:00,Home & Living,L,1,38.2,0.0,Online,38.2
TX000577,CUST00136,2026-06-12 00:00:00,Footwear,S,1,75.56,10.46,In-Store,67.66
TX000578,CUST00137,2024-07-13 00:00:00,Accessories,L,1,24.58,0.0,In-Store,24.58
TX000579,CUST00137,2024-09-03 00:00:00,Home & Living,L,1,185.89,0.0,Online,185.89
TX000580,CUST00137,2024-12-19 00:00:00,Accessories,M,2,33.63,11.26,In-Store,59.69
TX000581,CUST00137,2024-12-25 00:00:00,Apparel,S,4,30.32,0.0,Online,121.28
TX000582,CUST00137,2025-06-14 00:00:00,Accessories,S,1,56.63,14.79,Online,48.25
TX000583,CUST00137,2025-07-22 00:00:00,Apparel,L,3,37.59,10.19,Online,101.28
TX000584,CUST00137,2025-11-04 00:00:00,Apparel,S,1,99.23,20.85,Online,78.54
TX000585,CUST00137,2025-11-06 00:00:00,Accessories,L,1,29.5,9.3,In-Store,26.76
TX000586,CUST00137,2025-12-18 00:00:00,Accessories,S,1,51.27,0.0,In-Store,51.27
TX000587,CUST00137,2026-05-14 00:00:00,Home & Living,XL,1,81.78,0.0,Online,81.78
TX000588,CUST00138,2026-04-08 00:00:00,Footwear,M,1,163.49,5.23,In-Store,154.94
TX000589,CUST00138,2026-04-12 00:00:00,Accessories,M,1,38.08,0.0,In-Store,38.08
TX000590,CUST00138,2026-05-07 00:00:00,Accessories,S,1,17.07,0.0,Online,17.07
TX000591,CUST00138,2026-05-14 00:00:00,Footwear,S,1,95.01,0.0,Online,95.01
TX000592,CUST00138,2026-05-23 00:00:00,Accessories,M,2,49.66,14.57,In-Store,84.85
TX000593,CUST00138,2026-05-29 00:00:00,Home & Living,M,1,104.66,0.0,In-Store,104.66
TX000594,CUST00139,2024-10-06 00:00:00,Home & Living,L,1,148.29,0.0,Online,148.29
TX000595,CUST00139,2024-10-20 00:00:00,Footwear,L,2,66.03,16.39,Online,110.42
TX000596,CUST00139,2024-11-26 00:00:00,Apparel,S,2,62.06,0.0,In-Store,124.12
TX000597,CUST00139,2025-02-21 00:00:00,Footwear,S,1,58.42,23.83,Online,44.5
TX000598,CUST00139,2025-04-26 00:00:00,Apparel,S,1,98.65,0.0,Online,98.65
TX000599,CUST00139,2025-05-02 00:00:00,Accessories,M,1,38.49,0.0,Online,38.49
TX000600,CUST00139,2025-06-20 00:00:00,Home & Living,M,1,72.22,0.0,In-Store,72.22
TX000601,CUST00139,2025-07-08 00:00:00,Home & Living,M,3,153.15,0.0,Online,459.45
TX000602,CUST00139,2025-07-29 00:00:00,Home & Living,XL,1,292.43,0.0,In-Store,292.43
TX000603,CUST00139,2025-08-12 00:00:00,Footwear,XS,1,170.91,0.0,In-Store,170.91
TX000604,CUST00139,2025-08-19 00:00:00,Home & Living,L,1,150.86,12.56,In-Store,131.91
TX000605,CUST00139,2025-09-28 00:00:00,Home & Living,L,1,229.62,0.0,In-Store,229.62
TX000606,CUST00139,2025-11-07 00:00:00,Apparel,XS,1,69.5,0.0,Online,69.5
TX000607,CUST00139,2025-11-18 00:00:00,Home & Living,S,1,270.68,0.0,Online,270.68
TX000608,CUST00139,2025-11-23 00:00:00,Home & Living,L,1,241.99,0.0,In-Store,241.99
TX000609,CUST00139,2025-12-02 00:00:00,Home & Living,S,1,254.48,8.38,Online,233.15
TX000610,CUST00139,2025-12-10 00:00:00,Home & Living,XL,1,208.21,0.0,In-Store,208.21
TX000611,CUST00139,2026-01-04 00:00:00,Accessories,M,1,19.64,0.0,Online,19.64
TX000612,CUST00139,2026-01-11 00:00:00,Apparel,S,2,76.31,0.0,Online,152.62
TX000613,CUST00139,2026-04-30 00:00:00,Accessories,XL,1,20.61,0.0,Online,20.61
TX000614,CUST00140,2025-02-16 00:00:00,Apparel,S,3,73.14,0.0,Online,219.42
TX000615,CUST00140,2025-11-05 00:00:00,Footwear,S,2,103.76,0.0,Online,207.52
TX000616,CUST00140,2026-06-08 00:00:00,Footwear,L,1,66.8,0.0,Online,66.8
TX000617,CUST00141,2025-10-19 00:00:00,Footwear,XS,1,194.64,0.0,In-Store,194.64
TX000618,CUST00141,2025-10-29 00:00:00,Accessories,XS,1,18.32,11.95,In-Store,16.13
TX000619,CUST00141,2026-01-11 00:00:00,Home & Living,XL,1,144.94,0.0,Online,144.94
TX000620,CUST00141,2026-02-16 00:00:00,Accessories,S,1,70.12,0.0,Online,70.12
TX000621,CUST00141,2026-02-21 00:00:00,Home & Living,S,3,105.27,0.0,In-Store,315.81
TX000622,CUST00141,2026-04-03 00:00:00,Apparel,L,2,38.71,0.0,Online,77.42
TX000623,CUST00141,2026-04-26 00:00:00,Accessories,XL,1,10.97,0.0,Online,10.97
TX000624,CUST00143,2024-10-13 00:00:00,Footwear,M,2,88.53,23.9,In-Store,134.74
TX000625,CUST00143,2025-08-27 00:00:00,Accessories,M,1,43.46,0.0,Online,43.46
TX000626,CUST00143,2026-02-12 00:00:00,Footwear,S,1,142.25,13.77,In-Store,122.66
TX000627,CUST00143,2026-06-22 00:00:00,Footwear,L,1,127.99,0.0,In-Store,127.99
TX000628,CUST00144,2024-08-18 00:00:00,Accessories,M,1,51.25,0.0,Online,51.25
TX000629,CUST00144,2024-09-01 00:00:00,Home & Living,XL,1,265.42,0.0,Online,265.42
TX000630,CUST00144,2025-02-01 00:00:00,Home & Living,XL,1,66.22,0.0,In-Store,66.22
TX000631,CUST00144,2025-08-12 00:00:00,Accessories,M,1,62.45,0.0,Online,62.45
TX000632,CUST00144,2026-04-22 00:00:00,Home & Living,XS,2,104.66,0.0,Online,209.32
TX000633,CUST00145,2026-01-09 00:00:00,Footwear,M,1,197.65,35.34,Online,127.8
TX000634,CUST00145,2026-02-21 00:00:00,Accessories,L,1,54.24,0.0,Online,54.24
TX000635,CUST00145,2026-02-24 00:00:00,Accessories,M,1,44.49,10.33,Online,39.89
TX000636,CUST00145,2026-03-06 00:00:00,Accessories,L,1,16.51,11.34,In-Store,14.64
TX000637,CUST00145,2026-06-08 00:00:00,Accessories,XS,1,72.08,0.0,Online,72.08
TX000638,CUST00146,2025-06-10 00:00:00,Footwear,S,1,70.42,0.0,Online,70.42
TX000639,CUST00146,2025-09-21 00:00:00,Home & Living,L,1,229.37,0.0,Online,229.37
TX000640,CUST00147,2026-01-11 00:00:00,Accessories,XL,1,35.41,13.34,Online,30.69
TX000641,CUST00147,2026-02-18 00:00:00,Footwear,M,1,160.95,0.0,Online,160.95
TX000642,CUST00147,2026-06-04 00:00:00,Home & Living,M,1,66.08,0.0,Online,66.08
TX000643,CUST00148,2025-05-13 00:00:00,Accessories,S,1,73.63,0.0,Online,73.63
TX000644,CUST00148,2025-10-29 00:00:00,Footwear,S,2,88.32,0.0,Online,176.64
TX000645,CUST00148,2025-12-13 00:00:00,Footwear,M,2,83.7,39.92,In-Store,100.57
TX000646,CUST00148,2026-01-17 00:00:00,Footwear,L,2,194.49,0.0,In-Store,388.98
TX000647,CUST00148,2026-03-26 00:00:00,Home & Living,S,3,204.67,0.0,In-Store,614.01
TX000648,CUST00149,2025-07-31 00:00:00,Home & Living,L,1,241.94,0.0,Online,241.94
TX000649,CUST00149,2025-11-17 00:00:00,Footwear,XS,1,66.17,0.0,In-Store,66.17
TX000650,CUST00149,2026-02-05 00:00:00,Home & Living,L,1,222.97,0.0,In-Store,222.97
TX000651,CUST00150,2024-12-27 00:00:00,Footwear,XS,2,144.22,0.0,In-Store,288.44
TX000652,CUST00150,2026-03-05 00:00:00,Apparel,M,1,56.25,15.3,Online,47.64
TX000653,CUST00150,2026-05-08 00:00:00,Home & Living,M,2,126.17,0.0,Online,252.34
TX000654,CUST00150,2026-06-29 00:00:00,Accessories,M,1,60.1,0.0,Online,60.1
TX000655,CUST00151,2024-10-26 00:00:00,Apparel,M,1,54.73,0.0,Online,54.73
TX000656,CUST00151,2025-03-05 00:00:00,Footwear,XL,1,170.88,0.0,In-Store,170.88
TX000657,CUST00151,2025-05-24 00:00:00,Apparel,S,1,54.5,0.0,In-Store,54.5
TX000658,CUST00151,2025-06-04 00:00:00,Accessories,L,1,55.22,5.91,Online,51.96
TX000659,CUST00151,2026-01-17 00:00:00,Home & Living,M,1,125.14,0.0,Online,125.14
TX000660,CUST00151,2026-04-07 00:00:00,Home & Living,L,1,292.25,0.0,Online,292.25
TX000661,CUST00152,2026-03-26 00:00:00,Apparel,M,1,116.64,0.0,Online,116.64
TX000662,CUST00152,2026-04-13 00:00:00,Accessories,L,1,65.11,0.0,In-Store,65.11
TX000663,CUST00152,2026-04-15 00:00:00,Home & Living,M,2,295.21,0.0,Online,590.42
TX000664,CUST00152,2026-06-09 00:00:00,Accessories,L,1,33.21,0.0,Online,33.21
TX000665,CUST00153,2025-03-10 00:00:00,Apparel,S,4,99.5,0.0,Online,398.0
TX000666,CUST00154,2024-12-24 00:00:00,Footwear,M,1,175.49,0.0,Online,175.49
TX000667,CUST00154,2025-11-27 00:00:00,Footwear,M,1,58.63,35.37,Online,37.89
TX000668,CUST00154,2026-02-28 00:00:00,Home & Living,L,3,227.86,0.0,Online,683.58
TX000669,CUST00154,2026-04-27 00:00:00,Footwear,S,1,117.82,0.0,In-Store,117.82
TX000670,CUST00154,2026-05-13 00:00:00,Footwear,XS,1,130.94,0.0,Online,130.94
TX000671,CUST00155,2024-07-13 00:00:00,Footwear,S,2,159.88,26.05,In-Store,236.46
TX000672,CUST00155,2024-07-20 00:00:00,Footwear,M,2,99.77,19.12,In-Store,161.39
TX000673,CUST00155,2024-09-08 00:00:00,Footwear,L,1,70.78,8.36,Online,64.86
TX000674,CUST00155,2025-11-02 00:00:00,Footwear,XS,1,89.08,17.29,In-Store,73.68
TX000675,CUST00155,2026-01-27 00:00:00,Apparel,XS,1,26.94,0.0,In-Store,26.94
TX000676,CUST00156,2025-08-12 00:00:00,Footwear,M,1,82.76,35.52,In-Store,53.36
TX000677,CUST00156,2025-08-24 00:00:00,Footwear,XS,2,181.95,10.21,In-Store,326.75
TX000678,CUST00156,2025-09-14 00:00:00,Home & Living,S,3,63.56,0.0,Online,190.68
TX000679,CUST00156,2025-11-06 00:00:00,Accessories,M,4,69.8,0.0,In-Store,279.2
TX000680,CUST00156,2025-11-14 00:00:00,Footwear,XL,3,150.31,13.62,Online,389.51
TX000681,CUST00156,2026-01-13 00:00:00,Footwear,L,1,58.79,0.0,Online,58.79
TX000682,CUST00156,2026-01-24 00:00:00,Apparel,M,2,33.64,0.0,In-Store,67.28
TX000683,CUST00156,2026-02-17 00:00:00,Footwear,S,2,146.48,9.74,In-Store,264.43
TX000684,CUST00156,2026-02-22 00:00:00,Footwear,M,1,62.36,8.65,Online,56.97
TX000685,CUST00156,2026-05-25 00:00:00,Home & Living,XL,2,220.21,0.0,Online,440.42
TX000686,CUST00156,2026-05-27 00:00:00,Accessories,S,1,58.05,0.0,Online,58.05
TX000687,CUST00156,2026-06-23 00:00:00,Apparel,L,2,90.0,0.0,Online,180.0
TX000688,CUST00157,2024-06-02 00:00:00,Accessories,M,2,14.74,0.0,Online,29.48
TX000689,CUST00157,2024-08-30 00:00:00,Apparel,XL,3,25.45,25.34,In-Store,57.0
TX000690,CUST00157,2024-09-28 00:00:00,Accessories,M,1,64.46,6.42,Online,60.32
TX000691,CUST00157,2025-06-04 00:00:00,Footwear,XL,1,156.53,0.0,Online,156.53
TX000692,CUST00158,2025-02-19 00:00:00,Accessories,M,2,41.73,0.0,In-Store,83.46
TX000693,CUST00158,2025-07-06 00:00:00,Footwear,L,1,153.42,9.0,Online,139.61
TX000694,CUST00158,2025-08-26 00:00:00,Accessories,M,3,26.67,0.0,In-Store,80.01
TX000695,CUST00158,2025-09-13 00:00:00,Home & Living,L,2,104.3,0.0,Online,208.6
TX000696,CUST00158,2025-09-14 00:00:00,Apparel,S,1,72.31,29.89,Online,50.7
TX000697,CUST00158,2026-04-11 00:00:00,Footwear,M,1,164.38,0.0,Online,164.38
TX000698,CUST00158,2026-04-21 00:00:00,Accessories,XL,1,59.99,0.0,Online,59.99
TX000699,CUST00158,2026-05-21 00:00:00,Home & Living,S,1,38.77,0.0,In-Store,38.77
TX000700,CUST00159,2024-07-31 00:00:00,Footwear,M,1,192.02,0.0,Online,192.02
TX000701,CUST00160,2026-01-07 00:00:00,Home & Living,M,1,72.99,0.0,Online,72.99
TX000702,CUST00161,2024-09-27 00:00:00,Accessories,M,3,54.48,5.03,Online,155.22
TX000703,CUST00161,2025-02-08 00:00:00,Accessories,L,2,12.29,0.0,Online,24.58
TX000704,CUST00161,2025-07-14 00:00:00,Footwear,M,1,142.41,0.0,In-Store,142.41
TX000705,CUST00161,2025-09-02 00:00:00,Home & Living,M,4,203.72,0.0,In-Store,814.88
TX000706,CUST00162,2025-04-27 00:00:00,Home & Living,M,2,132.54,17.08,Online,219.8
TX000707,CUST00162,2025-12-02 00:00:00,Accessories,M,4,18.13,0.0,Online,72.52
TX000708,CUST00163,2025-03-09 00:00:00,Home & Living,S,1,140.7,0.0,Online,140.7
TX000709,CUST00163,2025-04-03 00:00:00,Accessories,M,3,57.4,0.0,Online,172.2
TX000710,CUST00163,2025-06-19 00:00:00,Footwear,M,1,96.03,21.46,Online,75.42
TX000711,CUST00164,2025-07-15 00:00:00,Accessories,XS,1,70.91,0.0,In-Store,70.91
TX000712,CUST00164,2026-02-19 00:00:00,Accessories,M,1,58.49,0.0,Online,58.49
TX000713,CUST00165,2026-03-15 00:00:00,Accessories,XL,2,18.49,0.0,Online,36.98
TX000714,CUST00166,2025-09-04 00:00:00,Accessories,XL,1,14.29,0.0,Online,14.29
TX000715,CUST00166,2025-09-10 00:00:00,Home & Living,S,2,111.78,13.43,In-Store,193.54
TX000716,CUST00166,2025-09-27 00:00:00,Footwear,M,1,132.85,0.0,In-Store,132.85
TX000717,CUST00166,2025-10-13 00:00:00,Apparel,S,1,38.93,0.0,In-Store,38.93
TX000718,CUST00166,2025-10-16 00:00:00,Footwear,M,1,165.07,0.0,In-Store,165.07
TX000719,CUST00166,2025-11-16 00:00:00,Accessories,S,1,11.29,0.0,In-Store,11.29
TX000720,CUST00166,2025-12-12 00:00:00,Apparel,S,2,31.54,12.5,Online,55.2
TX000721,CUST00166,2026-02-07 00:00:00,Accessories,XS,3,30.85,0.0,In-Store,92.55
TX000722,CUST00166,2026-02-16 00:00:00,Footwear,L,1,183.66,0.0,Online,183.66
TX000723,CUST00166,2026-03-01 00:00:00,Apparel,M,1,111.05,10.97,Online,98.87
TX000724,CUST00167,2025-12-22 00:00:00,Apparel,M,1,43.97,0.0,Online,43.97
TX000725,CUST00167,2025-12-28 00:00:00,Footwear,M,1,170.47,0.0,In-Store,170.47
TX000726,CUST00167,2026-01-09 00:00:00,Home & Living,XL,2,181.38,0.0,Online,362.76
TX000727,CUST00167,2026-01-22 00:00:00,Apparel,XS,2,111.77,0.0,In-Store,223.54
TX000728,CUST00167,2026-03-15 00:00:00,Accessories,L,1,34.27,13.01,In-Store,29.81
TX000729,CUST00167,2026-05-10 00:00:00,Apparel,L,1,84.48,0.0,Online,84.48
TX000730,CUST00167,2026-05-28 00:00:00,Apparel,S,1,30.34,27.95,In-Store,21.86
TX000731,CUST00168,2026-06-12 00:00:00,Accessories,S,1,56.6,0.0,In-Store,56.6
TX000732,CUST00169,2025-06-14 00:00:00,Apparel,L,1,73.22,29.35,Online,51.73
TX000733,CUST00169,2025-08-05 00:00:00,Accessories,XL,1,55.69,6.87,Online,51.86
TX000734,CUST00169,2025-11-06 00:00:00,Home & Living,L,1,169.26,0.0,Online,169.26
TX000735,CUST00169,2026-03-07 00:00:00,Apparel,XS,1,116.97,23.86,Online,89.06
TX000736,CUST00169,2026-03-20 00:00:00,Footwear,L,1,164.67,0.0,Online,164.67
TX000737,CUST00170,2024-07-31 00:00:00,Home & Living,S,2,162.32,0.0,In-Store,324.64
TX000738,CUST00170,2025-02-17 00:00:00,Accessories,L,1,21.09,0.0,Online,21.09
TX000739,CUST00170,2025-04-16 00:00:00,Footwear,L,1,184.86,0.0,Online,184.86
TX000740,CUST00170,2025-08-29 00:00:00,Apparel,S,2,99.89,0.0,In-Store,199.78
TX000741,CUST00170,2025-12-28 00:00:00,Footwear,XS,2,149.27,25.75,Online,221.67
TX000742,CUST00170,2026-06-08 00:00:00,Accessories,L,1,22.85,0.0,Online,22.85
TX000743,CUST00171,2026-05-26 00:00:00,Footwear,XL,3,73.97,0.0,Online,221.91
TX000744,CUST00171,2026-06-12 00:00:00,Home & Living,M,1,172.47,0.0,Online,172.47
TX000745,CUST00172,2026-02-23 00:00:00,Apparel,S,1,75.32,14.33,In-Store,64.53
TX000746,CUST00172,2026-03-25 00:00:00,Footwear,S,1,117.06,0.0,Online,117.06
TX000747,CUST00172,2026-05-13 00:00:00,Footwear,S,2,133.25,0.0,Online,266.5
TX000748,CUST00172,2026-05-30 00:00:00,Accessories,M,2,49.61,0.0,Online,99.22
TX000749,CUST00173,2025-08-03 00:00:00,Home & Living,XL,1,165.1,0.0,In-Store,165.1
TX000750,CUST00174,2026-02-27 00:00:00,Home & Living,S,2,50.64,0.0,In-Store,101.28
TX000751,CUST00174,2026-04-02 00:00:00,Footwear,S,1,167.55,0.0,Online,167.55
TX000752,CUST00175,2025-12-06 00:00:00,Home & Living,S,1,134.64,0.0,In-Store,134.64
TX000753,CUST00175,2026-01-09 00:00:00,Home & Living,M,1,207.68,0.0,Online,207.68
TX000754,CUST00175,2026-04-04 00:00:00,Accessories,XL,1,34.83,9.44,Online,31.54
TX000755,CUST00175,2026-05-28 00:00:00,Accessories,S,2,39.47,6.29,In-Store,73.97
TX000756,CUST00176,2025-08-20 00:00:00,Apparel,L,1,86.4,0.0,Online,86.4
TX000757,CUST00176,2025-10-21 00:00:00,Apparel,XS,2,30.31,0.0,Online,60.62
TX000758,CUST00176,2026-04-18 00:00:00,Accessories,S,3,25.28,0.0,In-Store,75.84
TX000759,CUST00177,2025-04-28 00:00:00,Accessories,L,1,15.82,0.0,Online,15.82
TX000760,CUST00177,2025-10-16 00:00:00,Accessories,L,1,51.91,0.0,Online,51.91
TX000761,CUST00177,2025-10-27 00:00:00,Apparel,S,1,97.06,0.0,In-Store,97.06
TX000762,CUST00177,2025-12-21 00:00:00,Footwear,M,2,150.54,31.79,Online,205.37
TX000763,CUST00177,2026-01-01 00:00:00,Apparel,L,1,81.02,19.57,Online,65.16
TX000764,CUST00177,2026-02-19 00:00:00,Home & Living,XS,1,254.69,0.0,Online,254.69
TX000765,CUST00177,2026-05-06 00:00:00,Home & Living,L,1,134.19,0.0,In-Store,134.19
TX000766,CUST00178,2025-06-01 00:00:00,Footwear,S,1,147.71,0.0,Online,147.71
TX000767,CUST00178,2026-01-04 00:00:00,Accessories,M,1,47.06,0.0,In-Store,47.06
TX000768,CUST00179,2025-01-18 00:00:00,Apparel,L,1,45.56,13.35,Online,39.48
TX000769,CUST00179,2025-07-04 00:00:00,Footwear,S,4,140.27,22.21,Online,436.46
TX000770,CUST00179,2025-07-17 00:00:00,Accessories,XS,1,16.97,5.31,Online,16.07
TX000771,CUST00179,2025-08-09 00:00:00,Apparel,XS,1,61.23,0.0,Online,61.23
TX000772,CUST00179,2026-05-01 00:00:00,Home & Living,S,1,145.63,16.56,In-Store,121.51
TX000773,CUST00179,2026-06-27 00:00:00,Accessories,L,1,51.39,0.0,In-Store,51.39
TX000774,CUST00180,2025-09-19 00:00:00,Footwear,L,2,136.97,0.0,Online,273.94
TX000775,CUST00180,2026-05-28 00:00:00,Accessories,M,1,35.84,0.0,Online,35.84
TX000776,CUST00181,2024-03-02 00:00:00,Apparel,M,4,29.19,0.0,In-Store,116.76
TX000777,CUST00181,2024-08-17 00:00:00,Accessories,M,2,58.26,0.0,Online,116.52
TX000778,CUST00181,2024-09-01 00:00:00,Accessories,S,1,68.62,0.0,Online,68.62
TX000779,CUST00181,2024-10-04 00:00:00,Footwear,S,1,110.27,0.0,Online,110.27
TX000780,CUST00181,2024-11-06 00:00:00,Footwear,S,1,111.17,0.0,Online,111.17
TX000781,CUST00181,2024-11-11 00:00:00,Footwear,L,2,179.27,6.5,Online,335.23
TX000782,CUST00181,2024-11-20 00:00:00,Home & Living,S,1,255.48,0.0,In-Store,255.48
TX000783,CUST00181,2024-11-21 00:00:00,Accessories,XL,2,35.76,0.0,In-Store,71.52
TX000784,CUST00181,2025-05-10 00:00:00,Apparel,L,1,49.2,0.0,In-Store,49.2
TX000785,CUST00181,2025-06-11 00:00:00,Home & Living,XL,1,121.25,0.0,Online,121.25
TX000786,CUST00181,2025-12-25 00:00:00,Footwear,S,1,102.67,0.0,In-Store,102.67
TX000787,CUST00181,2026-01-13 00:00:00,Footwear,L,1,154.09,0.0,In-Store,154.09
TX000788,CUST00181,2026-02-02 00:00:00,Apparel,L,1,112.01,0.0,Online,112.01
TX000789,CUST00181,2026-02-12 00:00:00,Accessories,XS,1,16.28,0.0,Online,16.28
TX000790,CUST00181,2026-04-05 00:00:00,Accessories,XL,2,54.23,9.53,Online,98.12
TX000791,CUST00181,2026-05-08 00:00:00,Apparel,M,1,53.52,0.0,Online,53.52
TX000792,CUST00182,2026-03-07 00:00:00,Apparel,L,1,58.39,16.84,In-Store,48.56
TX000793,CUST00182,2026-05-03 00:00:00,Footwear,XS,1,143.03,39.0,Online,87.25
TX000794,CUST00182,2026-05-27 00:00:00,Footwear,XS,1,63.81,34.07,In-Store,42.07
TX000795,CUST00183,2026-03-06 00:00:00,Apparel,M,1,77.5,0.0,Online,77.5
TX000796,CUST00184,2025-10-13 00:00:00,Accessories,M,1,55.31,0.0,In-Store,55.31
TX000797,CUST00184,2025-11-03 00:00:00,Apparel,S,1,71.65,0.0,Online,71.65
TX000798,CUST00184,2026-05-14 00:00:00,Home & Living,M,1,217.0,0.0,Online,217.0
TX000799,CUST00184,2026-06-13 00:00:00,Footwear,XS,2,171.02,0.0,In-Store,342.04
TX000800,CUST00184,2026-06-15 00:00:00,Home & Living,L,2,189.65,0.0,In-Store,379.3
TX000801,CUST00185,2025-02-12 00:00:00,Apparel,M,1,59.83,0.0,Online,59.83
TX000802,CUST00186,2025-05-28 00:00:00,Footwear,M,1,63.09,0.0,In-Store,63.09
TX000803,CUST00186,2025-09-30 00:00:00,Accessories,M,3,66.91,6.62,Online,187.44
TX000804,CUST00186,2025-12-20 00:00:00,Home & Living,M,1,161.64,0.0,In-Store,161.64
TX000805,CUST00186,2026-01-08 00:00:00,Apparel,XS,1,39.0,22.54,Online,30.21
TX000806,CUST00187,2024-11-23 00:00:00,Home & Living,L,2,71.32,0.0,In-Store,142.64
TX000807,CUST00188,2024-08-05 00:00:00,Apparel,XS,1,37.06,0.0,In-Store,37.06
TX000808,CUST00188,2024-10-19 00:00:00,Apparel,M,1,48.47,0.0,In-Store,48.47
TX000809,CUST00188,2025-05-28 00:00:00,Home & Living,S,1,234.38,9.81,Online,211.39
TX000810,CUST00189,2025-09-17 00:00:00,Accessories,L,1,71.71,0.0,Online,71.71
TX000811,CUST00189,2026-06-12 00:00:00,Accessories,XS,1,28.7,0.0,Online,28.7
TX000812,CUST00190,2026-01-27 00:00:00,Home & Living,XL,1,176.85,0.0,Online,176.85
TX000813,CUST00190,2026-04-18 00:00:00,Footwear,M,2,175.93,0.0,Online,351.86
TX000814,CUST00191,2024-08-29 00:00:00,Apparel,S,1,50.48,12.22,Online,44.31
TX000815,CUST00191,2025-05-08 00:00:00,Accessories,M,1,32.65,0.0,In-Store,32.65
TX000816,CUST00191,2025-05-13 00:00:00,Home & Living,L,1,212.47,0.0,In-Store,212.47
TX000817,CUST00191,2025-10-11 00:00:00,Home & Living,S,1,216.78,0.0,Online,216.78
TX000818,CUST00191,2026-05-06 00:00:00,Accessories,M,1,56.98,0.0,Online,56.98
TX000819,CUST00192,2025-03-30 00:00:00,Accessories,S,1,56.61,0.0,Online,56.61
TX000820,CUST00193,2024-10-03 00:00:00,Apparel,XL,1,113.74,0.0,Online,113.74
TX000821,CUST00193,2025-11-06 00:00:00,Home & Living,M,1,146.43,0.0,In-Store,146.43
TX000822,CUST00194,2026-01-23 00:00:00,Apparel,XS,1,36.68,0.0,In-Store,36.68
TX000823,CUST00195,2025-08-23 00:00:00,Accessories,L,1,52.92,6.11,In-Store,49.69
TX000824,CUST00195,2026-02-06 00:00:00,Accessories,M,1,50.19,0.0,Online,50.19
TX000825,CUST00195,2026-06-21 00:00:00,Accessories,XL,1,47.97,0.0,Online,47.97
TX000826,CUST00196,2025-04-24 00:00:00,Footwear,M,1,86.93,0.0,Online,86.93
TX000827,CUST00196,2025-07-04 00:00:00,Accessories,L,1,10.21,0.0,Online,10.21
TX000828,CUST00196,2025-10-24 00:00:00,Footwear,L,1,65.05,29.93,Online,45.58
TX000829,CUST00197,2025-03-30 00:00:00,Footwear,L,2,128.59,22.47,In-Store,199.39
TX000830,CUST00197,2025-06-06 00:00:00,Home & Living,S,1,55.5,0.0,In-Store,55.5
TX000831,CUST00197,2026-01-17 00:00:00,Accessories,S,1,36.33,0.0,Online,36.33
TX000832,CUST00197,2026-03-09 00:00:00,Footwear,XS,3,152.97,0.0,In-Store,458.91
TX000833,CUST00198,2025-05-05 00:00:00,Footwear,XL,3,63.42,13.0,Online,165.53
TX000834,CUST00198,2026-02-24 00:00:00,Accessories,S,1,48.06,0.0,Online,48.06
TX000835,CUST00199,2025-07-11 00:00:00,Apparel,S,1,77.52,18.13,Online,63.47
TX000836,CUST00200,2025-07-02 00:00:00,Apparel,L,1,99.39,0.0,In-Store,99.39
TX000837,CUST00200,2025-07-15 00:00:00,Footwear,L,3,184.24,33.27,Online,368.83
TX000838,CUST00200,2025-08-22 00:00:00,Accessories,S,1,60.64,0.0,Online,60.64
TX000839,CUST00200,2025-09-24 00:00:00,Accessories,M,1,10.57,0.0,In-Store,10.57
TX000840,CUST00200,2025-11-04 00:00:00,Footwear,L,1,57.25,9.63,In-Store,51.74
TX000841,CUST00200,2025-12-24 00:00:00,Home & Living,S,1,155.56,0.0,In-Store,155.56
TX000842,CUST00200,2026-02-19 00:00:00,Apparel,M,1,60.86,16.52,In-Store,50.81
TX000843,CUST00201,2025-08-02 00:00:00,Home & Living,S,2,188.03,0.0,Online,376.06
TX000844,CUST00201,2025-10-01 00:00:00,Accessories,M,1,42.48,0.0,Online,42.48
TX000845,CUST00201,2026-02-03 00:00:00,Home & Living,XS,1,274.6,0.0,Online,274.6
TX000846,CUST00202,2025-05-09 00:00:00,Accessories,S,1,29.63,0.0,Online,29.63
TX000847,CUST00202,2025-10-11 00:00:00,Footwear,XL,1,156.93,12.16,Online,137.85
TX000848,CUST00202,2026-01-15 00:00:00,Home & Living,L,1,127.9,0.0,In-Store,127.9
TX000849,CUST00202,2026-03-14 00:00:00,Home & Living,L,1,170.83,0.0,In-Store,170.83
TX000850,CUST00202,2026-03-26 00:00:00,Home & Living,S,1,117.24,0.0,Online,117.24
TX000851,CUST00202,2026-05-11 00:00:00,Home & Living,M,1,170.02,0.0,Online,170.02
TX000852,CUST00203,2025-02-02 00:00:00,Apparel,M,2,97.06,0.0,Online,194.12
TX000853,CUST00203,2025-09-29 00:00:00,Apparel,L,4,39.57,0.0,Online,158.28
TX000854,CUST00203,2025-11-11 00:00:00,Home & Living,S,1,236.96,0.0,In-Store,236.96
TX000855,CUST00203,2025-12-23 00:00:00,Apparel,L,1,115.59,19.23,Online,93.36
TX000856,CUST00204,2025-12-07 00:00:00,Footwear,L,1,150.41,0.0,Online,150.41
TX000857,CUST00204,2026-01-02 00:00:00,Footwear,L,3,88.71,0.0,In-Store,266.13
TX000858,CUST00204,2026-01-16 00:00:00,Home & Living,M,1,211.95,0.0,Online,211.95
TX000859,CUST00204,2026-03-20 00:00:00,Accessories,M,1,11.44,0.0,Online,11.44
TX000860,CUST00204,2026-03-24 00:00:00,Footwear,L,1,138.75,0.0,Online,138.75
TX000861,CUST00204,2026-05-12 00:00:00,Accessories,M,2,26.17,0.0,In-Store,52.34
TX000862,CUST00204,2026-06-10 00:00:00,Footwear,M,2,112.89,7.84,Online,208.08
TX000863,CUST00205,2025-08-06 00:00:00,Footwear,S,1,114.83,0.0,In-Store,114.83
TX000864,CUST00206,2025-11-30 00:00:00,Accessories,S,1,65.21,0.0,In-Store,65.21
TX000865,CUST00206,2026-03-08 00:00:00,Home & Living,S,1,261.1,6.23,In-Store,244.83
TX000866,CUST00207,2025-12-21 00:00:00,Apparel,XL,1,109.82,5.97,Online,103.26
TX000867,CUST00207,2025-12-29 00:00:00,Accessories,S,2,68.31,0.0,Online,136.62
TX000868,CUST00207,2026-01-03 00:00:00,Apparel,M,2,52.02,20.15,Online,83.08
TX000869,CUST00207,2026-01-24 00:00:00,Apparel,S,1,46.26,14.83,Online,39.4
TX000870,CUST00207,2026-01-28 00:00:00,Footwear,L,1,126.33,29.7,Online,88.81
TX000871,CUST00207,2026-02-04 00:00:00,Home & Living,XS,1,157.24,0.0,Online,157.24
TX000872,CUST00207,2026-03-05 00:00:00,Accessories,M,1,39.18,5.73,In-Store,36.93
TX000873,CUST00207,2026-03-22 00:00:00,Footwear,M,1,68.39,0.0,In-Store,68.39
TX000874,CUST00207,2026-03-24 00:00:00,Accessories,S,2,52.65,0.0,Online,105.3
TX000875,CUST00207,2026-04-20 00:00:00,Footwear,L,1,124.64,0.0,Online,124.64
TX000876,CUST00207,2026-05-16 00:00:00,Accessories,XL,2,58.44,0.0,In-Store,116.88
TX000877,CUST00207,2026-06-09 00:00:00,Accessories,M,1,60.91,0.0,Online,60.91
TX000878,CUST00207,2026-06-12 00:00:00,Accessories,S,1,19.12,0.0,Online,19.12
TX000879,CUST00207,2026-06-14 00:00:00,Accessories,L,1,60.11,0.0,In-Store,60.11
TX000880,CUST00207,2026-06-18 00:00:00,Apparel,S,1,98.3,0.0,Online,98.3
TX000881,CUST00208,2025-07-24 00:00:00,Accessories,L,1,71.74,0.0,Online,71.74
TX000882,CUST00209,2025-03-26 00:00:00,Footwear,M,1,194.76,34.03,Online,128.48
TX000883,CUST00209,2025-04-08 00:00:00,Accessories,L,3,64.26,0.0,Online,192.78
TX000884,CUST00209,2025-08-09 00:00:00,Accessories,S,1,47.67,0.0,Online,47.67
TX000885,CUST00209,2025-09-03 00:00:00,Footwear,M,1,50.34,7.66,In-Store,46.48
TX000886,CUST00210,2026-03-28 00:00:00,Accessories,M,1,23.02,0.0,Online,23.02
TX000887,CUST00210,2026-04-05 00:00:00,Apparel,S,1,113.45,0.0,Online,113.45
TX000888,CUST00210,2026-04-18 00:00:00,Accessories,S,3,23.27,5.98,In-Store,65.64
TX000889,CUST00210,2026-04-21 00:00:00,Apparel,XS,1,39.78,28.43,In-Store,28.47
TX000890,CUST00210,2026-04-27 00:00:00,Home & Living,L,3,65.04,0.0,Online,195.12
TX000891,CUST00210,2026-05-03 00:00:00,Footwear,M,1,122.19,0.0,In-Store,122.19
TX000892,CUST00210,2026-05-10 00:00:00,Accessories,L,1,26.27,14.14,In-Store,22.56
TX000893,CUST00210,2026-05-24 00:00:00,Apparel,S,1,57.5,0.0,In-Store,57.5
TX000894,CUST00210,2026-05-29 00:00:00,Home & Living,L,1,261.18,0.0,Online,261.18
TX000895,CUST00210,2026-05-31 00:00:00,Footwear,L,1,78.52,0.0,In-Store,78.52
TX000896,CUST00210,2026-06-01 00:00:00,Footwear,XS,1,118.68,17.91,In-Store,97.42
TX000897,CUST00210,2026-06-04 00:00:00,Home & Living,L,1,211.11,0.0,Online,211.11
TX000898,CUST00210,2026-06-06 00:00:00,Apparel,M,1,34.12,0.0,In-Store,34.12
TX000899,CUST00210,2026-06-14 00:00:00,Home & Living,S,1,249.87,0.0,In-Store,249.87
TX000900,CUST00210,2026-06-14 00:00:00,Footwear,S,1,178.8,15.51,In-Store,151.07
TX000901,CUST00210,2026-06-22 00:00:00,Footwear,XL,4,92.1,0.0,In-Store,368.4
TX000902,CUST00210,2026-06-28 00:00:00,Footwear,L,1,94.97,39.34,Online,57.61
TX000903,CUST00210,2026-06-29 00:00:00,Apparel,S,1,34.04,13.34,In-Store,29.5
TX000904,CUST00211,2025-11-05 00:00:00,Home & Living,L,1,141.97,0.0,Online,141.97
TX000905,CUST00211,2026-02-14 00:00:00,Apparel,L,1,33.96,0.0,Online,33.96
TX000906,CUST00211,2026-02-25 00:00:00,Footwear,L,1,89.64,0.0,Online,89.64
TX000907,CUST00211,2026-03-04 00:00:00,Apparel,XL,1,26.6,22.7,Online,20.56
TX000908,CUST00211,2026-06-30 00:00:00,Accessories,L,4,10.34,0.0,Online,41.36
TX000909,CUST00212,2024-10-24 00:00:00,Footwear,M,1,150.03,23.47,Online,114.82
TX000910,CUST00213,2024-05-16 00:00:00,Footwear,M,1,67.19,0.0,In-Store,67.19
TX000911,CUST00213,2024-09-21 00:00:00,Apparel,S,3,48.63,0.0,Online,145.89
TX000912,CUST00213,2024-09-27 00:00:00,Accessories,S,3,27.98,5.03,Online,79.72
TX000913,CUST00213,2025-03-15 00:00:00,Footwear,L,1,80.95,30.35,In-Store,56.38
TX000914,CUST00213,2025-10-02 00:00:00,Footwear,S,1,127.83,28.21,In-Store,91.77
TX000915,CUST00213,2025-11-03 00:00:00,Accessories,XL,2,65.78,0.0,Online,131.56
TX000916,CUST00213,2026-01-02 00:00:00,Home & Living,M,1,157.85,18.33,Online,128.92
TX000917,CUST00213,2026-06-04 00:00:00,Footwear,M,1,93.08,11.2,In-Store,82.66
TX000918,CUST00214,2025-12-15 00:00:00,Accessories,M,1,54.75,0.0,Online,54.75
TX000919,CUST00215,2025-12-11 00:00:00,Home & Living,L,1,217.83,0.0,In-Store,217.83
TX000920,CUST00215,2025-12-29 00:00:00,Apparel,S,1,115.93,27.47,Online,84.08
TX000921,CUST00215,2026-03-02 00:00:00,Accessories,M,1,73.53,14.59,Online,62.8
TX000922,CUST00216,2025-05-31 00:00:00,Home & Living,L,1,107.06,0.0,Online,107.06
TX000923,CUST00216,2025-09-30 00:00:00,Home & Living,XS,1,160.04,0.0,Online,160.04
TX000924,CUST00217,2025-12-02 00:00:00,Footwear,M,3,52.46,24.78,Online,118.38
TX000925,CUST00217,2026-01-25 00:00:00,Apparel,S,1,119.03,0.0,In-Store,119.03
TX000926,CUST00217,2026-04-17 00:00:00,Home & Living,XL,1,102.96,0.0,Online,102.96
TX000927,CUST00218,2026-01-08 00:00:00,Accessories,M,1,54.78,0.0,In-Store,54.78
TX000928,CUST00218,2026-04-07 00:00:00,Accessories,M,2,67.69,10.04,Online,121.79
TX000929,CUST00218,2026-05-26 00:00:00,Home & Living,XL,2,182.42,0.0,In-Store,364.84
TX000930,CUST00219,2026-03-12 00:00:00,Accessories,S,1,23.59,9.61,In-Store,21.32
TX000931,CUST00219,2026-03-27 00:00:00,Apparel,L,2,93.79,0.0,In-Store,187.58
TX000932,CUST00219,2026-04-05 00:00:00,Footwear,XS,1,59.49,0.0,Online,59.49
TX000933,CUST00219,2026-06-09 00:00:00,Accessories,S,1,68.04,12.64,Online,59.44
TX000934,CUST00219,2026-06-20 00:00:00,Accessories,L,1,20.8,0.0,In-Store,20.8
TX000935,CUST00220,2025-03-30 00:00:00,Accessories,S,3,61.89,0.0,Online,185.67
TX000936,CUST00220,2025-04-14 00:00:00,Footwear,S,3,181.21,29.31,In-Store,384.29
TX000937,CUST00220,2025-05-28 00:00:00,Apparel,L,1,62.49,0.0,In-Store,62.49
TX000938,CUST00220,2025-07-13 00:00:00,Accessories,XS,2,25.63,13.58,Online,44.3
TX000939,CUST00220,2025-08-01 00:00:00,Apparel,S,1,76.07,13.3,Online,65.95
TX000940,CUST00220,2025-09-08 00:00:00,Accessories,S,1,61.35,0.0,Online,61.35
TX000941,CUST00220,2025-09-22 00:00:00,Footwear,S,2,132.01,0.0,Online,264.02
TX000942,CUST00220,2025-12-29 00:00:00,Home & Living,M,1,237.85,0.0,In-Store,237.85
TX000943,CUST00220,2026-01-18 00:00:00,Apparel,XS,1,40.67,0.0,In-Store,40.67
TX000944,CUST00220,2026-01-22 00:00:00,Footwear,M,3,64.74,0.0,Online,194.22
TX000945,CUST00220,2026-01-26 00:00:00,Apparel,M,2,118.9,21.8,In-Store,185.96
TX000946,CUST00220,2026-04-18 00:00:00,Home & Living,M,1,57.54,0.0,In-Store,57.54
TX000947,CUST00220,2026-05-23 00:00:00,Footwear,M,1,165.2,33.85,Online,109.28
TX000948,CUST00220,2026-06-11 00:00:00,Apparel,L,1,69.39,6.22,In-Store,65.07
TX000949,CUST00220,2026-06-20 00:00:00,Home & Living,M,1,226.83,0.0,Online,226.83
TX000950,CUST00221,2026-01-17 00:00:00,Accessories,M,4,34.02,8.1,Online,125.06
TX000951,CUST00222,2025-12-11 00:00:00,Accessories,L,1,65.64,0.0,In-Store,65.64
TX000952,CUST00222,2026-01-20 00:00:00,Accessories,L,1,13.95,0.0,In-Store,13.95
TX000953,CUST00222,2026-03-12 00:00:00,Apparel,L,2,111.95,0.0,Online,223.9
TX000954,CUST00222,2026-03-28 00:00:00,Accessories,S,1,40.79,0.0,Online,40.79
TX000955,CUST00223,2024-10-15 00:00:00,Accessories,L,1,19.2,0.0,In-Store,19.2
TX000956,CUST00224,2026-01-24 00:00:00,Footwear,M,2,69.58,0.0,In-Store,139.16
TX000957,CUST00224,2026-02-28 00:00:00,Apparel,M,1,28.87,0.0,In-Store,28.87
TX000958,CUST00224,2026-03-22 00:00:00,Home & Living,M,2,264.56,11.05,Online,470.65
TX000959,CUST00224,2026-04-05 00:00:00,Accessories,XS,1,72.35,0.0,Online,72.35
TX000960,CUST00224,2026-04-07 00:00:00,Footwear,M,2,179.46,0.0,In-Store,358.92
TX000961,CUST00224,2026-05-03 00:00:00,Apparel,M,2,94.42,0.0,Online,188.84
TX000962,CUST00225,2024-08-30 00:00:00,Home & Living,XL,1,217.01,17.79,Online,178.4
TX000963,CUST00225,2026-03-14 00:00:00,Home & Living,S,1,174.45,0.0,In-Store,174.45
TX000964,CUST00225,2026-05-18 00:00:00,Accessories,M,2,15.85,0.0,Online,31.7
TX000965,CUST00225,2026-06-11 00:00:00,Apparel,S,1,82.61,19.83,In-Store,66.23
TX000966,CUST00226,2025-06-17 00:00:00,Apparel,M,2,115.84,0.0,In-Store,231.68
TX000967,CUST00226,2025-09-20 00:00:00,Home & Living,L,4,60.26,0.0,In-Store,241.04
TX000968,CUST00226,2025-12-22 00:00:00,Apparel,XS,1,42.56,0.0,In-Store,42.56
TX000969,CUST00227,2024-11-01 00:00:00,Apparel,L,1,46.46,0.0,Online,46.46
TX000970,CUST00227,2024-12-27 00:00:00,Footwear,S,1,172.24,12.55,In-Store,150.62
TX000971,CUST00227,2025-01-09 00:00:00,Home & Living,L,1,145.84,19.01,In-Store,118.12
TX000972,CUST00227,2025-01-15 00:00:00,Footwear,S,3,56.43,5.74,In-Store,159.57
TX000973,CUST00227,2025-02-28 00:00:00,Footwear,S,1,168.61,29.28,Online,119.24
TX000974,CUST00227,2025-03-04 00:00:00,Apparel,L,3,114.67,0.0,Online,344.01
TX000975,CUST00227,2025-03-15 00:00:00,Footwear,S,2,63.26,0.0,Online,126.52
TX000976,CUST00227,2025-06-04 00:00:00,Home & Living,S,3,91.41,0.0,In-Store,274.23
TX000977,CUST00227,2025-07-06 00:00:00,Apparel,L,2,73.36,19.3,Online,118.4
TX000978,CUST00227,2025-07-26 00:00:00,Accessories,XL,1,73.95,0.0,Online,73.95
TX000979,CUST00227,2025-08-15 00:00:00,Home & Living,S,2,36.31,0.0,Online,72.62
TX000980,CUST00227,2025-08-18 00:00:00,Footwear,M,2,186.91,0.0,Online,373.82
TX000981,CUST00227,2025-09-12 00:00:00,Apparel,M,1,88.37,0.0,In-Store,88.37
TX000982,CUST00227,2025-10-05 00:00:00,Apparel,XL,2,52.15,5.39,In-Store,98.68
TX000983,CUST00227,2025-10-18 00:00:00,Accessories,M,1,48.86,0.0,In-Store,48.86
TX000984,CUST00227,2025-11-09 00:00:00,Footwear,L,2,148.52,0.0,In-Store,297.04
TX000985,CUST00227,2025-11-19 00:00:00,Footwear,M,1,128.33,32.42,Online,86.73
TX000986,CUST00227,2025-12-04 00:00:00,Accessories,M,1,16.69,10.0,Online,15.02
TX000987,CUST00227,2025-12-28 00:00:00,Accessories,S,3,67.89,13.39,In-Store,176.4
TX000988,CUST00227,2026-02-24 00:00:00,Footwear,M,1,133.98,0.0,Online,133.98
TX000989,CUST00227,2026-03-22 00:00:00,Footwear,L,1,146.04,0.0,Online,146.04
TX000990,CUST00227,2026-04-20 00:00:00,Accessories,M,2,30.12,0.0,In-Store,60.24
TX000991,CUST00227,2026-06-09 00:00:00,Home & Living,M,1,273.11,0.0,In-Store,273.11
TX000992,CUST00228,2026-02-27 00:00:00,Footwear,M,1,132.39,0.0,Online,132.39
TX000993,CUST00229,2025-03-29 00:00:00,Footwear,M,1,144.55,0.0,Online,144.55
TX000994,CUST00229,2025-06-26 00:00:00,Apparel,M,1,90.14,9.76,Online,81.34
TX000995,CUST00229,2025-08-24 00:00:00,Apparel,L,1,43.24,18.54,Online,35.22
TX000996,CUST00229,2025-11-18 00:00:00,Home & Living,S,1,45.75,19.39,Online,36.88
TX000997,CUST00229,2025-11-30 00:00:00,Footwear,XL,1,186.1,39.95,Online,111.75
TX000998,CUST00229,2026-03-18 00:00:00,Accessories,XL,1,53.44,0.0,Online,53.44
TX000999,CUST00230,2024-04-06 00:00:00,Apparel,L,2,55.53,0.0,In-Store,111.06
TX001000,CUST00230,2024-10-26 00:00:00,Footwear,S,1,144.05,17.89,In-Store,118.28
TX001001,CUST00230,2024-11-10 00:00:00,Footwear,S,1,92.23,30.0,Online,64.56
TX001002,CUST00231,2026-02-09 00:00:00,Home & Living,XL,1,86.75,0.0,Online,86.75
TX001003,CUST00231,2026-02-10 00:00:00,Home & Living,M,1,281.61,0.0,In-Store,281.61
TX001004,CUST00231,2026-02-17 00:00:00,Apparel,M,1,44.47,0.0,In-Store,44.47
TX001005,CUST00231,2026-02-22 00:00:00,Footwear,S,1,162.55,22.97,In-Store,125.21
TX001006,CUST00231,2026-02-28 00:00:00,Home & Living,M,1,85.45,0.0,In-Store,85.45
TX001007,CUST00231,2026-03-12 00:00:00,Apparel,L,2,41.03,0.0,Online,82.06
TX001008,CUST00231,2026-03-18 00:00:00,Apparel,S,4,33.98,29.87,Online,95.32
TX001009,CUST00231,2026-04-13 00:00:00,Apparel,L,1,75.75,0.0,In-Store,75.75
TX001010,CUST00231,2026-05-04 00:00:00,Accessories,L,3,14.89,0.0,In-Store,44.67
TX001011,CUST00231,2026-05-14 00:00:00,Accessories,S,1,22.57,0.0,In-Store,22.57
TX001012,CUST00231,2026-05-17 00:00:00,Footwear,L,2,153.02,0.0,In-Store,306.04
TX001013,CUST00231,2026-06-06 00:00:00,Accessories,XS,2,65.12,11.82,Online,114.85
TX001014,CUST00231,2026-06-10 00:00:00,Footwear,L,3,53.44,0.0,Online,160.32
TX001015,CUST00231,2026-06-27 00:00:00,Apparel,S,1,91.51,0.0,In-Store,91.51
TX001016,CUST00231,2026-06-29 00:00:00,Accessories,S,2,11.01,0.0,Online,22.02
TX001017,CUST00232,2026-01-07 00:00:00,Home & Living,M,1,57.84,0.0,In-Store,57.84
TX001018,CUST00233,2025-09-19 00:00:00,Accessories,XL,2,43.98,0.0,Online,87.96
TX001019,CUST00233,2025-12-10 00:00:00,Footwear,M,3,163.24,0.0,Online,489.72
TX001020,CUST00233,2026-02-20 00:00:00,Accessories,XS,1,49.58,0.0,Online,49.58
TX001021,CUST00234,2026-02-06 00:00:00,Home & Living,M,1,114.01,0.0,In-Store,114.01
TX001022,CUST00234,2026-02-17 00:00:00,Apparel,M,1,51.94,0.0,Online,51.94
TX001023,CUST00234,2026-05-21 00:00:00,Apparel,L,1,66.93,0.0,Online,66.93
TX001024,CUST00235,2024-11-30 00:00:00,Apparel,M,3,67.94,0.0,Online,203.82
TX001025,CUST00235,2026-03-26 00:00:00,Footwear,XL,1,129.83,10.25,In-Store,116.52
TX001026,CUST00236,2024-08-19 00:00:00,Accessories,M,1,58.73,0.0,Online,58.73
TX001027,CUST00236,2025-03-02 00:00:00,Accessories,L,1,55.21,0.0,In-Store,55.21
TX001028,CUST00236,2025-09-19 00:00:00,Footwear,XS,1,142.93,0.0,Online,142.93
TX001029,CUST00236,2025-11-20 00:00:00,Accessories,XL,2,32.27,0.0,Online,64.54
TX001030,CUST00237,2025-07-23 00:00:00,Accessories,S,1,18.65,0.0,Online,18.65
TX001031,CUST00237,2025-11-11 00:00:00,Accessories,XL,2,22.65,0.0,In-Store,45.3
TX001032,CUST00237,2026-01-10 00:00:00,Accessories,L,1,54.49,0.0,Online,54.49
TX001033,CUST00238,2025-05-26 00:00:00,Home & Living,XL,1,242.15,0.0,Online,242.15
TX001034,CUST00238,2025-06-21 00:00:00,Footwear,XL,1,53.85,0.0,Online,53.85
TX001035,CUST00238,2025-06-21 00:00:00,Home & Living,L,1,119.92,0.0,In-Store,119.92
TX001036,CUST00238,2025-09-22 00:00:00,Accessories,L,1,50.51,0.0,In-Store,50.51
TX001037,CUST00238,2025-12-19 00:00:00,Apparel,S,3,81.91,9.98,In-Store,221.21
TX001038,CUST00238,2025-12-26 00:00:00,Apparel,S,1,59.6,0.0,Online,59.6
TX001039,CUST00238,2026-02-18 00:00:00,Accessories,L,1,57.38,0.0,In-Store,57.38
TX001040,CUST00238,2026-05-18 00:00:00,Apparel,XL,1,65.49,0.0,Online,65.49
TX001041,CUST00238,2026-06-27 00:00:00,Apparel,M,1,98.13,24.41,Online,74.18
TX001042,CUST00239,2025-10-14 00:00:00,Accessories,M,2,10.44,0.0,Online,20.88
TX001043,CUST00239,2026-02-22 00:00:00,Home & Living,XL,1,270.9,0.0,Online,270.9
TX001044,CUST00239,2026-06-06 00:00:00,Footwear,L,1,98.67,0.0,Online,98.67
TX001045,CUST00240,2025-05-27 00:00:00,Footwear,S,2,126.53,0.0,In-Store,253.06
TX001046,CUST00240,2025-06-26 00:00:00,Footwear,S,3,169.49,29.94,In-Store,356.23
TX001047,CUST00241,2025-01-08 00:00:00,Apparel,M,1,101.15,0.0,Online,101.15
TX001048,CUST00241,2025-05-21 00:00:00,Accessories,L,1,67.03,0.0,In-Store,67.03
TX001049,CUST00242,2024-10-28 00:00:00,Footwear,M,1,77.32,15.61,In-Store,65.25
TX001050,CUST00242,2026-01-11 00:00:00,Footwear,M,1,194.46,0.0,In-Store,194.46
TX001051,CUST00243,2024-09-12 00:00:00,Apparel,L,2,43.09,10.0,Online,77.56
TX001052,CUST00243,2024-11-16 00:00:00,Apparel,M,1,95.14,0.0,Online,95.14
TX001053,CUST00243,2025-01-16 00:00:00,Accessories,M,2,40.11,6.65,Online,74.89
TX001054,CUST00243,2025-02-06 00:00:00,Accessories,M,2,41.21,0.0,In-Store,82.42
TX001055,CUST00243,2025-02-24 00:00:00,Footwear,S,1,73.21,0.0,Online,73.21
TX001056,CUST00243,2025-03-02 00:00:00,Footwear,M,2,133.07,0.0,Online,266.14
TX001057,CUST00243,2025-04-08 00:00:00,Footwear,S,1,118.58,20.5,In-Store,94.27
TX001058,CUST00243,2025-04-17 00:00:00,Accessories,M,3,70.2,0.0,Online,210.6
TX001059,CUST00243,2025-06-27 00:00:00,Accessories,L,2,67.3,0.0,In-Store,134.6
TX001060,CUST00243,2025-07-02 00:00:00,Apparel,S,1,47.45,0.0,Online,47.45
TX001061,CUST00243,2025-09-16 00:00:00,Accessories,XL,2,65.62,0.0,Online,131.24
TX001062,CUST00243,2025-09-18 00:00:00,Apparel,S,1,86.24,0.0,In-Store,86.24
TX001063,CUST00243,2025-11-03 00:00:00,Home & Living,M,1,40.18,0.0,In-Store,40.18
TX001064,CUST00243,2026-02-15 00:00:00,Footwear,L,1,158.75,20.64,In-Store,125.98
TX001065,CUST00243,2026-02-26 00:00:00,Accessories,M,1,38.61,8.31,In-Store,35.4
TX001066,CUST00243,2026-06-26 00:00:00,Footwear,S,2,82.14,0.0,In-Store,164.28
TX001067,CUST00244,2024-08-28 00:00:00,Accessories,L,1,12.89,0.0,Online,12.89
TX001068,CUST00244,2024-09-24 00:00:00,Footwear,S,1,125.89,0.0,Online,125.89
TX001069,CUST00244,2024-11-08 00:00:00,Home & Living,XL,1,129.7,0.0,Online,129.7
TX001070,CUST00244,2024-12-11 00:00:00,Apparel,L,1,51.42,28.06,In-Store,36.99
TX001071,CUST00244,2024-12-15 00:00:00,Home & Living,S,1,52.6,0.0,Online,52.6
TX001072,CUST00244,2024-12-30 00:00:00,Apparel,L,1,39.18,0.0,In-Store,39.18
TX001073,CUST00244,2025-02-08 00:00:00,Home & Living,L,1,59.51,0.0,Online,59.51
TX001074,CUST00244,2025-08-08 00:00:00,Apparel,S,1,43.65,15.39,Online,36.93
TX001075,CUST00244,2025-09-10 00:00:00,Apparel,L,1,35.94,0.0,In-Store,35.94
TX001076,CUST00244,2026-02-12 00:00:00,Footwear,M,1,162.9,9.03,In-Store,148.19
TX001077,CUST00244,2026-06-22 00:00:00,Apparel,L,1,42.17,23.04,Online,32.45
TX001078,CUST00245,2026-03-22 00:00:00,Footwear,M,1,81.26,11.26,In-Store,72.11
TX001079,CUST00245,2026-04-11 00:00:00,Apparel,M,1,99.58,7.25,Online,92.36
TX001080,CUST00245,2026-04-14 00:00:00,Accessories,S,3,65.89,0.0,Online,197.67
TX001081,CUST00245,2026-04-24 00:00:00,Footwear,M,1,176.0,0.0,In-Store,176.0
TX001082,CUST00245,2026-05-30 00:00:00,Footwear,L,2,59.9,0.0,In-Store,119.8
TX001083,CUST00245,2026-06-05 00:00:00,Home & Living,XS,1,219.06,0.0,Online,219.06
TX001084,CUST00245,2026-06-19 00:00:00,Apparel,M,1,43.12,0.0,Online,43.12
TX001085,CUST00245,2026-06-21 00:00:00,Accessories,L,1,11.76,0.0,In-Store,11.76
TX001086,CUST00246,2024-10-25 00:00:00,Accessories,L,1,28.07,11.19,Online,24.93
TX001087,CUST00246,2025-09-15 00:00:00,Apparel,XL,1,37.35,0.0,Online,37.35
TX001088,CUST00247,2024-05-21 00:00:00,Footwear,L,1,165.26,0.0,Online,165.26
TX001089,CUST00247,2024-05-31 00:00:00,Home & Living,M,1,214.42,0.0,Online,214.42
TX001090,CUST00247,2024-06-16 00:00:00,Accessories,XS,1,64.7,13.1,Online,56.22
TX001091,CUST00247,2024-07-13 00:00:00,Apparel,M,1,27.53,0.0,In-Store,27.53
TX001092,CUST00247,2024-09-18 00:00:00,Apparel,L,1,65.26,5.33,Online,61.78
TX001093,CUST00247,2024-12-27 00:00:00,Apparel,L,1,27.9,0.0,In-Store,27.9
TX001094,CUST00247,2025-01-24 00:00:00,Accessories,S,1,36.56,5.54,In-Store,34.53
TX001095,CUST00247,2025-03-02 00:00:00,Home & Living,L,1,175.63,0.0,Online,175.63
TX001096,CUST00247,2025-05-20 00:00:00,Accessories,M,1,46.73,10.32,Online,41.91
TX001097,CUST00247,2025-07-03 00:00:00,Footwear,XL,1,124.43,24.64,Online,93.77
TX001098,CUST00247,2026-02-03 00:00:00,Accessories,XL,1,20.18,0.0,In-Store,20.18
TX001099,CUST00247,2026-05-02 00:00:00,Footwear,S,1,72.34,7.24,Online,67.1
TX001100,CUST00247,2026-05-11 00:00:00,Apparel,S,1,118.08,0.0,Online,118.08
TX001101,CUST00248,2024-08-17 00:00:00,Footwear,M,1,87.85,27.93,Online,63.31
TX001102,CUST00248,2024-10-24 00:00:00,Apparel,M,2,78.48,0.0,In-Store,156.96
TX001103,CUST00248,2025-09-27 00:00:00,Home & Living,M,1,299.33,16.77,Online,249.13
TX001104,CUST00248,2025-11-06 00:00:00,Home & Living,L,1,193.45,0.0,In-Store,193.45
TX001105,CUST00248,2026-02-19 00:00:00,Footwear,L,1,147.2,25.66,In-Store,109.43
TX001106,CUST00249,2024-08-05 00:00:00,Accessories,S,1,71.92,0.0,Online,71.92
TX001107,CUST00249,2024-09-25 00:00:00,Home & Living,M,1,90.9,0.0,Online,90.9
TX001108,CUST00249,2025-05-22 00:00:00,Apparel,S,4,67.38,22.79,In-Store,208.1
TX001109,CUST00249,2025-06-20 00:00:00,Accessories,M,1,40.37,0.0,In-Store,40.37
TX001110,CUST00250,2026-05-13 00:00:00,Home & Living,L,1,281.69,0.0,In-Store,281.69
TX001111,CUST00251,2024-05-09 00:00:00,Apparel,XL,2,76.06,0.0,In-Store,152.12
TX001112,CUST00251,2024-06-07 00:00:00,Apparel,S,4,113.17,0.0,Online,452.68
TX001113,CUST00251,2024-07-13 00:00:00,Footwear,S,3,182.52,0.0,In-Store,547.56
TX001114,CUST00251,2025-05-14 00:00:00,Home & Living,S,1,38.06,0.0,In-Store,38.06
TX001115,CUST00251,2025-05-18 00:00:00,Footwear,S,1,149.99,0.0,Online,149.99
TX001116,CUST00251,2025-07-14 00:00:00,Home & Living,S,1,59.25,0.0,Online,59.25
TX001117,CUST00251,2025-07-23 00:00:00,Home & Living,S,2,193.97,0.0,In-Store,387.94
TX001118,CUST00251,2025-09-21 00:00:00,Footwear,M,1,199.86,0.0,Online,199.86
TX001119,CUST00251,2025-10-04 00:00:00,Home & Living,M,1,66.25,0.0,Online,66.25
TX001120,CUST00251,2025-10-15 00:00:00,Footwear,S,1,184.94,0.0,Online,184.94
TX001121,CUST00251,2026-04-22 00:00:00,Accessories,L,1,34.53,14.31,Online,29.59
TX001122,CUST00252,2024-03-18 00:00:00,Home & Living,XL,2,134.72,0.0,In-Store,269.44
TX001123,CUST00252,2025-04-07 00:00:00,Home & Living,S,1,117.78,5.17,Online,111.69
TX001124,CUST00252,2025-10-12 00:00:00,Home & Living,M,1,99.44,0.0,Online,99.44
TX001125,CUST00252,2025-11-17 00:00:00,Home & Living,L,1,176.17,0.0,In-Store,176.17
TX001126,CUST00253,2026-06-13 00:00:00,Footwear,XS,1,60.22,34.16,Online,39.65
TX001127,CUST00254,2025-03-15 00:00:00,Accessories,XL,1,36.5,6.87,Online,33.99
TX001128,CUST00254,2025-06-22 00:00:00,Apparel,M,1,99.08,0.0,In-Store,99.08
TX001129,CUST00254,2025-07-21 00:00:00,Home & Living,M,1,104.48,0.0,Online,104.48
TX001130,CUST00254,2026-01-16 00:00:00,Home & Living,M,1,243.74,0.0,In-Store,243.74
TX001131,CUST00255,2025-10-31 00:00:00,Apparel,XS,2,68.86,0.0,Online,137.72
TX001132,CUST00256,2024-12-17 00:00:00,Apparel,XL,2,99.2,0.0,Online,198.4
TX001133,CUST00256,2025-01-28 00:00:00,Apparel,L,1,31.69,22.07,Online,24.7
TX001134,CUST00256,2025-02-18 00:00:00,Footwear,S,1,97.16,0.0,In-Store,97.16
TX001135,CUST00256,2025-03-04 00:00:00,Home & Living,XS,1,193.87,0.0,Online,193.87
TX001136,CUST00256,2025-03-15 00:00:00,Home & Living,XS,2,114.16,0.0,Online,228.32
TX001137,CUST00256,2025-04-30 00:00:00,Footwear,M,1,91.1,0.0,In-Store,91.1
TX001138,CUST00256,2025-07-09 00:00:00,Footwear,S,1,168.38,5.5,In-Store,159.12
TX001139,CUST00256,2025-07-22 00:00:00,Home & Living,M,1,152.42,0.0,Online,152.42
TX001140,CUST00256,2025-07-26 00:00:00,Home & Living,M,3,85.96,0.0,In-Store,257.88
TX001141,CUST00256,2025-09-12 00:00:00,Home & Living,M,1,142.18,0.0,Online,142.18
TX001142,CUST00256,2025-09-12 00:00:00,Home & Living,M,2,49.36,0.0,Online,98.72
TX001143,CUST00256,2025-09-14 00:00:00,Apparel,S,1,113.53,0.0,In-Store,113.53
TX001144,CUST00256,2025-09-28 00:00:00,Accessories,M,3,61.88,0.0,In-Store,185.64
TX001145,CUST00256,2025-10-11 00:00:00,Footwear,S,1,97.4,5.97,Online,91.59
TX001146,CUST00256,2025-11-17 00:00:00,Apparel,M,1,117.38,0.0,In-Store,117.38
TX001147,CUST00256,2025-11-22 00:00:00,Footwear,S,4,50.92,0.0,Online,203.68
TX001148,CUST00256,2025-12-07 00:00:00,Footwear,XS,1,124.18,0.0,Online,124.18
TX001149,CUST00256,2026-01-03 00:00:00,Home & Living,XL,1,243.18,17.03,Online,201.77
TX001150,CUST00256,2026-01-21 00:00:00,Home & Living,S,2,204.23,0.0,Online,408.46
TX001151,CUST00256,2026-03-30 00:00:00,Accessories,S,1,24.87,0.0,Online,24.87
TX001152,CUST00256,2026-05-02 00:00:00,Footwear,L,2,129.84,0.0,Online,259.68
TX001153,CUST00256,2026-05-10 00:00:00,Accessories,M,1,18.02,0.0,In-Store,18.02
TX001154,CUST00256,2026-05-13 00:00:00,Home & Living,XL,2,294.69,0.0,Online,589.38
TX001155,CUST00256,2026-05-31 00:00:00,Home & Living,L,1,158.81,0.0,In-Store,158.81
TX001156,CUST00256,2026-06-15 00:00:00,Accessories,L,3,20.02,0.0,Online,60.06
TX001157,CUST00256,2026-06-22 00:00:00,Footwear,M,1,143.12,0.0,Online,143.12
TX001158,CUST00257,2024-10-14 00:00:00,Footwear,M,1,78.74,0.0,Online,78.74
TX001159,CUST00257,2025-02-21 00:00:00,Footwear,XS,1,51.89,0.0,In-Store,51.89
TX001160,CUST00257,2026-02-12 00:00:00,Accessories,M,2,26.57,0.0,Online,53.14
TX001161,CUST00257,2026-02-16 00:00:00,Accessories,L,1,45.45,0.0,Online,45.45
TX001162,CUST00257,2026-03-22 00:00:00,Accessories,L,2,10.77,0.0,In-Store,21.54
TX001163,CUST00257,2026-05-27 00:00:00,Apparel,XL,2,62.65,0.0,Online,125.3
TX001164,CUST00258,2025-07-24 00:00:00,Home & Living,M,1,148.29,0.0,Online,148.29
TX001165,CUST00258,2025-07-24 00:00:00,Apparel,S,1,83.86,0.0,In-Store,83.86
TX001166,CUST00259,2025-04-16 00:00:00,Apparel,L,1,118.6,0.0,In-Store,118.6
TX001167,CUST00259,2025-04-28 00:00:00,Accessories,XL,1,25.12,0.0,In-Store,25.12
TX001168,CUST00259,2025-05-02 00:00:00,Footwear,S,2,76.25,12.13,Online,134.0
TX001169,CUST00259,2025-06-15 00:00:00,Accessories,M,1,61.5,6.13,In-Store,57.73
TX001170,CUST00259,2025-06-22 00:00:00,Accessories,M,3,46.83,0.0,Online,140.49
TX001171,CUST00259,2025-07-26 00:00:00,Accessories,S,1,17.87,0.0,Online,17.87
TX001172,CUST00259,2025-08-28 00:00:00,Apparel,XS,1,74.59,0.0,Online,74.59
TX001173,CUST00259,2025-09-17 00:00:00,Footwear,S,2,68.26,0.0,In-Store,136.52
TX001174,CUST00259,2025-10-03 00:00:00,Apparel,M,1,112.14,18.83,In-Store,91.02
TX001175,CUST00259,2025-10-27 00:00:00,Apparel,L,1,96.74,0.0,Online,96.74
TX001176,CUST00259,2025-11-01 00:00:00,Accessories,L,1,30.11,0.0,Online,30.11
TX001177,CUST00259,2025-11-02 00:00:00,Apparel,L,1,94.67,0.0,Online,94.67
TX001178,CUST00259,2025-11-09 00:00:00,Apparel,M,1,102.48,0.0,In-Store,102.48
TX001179,CUST00259,2025-11-13 00:00:00,Apparel,M,1,110.78,15.82,In-Store,93.25
TX001180,CUST00259,2025-11-14 00:00:00,Apparel,XS,1,86.49,0.0,Online,86.49
TX001181,CUST00259,2025-11-29 00:00:00,Home & Living,L,1,153.46,0.0,Online,153.46
TX001182,CUST00259,2025-12-05 00:00:00,Home & Living,L,2,159.4,0.0,Online,318.8
TX001183,CUST00259,2025-12-09 00:00:00,Footwear,L,1,80.35,0.0,Online,80.35
TX001184,CUST00259,2025-12-14 00:00:00,Footwear,M,1,141.04,0.0,Online,141.04
TX001185,CUST00259,2025-12-27 00:00:00,Apparel,M,1,119.53,0.0,Online,119.53
TX001186,CUST00259,2026-01-07 00:00:00,Home & Living,M,2,148.62,0.0,In-Store,297.24
TX001187,CUST00259,2026-01-16 00:00:00,Apparel,L,1,47.49,7.17,Online,44.08
TX001188,CUST00259,2026-01-20 00:00:00,Footwear,S,2,144.66,0.0,In-Store,289.32
TX001189,CUST00259,2026-01-31 00:00:00,Apparel,XL,2,118.14,0.0,In-Store,236.28
TX001190,CUST00259,2026-02-18 00:00:00,Home & Living,M,1,118.3,0.0,Online,118.3
TX001191,CUST00259,2026-02-23 00:00:00,Accessories,L,1,35.03,5.75,Online,33.02
TX001192,CUST00259,2026-03-10 00:00:00,Accessories,M,1,49.56,0.0,In-Store,49.56
TX001193,CUST00259,2026-03-16 00:00:00,Accessories,XS,1,41.04,0.0,Online,41.04
TX001194,CUST00259,2026-03-30 00:00:00,Home & Living,M,2,132.11,0.0,Online,264.22
TX001195,CUST00259,2026-05-05 00:00:00,Home & Living,S,1,256.28,0.0,In-Store,256.28
TX001196,CUST00259,2026-05-11 00:00:00,Accessories,M,1,66.53,0.0,Online,66.53
TX001197,CUST00259,2026-05-12 00:00:00,Apparel,M,1,62.93,0.0,In-Store,62.93
TX001198,CUST00259,2026-06-18 00:00:00,Footwear,M,1,174.09,35.26,In-Store,112.71
TX001199,CUST00260,2025-11-13 00:00:00,Accessories,M,1,56.61,0.0,Online,56.61
TX001200,CUST00260,2025-11-26 00:00:00,Home & Living,M,1,52.47,0.0,In-Store,52.47
TX001201,CUST00260,2025-12-04 00:00:00,Apparel,L,1,79.56,0.0,In-Store,79.56
TX001202,CUST00260,2025-12-28 00:00:00,Apparel,XS,4,87.41,15.69,In-Store,294.78
TX001203,CUST00260,2026-01-22 00:00:00,Apparel,M,2,37.94,16.56,In-Store,63.31
TX001204,CUST00260,2026-03-16 00:00:00,Apparel,XS,3,49.36,0.0,In-Store,148.08
TX001205,CUST00260,2026-03-24 00:00:00,Home & Living,S,1,121.72,0.0,In-Store,121.72
TX001206,CUST00260,2026-03-25 00:00:00,Footwear,M,1,133.3,35.01,Online,86.63
TX001207,CUST00260,2026-04-27 00:00:00,Footwear,L,2,112.01,0.0,In-Store,224.02
TX001208,CUST00260,2026-06-01 00:00:00,Accessories,S,4,23.14,0.0,Online,92.56
TX001209,CUST00260,2026-06-09 00:00:00,Apparel,M,1,56.57,24.37,In-Store,42.78
TX001210,CUST00260,2026-06-26 00:00:00,Apparel,L,1,53.19,0.0,In-Store,53.19
TX001211,CUST00261,2024-08-11 00:00:00,Apparel,M,1,50.94,0.0,Online,50.94
TX001212,CUST00261,2024-11-11 00:00:00,Home & Living,XL,2,281.7,0.0,Online,563.4
TX001213,CUST00261,2025-02-17 00:00:00,Accessories,S,1,73.79,0.0,In-Store,73.79
TX001214,CUST00261,2025-05-13 00:00:00,Apparel,L,1,30.04,0.0,In-Store,30.04
TX001215,CUST00262,2026-02-21 00:00:00,Accessories,M,1,21.88,0.0,Online,21.88
TX001216,CUST00262,2026-05-05 00:00:00,Home & Living,M,1,165.75,0.0,In-Store,165.75
TX001217,CUST00262,2026-05-13 00:00:00,Accessories,XS,1,15.42,12.79,In-Store,13.45
TX001218,CUST00263,2025-12-27 00:00:00,Footwear,XS,1,58.1,0.0,Online,58.1
TX001219,CUST00264,2026-02-28 00:00:00,Accessories,XL,4,68.04,0.0,Online,272.16
TX001220,CUST00264,2026-04-16 00:00:00,Home & Living,L,2,50.77,0.0,Online,101.54
TX001221,CUST00265,2025-12-16 00:00:00,Home & Living,XS,1,271.01,0.0,Online,271.01
TX001222,CUST00266,2025-08-13 00:00:00,Accessories,M,1,45.8,0.0,In-Store,45.8
TX001223,CUST00267,2025-01-20 00:00:00,Home & Living,XS,2,38.23,0.0,Online,76.46
TX001224,CUST00267,2025-08-20 00:00:00,Apparel,L,2,65.7,0.0,In-Store,131.4
TX001225,CUST00267,2025-11-01 00:00:00,Apparel,XL,3,119.1,20.38,In-Store,284.48
TX001226,CUST00267,2026-02-17 00:00:00,Home & Living,M,1,125.22,10.82,Online,111.67
TX001227,CUST00268,2025-12-09 00:00:00,Apparel,M,2,110.07,0.0,Online,220.14
TX001228,CUST00268,2026-02-11 00:00:00,Home & Living,XS,1,220.21,0.0,In-Store,220.21
TX001229,CUST00268,2026-03-09 00:00:00,Footwear,M,1,177.21,16.48,Online,148.01
TX001230,CUST00268,2026-03-29 00:00:00,Apparel,S,1,118.61,8.25,Online,108.82
TX001231,CUST00269,2026-06-10 00:00:00,Accessories,S,1,47.22,0.0,Online,47.22
TX001232,CUST00270,2025-12-21 00:00:00,Footwear,M,1,86.45,36.6,Online,54.81
TX001233,CUST00270,2025-12-31 00:00:00,Apparel,M,1,89.44,0.0,In-Store,89.44
TX001234,CUST00270,2026-02-20 00:00:00,Footwear,L,1,134.84,10.98,In-Store,120.03
TX001235,CUST00270,2026-03-21 00:00:00,Footwear,L,1,192.99,28.49,In-Store,138.01
TX001236,CUST00270,2026-04-06 00:00:00,Accessories,L,1,32.99,7.56,In-Store,30.5
TX001237,CUST00270,2026-05-07 00:00:00,Accessories,L,1,38.92,8.44,Online,35.64
TX001238,CUST00270,2026-05-11 00:00:00,Accessories,M,1,55.53,11.47,In-Store,49.16
TX001239,CUST00270,2026-06-01 00:00:00,Apparel,M,1,111.44,0.0,In-Store,111.44
TX001240,CUST00270,2026-06-02 00:00:00,Apparel,XS,1,45.09,0.0,Online,45.09
TX001241,CUST00270,2026-06-11 00:00:00,Home & Living,M,1,157.89,0.0,Online,157.89
TX001242,CUST00271,2025-01-23 00:00:00,Accessories,XL,1,73.64,0.0,Online,73.64
TX001243,CUST00271,2025-05-08 00:00:00,Accessories,XS,2,27.95,0.0,Online,55.9
TX001244,CUST00271,2025-09-28 00:00:00,Accessories,S,2,40.99,6.78,Online,76.42
TX001245,CUST00272,2024-04-08 00:00:00,Home & Living,L,1,223.29,0.0,In-Store,223.29
TX001246,CUST00272,2024-05-23 00:00:00,Accessories,S,1,23.51,14.37,In-Store,20.13
TX001247,CUST00272,2025-04-07 00:00:00,Footwear,L,1,177.57,35.65,Online,114.27
TX001248,CUST00272,2025-07-22 00:00:00,Apparel,XS,1,109.2,0.0,Online,109.2
TX001249,CUST00272,2026-03-07 00:00:00,Apparel,M,1,100.34,25.7,Online,74.55
TX001250,CUST00272,2026-03-09 00:00:00,Apparel,M,1,46.3,0.0,In-Store,46.3
TX001251,CUST00272,2026-06-30 00:00:00,Apparel,M,1,108.93,0.0,In-Store,108.93
TX001252,CUST00273,2025-04-23 00:00:00,Accessories,M,2,58.22,0.0,Online,116.44
TX001253,CUST00273,2025-06-09 00:00:00,Apparel,M,2,44.29,17.17,Online,73.37
TX001254,CUST00273,2025-06-29 00:00:00,Home & Living,XL,3,145.69,0.0,Online,437.07
TX001255,CUST00273,2025-07-29 00:00:00,Apparel,M,1,91.54,0.0,Online,91.54
TX001256,CUST00273,2025-08-21 00:00:00,Home & Living,S,1,189.02,0.0,In-Store,189.02
TX001257,CUST00273,2026-01-05 00:00:00,Footwear,M,1,79.45,31.96,In-Store,54.06
TX001258,CUST00273,2026-02-01 00:00:00,Home & Living,S,1,134.89,0.0,Online,134.89
TX001259,CUST00273,2026-04-27 00:00:00,Apparel,XL,1,117.02,24.65,In-Store,88.17
TX001260,CUST00273,2026-05-16 00:00:00,Home & Living,M,1,75.1,0.0,In-Store,75.1
TX001261,CUST00274,2026-03-18 00:00:00,Footwear,M,1,86.02,33.72,Online,57.01
TX001262,CUST00274,2026-05-21 00:00:00,Home & Living,L,1,183.32,0.0,In-Store,183.32
TX001263,CUST00274,2026-05-24 00:00:00,Home & Living,XS,3,293.14,0.0,Online,879.42
TX001264,CUST00274,2026-06-01 00:00:00,Accessories,M,1,71.7,0.0,Online,71.7
TX001265,CUST00275,2024-07-06 00:00:00,Home & Living,L,1,245.96,0.0,In-Store,245.96
TX001266,CUST00275,2025-03-08 00:00:00,Home & Living,M,3,130.53,0.0,Online,391.59
TX001267,CUST00275,2025-06-21 00:00:00,Footwear,L,1,159.22,0.0,Online,159.22
TX001268,CUST00275,2025-06-25 00:00:00,Home & Living,M,1,81.93,0.0,Online,81.93
TX001269,CUST00275,2025-07-12 00:00:00,Home & Living,S,1,250.91,0.0,Online,250.91
TX001270,CUST00275,2025-07-28 00:00:00,Home & Living,L,1,140.22,0.0,Online,140.22
TX001271,CUST00275,2025-09-29 00:00:00,Footwear,S,2,91.43,32.19,Online,124.0
TX001272,CUST00275,2026-06-14 00:00:00,Apparel,S,4,115.6,0.0,Online,462.4
TX001273,CUST00275,2026-06-23 00:00:00,Footwear,XS,2,95.15,15.81,In-Store,160.21
TX001274,CUST00276,2024-10-23 00:00:00,Apparel,XL,1,90.19,28.5,In-Store,64.49
TX001275,CUST00277,2025-04-16 00:00:00,Home & Living,L,1,90.42,0.0,In-Store,90.42
TX001276,CUST00277,2026-06-12 00:00:00,Footwear,XS,1,176.62,0.0,In-Store,176.62
TX001277,CUST00278,2024-05-18 00:00:00,Footwear,M,2,181.3,0.0,Online,362.6
TX001278,CUST00278,2026-02-15 00:00:00,Footwear,XL,1,98.59,21.38,Online,77.51
TX001279,CUST00278,2026-03-16 00:00:00,Apparel,M,3,84.78,0.0,Online,254.34
TX001280,CUST00278,2026-04-01 00:00:00,Apparel,XS,3,59.91,0.0,In-Store,179.73
TX001281,CUST00279,2025-01-17 00:00:00,Accessories,M,1,11.72,0.0,In-Store,11.72
TX001282,CUST00279,2025-03-22 00:00:00,Accessories,XL,2,44.39,0.0,Online,88.78
TX001283,CUST00279,2025-05-20 00:00:00,Accessories,M,1,34.58,0.0,In-Store,34.58
TX001284,CUST00279,2025-09-23 00:00:00,Apparel,L,1,42.72,0.0,In-Store,42.72
TX001285,CUST00279,2025-10-04 00:00:00,Home & Living,S,3,128.35,0.0,In-Store,385.05
TX001286,CUST00279,2026-02-28 00:00:00,Accessories,M,1,55.06,0.0,Online,55.06
TX001287,CUST00280,2025-05-18 00:00:00,Accessories,M,2,24.66,0.0,Online,49.32
TX001288,CUST00280,2025-08-04 00:00:00,Footwear,M,1,186.11,0.0,Online,186.11
TX001289,CUST00280,2025-11-25 00:00:00,Footwear,L,2,68.12,0.0,Online,136.24
TX001290,CUST00281,2025-03-31 00:00:00,Footwear,S,1,146.72,0.0,In-Store,146.72
TX001291,CUST00282,2024-09-27 00:00:00,Footwear,M,3,164.31,0.0,Online,492.93
TX001292,CUST00282,2025-01-01 00:00:00,Accessories,XL,1,73.68,0.0,In-Store,73.68
TX001293,CUST00282,2025-11-14 00:00:00,Accessories,S,3,43.04,0.0,In-Store,129.12
TX001294,CUST00282,2026-04-04 00:00:00,Home & Living,L,1,212.64,0.0,Online,212.64
TX001295,CUST00282,2026-05-11 00:00:00,Accessories,L,1,72.29,0.0,Online,72.29
TX001296,CUST00282,2026-06-21 00:00:00,Home & Living,L,1,208.86,0.0,Online,208.86
TX001297,CUST00283,2025-08-29 00:00:00,Apparel,S,1,89.95,0.0,Online,89.95
TX001298,CUST00283,2025-09-22 00:00:00,Home & Living,M,1,183.11,0.0,Online,183.11
TX001299,CUST00283,2026-06-22 00:00:00,Apparel,L,1,61.61,0.0,Online,61.61
TX001300,CUST00284,2025-04-23 00:00:00,Home & Living,L,2,46.93,0.0,Online,93.86
TX001301,CUST00284,2025-08-29 00:00:00,Apparel,M,1,65.67,0.0,Online,65.67
TX001302,CUST00284,2026-03-31 00:00:00,Home & Living,M,1,106.98,0.0,In-Store,106.98
TX001303,CUST00285,2025-06-17 00:00:00,Apparel,S,1,25.05,11.34,Online,22.21
TX001304,CUST00285,2026-05-01 00:00:00,Apparel,S,1,87.86,6.83,Online,81.86
TX001305,CUST00286,2024-02-28 00:00:00,Apparel,L,2,118.58,15.95,Online,199.33
TX001306,CUST00286,2024-04-06 00:00:00,Home & Living,M,1,290.42,0.0,Online,290.42
TX001307,CUST00286,2024-07-08 00:00:00,Accessories,S,3,54.52,0.0,In-Store,163.56
TX001308,CUST00286,2024-08-29 00:00:00,Apparel,L,1,61.31,5.77,Online,57.77
TX001309,CUST00286,2024-09-14 00:00:00,Home & Living,L,1,68.04,6.82,Online,63.4
TX001310,CUST00286,2025-03-12 00:00:00,Footwear,S,2,90.84,27.4,In-Store,131.9
TX001311,CUST00286,2025-04-02 00:00:00,Accessories,M,1,46.48,0.0,Online,46.48
TX001312,CUST00286,2025-04-30 00:00:00,Footwear,XL,1,117.17,0.0,Online,117.17
TX001313,CUST00286,2025-05-09 00:00:00,Accessories,L,1,32.59,0.0,Online,32.59
TX001314,CUST00286,2025-05-21 00:00:00,Home & Living,M,1,93.46,0.0,Online,93.46
TX001315,CUST00286,2025-05-31 00:00:00,Footwear,M,1,194.43,0.0,Online,194.43
TX001316,CUST00286,2025-06-07 00:00:00,Accessories,M,1,34.71,0.0,Online,34.71
TX001317,CUST00286,2025-07-10 00:00:00,Apparel,S,1,58.23,9.03,Online,52.97
TX001318,CUST00286,2025-07-19 00:00:00,Apparel,M,2,83.34,0.0,In-Store,166.68
TX001319,CUST00286,2025-08-23 00:00:00,Home & Living,S,1,127.4,0.0,In-Store,127.4
TX001320,CUST00286,2025-08-24 00:00:00,Home & Living,L,2,284.66,0.0,Online,569.32
TX001321,CUST00286,2025-11-14 00:00:00,Home & Living,L,1,139.81,0.0,Online,139.81
TX001322,CUST00287,2025-12-11 00:00:00,Accessories,M,4,53.49,0.0,In-Store,213.96
TX001323,CUST00287,2025-12-19 00:00:00,Home & Living,L,1,76.79,0.0,In-Store,76.79
TX001324,CUST00287,2026-01-08 00:00:00,Apparel,S,1,35.94,0.0,Online,35.94
TX001325,CUST00287,2026-01-13 00:00:00,Home & Living,M,1,202.03,0.0,Online,202.03
TX001326,CUST00287,2026-01-19 00:00:00,Accessories,L,1,10.66,0.0,Online,10.66
TX001327,CUST00287,2026-02-02 00:00:00,Apparel,S,1,83.04,0.0,In-Store,83.04
TX001328,CUST00287,2026-02-02 00:00:00,Home & Living,S,1,241.38,0.0,In-Store,241.38
TX001329,CUST00287,2026-02-12 00:00:00,Home & Living,M,1,192.65,0.0,Online,192.65
TX001330,CUST00287,2026-02-14 00:00:00,Apparel,M,1,65.87,0.0,In-Store,65.87
TX001331,CUST00287,2026-02-15 00:00:00,Home & Living,M,2,181.43,0.0,In-Store,362.86
TX001332,CUST00287,2026-02-17 00:00:00,Apparel,S,1,76.49,0.0,In-Store,76.49
TX001333,CUST00287,2026-03-01 00:00:00,Footwear,M,1,150.61,35.03,Online,97.85
TX001334,CUST00287,2026-03-21 00:00:00,Apparel,M,1,47.04,0.0,Online,47.04
TX001335,CUST00287,2026-03-24 00:00:00,Footwear,XL,2,131.04,24.33,In-Store,198.32
TX001336,CUST00287,2026-04-01 00:00:00,Accessories,S,1,28.24,0.0,In-Store,28.24
TX001337,CUST00287,2026-04-08 00:00:00,Apparel,M,1,117.37,0.0,Online,117.37
TX001338,CUST00287,2026-04-14 00:00:00,Accessories,L,2,13.8,0.0,In-Store,27.6
TX001339,CUST00287,2026-04-20 00:00:00,Accessories,S,1,46.34,0.0,Online,46.34
TX001340,CUST00287,2026-04-29 00:00:00,Home & Living,S,2,234.78,0.0,Online,469.56
TX001341,CUST00287,2026-05-03 00:00:00,Accessories,S,1,11.06,0.0,Online,11.06
TX001342,CUST00287,2026-05-04 00:00:00,Apparel,M,1,45.85,16.71,Online,38.19
TX001343,CUST00287,2026-05-07 00:00:00,Footwear,M,2,104.78,0.0,Online,209.56
TX001344,CUST00287,2026-05-10 00:00:00,Home & Living,S,2,118.53,0.0,Online,237.06
TX001345,CUST00287,2026-05-24 00:00:00,Apparel,M,1,110.83,0.0,In-Store,110.83
TX001346,CUST00287,2026-05-29 00:00:00,Footwear,XS,1,54.36,37.13,In-Store,34.18
TX001347,CUST00287,2026-06-04 00:00:00,Footwear,XL,1,195.83,0.0,In-Store,195.83
TX001348,CUST00287,2026-06-10 00:00:00,Apparel,L,1,40.49,24.93,Online,30.4
TX001349,CUST00287,2026-06-19 00:00:00,Home & Living,L,1,179.81,0.0,In-Store,179.81
TX001350,CUST00288,2024-12-23 00:00:00,Accessories,M,3,13.25,0.0,Online,39.75
TX001351,CUST00288,2025-05-30 00:00:00,Accessories,S,2,40.5,10.06,In-Store,72.85
TX001352,CUST00288,2025-11-03 00:00:00,Apparel,L,2,80.57,0.0,Online,161.14
TX001353,CUST00288,2026-06-05 00:00:00,Home & Living,S,3,227.05,8.71,Online,621.82
TX001354,CUST00289,2025-07-12 00:00:00,Footwear,XS,2,161.41,37.07,In-Store,203.15
TX001355,CUST00289,2025-11-02 00:00:00,Footwear,S,1,55.41,0.0,Online,55.41
TX001356,CUST00289,2026-06-02 00:00:00,Home & Living,L,1,82.22,0.0,In-Store,82.22
TX001357,CUST00290,2025-08-05 00:00:00,Footwear,XS,2,87.47,0.0,Online,174.94
TX001358,CUST00291,2026-03-27 00:00:00,Footwear,XL,1,152.76,35.77,Online,98.12
TX001359,CUST00292,2025-07-12 00:00:00,Footwear,M,2,175.03,34.42,Online,229.57
TX001360,CUST00292,2025-07-17 00:00:00,Apparel,M,1,26.98,26.5,In-Store,19.83
TX001361,CUST00292,2025-07-25 00:00:00,Home & Living,M,1,238.01,0.0,In-Store,238.01
TX001362,CUST00293,2024-10-18 00:00:00,Accessories,S,3,48.85,0.0,Online,146.55
TX001363,CUST00293,2025-05-29 00:00:00,Footwear,XS,1,75.57,0.0,Online,75.57
TX001364,CUST00293,2025-12-27 00:00:00,Apparel,S,1,82.44,14.22,In-Store,70.72
TX001365,CUST00293,2026-01-20 00:00:00,Apparel,S,1,112.79,0.0,In-Store,112.79
TX001366,CUST00294,2026-05-30 00:00:00,Accessories,M,1,40.11,0.0,Online,40.11
TX001367,CUST00295,2024-12-23 00:00:00,Home & Living,XS,1,89.26,14.82,In-Store,76.03
TX001368,CUST00295,2025-01-08 00:00:00,Accessories,L,2,20.21,0.0,Online,40.42
TX001369,CUST00295,2025-02-11 00:00:00,Apparel,L,1,53.13,0.0,In-Store,53.13
TX001370,CUST00295,2025-05-29 00:00:00,Footwear,XS,1,130.37,0.0,Online,130.37
TX001371,CUST00295,2025-08-18 00:00:00,Apparel,XL,1,49.9,0.0,Online,49.9
TX001372,CUST00295,2025-11-04 00:00:00,Apparel,XL,1,61.89,0.0,Online,61.89
TX001373,CUST00295,2025-12-17 00:00:00,Accessories,M,2,43.85,0.0,In-Store,87.7
TX001374,CUST00295,2026-02-10 00:00:00,Footwear,S,2,166.26,20.24,Online,265.22
TX001375,CUST00295,2026-05-06 00:00:00,Footwear,XS,2,76.86,5.6,In-Store,145.11
TX001376,CUST00296,2026-01-11 00:00:00,Apparel,M,1,106.96,0.0,In-Store,106.96
TX001377,CUST00297,2024-06-04 00:00:00,Apparel,L,2,26.89,15.8,Online,45.28
TX001378,CUST00297,2024-08-09 00:00:00,Apparel,M,1,58.04,9.03,Online,52.8
TX001379,CUST00297,2024-09-17 00:00:00,Home & Living,M,1,121.56,0.0,Online,121.56
TX001380,CUST00297,2025-08-06 00:00:00,Apparel,S,3,77.55,15.45,In-Store,196.71
TX001381,CUST00297,2025-08-19 00:00:00,Apparel,M,1,62.82,0.0,Online,62.82
TX001382,CUST00297,2025-12-25 00:00:00,Accessories,L,2,21.53,0.0,In-Store,43.06
TX001383,CUST00297,2026-02-03 00:00:00,Footwear,L,1,182.41,33.51,Online,121.28
TX001384,CUST00297,2026-02-11 00:00:00,Apparel,L,2,116.53,0.0,In-Store,233.06
TX001385,CUST00298,2024-12-16 00:00:00,Apparel,XL,1,32.07,17.65,Online,26.41
TX001386,CUST00298,2025-08-26 00:00:00,Accessories,S,1,45.14,0.0,In-Store,45.14
TX001387,CUST00298,2026-04-13 00:00:00,Apparel,L,1,55.91,0.0,In-Store,55.91
TX001388,CUST00299,2025-09-24 00:00:00,Home & Living,S,1,54.89,14.1,In-Store,47.15
TX001389,CUST00299,2025-10-13 00:00:00,Apparel,S,1,81.37,0.0,Online,81.37
TX001390,CUST00299,2025-11-08 00:00:00,Home & Living,L,1,82.22,0.0,In-Store,82.22
TX001391,CUST00299,2025-11-11 00:00:00,Footwear,L,1,154.39,0.0,Online,154.39
TX001392,CUST00299,2025-12-15 00:00:00,Home & Living,M,1,59.96,0.0,Online,59.96
TX001393,CUST00299,2026-03-29 00:00:00,Accessories,M,1,24.53,0.0,Online,24.53
TX001394,CUST00299,2026-04-25 00:00:00,Home & Living,M,2,188.52,0.0,Online,377.04
TX001395,CUST00299,2026-06-15 00:00:00,Footwear,M,1,198.27,31.76,Online,135.3
TX001396,CUST00299,2026-06-23 00:00:00,Footwear,M,1,151.96,17.32,In-Store,125.64
TX001397,CUST00300,2026-06-06 00:00:00,Home & Living,XL,1,157.44,0.0,Online,157.44
TX001398,CUST00301,2026-03-14 00:00:00,Apparel,S,4,52.83,0.0,Online,211.32
TX001399,CUST00301,2026-05-23 00:00:00,Footwear,S,2,99.0,34.25,In-Store,130.19
TX001400,CUST00302,2024-05-05 00:00:00,Apparel,M,2,42.02,0.0,Online,84.04
TX001401,CUST00302,2025-11-10 00:00:00,Apparel,L,1,76.26,0.0,In-Store,76.26
TX001402,CUST00303,2026-03-30 00:00:00,Footwear,M,1,178.19,0.0,Online,178.19
TX001403,CUST00304,2025-06-26 00:00:00,Apparel,M,1,89.57,0.0,In-Store,89.57
TX001404,CUST00304,2025-07-14 00:00:00,Home & Living,S,1,39.58,0.0,Online,39.58
TX001405,CUST00305,2025-03-25 00:00:00,Footwear,S,3,186.84,0.0,Online,560.52
TX001406,CUST00305,2025-11-28 00:00:00,Apparel,XS,1,84.95,14.31,In-Store,72.79
TX001407,CUST00305,2026-04-18 00:00:00,Home & Living,XL,1,192.76,12.26,In-Store,169.13
TX001408,CUST00305,2026-04-24 00:00:00,Footwear,L,2,106.13,6.35,Online,198.78
TX001409,CUST00305,2026-05-05 00:00:00,Footwear,S,2,70.54,0.0,In-Store,141.08
TX001410,CUST00306,2026-03-22 00:00:00,Home & Living,S,1,138.03,0.0,In-Store,138.03
TX001411,CUST00306,2026-04-21 00:00:00,Footwear,S,1,64.46,0.0,Online,64.46
TX001412,CUST00306,2026-05-21 00:00:00,Accessories,L,1,57.36,0.0,Online,57.36
TX001413,CUST00306,2026-06-28 00:00:00,Apparel,L,1,48.67,9.62,Online,43.99
TX001414,CUST00307,2025-10-06 00:00:00,Accessories,M,1,27.6,0.0,In-Store,27.6
TX001415,CUST00307,2026-03-19 00:00:00,Home & Living,M,1,80.31,0.0,Online,80.31
TX001416,CUST00307,2026-04-04 00:00:00,Home & Living,M,1,65.65,0.0,Online,65.65
TX001417,CUST00307,2026-06-14 00:00:00,Apparel,S,1,29.96,0.0,Online,29.96
TX001418,CUST00307,2026-06-17 00:00:00,Home & Living,L,1,96.04,0.0,Online,96.04
TX001419,CUST00308,2025-11-08 00:00:00,Home & Living,M,1,273.85,0.0,Online,273.85
TX001420,CUST00308,2025-12-20 00:00:00,Accessories,XS,1,44.44,0.0,In-Store,44.44
TX001421,CUST00308,2026-02-09 00:00:00,Accessories,S,1,12.43,0.0,Online,12.43
TX001422,CUST00308,2026-03-10 00:00:00,Apparel,S,1,41.54,0.0,Online,41.54
TX001423,CUST00308,2026-05-02 00:00:00,Accessories,S,1,14.07,9.45,Online,12.74
TX001424,CUST00308,2026-05-03 00:00:00,Home & Living,S,2,162.9,0.0,Online,325.8
TX001425,CUST00308,2026-06-28 00:00:00,Apparel,XS,1,90.13,11.98,Online,79.33
TX001426,CUST00309,2024-07-29 00:00:00,Home & Living,M,1,250.61,14.07,Online,215.35
TX001427,CUST00309,2025-07-05 00:00:00,Home & Living,L,4,125.49,0.0,Online,501.96
TX001428,CUST00309,2026-01-16 00:00:00,Apparel,XL,1,81.58,10.7,Online,72.85
TX001429,CUST00310,2025-03-20 00:00:00,Footwear,L,1,93.58,27.77,Online,67.59
TX001430,CUST00310,2025-03-25 00:00:00,Home & Living,M,1,283.88,0.0,In-Store,283.88
TX001431,CUST00310,2025-11-08 00:00:00,Accessories,S,1,66.99,0.0,In-Store,66.99
TX001432,CUST00310,2026-01-31 00:00:00,Home & Living,M,2,68.5,0.0,Online,137.0
TX001433,CUST00311,2026-04-07 00:00:00,Apparel,XL,2,53.43,0.0,In-Store,106.86
TX001434,CUST00311,2026-04-07 00:00:00,Apparel,S,3,96.31,0.0,In-Store,288.93
TX001435,CUST00311,2026-06-06 00:00:00,Apparel,M,2,100.51,17.41,In-Store,166.02
TX001436,CUST00312,2025-10-12 00:00:00,Apparel,S,1,72.76,0.0,In-Store,72.76
TX001437,CUST00312,2026-05-15 00:00:00,Footwear,XS,2,61.97,0.0,Online,123.94
TX001438,CUST00312,2026-06-29 00:00:00,Accessories,S,2,38.94,0.0,Online,77.88
TX001439,CUST00313,2025-01-18 00:00:00,Apparel,XL,1,47.91,0.0,Online,47.91
TX001440,CUST00313,2025-01-26 00:00:00,Footwear,XS,1,146.95,9.24,In-Store,133.37
TX001441,CUST00313,2025-01-27 00:00:00,Apparel,S,2,93.13,13.19,In-Store,161.69
TX001442,CUST00313,2025-04-07 00:00:00,Accessories,M,1,68.88,0.0,In-Store,68.88
TX001443,CUST00313,2025-05-15 00:00:00,Footwear,M,1,115.98,17.2,In-Store,96.03
TX001444,CUST00313,2025-07-24 00:00:00,Home & Living,M,1,198.95,0.0,In-Store,198.95
TX001445,CUST00313,2025-08-20 00:00:00,Footwear,S,1,144.93,28.3,Online,103.91
TX001446,CUST00313,2025-11-22 00:00:00,Footwear,S,1,123.1,17.14,In-Store,102.0
TX001447,CUST00313,2025-11-28 00:00:00,Footwear,XL,3,142.02,0.0,In-Store,426.06
TX001448,CUST00313,2026-01-23 00:00:00,Accessories,L,1,65.59,0.0,Online,65.59
TX001449,CUST00313,2026-02-14 00:00:00,Apparel,S,1,48.69,7.06,In-Store,45.25
TX001450,CUST00313,2026-04-26 00:00:00,Footwear,XL,1,184.0,0.0,In-Store,184.0
TX001451,CUST00313,2026-06-06 00:00:00,Accessories,L,1,66.69,0.0,Online,66.69
TX001452,CUST00314,2024-07-23 00:00:00,Accessories,S,1,23.55,13.57,In-Store,20.35
TX001453,CUST00314,2025-02-19 00:00:00,Home & Living,L,1,175.15,0.0,Online,175.15
TX001454,CUST00314,2025-04-11 00:00:00,Footwear,L,1,56.74,0.0,Online,56.74
TX001455,CUST00315,2026-03-18 00:00:00,Home & Living,S,2,234.92,0.0,In-Store,469.84
TX001456,CUST00315,2026-04-09 00:00:00,Home & Living,L,1,271.58,12.36,Online,238.01
TX001457,CUST00315,2026-04-09 00:00:00,Apparel,L,2,96.97,0.0,In-Store,193.94
TX001458,CUST00315,2026-04-22 00:00:00,Apparel,XL,1,114.98,0.0,In-Store,114.98
TX001459,CUST00315,2026-05-15 00:00:00,Accessories,S,1,38.81,0.0,In-Store,38.81
TX001460,CUST00315,2026-05-21 00:00:00,Footwear,XS,1,121.23,13.79,Online,104.51
TX001461,CUST00315,2026-05-22 00:00:00,Accessories,M,1,51.4,0.0,Online,51.4
TX001462,CUST00315,2026-05-25 00:00:00,Home & Living,S,1,79.22,8.93,In-Store,72.15
TX001463,CUST00315,2026-05-29 00:00:00,Apparel,XS,1,93.8,0.0,Online,93.8
TX001464,CUST00315,2026-06-04 00:00:00,Apparel,L,1,92.19,0.0,Online,92.19
TX001465,CUST00315,2026-06-14 00:00:00,Home & Living,XS,1,241.91,0.0,In-Store,241.91
TX001466,CUST00315,2026-06-23 00:00:00,Home & Living,M,1,203.09,16.26,Online,170.07
TX001467,CUST00316,2024-09-04 00:00:00,Accessories,S,1,15.08,0.0,Online,15.08
TX001468,CUST00316,2024-10-26 00:00:00,Home & Living,XS,2,218.88,0.0,Online,437.76
TX001469,CUST00316,2025-03-13 00:00:00,Apparel,M,1,54.02,0.0,Online,54.02
TX001470,CUST00316,2025-03-30 00:00:00,Footwear,XS,1,147.92,37.55,In-Store,92.38
TX001471,CUST00316,2025-09-18 00:00:00,Accessories,M,1,62.17,0.0,Online,62.17
TX001472,CUST00316,2026-03-11 00:00:00,Apparel,XS,1,69.16,0.0,Online,69.16
TX001473,CUST00317,2024-09-05 00:00:00,Apparel,M,1,41.31,10.1,In-Store,37.14
TX001474,CUST00317,2024-12-17 00:00:00,Footwear,XS,2,148.26,0.0,Online,296.52
TX001475,CUST00318,2026-01-09 00:00:00,Apparel,XL,4,38.75,12.54,In-Store,135.56
TX001476,CUST00318,2026-01-25 00:00:00,Apparel,L,1,26.46,10.37,Online,23.72
TX001477,CUST00318,2026-02-05 00:00:00,Home & Living,S,1,253.17,0.0,Online,253.17
TX001478,CUST00318,2026-02-05 00:00:00,Accessories,S,1,37.34,0.0,Online,37.34
TX001479,CUST00318,2026-02-19 00:00:00,Footwear,XS,1,119.84,0.0,In-Store,119.84
TX001480,CUST00318,2026-03-11 00:00:00,Accessories,M,1,32.42,0.0,Online,32.42
TX001481,CUST00318,2026-03-14 00:00:00,Accessories,XL,1,47.37,14.55,Online,40.48
TX001482,CUST00318,2026-03-27 00:00:00,Footwear,L,4,155.47,0.0,In-Store,621.88
TX001483,CUST00318,2026-04-22 00:00:00,Footwear,S,2,186.25,0.0,Online,372.5
TX001484,CUST00318,2026-05-04 00:00:00,Apparel,L,3,72.52,16.4,Online,181.88
TX001485,CUST00318,2026-05-09 00:00:00,Apparel,S,4,35.41,12.29,In-Store,124.23
TX001486,CUST00318,2026-05-14 00:00:00,Apparel,L,1,79.27,0.0,Online,79.27
TX001487,CUST00318,2026-05-28 00:00:00,Accessories,L,1,72.53,0.0,In-Store,72.53
TX001488,CUST00318,2026-06-02 00:00:00,Home & Living,XS,1,170.11,0.0,In-Store,170.11
TX001489,CUST00319,2025-06-13 00:00:00,Apparel,L,1,119.8,23.17,In-Store,92.04
TX001490,CUST00319,2025-07-03 00:00:00,Home & Living,XS,3,35.39,0.0,Online,106.17
TX001491,CUST00320,2025-12-29 00:00:00,Accessories,M,1,49.79,10.21,In-Store,44.71
TX001492,CUST00320,2026-02-19 00:00:00,Home & Living,M,1,246.56,19.32,In-Store,198.92
TX001493,CUST00321,2025-01-20 00:00:00,Home & Living,L,1,297.08,0.0,In-Store,297.08
TX001494,CUST00321,2025-02-25 00:00:00,Footwear,L,4,108.28,5.81,Online,407.96
TX001495,CUST00321,2025-06-02 00:00:00,Home & Living,XL,1,101.0,6.45,In-Store,94.49
TX001496,CUST00321,2025-08-05 00:00:00,Apparel,M,1,33.09,20.1,In-Store,26.44
TX001497,CUST00321,2026-02-12 00:00:00,Accessories,S,2,72.59,0.0,In-Store,145.18
TX001498,CUST00321,2026-04-23 00:00:00,Apparel,M,1,44.33,0.0,Online,44.33
TX001499,CUST00321,2026-04-26 00:00:00,Footwear,L,3,141.08,25.37,In-Store,315.86
TX001500,CUST00321,2026-06-01 00:00:00,Accessories,M,2,16.21,0.0,Online,32.42
TX001501,CUST00322,2026-04-04 00:00:00,Footwear,L,1,165.06,0.0,Online,165.06
TX001502,CUST00323,2025-11-19 00:00:00,Footwear,S,1,186.91,0.0,Online,186.91
TX001503,CUST00323,2026-01-23 00:00:00,Accessories,XL,1,39.54,5.87,In-Store,37.22
TX001504,CUST00323,2026-02-24 00:00:00,Accessories,XL,1,31.58,0.0,In-Store,31.58
TX001505,CUST00324,2025-02-08 00:00:00,Accessories,XS,1,68.79,0.0,In-Store,68.79
TX001506,CUST00324,2025-02-14 00:00:00,Footwear,XL,2,83.66,0.0,In-Store,167.32
TX001507,CUST00324,2025-02-16 00:00:00,Home & Living,L,1,47.19,0.0,In-Store,47.19
TX001508,CUST00324,2025-03-11 00:00:00,Footwear,M,4,177.82,33.88,Online,470.3
TX001509,CUST00324,2025-03-12 00:00:00,Apparel,XL,1,93.32,0.0,In-Store,93.32
TX001510,CUST00324,2025-03-18 00:00:00,Home & Living,M,1,182.96,0.0,Online,182.96
TX001511,CUST00324,2025-03-26 00:00:00,Home & Living,M,2,233.61,11.88,In-Store,411.71
TX001512,CUST00324,2025-04-12 00:00:00,Footwear,M,2,155.54,17.29,In-Store,257.29
TX001513,CUST00324,2025-04-13 00:00:00,Apparel,L,3,84.03,0.0,In-Store,252.09
TX001514,CUST00324,2025-04-16 00:00:00,Home & Living,S,2,112.76,0.0,Online,225.52
TX001515,CUST00324,2025-04-16 00:00:00,Apparel,M,1,117.62,17.76,Online,96.73
TX001516,CUST00324,2025-05-12 00:00:00,Accessories,XS,1,30.36,0.0,Online,30.36
TX001517,CUST00324,2025-05-25 00:00:00,Footwear,L,1,192.12,16.77,In-Store,159.9
TX001518,CUST00324,2025-05-25 00:00:00,Home & Living,M,1,103.05,0.0,Online,103.05
TX001519,CUST00324,2025-06-10 00:00:00,Home & Living,L,1,58.3,15.06,In-Store,49.52
TX001520,CUST00324,2025-07-11 00:00:00,Apparel,S,1,69.04,21.72,Online,54.04
TX001521,CUST00324,2025-07-13 00:00:00,Home & Living,M,1,263.96,0.0,In-Store,263.96
TX001522,CUST00324,2025-08-08 00:00:00,Footwear,XS,1,198.96,0.0,In-Store,198.96
TX001523,CUST00324,2025-08-27 00:00:00,Apparel,M,4,42.27,26.95,Online,123.51
TX001524,CUST00324,2025-09-20 00:00:00,Accessories,M,1,11.9,0.0,Online,11.9
TX001525,CUST00324,2025-10-12 00:00:00,Footwear,L,1,191.9,0.0,Online,191.9
TX001526,CUST00324,2026-01-09 00:00:00,Footwear,M,1,58.77,39.98,Online,35.27
TX001527,CUST00324,2026-03-09 00:00:00,Apparel,XL,1,101.72,5.33,Online,96.3
TX001528,CUST00324,2026-03-27 00:00:00,Accessories,M,1,54.84,0.0,Online,54.84
TX001529,CUST00324,2026-03-28 00:00:00,Footwear,L,1,162.38,0.0,In-Store,162.38
TX001530,CUST00324,2026-04-29 00:00:00,Apparel,XL,2,49.55,0.0,Online,99.1
TX001531,CUST00324,2026-05-05 00:00:00,Home & Living,S,3,201.6,19.37,Online,487.65
TX001532,CUST00325,2024-10-24 00:00:00,Footwear,L,1,50.52,21.38,In-Store,39.72
TX001533,CUST00327,2024-12-30 00:00:00,Accessories,XS,2,72.66,13.24,Online,126.08
TX001534,CUST00327,2025-01-07 00:00:00,Footwear,L,1,177.04,28.32,Online,126.9
TX001535,CUST00327,2025-01-07 00:00:00,Home & Living,XL,1,199.23,13.67,In-Store,172.0
TX001536,CUST00327,2025-01-24 00:00:00,Accessories,S,1,13.57,9.07,Online,12.34
TX001537,CUST00327,2025-02-02 00:00:00,Accessories,M,1,13.02,0.0,In-Store,13.02
TX001538,CUST00327,2025-04-10 00:00:00,Accessories,M,1,23.77,0.0,Online,23.77
TX001539,CUST00327,2025-04-25 00:00:00,Accessories,XS,1,65.59,0.0,Online,65.59
TX001540,CUST00327,2025-05-10 00:00:00,Footwear,S,1,171.42,0.0,Online,171.42
TX001541,CUST00327,2025-06-14 00:00:00,Footwear,M,1,104.71,0.0,Online,104.71
TX001542,CUST00327,2025-06-27 00:00:00,Accessories,S,1,66.4,0.0,Online,66.4
TX001543,CUST00327,2025-07-09 00:00:00,Apparel,XL,2,108.64,17.47,Online,179.32
TX001544,CUST00327,2025-07-13 00:00:00,Footwear,S,2,68.34,0.0,Online,136.68
TX001545,CUST00327,2025-08-12 00:00:00,Apparel,S,1,98.19,0.0,In-Store,98.19
TX001546,CUST00327,2025-09-06 00:00:00,Home & Living,L,2,166.9,10.43,Online,298.98
TX001547,CUST00327,2025-09-12 00:00:00,Footwear,L,1,160.15,15.35,Online,135.57
TX001548,CUST00327,2025-10-12 00:00:00,Home & Living,M,2,147.06,0.0,Online,294.12
TX001549,CUST00327,2025-10-19 00:00:00,Apparel,M,1,30.81,0.0,Online,30.81
TX001550,CUST00327,2025-12-04 00:00:00,Footwear,XS,1,146.18,28.26,Online,104.87
TX001551,CUST00327,2025-12-18 00:00:00,Accessories,XS,1,60.46,0.0,Online,60.46
TX001552,CUST00327,2026-01-02 00:00:00,Home & Living,S,2,213.01,0.0,Online,426.02
TX001553,CUST00327,2026-01-20 00:00:00,Footwear,L,1,110.42,20.78,Online,87.47
TX001554,CUST00327,2026-02-25 00:00:00,Footwear,S,1,87.6,27.84,Online,63.21
TX001555,CUST00327,2026-03-26 00:00:00,Apparel,M,2,92.11,0.0,Online,184.22
TX001556,CUST00327,2026-04-13 00:00:00,Footwear,M,1,70.75,0.0,Online,70.75
TX001557,CUST00327,2026-04-29 00:00:00,Footwear,S,1,110.97,0.0,Online,110.97
TX001558,CUST00327,2026-05-03 00:00:00,Footwear,S,1,85.06,16.71,Online,70.85
TX001559,CUST00327,2026-05-09 00:00:00,Accessories,S,1,47.55,0.0,In-Store,47.55
TX001560,CUST00327,2026-05-19 00:00:00,Footwear,M,3,166.48,28.86,In-Store,355.3
TX001561,CUST00327,2026-06-24 00:00:00,Footwear,L,1,100.85,20.27,Online,80.41
TX001562,CUST00328,2025-05-30 00:00:00,Footwear,M,2,77.04,0.0,Online,154.08
TX001563,CUST00328,2025-07-21 00:00:00,Apparel,M,2,104.41,0.0,In-Store,208.82
TX001564,CUST00328,2025-08-20 00:00:00,Footwear,L,1,74.66,0.0,Online,74.66
TX001565,CUST00328,2026-03-05 00:00:00,Home & Living,M,1,181.41,0.0,Online,181.41
TX001566,CUST00328,2026-05-20 00:00:00,Footwear,S,3,51.18,0.0,In-Store,153.54
TX001567,CUST00329,2025-01-23 00:00:00,Apparel,XL,2,67.8,0.0,In-Store,135.6
TX001568,CUST00329,2025-02-09 00:00:00,Apparel,S,1,43.43,0.0,Online,43.43
TX001569,CUST00329,2025-08-24 00:00:00,Accessories,S,1,36.86,0.0,Online,36.86
TX001570,CUST00329,2026-01-03 00:00:00,Apparel,M,2,66.85,0.0,In-Store,133.7
TX001571,CUST00329,2026-01-28 00:00:00,Apparel,S,1,116.0,14.94,In-Store,98.67
TX001572,CUST00329,2026-04-13 00:00:00,Home & Living,M,1,197.38,0.0,Online,197.38
TX001573,CUST00329,2026-06-04 00:00:00,Accessories,M,1,55.55,0.0,Online,55.55
TX001574,CUST00330,2024-03-28 00:00:00,Footwear,M,1,174.57,0.0,Online,174.57
TX001575,CUST00330,2024-12-10 00:00:00,Footwear,S,2,132.94,39.2,Online,161.66
TX001576,CUST00330,2025-09-07 00:00:00,Home & Living,S,1,226.54,0.0,Online,226.54
TX001577,CUST00330,2025-12-07 00:00:00,Home & Living,L,2,259.32,5.67,Online,489.23
TX001578,CUST00330,2026-04-09 00:00:00,Accessories,L,1,20.78,0.0,In-Store,20.78
TX001579,CUST00331,2026-02-24 00:00:00,Home & Living,S,3,100.53,0.0,In-Store,301.59
TX001580,CUST00331,2026-02-24 00:00:00,Accessories,XL,2,68.88,0.0,Online,137.76
TX001581,CUST00331,2026-03-28 00:00:00,Accessories,XS,4,28.44,0.0,In-Store,113.76
TX001582,CUST00331,2026-04-01 00:00:00,Home & Living,S,1,90.16,0.0,In-Store,90.16
TX001583,CUST00331,2026-04-14 00:00:00,Accessories,M,1,20.61,0.0,Online,20.61
TX001584,CUST00331,2026-04-23 00:00:00,Accessories,XS,1,64.06,0.0,In-Store,64.06
TX001585,CUST00331,2026-04-28 00:00:00,Apparel,L,1,56.67,0.0,Online,56.67
TX001586,CUST00332,2024-12-01 00:00:00,Home & Living,S,1,52.38,7.73,In-Store,48.33
TX001587,CUST00332,2025-05-04 00:00:00,Accessories,S,3,32.22,0.0,Online,96.66
TX001588,CUST00333,2026-02-25 00:00:00,Home & Living,S,1,141.21,0.0,In-Store,141.21
TX001589,CUST00334,2024-06-02 00:00:00,Apparel,XS,2,65.44,0.0,In-Store,130.88
TX001590,CUST00334,2024-07-12 00:00:00,Accessories,S,1,67.16,0.0,Online,67.16
TX001591,CUST00334,2024-11-01 00:00:00,Apparel,S,1,46.88,5.25,Online,44.42
TX001592,CUST00334,2025-03-16 00:00:00,Apparel,M,1,34.98,26.03,Online,25.87
TX001593,CUST00334,2025-04-01 00:00:00,Footwear,M,1,89.14,0.0,Online,89.14
TX001594,CUST00335,2025-10-03 00:00:00,Home & Living,XS,2,178.02,7.7,In-Store,328.62
TX001595,CUST00335,2026-04-12 00:00:00,Footwear,S,1,114.71,0.0,In-Store,114.71
TX001596,CUST00335,2026-05-06 00:00:00,Accessories,XS,2,48.28,0.0,Online,96.56
TX001597,CUST00336,2025-06-12 00:00:00,Apparel,L,2,56.69,0.0,In-Store,113.38
TX001598,CUST00336,2025-06-27 00:00:00,Accessories,S,4,30.84,0.0,In-Store,123.36
TX001599,CUST00336,2025-11-21 00:00:00,Apparel,L,2,50.28,0.0,In-Store,100.56
TX001600,CUST00337,2025-03-19 00:00:00,Accessories,L,1,66.52,6.06,Online,62.49
TX001601,CUST00337,2025-06-17 00:00:00,Footwear,M,1,182.44,11.02,Online,162.34
TX001602,CUST00337,2026-01-13 00:00:00,Accessories,S,1,15.89,0.0,In-Store,15.89
TX001603,CUST00337,2026-02-01 00:00:00,Home & Living,M,1,81.38,5.2,In-Store,77.15
TX001604,CUST00338,2024-03-28 00:00:00,Home & Living,S,2,48.94,0.0,Online,97.88
TX001605,CUST00338,2024-12-21 00:00:00,Home & Living,L,1,39.97,0.0,Online,39.97
TX001606,CUST00338,2025-05-10 00:00:00,Home & Living,L,2,177.77,0.0,Online,355.54
TX001607,CUST00338,2025-05-21 00:00:00,Footwear,M,2,154.22,0.0,Online,308.44
TX001608,CUST00339,2025-07-29 00:00:00,Footwear,M,2,58.23,0.0,In-Store,116.46
TX001609,CUST00339,2025-10-24 00:00:00,Home & Living,S,1,186.7,0.0,Online,186.7
TX001610,CUST00339,2025-12-24 00:00:00,Accessories,S,2,53.76,0.0,In-Store,107.52
TX001611,CUST00339,2026-05-19 00:00:00,Apparel,S,1,100.29,22.81,In-Store,77.41
TX001612,CUST00339,2026-06-21 00:00:00,Apparel,L,1,51.22,0.0,Online,51.22
TX001613,CUST00340,2025-11-10 00:00:00,Home & Living,L,1,146.36,0.0,Online,146.36
TX001614,CUST00340,2026-01-18 00:00:00,Home & Living,L,1,82.72,0.0,In-Store,82.72
TX001615,CUST00341,2025-04-12 00:00:00,Apparel,S,4,104.41,0.0,In-Store,417.64
TX001616,CUST00341,2026-03-27 00:00:00,Accessories,S,1,20.97,0.0,Online,20.97
TX001617,CUST00341,2026-06-07 00:00:00,Footwear,S,1,90.3,0.0,Online,90.3
TX001618,CUST00342,2025-10-10 00:00:00,Home & Living,S,2,132.98,0.0,In-Store,265.96
TX001619,CUST00342,2025-12-28 00:00:00,Apparel,XS,1,69.42,15.85,In-Store,58.42
TX001620,CUST00342,2026-04-06 00:00:00,Home & Living,L,1,266.72,0.0,Online,266.72
TX001621,CUST00343,2024-06-18 00:00:00,Accessories,M,1,15.05,0.0,Online,15.05
TX001622,CUST00344,2025-02-10 00:00:00,Home & Living,M,1,156.11,0.0,Online,156.11
TX001623,CUST00344,2025-10-07 00:00:00,Home & Living,M,2,102.95,0.0,Online,205.9
TX001624,CUST00344,2025-11-27 00:00:00,Accessories,M,1,70.1,0.0,In-Store,70.1
TX001625,CUST00345,2024-08-08 00:00:00,Footwear,L,1,154.37,0.0,Online,154.37
TX001626,CUST00345,2024-09-04 00:00:00,Apparel,S,1,86.73,0.0,Online,86.73
TX001627,CUST00345,2024-12-04 00:00:00,Footwear,M,2,114.26,6.28,In-Store,214.17
TX001628,CUST00345,2025-12-16 00:00:00,Accessories,XS,1,35.76,0.0,In-Store,35.76
TX001629,CUST00345,2026-02-09 00:00:00,Apparel,L,1,37.89,0.0,Online,37.89
TX001630,CUST00345,2026-03-20 00:00:00,Home & Living,M,2,197.79,0.0,Online,395.58
TX001631,CUST00346,2026-05-14 00:00:00,Apparel,M,1,96.39,0.0,Online,96.39
TX001632,CUST00347,2024-12-11 00:00:00,Footwear,L,1,147.19,0.0,In-Store,147.19
TX001633,CUST00347,2024-12-13 00:00:00,Footwear,L,1,116.42,0.0,Online,116.42
TX001634,CUST00347,2025-03-19 00:00:00,Footwear,XS,2,136.68,0.0,In-Store,273.36
TX001635,CUST00347,2025-04-09 00:00:00,Accessories,M,2,43.08,0.0,In-Store,86.16
TX001636,CUST00347,2025-04-10 00:00:00,Accessories,L,1,46.52,0.0,Online,46.52
TX001637,CUST00347,2025-09-24 00:00:00,Accessories,M,1,39.74,0.0,Online,39.74
TX001638,CUST00347,2025-10-07 00:00:00,Home & Living,M,1,190.64,0.0,Online,190.64
TX001639,CUST00347,2025-10-15 00:00:00,Accessories,S,4,15.66,0.0,In-Store,62.64
TX001640,CUST00347,2026-01-02 00:00:00,Apparel,M,1,59.09,0.0,In-Store,59.09
TX001641,CUST00347,2026-03-27 00:00:00,Accessories,M,1,32.1,0.0,Online,32.1
TX001642,CUST00347,2026-06-26 00:00:00,Accessories,L,3,27.65,0.0,Online,82.95
TX001643,CUST00348,2025-07-13 00:00:00,Apparel,XL,1,76.18,0.0,Online,76.18
TX001644,CUST00348,2026-06-03 00:00:00,Accessories,L,1,32.34,0.0,Online,32.34
TX001645,CUST00349,2026-06-07 00:00:00,Home & Living,L,2,188.94,0.0,Online,377.88
TX001646,CUST00350,2025-09-30 00:00:00,Apparel,M,1,30.17,0.0,Online,30.17
TX001647,CUST00350,2026-03-16 00:00:00,Apparel,XL,1,76.25,0.0,In-Store,76.25
TX001648,CUST00351,2026-03-25 00:00:00,Accessories,S,1,60.08,0.0,In-Store,60.08
TX001649,CUST00352,2026-06-11 00:00:00,Home & Living,XS,3,83.72,0.0,In-Store,251.16
TX001650,CUST00353,2025-07-19 00:00:00,Apparel,L,1,104.86,8.0,Online,96.47
TX001651,CUST00353,2025-09-06 00:00:00,Home & Living,M,1,92.86,0.0,Online,92.86
TX001652,CUST00353,2025-09-17 00:00:00,Home & Living,XS,4,215.32,0.0,In-Store,861.28
TX001653,CUST00353,2025-10-07 00:00:00,Accessories,XS,1,52.75,0.0,Online,52.75
TX001654,CUST00353,2026-01-25 00:00:00,Footwear,M,1,51.34,0.0,Online,51.34
TX001655,CUST00353,2026-01-28 00:00:00,Apparel,XL,1,60.79,0.0,Online,60.79
TX001656,CUST00353,2026-02-04 00:00:00,Accessories,S,2,67.94,0.0,Online,135.88
TX001657,CUST00353,2026-03-10 00:00:00,Home & Living,M,1,55.98,0.0,Online,55.98
TX001658,CUST00354,2025-10-24 00:00:00,Footwear,S,1,105.42,0.0,Online,105.42
TX001659,CUST00354,2026-02-03 00:00:00,Footwear,XL,1,110.48,0.0,In-Store,110.48
TX001660,CUST00354,2026-06-04 00:00:00,Apparel,XL,1,80.24,0.0,Online,80.24
TX001661,CUST00355,2026-05-10 00:00:00,Footwear,M,1,194.19,0.0,Online,194.19
TX001662,CUST00356,2025-12-09 00:00:00,Accessories,M,1,58.85,0.0,In-Store,58.85
TX001663,CUST00356,2025-12-26 00:00:00,Footwear,S,1,78.09,0.0,Online,78.09
TX001664,CUST00356,2026-03-16 00:00:00,Apparel,S,1,107.36,20.2,Online,85.67
TX001665,CUST00356,2026-04-02 00:00:00,Accessories,XS,4,48.97,6.26,Online,183.62
TX001666,CUST00357,2024-08-14 00:00:00,Apparel,XS,3,53.97,0.0,Online,161.91
TX001667,CUST00357,2025-04-29 00:00:00,Accessories,S,1,11.08,0.0,Online,11.08
TX001668,CUST00357,2025-07-07 00:00:00,Footwear,L,1,138.72,0.0,In-Store,138.72
TX001669,CUST00357,2025-12-08 00:00:00,Accessories,XS,2,53.36,0.0,Online,106.72
TX001670,CUST00357,2026-03-28 00:00:00,Accessories,M,1,21.87,0.0,Online,21.87
TX001671,CUST00357,2026-04-20 00:00:00,Footwear,M,1,191.36,38.01,Online,118.62
TX001672,CUST00358,2024-06-16 00:00:00,Footwear,M,1,86.9,0.0,Online,86.9
TX001673,CUST00358,2024-09-07 00:00:00,Home & Living,M,4,75.53,0.0,In-Store,302.12
TX001674,CUST00359,2026-03-31 00:00:00,Apparel,XS,1,70.81,0.0,In-Store,70.81
TX001675,CUST00359,2026-04-08 00:00:00,Accessories,S,1,14.76,0.0,Online,14.76
TX001676,CUST00359,2026-04-20 00:00:00,Apparel,M,1,56.68,0.0,In-Store,56.68
TX001677,CUST00360,2025-02-20 00:00:00,Accessories,S,2,65.37,0.0,In-Store,130.74
TX001678,CUST00360,2025-07-23 00:00:00,Home & Living,L,1,41.8,0.0,Online,41.8
TX001679,CUST00360,2025-11-11 00:00:00,Home & Living,M,4,279.6,0.0,In-Store,1118.4
TX001680,CUST00361,2025-12-04 00:00:00,Apparel,M,1,47.69,0.0,In-Store,47.69
TX001681,CUST00361,2026-02-25 00:00:00,Accessories,M,4,12.41,0.0,Online,49.64
TX001682,CUST00361,2026-03-26 00:00:00,Apparel,L,2,101.74,25.88,Online,150.82
TX001683,CUST00361,2026-04-17 00:00:00,Home & Living,M,1,211.6,0.0,Online,211.6
TX001684,CUST00361,2026-05-06 00:00:00,Apparel,L,1,80.84,0.0,In-Store,80.84
TX001685,CUST00361,2026-05-21 00:00:00,Home & Living,L,1,108.22,16.42,In-Store,90.45
TX001686,CUST00361,2026-06-13 00:00:00,Accessories,M,1,45.08,0.0,Online,45.08
TX001687,CUST00361,2026-06-15 00:00:00,Apparel,M,1,60.32,0.0,Online,60.32
TX001688,CUST00362,2025-08-16 00:00:00,Home & Living,M,1,273.84,0.0,Online,273.84
TX001689,CUST00362,2025-10-26 00:00:00,Accessories,M,1,37.14,0.0,In-Store,37.14
TX001690,CUST00362,2025-10-29 00:00:00,Home & Living,L,2,168.33,0.0,Online,336.66
TX001691,CUST00362,2026-01-21 00:00:00,Apparel,XS,1,116.67,0.0,In-Store,116.67
TX001692,CUST00362,2026-02-26 00:00:00,Apparel,S,1,93.67,0.0,In-Store,93.67
TX001693,CUST00363,2025-07-21 00:00:00,Home & Living,M,1,125.87,0.0,Online,125.87
TX001694,CUST00363,2026-04-15 00:00:00,Footwear,S,1,199.13,0.0,In-Store,199.13
TX001695,CUST00364,2025-11-28 00:00:00,Home & Living,M,1,227.5,0.0,Online,227.5
TX001696,CUST00365,2026-01-08 00:00:00,Accessories,XL,1,37.38,0.0,In-Store,37.38
TX001697,CUST00365,2026-03-17 00:00:00,Footwear,XS,1,99.01,0.0,Online,99.01
TX001698,CUST00365,2026-05-16 00:00:00,Footwear,XL,1,130.19,18.09,In-Store,106.64
TX001699,CUST00365,2026-05-28 00:00:00,Footwear,S,1,189.22,13.28,Online,164.09
TX001700,CUST00365,2026-06-29 00:00:00,Home & Living,M,1,228.7,0.0,Online,228.7
TX001701,CUST00366,2024-09-21 00:00:00,Apparel,M,1,37.85,0.0,Online,37.85
TX001702,CUST00366,2025-01-07 00:00:00,Footwear,L,2,135.26,0.0,Online,270.52
TX001703,CUST00366,2025-03-22 00:00:00,Accessories,XS,3,12.71,0.0,Online,38.13
TX001704,CUST00366,2026-05-08 00:00:00,Footwear,S,1,172.21,0.0,Online,172.21
TX001705,CUST00367,2026-05-04 00:00:00,Home & Living,M,1,280.32,0.0,Online,280.32
TX001706,CUST00368,2026-02-01 00:00:00,Home & Living,S,1,175.29,0.0,In-Store,175.29
TX001707,CUST00369,2025-11-10 00:00:00,Home & Living,S,1,135.67,0.0,In-Store,135.67
TX001708,CUST00369,2026-06-25 00:00:00,Accessories,L,1,37.5,0.0,Online,37.5
TX001709,CUST00370,2024-08-09 00:00:00,Accessories,M,1,61.99,10.04,Online,55.77
TX001710,CUST00371,2025-04-06 00:00:00,Footwear,M,1,64.08,0.0,Online,64.08
TX001711,CUST00372,2025-01-18 00:00:00,Home & Living,L,1,185.3,10.63,Online,165.6
TX001712,CUST00372,2026-01-06 00:00:00,Home & Living,L,1,296.69,0.0,Online,296.69
TX001713,CUST00373,2026-03-21 00:00:00,Accessories,L,1,35.24,7.35,In-Store,32.65
TX001714,CUST00373,2026-04-15 00:00:00,Footwear,XL,1,193.23,21.4,In-Store,151.88
TX001715,CUST00373,2026-04-17 00:00:00,Footwear,L,2,170.19,14.29,In-Store,291.74
TX001716,CUST00373,2026-04-25 00:00:00,Apparel,M,1,66.09,9.74,In-Store,59.65
TX001717,CUST00373,2026-05-20 00:00:00,Footwear,S,1,152.39,39.94,Online,91.53
TX001718,CUST00373,2026-05-31 00:00:00,Home & Living,XL,1,78.42,0.0,In-Store,78.42
TX001719,CUST00374,2025-09-03 00:00:00,Accessories,M,1,11.41,11.89,Online,10.05
TX001720,CUST00374,2025-10-19 00:00:00,Accessories,M,1,29.07,0.0,Online,29.07
TX001721,CUST00374,2025-10-22 00:00:00,Accessories,S,2,10.59,0.0,Online,21.18
TX001722,CUST00374,2025-10-31 00:00:00,Home & Living,M,1,138.09,0.0,Online,138.09
TX001723,CUST00374,2025-11-03 00:00:00,Apparel,L,1,116.14,5.09,In-Store,110.23
TX001724,CUST00374,2025-12-03 00:00:00,Accessories,L,1,21.98,0.0,In-Store,21.98
TX001725,CUST00374,2025-12-10 00:00:00,Accessories,M,1,40.38,0.0,In-Store,40.38
TX001726,CUST00374,2025-12-21 00:00:00,Apparel,M,3,63.17,16.95,In-Store,157.39
TX001727,CUST00374,2026-01-31 00:00:00,Home & Living,M,1,135.29,14.22,Online,116.05
TX001728,CUST00374,2026-03-23 00:00:00,Home & Living,S,1,253.38,0.0,In-Store,253.38
TX001729,CUST00374,2026-04-10 00:00:00,Footwear,L,1,151.31,0.0,Online,151.31
TX001730,CUST00374,2026-05-11 00:00:00,Footwear,XL,1,70.66,0.0,Online,70.66
TX001731,CUST00374,2026-06-25 00:00:00,Apparel,M,2,48.29,0.0,In-Store,96.58
TX001732,CUST00375,2025-05-28 00:00:00,Home & Living,S,1,105.83,0.0,In-Store,105.83
TX001733,CUST00376,2026-06-22 00:00:00,Home & Living,M,2,193.51,13.98,In-Store,332.91
TX001734,CUST00377,2024-05-21 00:00:00,Accessories,S,1,37.1,0.0,Online,37.1
TX001735,CUST00377,2025-02-19 00:00:00,Home & Living,XL,2,61.88,15.78,Online,104.23
TX001736,CUST00377,2025-03-24 00:00:00,Apparel,S,1,111.47,12.21,In-Store,97.86
TX001737,CUST00377,2026-01-08 00:00:00,Accessories,S,1,38.4,0.0,In-Store,38.4
TX001738,CUST00378,2026-02-09 00:00:00,Accessories,XS,1,56.48,0.0,In-Store,56.48
TX001739,CUST00378,2026-03-13 00:00:00,Accessories,M,3,18.37,0.0,In-Store,55.11
TX001740,CUST00378,2026-05-03 00:00:00,Home & Living,L,1,173.37,0.0,Online,173.37
TX001741,CUST00378,2026-06-08 00:00:00,Home & Living,M,1,133.07,0.0,In-Store,133.07
TX001742,CUST00379,2024-10-08 00:00:00,Home & Living,S,1,246.15,0.0,In-Store,246.15
TX001743,CUST00379,2025-08-11 00:00:00,Accessories,S,1,62.26,10.43,Online,55.77
TX001744,CUST00379,2025-11-25 00:00:00,Apparel,M,1,55.65,0.0,In-Store,55.65
TX001745,CUST00379,2025-12-11 00:00:00,Home & Living,S,1,211.36,0.0,Online,211.36
TX001746,CUST00379,2026-02-22 00:00:00,Footwear,XS,1,198.68,21.46,Online,156.04
TX001747,CUST00379,2026-06-13 00:00:00,Footwear,S,1,168.03,0.0,Online,168.03
TX001748,CUST00380,2025-07-25 00:00:00,Home & Living,XS,1,81.41,0.0,Online,81.41
TX001749,CUST00380,2025-11-02 00:00:00,Footwear,S,3,50.74,0.0,In-Store,152.22
TX001750,CUST00381,2025-12-26 00:00:00,Apparel,XS,2,68.0,0.0,Online,136.0
TX001751,CUST00381,2026-02-07 00:00:00,Home & Living,XS,1,91.22,0.0,Online,91.22
TX001752,CUST00381,2026-04-26 00:00:00,Apparel,S,1,94.91,29.58,In-Store,66.84
TX001753,CUST00381,2026-05-18 00:00:00,Apparel,L,1,66.16,20.19,Online,52.8
TX001754,CUST00382,2026-02-15 00:00:00,Home & Living,S,1,131.08,0.0,Online,131.08
TX001755,CUST00382,2026-05-29 00:00:00,Footwear,M,1,163.03,29.2,Online,115.43
TX001756,CUST00383,2024-09-27 00:00:00,Apparel,S,2,80.53,0.0,Online,161.06
TX001757,CUST00383,2024-10-26 00:00:00,Apparel,XS,1,83.61,21.27,In-Store,65.83
TX001758,CUST00383,2025-09-20 00:00:00,Accessories,S,1,28.22,0.0,Online,28.22
TX001759,CUST00383,2025-11-27 00:00:00,Apparel,S,1,78.53,0.0,Online,78.53
TX001760,CUST00384,2026-03-14 00:00:00,Home & Living,M,1,273.33,0.0,In-Store,273.33
TX001761,CUST00384,2026-06-29 00:00:00,Accessories,S,1,43.93,0.0,In-Store,43.93
TX001762,CUST00385,2025-10-09 00:00:00,Accessories,L,1,73.84,5.02,Online,70.13
TX001763,CUST00385,2025-11-17 00:00:00,Apparel,L,1,118.26,0.0,In-Store,118.26
TX001764,CUST00385,2025-12-14 00:00:00,Accessories,S,1,19.53,0.0,Online,19.53
TX001765,CUST00385,2025-12-17 00:00:00,Apparel,M,3,113.15,16.5,Online,283.44
TX001766,CUST00385,2025-12-19 00:00:00,Apparel,XS,4,108.97,21.98,Online,340.07
TX001767,CUST00385,2026-01-14 00:00:00,Footwear,M,1,90.91,0.0,Online,90.91
TX001768,CUST00385,2026-01-27 00:00:00,Footwear,L,4,137.14,0.0,Online,548.56
TX001769,CUST00385,2026-02-12 00:00:00,Home & Living,M,1,192.24,17.28,In-Store,159.02
TX001770,CUST00385,2026-02-14 00:00:00,Footwear,M,2,119.42,25.41,Online,178.15
TX001771,CUST00385,2026-02-20 00:00:00,Home & Living,S,1,296.71,0.0,In-Store,296.71
TX001772,CUST00385,2026-03-27 00:00:00,Accessories,XS,1,45.78,0.0,Online,45.78
TX001773,CUST00385,2026-04-04 00:00:00,Apparel,S,1,62.87,19.84,In-Store,50.4
TX001774,CUST00385,2026-04-27 00:00:00,Apparel,S,1,56.71,26.96,Online,41.42
TX001775,CUST00385,2026-04-27 00:00:00,Footwear,XS,2,167.62,31.85,In-Store,228.47
TX001776,CUST00385,2026-05-01 00:00:00,Apparel,XS,3,61.86,0.0,In-Store,185.58
TX001777,CUST00385,2026-05-17 00:00:00,Accessories,M,1,60.66,0.0,Online,60.66
TX001778,CUST00385,2026-05-28 00:00:00,Accessories,M,1,55.92,0.0,In-Store,55.92
TX001779,CUST00386,2024-12-07 00:00:00,Footwear,L,1,126.65,0.0,Online,126.65
TX001780,CUST00386,2025-09-11 00:00:00,Home & Living,S,1,38.52,0.0,Online,38.52
TX001781,CUST00386,2025-12-27 00:00:00,Accessories,L,1,31.4,0.0,In-Store,31.4
TX001782,CUST00387,2025-04-07 00:00:00,Accessories,M,1,56.21,0.0,Online,56.21
TX001783,CUST00387,2025-10-21 00:00:00,Accessories,M,1,14.96,13.88,In-Store,12.88
TX001784,CUST00387,2025-11-14 00:00:00,Accessories,S,3,73.56,0.0,In-Store,220.68
TX001785,CUST00387,2025-12-24 00:00:00,Footwear,XS,1,144.17,37.7,Online,89.82
TX001786,CUST00387,2026-01-01 00:00:00,Footwear,M,1,130.66,0.0,Online,130.66
TX001787,CUST00387,2026-01-14 00:00:00,Home & Living,M,1,170.78,0.0,In-Store,170.78
TX001788,CUST00387,2026-01-30 00:00:00,Accessories,L,2,37.51,0.0,In-Store,75.02
TX001789,CUST00388,2025-09-05 00:00:00,Accessories,M,2,42.89,0.0,Online,85.78
TX001790,CUST00388,2025-11-26 00:00:00,Footwear,M,2,74.03,0.0,In-Store,148.06
TX001791,CUST00389,2024-07-04 00:00:00,Accessories,M,1,15.77,0.0,In-Store,15.77
TX001792,CUST00389,2024-12-26 00:00:00,Accessories,M,1,29.51,0.0,In-Store,29.51
TX001793,CUST00389,2026-05-24 00:00:00,Home & Living,M,1,189.52,0.0,Online,189.52
TX001794,CUST00389,2026-06-26 00:00:00,Home & Living,L,2,259.34,0.0,Online,518.68
TX001795,CUST00390,2025-03-26 00:00:00,Footwear,XS,1,189.78,0.0,Online,189.78
TX001796,CUST00390,2025-07-07 00:00:00,Accessories,M,1,53.19,0.0,Online,53.19
TX001797,CUST00390,2026-01-10 00:00:00,Apparel,M,1,97.5,0.0,In-Store,97.5
TX001798,CUST00390,2026-05-29 00:00:00,Home & Living,XS,2,88.9,0.0,Online,177.8
TX001799,CUST00391,2025-03-30 00:00:00,Accessories,XL,2,11.86,14.62,In-Store,20.25
TX001800,CUST00391,2025-07-27 00:00:00,Footwear,M,2,78.07,0.0,Online,156.14
TX001801,CUST00391,2025-09-13 00:00:00,Footwear,XL,4,112.08,0.0,Online,448.32
TX001802,CUST00391,2026-01-10 00:00:00,Accessories,L,1,62.74,0.0,Online,62.74
TX001803,CUST00391,2026-05-24 00:00:00,Accessories,M,1,48.24,14.0,Online,41.49
TX001804,CUST00392,2025-05-25 00:00:00,Apparel,M,1,107.1,0.0,Online,107.1
TX001805,CUST00393,2025-03-17 00:00:00,Accessories,L,1,60.5,0.0,Online,60.5
TX001806,CUST00393,2026-01-13 00:00:00,Footwear,S,2,71.02,0.0,In-Store,142.04
TX001807,CUST00394,2026-01-25 00:00:00,Home & Living,M,2,205.35,0.0,In-Store,410.7
TX001808,CUST00394,2026-03-04 00:00:00,Accessories,XS,1,38.51,0.0,Online,38.51
TX001809,CUST00394,2026-06-02 00:00:00,Apparel,S,1,106.54,0.0,In-Store,106.54
TX001810,CUST00395,2025-06-26 00:00:00,Home & Living,S,3,102.79,0.0,Online,308.37
TX001811,CUST00395,2025-09-08 00:00:00,Accessories,XS,1,29.54,0.0,In-Store,29.54
TX001812,CUST00395,2025-10-10 00:00:00,Home & Living,L,1,230.82,15.3,Online,195.5
TX001813,CUST00395,2026-05-29 00:00:00,Apparel,M,1,91.18,0.0,Online,91.18
TX001814,CUST00395,2026-06-02 00:00:00,Accessories,S,1,66.87,5.14,Online,63.43
TX001815,CUST00395,2026-06-29 00:00:00,Footwear,XS,1,127.07,23.49,Online,97.22
TX001816,CUST00396,2025-07-04 00:00:00,Footwear,M,1,65.58,0.0,Online,65.58
TX001817,CUST00396,2025-07-14 00:00:00,Apparel,S,1,88.78,0.0,Online,88.78
TX001818,CUST00396,2025-07-14 00:00:00,Footwear,S,2,110.98,0.0,In-Store,221.96
TX001819,CUST00396,2025-07-18 00:00:00,Accessories,L,1,62.56,14.42,Online,53.54
TX001820,CUST00396,2025-09-14 00:00:00,Accessories,XL,1,22.03,0.0,In-Store,22.03
TX001821,CUST00396,2025-09-26 00:00:00,Home & Living,S,3,40.0,0.0,In-Store,120.0
TX001822,CUST00396,2025-10-07 00:00:00,Apparel,S,1,39.57,0.0,Online,39.57
TX001823,CUST00396,2025-11-07 00:00:00,Accessories,S,1,73.9,0.0,In-Store,73.9
TX001824,CUST00396,2025-11-14 00:00:00,Accessories,S,1,65.44,0.0,Online,65.44
TX001825,CUST00396,2026-01-08 00:00:00,Accessories,XS,1,21.45,0.0,Online,21.45
TX001826,CUST00396,2026-02-02 00:00:00,Apparel,M,2,35.82,18.35,Online,58.49
TX001827,CUST00396,2026-03-01 00:00:00,Home & Living,S,1,135.39,0.0,In-Store,135.39
TX001828,CUST00396,2026-03-26 00:00:00,Home & Living,S,1,262.88,0.0,Online,262.88
TX001829,CUST00397,2024-12-20 00:00:00,Footwear,S,1,50.75,22.92,Online,39.12
TX001830,CUST00398,2026-01-21 00:00:00,Footwear,M,1,180.05,28.17,Online,129.33
TX001831,CUST00398,2026-02-18 00:00:00,Home & Living,M,1,240.22,0.0,Online,240.22
TX001832,CUST00398,2026-03-10 00:00:00,Home & Living,XL,2,184.12,12.32,In-Store,322.87
TX001833,CUST00398,2026-03-15 00:00:00,Accessories,S,2,43.21,0.0,Online,86.42
TX001834,CUST00398,2026-04-30 00:00:00,Home & Living,S,1,142.14,0.0,Online,142.14
TX001835,CUST00398,2026-05-09 00:00:00,Home & Living,S,3,139.36,0.0,In-Store,418.08
TX001836,CUST00398,2026-05-30 00:00:00,Footwear,S,1,145.07,0.0,Online,145.07
TX001837,CUST00399,2025-04-27 00:00:00,Accessories,S,1,23.81,0.0,Online,23.81
TX001838,CUST00399,2025-05-08 00:00:00,Accessories,M,1,11.7,0.0,Online,11.7
TX001839,CUST00399,2025-06-02 00:00:00,Footwear,M,1,85.45,0.0,In-Store,85.45
TX001840,CUST00399,2025-06-05 00:00:00,Footwear,S,1,179.07,0.0,Online,179.07
TX001841,CUST00399,2025-06-25 00:00:00,Accessories,S,1,15.74,0.0,Online,15.74
TX001842,CUST00399,2025-08-16 00:00:00,Apparel,XS,1,40.77,0.0,Online,40.77
TX001843,CUST00399,2025-09-06 00:00:00,Apparel,S,1,38.29,0.0,Online,38.29
TX001844,CUST00399,2025-10-01 00:00:00,Home & Living,M,1,87.06,0.0,In-Store,87.06
TX001845,CUST00399,2025-10-17 00:00:00,Home & Living,M,2,233.4,0.0,In-Store,466.8
TX001846,CUST00399,2025-11-06 00:00:00,Home & Living,M,2,89.36,0.0,Online,178.72
TX001847,CUST00399,2025-11-15 00:00:00,Home & Living,M,1,139.78,0.0,Online,139.78
TX001848,CUST00399,2025-11-24 00:00:00,Apparel,M,1,64.29,0.0,In-Store,64.29
TX001849,CUST00399,2026-01-14 00:00:00,Apparel,XS,1,109.46,13.22,In-Store,94.99
TX001850,CUST00399,2026-01-31 00:00:00,Apparel,L,1,99.6,0.0,Online,99.6
TX001851,CUST00399,2026-02-08 00:00:00,Home & Living,S,2,43.98,0.0,Online,87.96
TX001852,CUST00399,2026-02-10 00:00:00,Accessories,S,1,53.28,0.0,In-Store,53.28
TX001853,CUST00399,2026-03-09 00:00:00,Apparel,XS,1,103.42,0.0,In-Store,103.42
TX001854,CUST00399,2026-04-02 00:00:00,Footwear,XS,1,55.65,0.0,In-Store,55.65
TX001855,CUST00399,2026-06-02 00:00:00,Home & Living,XS,1,223.25,0.0,Online,223.25
TX001856,CUST00400,2025-05-10 00:00:00,Apparel,S,2,31.87,0.0,Online,63.74
TX001857,CUST00400,2026-02-26 00:00:00,Home & Living,L,1,231.82,0.0,Online,231.82
TX001858,CUST00400,2026-03-12 00:00:00,Accessories,XS,1,14.85,9.78,In-Store,13.4
TX001859,CUST00400,2026-03-12 00:00:00,Apparel,L,1,76.64,13.1,Online,66.6
TX001860,CUST00401,2025-01-22 00:00:00,Home & Living,L,3,212.29,19.56,Online,512.3
TX001861,CUST00401,2025-04-16 00:00:00,Accessories,XL,2,39.86,0.0,Online,79.72
TX001862,CUST00401,2025-05-24 00:00:00,Apparel,M,2,82.72,0.0,Online,165.44
TX001863,CUST00401,2025-05-24 00:00:00,Home & Living,XS,2,84.69,13.31,In-Store,146.84
TX001864,CUST00401,2025-11-18 00:00:00,Home & Living,M,1,64.47,0.0,Online,64.47
TX001865,CUST00402,2026-05-04 00:00:00,Apparel,XS,1,47.56,0.0,Online,47.56
TX001866,CUST00402,2026-05-21 00:00:00,Footwear,S,3,77.83,24.18,In-Store,177.03
TX001867,CUST00403,2026-06-07 00:00:00,Home & Living,L,2,35.53,0.0,Online,71.06
TX001868,CUST00404,2025-12-13 00:00:00,Footwear,S,1,92.35,0.0,In-Store,92.35
TX001869,CUST00404,2026-01-24 00:00:00,Home & Living,M,1,127.19,0.0,Online,127.19
TX001870,CUST00404,2026-04-17 00:00:00,Home & Living,XS,2,260.71,0.0,In-Store,521.42
TX001871,CUST00404,2026-04-20 00:00:00,Footwear,M,1,148.01,0.0,Online,148.01
TX001872,CUST00404,2026-06-04 00:00:00,Apparel,S,1,119.9,0.0,Online,119.9
TX001873,CUST00405,2025-09-18 00:00:00,Accessories,S,1,61.18,0.0,In-Store,61.18
TX001874,CUST00405,2026-06-22 00:00:00,Footwear,M,1,58.85,39.02,In-Store,35.89
TX001875,CUST00406,2025-08-06 00:00:00,Apparel,S,1,107.67,0.0,Online,107.67
TX001876,CUST00407,2024-10-29 00:00:00,Accessories,S,1,49.39,0.0,Online,49.39
TX001877,CUST00407,2025-11-12 00:00:00,Home & Living,S,1,247.67,0.0,In-Store,247.67
TX001878,CUST00408,2026-03-02 00:00:00,Accessories,L,1,60.68,0.0,Online,60.68
TX001879,CUST00409,2025-08-04 00:00:00,Apparel,L,1,69.11,8.19,Online,63.45
TX001880,CUST00409,2025-12-06 00:00:00,Home & Living,M,3,223.76,0.0,Online,671.28
TX001881,CUST00409,2026-02-10 00:00:00,Accessories,S,2,43.19,0.0,In-Store,86.38
TX001882,CUST00409,2026-04-28 00:00:00,Footwear,XS,2,93.18,0.0,Online,186.36
TX001883,CUST00409,2026-05-11 00:00:00,Accessories,M,1,24.43,0.0,In-Store,24.43
TX001884,CUST00409,2026-05-29 00:00:00,Apparel,M,1,46.6,0.0,In-Store,46.6
TX001885,CUST00410,2025-01-26 00:00:00,Home & Living,S,1,116.11,0.0,Online,116.11
TX001886,CUST00410,2025-09-14 00:00:00,Apparel,M,2,82.26,0.0,In-Store,164.52
TX001887,CUST00410,2025-09-25 00:00:00,Accessories,L,1,62.07,0.0,Online,62.07
TX001888,CUST00410,2025-12-04 00:00:00,Footwear,L,1,85.03,0.0,Online,85.03
TX001889,CUST00410,2025-12-08 00:00:00,Footwear,S,1,188.97,0.0,Online,188.97
TX001890,CUST00410,2025-12-17 00:00:00,Apparel,M,1,45.9,12.01,Online,40.39
TX001891,CUST00410,2025-12-30 00:00:00,Footwear,XL,1,95.19,0.0,Online,95.19
TX001892,CUST00410,2026-02-28 00:00:00,Apparel,S,1,89.15,8.52,Online,81.55
TX001893,CUST00410,2026-05-31 00:00:00,Apparel,S,1,68.17,7.77,Online,62.87
TX001894,CUST00411,2026-05-01 00:00:00,Apparel,S,1,104.24,0.0,Online,104.24
TX001895,CUST00411,2026-05-05 00:00:00,Accessories,S,4,23.84,0.0,In-Store,95.36
TX001896,CUST00411,2026-05-08 00:00:00,Home & Living,S,1,93.89,14.6,In-Store,80.18
TX001897,CUST00411,2026-05-23 00:00:00,Apparel,L,1,111.61,15.88,Online,93.89
TX001898,CUST00412,2025-12-07 00:00:00,Accessories,S,1,15.66,0.0,In-Store,15.66
TX001899,CUST00412,2026-04-04 00:00:00,Accessories,L,1,68.49,0.0,Online,68.49
TX001900,CUST00413,2025-08-23 00:00:00,Accessories,M,1,23.76,0.0,Online,23.76
TX001901,CUST00413,2025-09-12 00:00:00,Apparel,M,1,27.06,0.0,In-Store,27.06
TX001902,CUST00413,2025-09-12 00:00:00,Accessories,M,2,34.48,0.0,Online,68.96
TX001903,CUST00413,2025-09-13 00:00:00,Home & Living,L,1,193.92,11.74,In-Store,171.15
TX001904,CUST00413,2025-10-07 00:00:00,Apparel,S,1,99.07,0.0,In-Store,99.07
TX001905,CUST00413,2025-10-13 00:00:00,Footwear,XS,1,120.31,0.0,Online,120.31
TX001906,CUST00413,2025-10-21 00:00:00,Home & Living,L,1,111.3,0.0,Online,111.3
TX001907,CUST00413,2025-11-05 00:00:00,Home & Living,M,1,197.78,0.0,In-Store,197.78
TX001908,CUST00413,2025-11-08 00:00:00,Footwear,M,3,156.72,17.06,In-Store,389.95
TX001909,CUST00413,2025-11-22 00:00:00,Apparel,S,1,99.46,7.16,In-Store,92.34
TX001910,CUST00413,2025-12-08 00:00:00,Footwear,S,1,169.57,0.0,Online,169.57
TX001911,CUST00413,2025-12-16 00:00:00,Footwear,M,1,132.06,0.0,Online,132.06
TX001912,CUST00413,2026-01-21 00:00:00,Footwear,M,1,86.91,28.94,Online,61.76
TX001913,CUST00413,2026-02-19 00:00:00,Footwear,XL,2,127.52,22.94,Online,196.53
TX001914,CUST00413,2026-03-22 00:00:00,Home & Living,L,1,45.61,0.0,Online,45.61
TX001915,CUST00413,2026-05-03 00:00:00,Accessories,S,1,44.96,0.0,Online,44.96
TX001916,CUST00413,2026-05-19 00:00:00,Accessories,L,1,38.43,0.0,In-Store,38.43
TX001917,CUST00413,2026-06-15 00:00:00,Accessories,S,1,41.12,0.0,In-Store,41.12
TX001918,CUST00413,2026-06-16 00:00:00,Accessories,XL,2,42.3,0.0,Online,84.6
TX001919,CUST00414,2026-03-24 00:00:00,Footwear,S,1,77.6,0.0,In-Store,77.6
TX001920,CUST00414,2026-04-18 00:00:00,Apparel,S,2,71.35,0.0,Online,142.7
TX001921,CUST00414,2026-04-22 00:00:00,Accessories,L,1,64.24,0.0,Online,64.24
TX001922,CUST00414,2026-06-01 00:00:00,Footwear,L,1,116.19,19.91,Online,93.06
TX001923,CUST00414,2026-06-14 00:00:00,Home & Living,XS,2,40.75,0.0,Online,81.5
TX001924,CUST00415,2025-01-01 00:00:00,Footwear,M,1,100.07,33.64,Online,66.41
TX001925,CUST00416,2024-12-09 00:00:00,Accessories,M,1,67.03,0.0,Online,67.03
TX001926,CUST00416,2025-07-11 00:00:00,Home & Living,M,3,84.3,0.0,Online,252.9
TX001927,CUST00416,2025-10-10 00:00:00,Apparel,L,1,57.76,0.0,Online,57.76
TX001928,CUST00416,2026-02-11 00:00:00,Home & Living,S,1,48.76,8.45,In-Store,44.64
TX001929,CUST00417,2025-08-09 00:00:00,Accessories,XS,1,70.22,0.0,Online,70.22
TX001930,CUST00417,2025-09-03 00:00:00,Footwear,M,1,159.48,11.9,In-Store,140.5
TX001931,CUST00417,2025-09-29 00:00:00,Footwear,L,1,66.92,0.0,In-Store,66.92
TX001932,CUST00417,2026-01-10 00:00:00,Home & Living,XL,1,106.13,0.0,Online,106.13
TX001933,CUST00417,2026-04-23 00:00:00,Accessories,M,4,23.81,0.0,In-Store,95.24
TX001934,CUST00417,2026-06-28 00:00:00,Accessories,L,3,54.94,0.0,Online,164.82
TX001935,CUST00418,2026-06-04 00:00:00,Home & Living,S,1,110.8,0.0,In-Store,110.8
TX001936,CUST00419,2026-02-18 00:00:00,Apparel,XL,1,42.84,14.24,In-Store,36.74
TX001937,CUST00419,2026-05-05 00:00:00,Home & Living,S,1,208.07,0.0,Online,208.07
TX001938,CUST00420,2025-02-15 00:00:00,Apparel,L,1,74.77,0.0,In-Store,74.77
TX001939,CUST00420,2026-06-12 00:00:00,Apparel,S,1,50.83,15.14,In-Store,43.13
TX001940,CUST00421,2024-12-23 00:00:00,Footwear,M,1,97.96,0.0,Online,97.96
TX001941,CUST00421,2025-04-19 00:00:00,Home & Living,M,1,153.56,0.0,In-Store,153.56
TX001942,CUST00421,2025-06-17 00:00:00,Apparel,L,1,68.95,0.0,Online,68.95
TX001943,CUST00421,2026-02-18 00:00:00,Accessories,M,1,16.68,8.66,In-Store,15.24
TX001944,CUST00421,2026-06-20 00:00:00,Footwear,M,1,135.31,0.0,In-Store,135.31
TX001945,CUST00422,2026-01-07 00:00:00,Footwear,XL,2,157.91,0.0,Online,315.82
TX001946,CUST00422,2026-01-31 00:00:00,Home & Living,L,1,52.75,0.0,Online,52.75
TX001947,CUST00422,2026-02-10 00:00:00,Accessories,L,1,25.56,0.0,In-Store,25.56
TX001948,CUST00422,2026-04-06 00:00:00,Home & Living,M,1,141.05,12.02,In-Store,124.1
TX001949,CUST00423,2025-12-11 00:00:00,Footwear,L,1,122.73,0.0,Online,122.73
TX001950,CUST00424,2026-03-21 00:00:00,Accessories,S,1,34.98,0.0,In-Store,34.98
TX001951,CUST00424,2026-06-22 00:00:00,Home & Living,M,2,223.18,0.0,Online,446.36
TX001952,CUST00425,2025-04-12 00:00:00,Footwear,S,2,120.37,0.0,In-Store,240.74
TX001953,CUST00425,2026-05-15 00:00:00,Home & Living,XL,1,68.99,0.0,In-Store,68.99
TX001954,CUST00426,2025-11-14 00:00:00,Accessories,L,2,28.11,11.75,Online,49.61
TX001955,CUST00426,2025-11-20 00:00:00,Home & Living,XL,2,163.11,0.0,In-Store,326.22
TX001956,CUST00426,2026-06-01 00:00:00,Footwear,M,3,151.68,0.0,Online,455.04
TX001957,CUST00427,2025-11-20 00:00:00,Footwear,L,1,141.09,0.0,Online,141.09
TX001958,CUST00427,2026-01-13 00:00:00,Apparel,XL,1,92.77,28.4,In-Store,66.42
TX001959,CUST00428,2026-03-19 00:00:00,Footwear,L,1,193.58,34.32,Online,127.14
TX001960,CUST00429,2025-04-25 00:00:00,Footwear,S,1,67.1,0.0,In-Store,67.1
TX001961,CUST00429,2025-06-06 00:00:00,Home & Living,S,1,221.06,10.95,In-Store,196.85
TX001962,CUST00429,2025-12-21 00:00:00,Accessories,L,1,46.43,0.0,In-Store,46.43
TX001963,CUST00430,2026-02-25 00:00:00,Footwear,XS,2,140.02,24.97,Online,210.11
TX001964,CUST00430,2026-02-25 00:00:00,Accessories,M,4,56.21,0.0,In-Store,224.84
TX001965,CUST00430,2026-03-01 00:00:00,Accessories,XL,2,11.49,0.0,In-Store,22.98
TX001966,CUST00430,2026-03-18 00:00:00,Footwear,M,1,71.94,0.0,Online,71.94
TX001967,CUST00430,2026-03-26 00:00:00,Accessories,M,4,42.37,5.03,In-Store,160.96
TX001968,CUST00430,2026-04-05 00:00:00,Accessories,L,1,35.42,8.04,In-Store,32.57
TX001969,CUST00430,2026-05-12 00:00:00,Apparel,M,1,57.1,8.58,In-Store,52.2
TX001970,CUST00430,2026-05-13 00:00:00,Apparel,L,2,91.13,10.86,In-Store,162.47
TX001971,CUST00431,2026-04-22 00:00:00,Accessories,M,2,15.81,12.22,Online,27.76
TX001972,CUST00432,2026-06-26 00:00:00,Apparel,S,2,101.91,25.6,In-Store,151.64
TX001973,CUST00433,2026-03-06 00:00:00,Accessories,S,1,13.29,0.0,Online,13.29
TX001974,CUST00433,2026-04-02 00:00:00,Footwear,M,1,63.28,0.0,Online,63.28
TX001975,CUST00433,2026-04-09 00:00:00,Apparel,S,1,38.03,0.0,Online,38.03
TX001976,CUST00433,2026-05-06 00:00:00,Home & Living,L,2,271.94,0.0,In-Store,543.88
TX001977,CUST00433,2026-05-13 00:00:00,Accessories,S,1,63.83,0.0,Online,63.83
TX001978,CUST00433,2026-06-18 00:00:00,Accessories,S,1,58.21,11.13,Online,51.73
TX001979,CUST00433,2026-06-26 00:00:00,Home & Living,S,4,60.09,0.0,Online,240.36
TX001980,CUST00433,2026-06-27 00:00:00,Accessories,L,1,36.53,0.0,In-Store,36.53
TX001981,CUST00434,2024-10-06 00:00:00,Accessories,M,1,25.35,0.0,In-Store,25.35
TX001982,CUST00434,2024-11-03 00:00:00,Accessories,M,1,36.1,0.0,Online,36.1
TX001983,CUST00434,2025-08-09 00:00:00,Apparel,XL,1,90.34,0.0,Online,90.34
TX001984,CUST00434,2025-10-31 00:00:00,Home & Living,L,1,180.83,0.0,In-Store,180.83
TX001985,CUST00434,2025-11-17 00:00:00,Apparel,S,1,80.17,12.95,Online,69.79
TX001986,CUST00434,2025-12-01 00:00:00,Footwear,S,1,72.84,26.11,Online,53.82
TX001987,CUST00434,2026-06-04 00:00:00,Accessories,XS,3,34.01,0.0,Online,102.03
TX001988,CUST00435,2026-05-12 00:00:00,Footwear,M,1,132.72,7.45,In-Store,122.83
TX001989,CUST00436,2024-05-13 00:00:00,Footwear,XS,1,67.12,0.0,Online,67.12
TX001990,CUST00436,2026-05-08 00:00:00,Home & Living,M,2,36.16,0.0,Online,72.32
TX001991,CUST00437,2025-10-10 00:00:00,Apparel,XS,1,86.04,0.0,Online,86.04
TX001992,CUST00437,2026-02-04 00:00:00,Apparel,S,1,73.18,0.0,Online,73.18
TX001993,CUST00437,2026-03-05 00:00:00,Apparel,L,1,86.1,29.89,Online,60.36
TX001994,CUST00438,2025-06-08 00:00:00,Footwear,S,1,56.28,0.0,Online,56.28
TX001995,CUST00438,2026-03-14 00:00:00,Home & Living,S,2,274.75,0.0,Online,549.5
TX001996,CUST00439,2024-07-10 00:00:00,Home & Living,M,1,242.2,14.63,Online,206.77
TX001997,CUST00439,2025-04-06 00:00:00,Home & Living,L,3,214.75,0.0,Online,644.25
TX001998,CUST00439,2026-03-27 00:00:00,Footwear,S,2,104.28,37.89,Online,129.54
TX001999,CUST00440,2026-03-15 00:00:00,Accessories,XL,2,46.5,0.0,In-Store,93.0
TX002000,CUST00440,2026-04-02 00:00:00,Footwear,XL,1,178.2,0.0,Online,178.2
TX002001,CUST00440,2026-06-02 00:00:00,Home & Living,M,1,42.76,0.0,Online,42.76
TX002002,CUST00440,2026-06-04 00:00:00,Home & Living,M,1,239.88,0.0,In-Store,239.88
TX002003,CUST00441,2025-03-04 00:00:00,Apparel,XS,1,97.5,0.0,Online,97.5
TX002004,CUST00441,2025-06-08 00:00:00,Apparel,L,1,75.54,0.0,Online,75.54
TX002005,CUST00441,2025-09-11 00:00:00,Accessories,M,3,59.28,0.0,Online,177.84
TX002006,CUST00441,2025-12-28 00:00:00,Footwear,L,3,176.68,0.0,Online,530.04
TX002007,CUST00441,2026-03-01 00:00:00,Apparel,M,1,112.91,8.44,Online,103.38
TX002008,CUST00441,2026-06-05 00:00:00,Accessories,M,1,51.34,0.0,Online,51.34
TX002009,CUST00442,2025-07-21 00:00:00,Apparel,S,1,69.08,22.09,In-Store,53.82
TX002010,CUST00443,2025-02-15 00:00:00,Apparel,XL,1,47.71,0.0,Online,47.71
TX002011,CUST00443,2025-06-07 00:00:00,Footwear,XL,2,72.35,0.0,In-Store,144.7
TX002012,CUST00443,2025-10-31 00:00:00,Home & Living,S,1,48.54,0.0,Online,48.54
TX002013,CUST00444,2025-05-13 00:00:00,Footwear,M,4,169.73,0.0,In-Store,678.92
TX002014,CUST00444,2025-08-12 00:00:00,Apparel,M,1,110.68,25.72,Online,82.21
TX002015,CUST00445,2025-07-21 00:00:00,Apparel,XL,1,43.98,0.0,Online,43.98
TX002016,CUST00445,2026-05-26 00:00:00,Footwear,S,1,113.48,0.0,In-Store,113.48
TX002017,CUST00446,2025-11-21 00:00:00,Footwear,M,1,52.12,0.0,Online,52.12
TX002018,CUST00446,2025-12-14 00:00:00,Accessories,XL,1,64.87,0.0,Online,64.87
TX002019,CUST00446,2026-01-18 00:00:00,Footwear,M,3,96.61,16.55,In-Store,241.86
TX002020,CUST00446,2026-03-02 00:00:00,Footwear,S,1,151.5,11.06,In-Store,134.74
TX002021,CUST00446,2026-03-25 00:00:00,Apparel,M,1,57.69,0.0,In-Store,57.69
TX002022,CUST00446,2026-03-28 00:00:00,Accessories,S,1,33.81,0.0,Online,33.81
TX002023,CUST00447,2026-01-25 00:00:00,Home & Living,XS,2,152.01,0.0,In-Store,304.02
TX002024,CUST00448,2025-01-24 00:00:00,Accessories,XL,1,26.17,0.0,Online,26.17
TX002025,CUST00448,2026-04-15 00:00:00,Footwear,M,1,151.73,5.55,Online,143.31
TX002026,CUST00449,2024-07-29 00:00:00,Footwear,M,1,142.78,25.78,Online,105.97
TX002027,CUST00449,2024-08-09 00:00:00,Accessories,M,1,38.28,0.0,In-Store,38.28
TX002028,CUST00449,2024-08-29 00:00:00,Footwear,L,1,116.31,34.77,In-Store,75.87
TX002029,CUST00449,2024-09-27 00:00:00,Apparel,L,1,55.19,29.7,Online,38.8
TX002030,CUST00449,2024-10-27 00:00:00,Accessories,M,1,46.07,7.13,In-Store,42.79
TX002031,CUST00449,2024-11-17 00:00:00,Accessories,S,1,42.69,0.0,Online,42.69
TX002032,CUST00449,2025-01-09 00:00:00,Home & Living,M,1,241.93,0.0,Online,241.93
TX002033,CUST00449,2025-05-18 00:00:00,Home & Living,L,1,53.23,0.0,Online,53.23
TX002034,CUST00449,2025-07-09 00:00:00,Apparel,M,1,109.42,0.0,In-Store,109.42
TX002035,CUST00449,2025-08-16 00:00:00,Apparel,XS,1,51.68,18.64,Online,42.05
TX002036,CUST00449,2025-09-10 00:00:00,Accessories,L,1,25.34,10.5,Online,22.68
TX002037,CUST00449,2025-11-08 00:00:00,Footwear,L,1,158.55,0.0,Online,158.55
TX002038,CUST00449,2026-02-24 00:00:00,Footwear,M,4,160.74,0.0,Online,642.96
TX002039,CUST00449,2026-05-07 00:00:00,Footwear,M,1,77.63,17.38,Online,64.14
TX002040,CUST00449,2026-06-23 00:00:00,Apparel,L,1,66.2,14.13,In-Store,56.85
TX002041,CUST00450,2025-07-19 00:00:00,Apparel,M,2,80.49,11.62,In-Store,142.27
TX002042,CUST00450,2025-08-26 00:00:00,Footwear,M,1,71.27,16.85,In-Store,59.26
TX002043,CUST00450,2025-10-16 00:00:00,Footwear,M,1,115.88,0.0,In-Store,115.88
TX002044,CUST00450,2025-11-03 00:00:00,Footwear,L,2,176.97,17.4,Online,292.35
TX002045,CUST00450,2026-01-22 00:00:00,Footwear,S,3,116.09,5.88,Online,327.79
TX002046,CUST00450,2026-03-07 00:00:00,Footwear,M,2,173.47,30.53,Online,241.02
TX002047,CUST00450,2026-04-12 00:00:00,Home & Living,L,1,289.77,0.0,In-Store,289.77
TX002048,CUST00451,2026-02-19 00:00:00,Apparel,S,1,68.42,0.0,In-Store,68.42
TX002049,CUST00451,2026-05-05 00:00:00,Home & Living,M,1,170.51,10.95,Online,151.84
TX002050,CUST00452,2025-10-28 00:00:00,Home & Living,M,1,293.89,0.0,Online,293.89
TX002051,CUST00452,2026-01-06 00:00:00,Accessories,XL,1,28.09,0.0,In-Store,28.09
TX002052,CUST00453,2024-07-13 00:00:00,Apparel,M,1,40.93,0.0,Online,40.93
TX002053,CUST00453,2024-09-19 00:00:00,Apparel,M,3,29.74,0.0,In-Store,89.22
TX002054,CUST00453,2024-10-26 00:00:00,Accessories,S,1,28.25,6.93,Online,26.29
TX002055,CUST00453,2025-04-11 00:00:00,Footwear,M,1,177.2,0.0,In-Store,177.2
TX002056,CUST00453,2025-12-05 00:00:00,Home & Living,M,2,161.42,0.0,In-Store,322.84
TX002057,CUST00453,2025-12-23 00:00:00,Accessories,M,3,18.76,0.0,Online,56.28
TX002058,CUST00453,2026-04-17 00:00:00,Home & Living,M,4,129.33,0.0,Online,517.32
TX002059,CUST00453,2026-05-28 00:00:00,Apparel,XL,1,71.79,0.0,In-Store,71.79
TX002060,CUST00453,2026-06-16 00:00:00,Footwear,S,2,64.21,0.0,In-Store,128.42
TX002061,CUST00454,2025-09-30 00:00:00,Home & Living,XS,1,92.75,0.0,Online,92.75
TX002062,CUST00454,2026-03-09 00:00:00,Accessories,M,1,54.83,0.0,Online,54.83
TX002063,CUST00454,2026-03-11 00:00:00,Accessories,M,1,17.4,0.0,In-Store,17.4
TX002064,CUST00455,2025-06-23 00:00:00,Apparel,S,1,101.24,0.0,Online,101.24
TX002065,CUST00455,2026-03-12 00:00:00,Apparel,XS,1,106.79,19.46,In-Store,86.01
TX002066,CUST00455,2026-03-19 00:00:00,Apparel,M,1,88.89,0.0,In-Store,88.89
TX002067,CUST00456,2024-11-29 00:00:00,Apparel,M,1,105.81,0.0,Online,105.81
TX002068,CUST00456,2025-06-08 00:00:00,Apparel,S,1,50.87,0.0,In-Store,50.87
TX002069,CUST00456,2025-12-06 00:00:00,Apparel,L,1,105.09,0.0,In-Store,105.09
TX002070,CUST00456,2026-02-28 00:00:00,Accessories,S,3,16.91,0.0,Online,50.73
TX002071,CUST00457,2025-01-08 00:00:00,Home & Living,S,1,60.88,0.0,In-Store,60.88
TX002072,CUST00458,2025-05-14 00:00:00,Accessories,M,1,60.17,0.0,Online,60.17
TX002073,CUST00458,2026-02-20 00:00:00,Apparel,L,1,65.72,0.0,Online,65.72
TX002074,CUST00459,2024-10-19 00:00:00,Accessories,S,2,39.96,0.0,In-Store,79.92
TX002075,CUST00460,2025-04-10 00:00:00,Footwear,S,1,121.73,21.76,Online,95.24
TX002076,CUST00460,2025-04-12 00:00:00,Accessories,XS,1,52.01,0.0,In-Store,52.01
TX002077,CUST00460,2025-06-15 00:00:00,Accessories,L,2,13.99,0.0,Online,27.98
TX002078,CUST00460,2025-06-22 00:00:00,Home & Living,S,3,59.95,0.0,In-Store,179.85
TX002079,CUST00460,2025-06-27 00:00:00,Home & Living,XL,2,181.48,0.0,Online,362.96
TX002080,CUST00460,2025-11-04 00:00:00,Accessories,M,2,59.01,11.01,Online,105.03
TX002081,CUST00460,2025-11-24 00:00:00,Apparel,S,1,94.9,0.0,Online,94.9
TX002082,CUST00460,2026-01-21 00:00:00,Apparel,M,1,79.72,17.37,Online,65.87
TX002083,CUST00460,2026-06-01 00:00:00,Accessories,L,1,30.79,0.0,Online,30.79
TX002084,CUST00461,2025-06-05 00:00:00,Apparel,S,1,43.97,0.0,In-Store,43.97
TX002085,CUST00461,2025-07-28 00:00:00,Accessories,M,1,72.19,0.0,Online,72.19
TX002086,CUST00461,2025-11-11 00:00:00,Footwear,M,1,166.31,0.0,Online,166.31
TX002087,CUST00461,2026-01-13 00:00:00,Apparel,XS,1,76.47,0.0,In-Store,76.47
TX002088,CUST00461,2026-04-04 00:00:00,Accessories,S,2,29.86,0.0,In-Store,59.72
TX002089,CUST00461,2026-06-24 00:00:00,Accessories,M,1,22.44,0.0,In-Store,22.44
TX002090,CUST00462,2026-03-21 00:00:00,Footwear,L,1,141.84,0.0,Online,141.84
TX002091,CUST00462,2026-05-28 00:00:00,Home & Living,M,1,101.01,0.0,Online,101.01
TX002092,CUST00463,2025-04-15 00:00:00,Home & Living,M,1,236.17,0.0,In-Store,236.17
TX002093,CUST00463,2026-06-04 00:00:00,Home & Living,L,1,267.97,0.0,In-Store,267.97
TX002094,CUST00464,2026-06-19 00:00:00,Footwear,M,1,81.43,0.0,In-Store,81.43
TX002095,CUST00465,2025-10-18 00:00:00,Accessories,S,1,59.53,0.0,Online,59.53
TX002096,CUST00465,2025-11-14 00:00:00,Footwear,M,1,91.22,30.54,In-Store,63.36
TX002097,CUST00466,2026-06-01 00:00:00,Home & Living,XS,1,143.27,15.5,In-Store,121.06
TX002098,CUST00466,2026-06-12 00:00:00,Footwear,XS,1,62.75,20.41,Online,49.94
TX002099,CUST00466,2026-06-20 00:00:00,Home & Living,S,2,287.04,0.0,Online,574.08
TX002100,CUST00467,2025-04-19 00:00:00,Home & Living,XS,1,227.91,0.0,Online,227.91
TX002101,CUST00467,2025-10-02 00:00:00,Home & Living,M,1,270.01,0.0,Online,270.01
TX002102,CUST00469,2026-01-16 00:00:00,Home & Living,S,2,143.26,0.0,In-Store,286.52
TX002103,CUST00469,2026-03-24 00:00:00,Apparel,L,1,92.63,0.0,In-Store,92.63
TX002104,CUST00469,2026-04-04 00:00:00,Footwear,S,2,130.56,16.59,Online,217.8
TX002105,CUST00469,2026-06-26 00:00:00,Apparel,M,4,89.84,13.09,In-Store,312.32
TX002106,CUST00470,2026-01-26 00:00:00,Home & Living,XS,1,236.07,0.0,Online,236.07
TX002107,CUST00471,2024-05-02 00:00:00,Apparel,M,1,32.55,0.0,Online,32.55
TX002108,CUST00471,2026-04-20 00:00:00,Apparel,M,3,82.99,23.98,In-Store,189.27
TX002109,CUST00472,2024-10-26 00:00:00,Accessories,S,1,36.97,6.94,Online,34.4
TX002110,CUST00472,2025-09-27 00:00:00,Accessories,L,1,26.78,0.0,Online,26.78
TX002111,CUST00472,2026-01-06 00:00:00,Accessories,M,1,14.68,0.0,Online,14.68
TX002112,CUST00473,2024-12-15 00:00:00,Home & Living,S,1,269.83,0.0,Online,269.83
TX002113,CUST00473,2025-03-23 00:00:00,Footwear,XL,1,96.97,26.5,In-Store,71.27
TX002114,CUST00473,2025-05-23 00:00:00,Footwear,S,1,124.37,0.0,Online,124.37
TX002115,CUST00473,2025-06-14 00:00:00,Accessories,M,3,64.56,0.0,Online,193.68
TX002116,CUST00473,2025-11-10 00:00:00,Footwear,L,2,181.73,0.0,In-Store,363.46
TX002117,CUST00474,2024-09-21 00:00:00,Accessories,S,1,66.33,0.0,Online,66.33
TX002118,CUST00474,2025-05-25 00:00:00,Accessories,M,1,14.94,0.0,In-Store,14.94
TX002119,CUST00474,2025-06-11 00:00:00,Apparel,L,2,86.12,26.28,In-Store,126.98
TX002120,CUST00475,2026-04-01 00:00:00,Home & Living,S,2,126.0,0.0,In-Store,252.0
TX002121,CUST00475,2026-06-05 00:00:00,Home & Living,S,1,287.77,0.0,In-Store,287.77
TX002122,CUST00476,2025-11-26 00:00:00,Footwear,M,2,199.04,8.56,In-Store,364.0
TX002123,CUST00476,2025-11-27 00:00:00,Footwear,S,2,91.5,0.0,Online,183.0
TX002124,CUST00476,2026-02-07 00:00:00,Apparel,XS,1,97.59,0.0,Online,97.59
TX002125,CUST00476,2026-02-22 00:00:00,Footwear,L,1,147.63,0.0,Online,147.63
TX002126,CUST00476,2026-04-09 00:00:00,Apparel,M,2,92.64,0.0,Online,185.28
TX002127,CUST00476,2026-04-26 00:00:00,Apparel,M,1,40.59,10.79,In-Store,36.21
TX002128,CUST00476,2026-05-02 00:00:00,Footwear,M,3,178.3,34.34,In-Store,351.22
TX002129,CUST00476,2026-05-18 00:00:00,Accessories,M,1,13.56,13.76,Online,11.69
TX002130,CUST00476,2026-06-06 00:00:00,Home & Living,S,1,99.56,0.0,In-Store,99.56
TX002131,CUST00477,2025-12-24 00:00:00,Accessories,XL,1,31.28,0.0,Online,31.28
TX002132,CUST00477,2025-12-25 00:00:00,Accessories,L,3,24.69,0.0,In-Store,74.07
TX002133,CUST00477,2026-03-14 00:00:00,Footwear,XS,1,188.85,0.0,Online,188.85
TX002134,CUST00478,2026-01-30 00:00:00,Accessories,L,1,71.4,0.0,Online,71.4
TX002135,CUST00479,2026-03-30 00:00:00,Home & Living,M,1,199.99,0.0,In-Store,199.99
TX002136,CUST00479,2026-04-05 00:00:00,Apparel,M,3,117.26,0.0,Online,351.78
TX002137,CUST00479,2026-05-16 00:00:00,Apparel,S,1,57.79,0.0,Online,57.79
TX002138,CUST00479,2026-05-24 00:00:00,Accessories,L,1,59.54,0.0,Online,59.54
TX002139,CUST00479,2026-05-31 00:00:00,Apparel,L,2,107.28,8.18,In-Store,197.01
TX002140,CUST00479,2026-06-11 00:00:00,Accessories,L,1,49.54,0.0,Online,49.54
TX002141,CUST00480,2025-03-25 00:00:00,Accessories,S,1,74.36,0.0,Online,74.36
TX002142,CUST00480,2025-06-27 00:00:00,Home & Living,L,1,49.3,8.35,Online,45.18
TX002143,CUST00480,2025-12-07 00:00:00,Footwear,M,1,63.19,0.0,In-Store,63.19
TX002144,CUST00480,2026-05-18 00:00:00,Footwear,M,1,132.35,0.0,Online,132.35
TX002145,CUST00481,2025-03-05 00:00:00,Accessories,XL,1,16.39,0.0,In-Store,16.39
TX002146,CUST00481,2025-09-09 00:00:00,Accessories,S,1,29.94,11.18,In-Store,26.59
TX002147,CUST00481,2025-09-11 00:00:00,Apparel,M,3,96.08,0.0,Online,288.24
TX002148,CUST00481,2025-10-02 00:00:00,Accessories,M,1,26.25,0.0,Online,26.25
TX002149,CUST00481,2026-05-28 00:00:00,Accessories,M,1,15.44,0.0,Online,15.44
TX002150,CUST00482,2025-08-13 00:00:00,Accessories,L,1,42.28,0.0,In-Store,42.28
TX002151,CUST00482,2025-10-11 00:00:00,Accessories,M,1,51.22,0.0,In-Store,51.22
TX002152,CUST00482,2026-04-25 00:00:00,Accessories,XS,1,39.63,0.0,Online,39.63
TX002153,CUST00483,2025-06-12 00:00:00,Home & Living,S,2,182.47,0.0,Online,364.94
TX002154,CUST00483,2026-06-21 00:00:00,Accessories,L,3,62.74,0.0,In-Store,188.22
TX002155,CUST00484,2025-04-27 00:00:00,Home & Living,XS,1,80.98,0.0,Online,80.98
TX002156,CUST00485,2024-05-17 00:00:00,Home & Living,XL,1,290.18,0.0,Online,290.18
TX002157,CUST00485,2025-07-20 00:00:00,Home & Living,M,1,70.65,0.0,Online,70.65
TX002158,CUST00485,2025-12-02 00:00:00,Footwear,L,1,154.59,0.0,In-Store,154.59
TX002159,CUST00486,2024-08-03 00:00:00,Apparel,XS,4,100.94,0.0,Online,403.76
TX002160,CUST00486,2024-11-29 00:00:00,Home & Living,M,1,153.51,0.0,In-Store,153.51
TX002161,CUST00486,2026-03-08 00:00:00,Apparel,XL,1,36.52,0.0,Online,36.52
TX002162,CUST00487,2024-10-24 00:00:00,Apparel,S,1,101.84,0.0,In-Store,101.84
TX002163,CUST00487,2025-01-29 00:00:00,Accessories,S,1,67.38,0.0,Online,67.38
TX002164,CUST00487,2025-04-18 00:00:00,Accessories,S,1,57.46,0.0,In-Store,57.46
TX002165,CUST00487,2025-06-02 00:00:00,Footwear,S,2,129.31,0.0,In-Store,258.62
TX002166,CUST00487,2025-06-21 00:00:00,Accessories,M,1,20.84,0.0,In-Store,20.84
TX002167,CUST00487,2026-03-06 00:00:00,Accessories,L,1,20.71,0.0,Online,20.71
TX002168,CUST00487,2026-03-16 00:00:00,Accessories,S,1,23.63,0.0,Online,23.63
TX002169,CUST00487,2026-04-05 00:00:00,Home & Living,M,1,255.43,0.0,Online,255.43
TX002170,CUST00488,2025-05-06 00:00:00,Home & Living,S,1,255.2,0.0,Online,255.2
TX002171,CUST00488,2025-12-08 00:00:00,Apparel,M,3,55.63,24.68,Online,125.7
TX002172,CUST00489,2024-11-09 00:00:00,Home & Living,M,4,137.23,0.0,In-Store,548.92
TX002173,CUST00489,2024-12-03 00:00:00,Apparel,M,2,86.93,0.0,In-Store,173.86
TX002174,CUST00489,2025-06-15 00:00:00,Home & Living,L,1,129.23,0.0,In-Store,129.23
TX002175,CUST00489,2025-12-17 00:00:00,Apparel,L,1,66.86,0.0,Online,66.86
TX002176,CUST00489,2026-03-09 00:00:00,Apparel,XS,1,44.62,0.0,In-Store,44.62
TX002177,CUST00490,2025-09-21 00:00:00,Home & Living,M,2,244.85,0.0,In-Store,489.7
TX002178,CUST00490,2025-10-01 00:00:00,Footwear,M,1,135.16,0.0,Online,135.16
TX002179,CUST00490,2025-10-06 00:00:00,Apparel,L,1,100.4,12.5,Online,87.85
TX002180,CUST00490,2025-10-15 00:00:00,Accessories,M,1,25.73,0.0,Online,25.73
TX002181,CUST00490,2025-12-09 00:00:00,Apparel,M,3,56.0,27.02,Online,122.61
TX002182,CUST00490,2026-06-11 00:00:00,Apparel,L,1,66.55,0.0,In-Store,66.55
TX002183,CUST00490,2026-06-17 00:00:00,Accessories,XL,1,13.13,0.0,Online,13.13
TX002184,CUST00491,2025-11-22 00:00:00,Accessories,M,2,63.37,0.0,Online,126.74
TX002185,CUST00492,2025-05-13 00:00:00,Accessories,L,1,65.96,0.0,Online,65.96
TX002186,CUST00492,2025-06-04 00:00:00,Apparel,M,3,61.7,0.0,Online,185.1
TX002187,CUST00492,2025-07-18 00:00:00,Home & Living,L,1,139.79,0.0,In-Store,139.79
TX002188,CUST00492,2025-10-03 00:00:00,Home & Living,S,1,242.04,0.0,Online,242.04
TX002189,CUST00492,2025-10-21 00:00:00,Footwear,XS,1,105.55,28.72,Online,75.24
TX002190,CUST00492,2026-04-26 00:00:00,Accessories,M,1,53.69,0.0,Online,53.69
TX002191,CUST00493,2025-07-06 00:00:00,Footwear,XS,1,116.74,32.3,Online,79.03
TX002192,CUST00493,2026-03-03 00:00:00,Home & Living,XL,1,222.72,0.0,Online,222.72
TX002193,CUST00493,2026-05-17 00:00:00,Footwear,S,1,65.28,0.0,In-Store,65.28
TX002194,CUST00493,2026-06-05 00:00:00,Home & Living,S,2,262.53,11.07,In-Store,466.94
TX002195,CUST00494,2026-05-27 00:00:00,Apparel,M,4,88.08,28.74,In-Store,251.06
TX002196,CUST00494,2026-05-28 00:00:00,Home & Living,M,1,104.65,0.0,In-Store,104.65
TX002197,CUST00495,2026-02-19 00:00:00,Home & Living,L,1,62.52,0.0,In-Store,62.52
TX002198,CUST00495,2026-04-12 00:00:00,Apparel,M,1,56.24,0.0,Online,56.24
TX002199,CUST00495,2026-04-29 00:00:00,Accessories,XS,2,44.87,0.0,Online,89.74
TX002200,CUST00496,2024-10-07 00:00:00,Apparel,XL,2,64.0,23.54,In-Store,97.87
TX002201,CUST00496,2024-12-01 00:00:00,Apparel,M,1,48.9,0.0,In-Store,48.9
TX002202,CUST00496,2025-01-29 00:00:00,Home & Living,L,2,165.57,0.0,In-Store,331.14
TX002203,CUST00496,2025-05-18 00:00:00,Home & Living,XS,1,127.56,0.0,Online,127.56
TX002204,CUST00496,2025-06-27 00:00:00,Footwear,M,3,105.93,0.0,Online,317.79
TX002205,CUST00496,2025-08-10 00:00:00,Apparel,L,1,68.71,0.0,Online,68.71
TX002206,CUST00496,2025-08-28 00:00:00,Footwear,S,2,191.02,0.0,In-Store,382.04
TX002207,CUST00496,2025-10-09 00:00:00,Accessories,L,3,30.32,0.0,Online,90.96
TX002208,CUST00496,2025-10-15 00:00:00,Home & Living,XL,1,241.86,0.0,In-Store,241.86
TX002209,CUST00496,2026-01-02 00:00:00,Footwear,M,1,102.94,20.0,In-Store,82.35
TX002210,CUST00496,2026-01-04 00:00:00,Home & Living,M,2,192.5,5.87,Online,362.4
TX002211,CUST00496,2026-01-18 00:00:00,Apparel,XS,3,46.9,7.66,Online,129.92
TX002212,CUST00496,2026-02-17 00:00:00,Footwear,M,3,96.48,0.0,Online,289.44
TX002213,CUST00496,2026-04-27 00:00:00,Accessories,L,1,56.3,0.0,Online,56.3
TX002214,CUST00496,2026-05-28 00:00:00,Home & Living,L,1,40.92,0.0,In-Store,40.92
TX002215,CUST00496,2026-06-23 00:00:00,Accessories,L,2,60.32,0.0,Online,120.64
TX002216,CUST00497,2026-01-31 00:00:00,Home & Living,M,2,246.98,12.6,In-Store,431.72
TX002217,CUST00497,2026-03-18 00:00:00,Apparel,XS,1,36.99,9.9,In-Store,33.33
TX002218,CUST00497,2026-04-01 00:00:00,Accessories,M,1,20.34,0.0,In-Store,20.34
TX002219,CUST00497,2026-05-22 00:00:00,Accessories,L,2,62.65,0.0,Online,125.3
TX002220,CUST00497,2026-06-06 00:00:00,Home & Living,S,1,107.3,0.0,In-Store,107.3
TX002221,CUST00498,2025-05-25 00:00:00,Apparel,M,2,90.32,0.0,In-Store,180.64
TX002222,CUST00498,2025-06-11 00:00:00,Accessories,M,1,11.19,0.0,Online,11.19
TX002223,CUST00499,2025-09-02 00:00:00,Footwear,L,1,167.05,0.0,In-Store,167.05
TX002224,CUST00499,2025-12-28 00:00:00,Home & Living,S,1,70.66,6.12,In-Store,66.34
TX002225,CUST00499,2026-05-19 00:00:00,Home & Living,XL,4,273.34,11.64,Online,966.09
TX002226,CUST00500,2024-11-28 00:00:00,Apparel,M,2,26.0,0.0,In-Store,52.0
TX002227,CUST00500,2025-05-28 00:00:00,Accessories,M,2,34.52,0.0,Online,69.04
TX002228,CUST00500,2025-06-12 00:00:00,Apparel,M,1,42.63,8.68,Online,38.93
TX002229,CUST00501,2026-03-19 00:00:00,Apparel,L,1,103.58,26.12,In-Store,76.52
TX002230,CUST00501,2026-04-18 00:00:00,Footwear,S,1,66.38,0.0,Online,66.38
TX002231,CUST00501,2026-05-31 00:00:00,Accessories,L,1,11.33,0.0,Online,11.33
TX002232,CUST00501,2026-06-29 00:00:00,Apparel,L,1,37.42,0.0,In-Store,37.42
TX002233,CUST00502,2024-05-19 00:00:00,Apparel,M,1,119.38,14.78,In-Store,101.74
TX002234,CUST00502,2025-03-27 00:00:00,Home & Living,L,3,52.75,0.0,In-Store,158.25
TX002235,CUST00502,2025-10-03 00:00:00,Home & Living,L,3,141.41,7.61,Online,391.95
TX002236,CUST00502,2025-10-18 00:00:00,Footwear,S,1,91.45,35.27,In-Store,59.2
TX002237,CUST00502,2026-04-04 00:00:00,Home & Living,L,1,235.34,0.0,Online,235.34
TX002238,CUST00503,2025-09-19 00:00:00,Home & Living,M,2,162.2,0.0,Online,324.4
TX002239,CUST00504,2025-06-24 00:00:00,Apparel,M,3,97.69,18.58,Online,238.62
TX002240,CUST00504,2025-08-05 00:00:00,Footwear,M,1,51.79,33.28,In-Store,34.55
TX002241,CUST00504,2025-10-16 00:00:00,Footwear,M,1,122.89,6.14,Online,115.34
TX002242,CUST00504,2026-05-25 00:00:00,Apparel,XS,1,111.46,0.0,Online,111.46
TX002243,CUST00505,2024-08-18 00:00:00,Apparel,L,2,68.09,0.0,Online,136.18
TX002244,CUST00505,2024-09-18 00:00:00,Apparel,L,1,51.58,28.54,In-Store,36.86
TX002245,CUST00505,2024-10-09 00:00:00,Footwear,L,1,150.24,7.8,In-Store,138.52
TX002246,CUST00505,2024-12-11 00:00:00,Home & Living,S,1,146.35,0.0,In-Store,146.35
TX002247,CUST00505,2025-02-15 00:00:00,Footwear,XS,2,89.6,0.0,Online,179.2
TX002248,CUST00505,2025-04-20 00:00:00,Apparel,S,1,91.59,0.0,In-Store,91.59
TX002249,CUST00505,2025-08-12 00:00:00,Footwear,L,1,101.14,21.93,Online,78.96
TX002250,CUST00505,2025-09-13 00:00:00,Home & Living,L,2,225.3,0.0,Online,450.6
TX002251,CUST00506,2025-10-24 00:00:00,Home & Living,S,1,157.25,0.0,In-Store,157.25
TX002252,CUST00506,2025-11-30 00:00:00,Accessories,L,1,31.96,0.0,In-Store,31.96
TX002253,CUST00506,2026-01-14 00:00:00,Home & Living,XS,3,135.76,0.0,In-Store,407.28
TX002254,CUST00506,2026-05-08 00:00:00,Accessories,S,3,72.0,0.0,Online,216.0
TX002255,CUST00507,2024-05-23 00:00:00,Footwear,XS,2,183.56,0.0,Online,367.12
TX002256,CUST00507,2026-01-18 00:00:00,Footwear,L,1,83.42,0.0,Online,83.42
TX002257,CUST00507,2026-06-13 00:00:00,Footwear,M,1,167.8,20.32,Online,133.7
TX002258,CUST00508,2026-06-29 00:00:00,Accessories,L,1,20.66,14.42,Online,17.68
TX002259,CUST00509,2024-04-13 00:00:00,Footwear,M,2,183.44,0.0,In-Store,366.88
TX002260,CUST00509,2025-01-01 00:00:00,Home & Living,S,2,215.21,14.18,In-Store,369.39
TX002261,CUST00509,2025-04-13 00:00:00,Footwear,M,1,71.09,9.78,Online,64.14
TX002262,CUST00510,2026-02-19 00:00:00,Home & Living,L,1,254.43,0.0,Online,254.43
TX002263,CUST00511,2026-02-18 00:00:00,Accessories,L,1,10.42,0.0,Online,10.42
TX002264,CUST00511,2026-03-30 00:00:00,Accessories,XL,1,62.05,0.0,In-Store,62.05
TX002265,CUST00511,2026-04-22 00:00:00,Footwear,S,1,54.11,13.0,Online,47.08
TX002266,CUST00511,2026-05-06 00:00:00,Apparel,M,3,33.84,0.0,In-Store,101.52
TX002267,CUST00511,2026-05-16 00:00:00,Accessories,M,3,60.42,0.0,Online,181.26
TX002268,CUST00511,2026-05-19 00:00:00,Footwear,M,1,182.83,0.0,In-Store,182.83
TX002269,CUST00511,2026-06-29 00:00:00,Accessories,L,2,46.88,0.0,Online,93.76
TX002270,CUST00512,2025-05-06 00:00:00,Accessories,XS,1,21.88,0.0,Online,21.88
TX002271,CUST00512,2025-06-29 00:00:00,Apparel,S,1,71.33,6.98,In-Store,66.35
TX002272,CUST00512,2025-10-02 00:00:00,Apparel,S,1,109.31,0.0,Online,109.31
TX002273,CUST00512,2025-12-06 00:00:00,Footwear,L,1,148.78,0.0,Online,148.78
TX002274,CUST00513,2026-04-23 00:00:00,Apparel,M,2,58.77,0.0,In-Store,117.54
TX002275,CUST00514,2025-07-22 00:00:00,Accessories,S,1,47.24,0.0,In-Store,47.24
TX002276,CUST00514,2025-11-20 00:00:00,Accessories,S,1,55.97,5.49,Online,52.9
TX002277,CUST00514,2025-12-15 00:00:00,Accessories,M,1,36.09,12.42,Online,31.61
TX002278,CUST00514,2026-01-13 00:00:00,Apparel,L,1,29.21,15.81,In-Store,24.59
TX002279,CUST00514,2026-02-25 00:00:00,Accessories,M,1,18.39,6.31,Online,17.23
TX002280,CUST00514,2026-03-24 00:00:00,Home & Living,L,1,95.11,13.48,In-Store,82.29
TX002281,CUST00514,2026-06-28 00:00:00,Accessories,S,2,48.06,0.0,Online,96.12
TX002282,CUST00515,2025-08-12 00:00:00,Home & Living,M,3,114.24,0.0,In-Store,342.72
TX002283,CUST00515,2025-09-14 00:00:00,Accessories,XS,1,15.18,0.0,Online,15.18
TX002284,CUST00515,2025-09-28 00:00:00,Footwear,L,2,85.35,0.0,Online,170.7
TX002285,CUST00515,2025-10-26 00:00:00,Home & Living,L,1,203.37,0.0,In-Store,203.37
TX002286,CUST00515,2025-12-25 00:00:00,Footwear,M,1,74.72,0.0,Online,74.72
TX002287,CUST00515,2026-01-04 00:00:00,Footwear,XS,2,177.71,23.15,In-Store,273.14
TX002288,CUST00515,2026-01-21 00:00:00,Accessories,M,1,44.71,7.97,Online,41.15
TX002289,CUST00515,2026-03-26 00:00:00,Apparel,XS,1,93.49,0.0,Online,93.49
TX002290,CUST00515,2026-03-29 00:00:00,Footwear,L,1,112.28,10.87,Online,100.08
TX002291,CUST00515,2026-06-06 00:00:00,Accessories,M,1,27.01,5.33,Online,25.57
TX002292,CUST00516,2024-12-13 00:00:00,Accessories,S,1,56.2,0.0,Online,56.2
TX002293,CUST00516,2025-01-24 00:00:00,Apparel,L,1,116.2,19.29,In-Store,93.79
TX002294,CUST00516,2025-03-14 00:00:00,Home & Living,M,1,196.75,0.0,In-Store,196.75
TX002295,CUST00516,2025-09-19 00:00:00,Home & Living,S,1,116.14,0.0,Online,116.14
TX002296,CUST00516,2026-02-03 00:00:00,Home & Living,M,1,216.36,0.0,Online,216.36
TX002297,CUST00517,2025-05-04 00:00:00,Footwear,XS,1,56.41,26.18,Online,41.64
TX002298,CUST00517,2025-05-07 00:00:00,Apparel,M,1,105.03,0.0,In-Store,105.03
TX002299,CUST00517,2025-07-17 00:00:00,Footwear,S,1,87.41,0.0,Online,87.41
TX002300,CUST00517,2025-09-22 00:00:00,Home & Living,S,1,100.87,0.0,Online,100.87
TX002301,CUST00517,2026-02-02 00:00:00,Apparel,XL,2,67.07,0.0,In-Store,134.14
TX002302,CUST00517,2026-03-09 00:00:00,Accessories,L,1,36.02,8.19,Online,33.07
TX002303,CUST00518,2025-10-11 00:00:00,Accessories,XS,1,22.88,0.0,In-Store,22.88
TX002304,CUST00518,2026-02-27 00:00:00,Apparel,S,3,47.08,20.73,In-Store,111.96
TX002305,CUST00519,2026-01-08 00:00:00,Accessories,M,1,40.92,0.0,In-Store,40.92
TX002306,CUST00519,2026-06-28 00:00:00,Footwear,XS,1,86.26,16.35,Online,72.16
TX002307,CUST00520,2026-05-21 00:00:00,Apparel,L,1,58.87,0.0,Online,58.87
TX002308,CUST00521,2025-10-23 00:00:00,Accessories,L,1,34.2,8.21,Online,31.39
TX002309,CUST00521,2025-11-20 00:00:00,Apparel,L,1,105.23,0.0,In-Store,105.23
TX002310,CUST00522,2026-02-16 00:00:00,Home & Living,S,3,293.14,0.0,In-Store,879.42
TX002311,CUST00523,2024-06-03 00:00:00,Accessories,L,3,51.07,7.78,Online,141.29
TX002312,CUST00523,2024-09-23 00:00:00,Footwear,M,1,177.81,0.0,In-Store,177.81
TX002313,CUST00523,2025-03-07 00:00:00,Footwear,M,1,69.71,0.0,Online,69.71
TX002314,CUST00523,2025-04-17 00:00:00,Accessories,M,1,49.46,0.0,Online,49.46
TX002315,CUST00523,2025-06-22 00:00:00,Footwear,XS,1,61.6,12.55,In-Store,53.87
TX002316,CUST00523,2026-04-26 00:00:00,Apparel,L,2,81.32,6.97,Online,151.3
TX002317,CUST00524,2025-08-08 00:00:00,Footwear,M,2,160.08,33.61,Online,212.55
TX002318,CUST00524,2025-09-08 00:00:00,Home & Living,L,1,210.12,0.0,In-Store,210.12
TX002319,CUST00524,2025-09-16 00:00:00,Accessories,M,1,21.45,9.79,Online,19.35
TX002320,CUST00524,2025-09-16 00:00:00,Apparel,S,1,114.65,8.86,Online,104.49
TX002321,CUST00524,2025-10-04 00:00:00,Apparel,XL,1,46.21,0.0,In-Store,46.21
TX002322,CUST00524,2025-11-03 00:00:00,Footwear,M,3,128.06,0.0,In-Store,384.18
TX002323,CUST00524,2025-11-21 00:00:00,Home & Living,M,1,89.17,0.0,Online,89.17
TX002324,CUST00524,2025-12-10 00:00:00,Apparel,M,3,61.0,0.0,Online,183.0
TX002325,CUST00524,2026-02-02 00:00:00,Home & Living,M,2,271.7,9.56,Online,491.45
TX002326,CUST00524,2026-02-05 00:00:00,Home & Living,XS,2,89.92,0.0,In-Store,179.84
TX002327,CUST00524,2026-02-13 00:00:00,Footwear,L,1,189.8,6.13,Online,178.17
TX002328,CUST00524,2026-03-25 00:00:00,Home & Living,M,2,91.69,0.0,In-Store,183.38
TX002329,CUST00524,2026-04-02 00:00:00,Accessories,L,1,42.18,0.0,Online,42.18
TX002330,CUST00524,2026-04-06 00:00:00,Apparel,S,1,77.01,0.0,Online,77.01
TX002331,CUST00524,2026-04-08 00:00:00,Apparel,XS,1,60.62,0.0,Online,60.62
TX002332,CUST00524,2026-04-13 00:00:00,Apparel,L,1,95.72,19.09,In-Store,77.45
TX002333,CUST00524,2026-04-14 00:00:00,Footwear,S,1,118.74,0.0,Online,118.74
TX002334,CUST00524,2026-04-21 00:00:00,Accessories,M,2,60.18,0.0,Online,120.36
TX002335,CUST00524,2026-04-30 00:00:00,Home & Living,XL,1,76.71,0.0,In-Store,76.71
TX002336,CUST00524,2026-05-01 00:00:00,Home & Living,S,1,297.77,0.0,In-Store,297.77
TX002337,CUST00524,2026-05-20 00:00:00,Footwear,M,1,142.88,0.0,Online,142.88
TX002338,CUST00524,2026-05-23 00:00:00,Accessories,XS,1,20.09,0.0,In-Store,20.09
TX002339,CUST00524,2026-06-21 00:00:00,Accessories,M,1,24.59,0.0,Online,24.59
TX002340,CUST00525,2026-04-24 00:00:00,Home & Living,M,1,230.19,0.0,Online,230.19
TX002341,CUST00526,2026-01-03 00:00:00,Apparel,S,2,45.66,18.18,Online,74.72
TX002342,CUST00526,2026-01-11 00:00:00,Apparel,M,1,61.25,7.07,Online,56.92
TX002343,CUST00526,2026-01-17 00:00:00,Home & Living,M,1,76.15,16.99,Online,63.21
TX002344,CUST00526,2026-03-27 00:00:00,Footwear,XS,1,60.57,0.0,Online,60.57
TX002345,CUST00526,2026-04-13 00:00:00,Accessories,XS,3,64.44,0.0,In-Store,193.32
TX002346,CUST00526,2026-04-15 00:00:00,Footwear,M,1,171.83,0.0,In-Store,171.83
TX002347,CUST00526,2026-04-20 00:00:00,Footwear,L,1,62.79,37.57,In-Store,39.2
TX002348,CUST00527,2024-07-22 00:00:00,Apparel,S,1,106.5,0.0,In-Store,106.5
TX002349,CUST00527,2024-08-09 00:00:00,Home & Living,S,3,219.81,0.0,Online,659.43
TX002350,CUST00527,2024-08-16 00:00:00,Apparel,M,1,67.79,0.0,Online,67.79
TX002351,CUST00527,2024-08-25 00:00:00,Apparel,L,2,110.76,0.0,Online,221.52
TX002352,CUST00527,2024-09-09 00:00:00,Accessories,L,1,22.87,0.0,In-Store,22.87
TX002353,CUST00527,2024-10-12 00:00:00,Home & Living,XL,1,285.79,0.0,Online,285.79
TX002354,CUST00527,2024-10-30 00:00:00,Apparel,S,1,50.43,26.45,In-Store,37.09
TX002355,CUST00527,2024-12-25 00:00:00,Footwear,L,1,191.39,8.73,Online,174.68
TX002356,CUST00527,2025-01-08 00:00:00,Home & Living,XS,1,251.19,0.0,Online,251.19
TX002357,CUST00527,2025-01-17 00:00:00,Accessories,XS,1,59.34,0.0,Online,59.34
TX002358,CUST00527,2025-03-01 00:00:00,Apparel,L,1,112.92,0.0,Online,112.92
TX002359,CUST00527,2025-03-20 00:00:00,Footwear,S,1,94.3,0.0,Online,94.3
TX002360,CUST00527,2025-03-29 00:00:00,Apparel,S,1,52.61,0.0,Online,52.61
TX002361,CUST00527,2025-04-13 00:00:00,Home & Living,S,1,171.94,0.0,In-Store,171.94
TX002362,CUST00527,2025-04-24 00:00:00,Apparel,L,4,112.53,0.0,Online,450.12
TX002363,CUST00527,2025-06-28 00:00:00,Accessories,L,1,30.36,0.0,Online,30.36
TX002364,CUST00527,2025-07-30 00:00:00,Apparel,S,1,34.81,0.0,Online,34.81
TX002365,CUST00527,2025-10-16 00:00:00,Footwear,S,2,198.91,5.83,In-Store,374.63
TX002366,CUST00527,2025-12-23 00:00:00,Home & Living,S,1,191.86,0.0,Online,191.86
TX002367,CUST00527,2025-12-31 00:00:00,Home & Living,M,1,228.56,0.0,In-Store,228.56
TX002368,CUST00527,2026-01-21 00:00:00,Apparel,M,1,89.57,0.0,In-Store,89.57
TX002369,CUST00527,2026-02-09 00:00:00,Apparel,M,1,91.0,0.0,Online,91.0
TX002370,CUST00527,2026-02-26 00:00:00,Accessories,M,2,56.65,0.0,In-Store,113.3
TX002371,CUST00527,2026-04-10 00:00:00,Apparel,M,4,45.56,0.0,Online,182.24
TX002372,CUST00527,2026-04-22 00:00:00,Home & Living,L,1,225.18,0.0,In-Store,225.18
TX002373,CUST00527,2026-04-29 00:00:00,Home & Living,L,2,134.67,0.0,In-Store,269.34
TX002374,CUST00527,2026-06-19 00:00:00,Footwear,L,1,108.2,0.0,Online,108.2
TX002375,CUST00527,2026-06-27 00:00:00,Accessories,M,1,23.05,12.65,In-Store,20.13
TX002376,CUST00528,2024-04-18 00:00:00,Footwear,L,2,173.71,0.0,Online,347.42
TX002377,CUST00528,2025-07-31 00:00:00,Apparel,L,1,102.09,0.0,Online,102.09
TX002378,CUST00528,2025-10-23 00:00:00,Footwear,M,1,81.29,0.0,In-Store,81.29
TX002379,CUST00529,2024-07-24 00:00:00,Accessories,S,1,18.2,0.0,In-Store,18.2
TX002380,CUST00529,2024-08-27 00:00:00,Accessories,L,1,13.48,5.8,In-Store,12.7
TX002381,CUST00529,2024-12-13 00:00:00,Apparel,S,1,56.04,6.76,Online,52.25
TX002382,CUST00529,2024-12-26 00:00:00,Home & Living,XL,3,232.95,0.0,Online,698.85
TX002383,CUST00529,2025-05-23 00:00:00,Apparel,S,1,95.29,0.0,In-Store,95.29
TX002384,CUST00529,2025-05-26 00:00:00,Footwear,L,2,143.67,0.0,In-Store,287.34
TX002385,CUST00529,2025-08-13 00:00:00,Footwear,S,1,79.5,0.0,Online,79.5
TX002386,CUST00529,2025-10-19 00:00:00,Apparel,S,1,109.45,0.0,In-Store,109.45
TX002387,CUST00529,2026-02-20 00:00:00,Home & Living,L,3,227.03,7.08,In-Store,632.87
TX002388,CUST00529,2026-03-27 00:00:00,Accessories,L,2,11.36,0.0,Online,22.72
TX002389,CUST00529,2026-04-25 00:00:00,Home & Living,L,1,136.87,0.0,In-Store,136.87
TX002390,CUST00530,2025-09-19 00:00:00,Footwear,XS,1,113.53,36.96,In-Store,71.57
TX002391,CUST00531,2025-10-04 00:00:00,Apparel,S,2,94.75,0.0,In-Store,189.5
TX002392,CUST00531,2025-11-13 00:00:00,Accessories,S,2,51.28,0.0,Online,102.56
TX002393,CUST00531,2025-11-22 00:00:00,Accessories,L,1,26.9,0.0,Online,26.9
TX002394,CUST00532,2025-10-03 00:00:00,Footwear,XL,2,88.72,0.0,Online,177.44
TX002395,CUST00533,2024-11-20 00:00:00,Home & Living,M,2,93.98,8.86,In-Store,171.31
TX002396,CUST00533,2024-12-29 00:00:00,Footwear,L,1,176.14,17.17,In-Store,145.9
TX002397,CUST00533,2025-01-01 00:00:00,Accessories,XL,2,44.49,0.0,Online,88.98
TX002398,CUST00533,2025-11-24 00:00:00,Accessories,M,1,57.43,0.0,In-Store,57.43
TX002399,CUST00533,2026-02-06 00:00:00,Accessories,S,2,72.83,0.0,Online,145.66
TX002400,CUST00533,2026-03-14 00:00:00,Home & Living,M,1,246.02,0.0,Online,246.02
TX002401,CUST00534,2024-12-08 00:00:00,Home & Living,M,1,289.84,0.0,Online,289.84
TX002402,CUST00534,2025-01-09 00:00:00,Apparel,M,1,89.16,0.0,In-Store,89.16
TX002403,CUST00534,2025-04-10 00:00:00,Footwear,M,1,103.27,0.0,Online,103.27
TX002404,CUST00534,2025-05-24 00:00:00,Home & Living,M,2,77.5,0.0,In-Store,155.0
TX002405,CUST00534,2025-08-31 00:00:00,Accessories,S,1,71.6,0.0,Online,71.6
TX002406,CUST00534,2025-10-04 00:00:00,Accessories,L,1,24.51,0.0,In-Store,24.51
TX002407,CUST00534,2025-12-27 00:00:00,Footwear,L,1,128.26,11.01,Online,114.14
TX002408,CUST00534,2026-01-04 00:00:00,Home & Living,M,1,74.58,7.01,Online,69.35
TX002409,CUST00534,2026-01-28 00:00:00,Footwear,M,1,151.01,0.0,In-Store,151.01
TX002410,CUST00534,2026-05-30 00:00:00,Accessories,S,1,31.21,12.31,Online,27.37
TX002411,CUST00535,2025-12-22 00:00:00,Home & Living,XS,2,69.14,0.0,Online,138.28
TX002412,CUST00536,2025-11-29 00:00:00,Apparel,S,1,87.15,22.63,Online,67.43
TX002413,CUST00537,2025-12-13 00:00:00,Apparel,M,4,97.91,28.92,Online,278.38
TX002414,CUST00538,2025-03-14 00:00:00,Footwear,S,2,120.69,0.0,Online,241.38
TX002415,CUST00538,2025-03-18 00:00:00,Home & Living,XS,1,40.0,10.86,Online,35.66
TX002416,CUST00538,2025-09-24 00:00:00,Home & Living,L,1,229.61,0.0,Online,229.61
TX002417,CUST00538,2026-03-20 00:00:00,Accessories,M,1,36.84,0.0,Online,36.84
TX002418,CUST00538,2026-05-16 00:00:00,Apparel,M,1,55.2,20.25,In-Store,44.02
TX002419,CUST00539,2025-04-07 00:00:00,Home & Living,M,2,222.71,0.0,In-Store,445.42
TX002420,CUST00539,2025-06-20 00:00:00,Apparel,S,1,104.56,16.4,Online,87.41
TX002421,CUST00540,2026-02-03 00:00:00,Footwear,M,1,100.98,0.0,Online,100.98
TX002422,CUST00540,2026-05-12 00:00:00,Apparel,M,1,56.31,13.12,Online,48.92
TX002423,CUST00541,2025-05-25 00:00:00,Footwear,XL,1,138.13,0.0,Online,138.13
TX002424,CUST00541,2025-06-16 00:00:00,Apparel,L,2,81.34,18.59,Online,132.44
TX002425,CUST00541,2025-08-26 00:00:00,Accessories,S,1,74.46,0.0,In-Store,74.46
TX002426,CUST00542,2026-01-10 00:00:00,Apparel,M,1,100.38,0.0,Online,100.38
TX002427,CUST00543,2025-02-07 00:00:00,Apparel,L,1,61.96,0.0,In-Store,61.96
TX002428,CUST00543,2025-06-15 00:00:00,Footwear,M,3,55.85,0.0,In-Store,167.55
TX002429,CUST00543,2025-09-05 00:00:00,Accessories,L,1,23.33,0.0,Online,23.33
TX002430,CUST00543,2025-10-03 00:00:00,Home & Living,L,1,215.4,15.07,In-Store,182.94
TX002431,CUST00543,2025-11-28 00:00:00,Accessories,S,1,74.25,0.0,Online,74.25
TX002432,CUST00543,2025-12-18 00:00:00,Accessories,L,2,47.2,0.0,Online,94.4
TX002433,CUST00543,2025-12-25 00:00:00,Accessories,XL,1,51.17,0.0,In-Store,51.17
TX002434,CUST00543,2026-03-17 00:00:00,Accessories,M,1,53.99,0.0,In-Store,53.99
TX002435,CUST00543,2026-04-17 00:00:00,Accessories,M,1,57.7,0.0,Online,57.7
TX002436,CUST00543,2026-05-13 00:00:00,Apparel,M,1,97.86,0.0,In-Store,97.86
TX002437,CUST00544,2025-03-22 00:00:00,Home & Living,M,1,294.76,0.0,In-Store,294.76
TX002438,CUST00544,2025-11-16 00:00:00,Home & Living,L,1,216.26,0.0,Online,216.26
TX002439,CUST00544,2025-12-13 00:00:00,Apparel,S,1,80.25,0.0,In-Store,80.25
TX002440,CUST00544,2026-03-16 00:00:00,Home & Living,XL,1,96.55,0.0,In-Store,96.55
TX002441,CUST00545,2024-10-09 00:00:00,Home & Living,S,1,278.69,0.0,In-Store,278.69
TX002442,CUST00546,2026-04-02 00:00:00,Home & Living,M,1,118.27,0.0,Online,118.27
TX002443,CUST00546,2026-05-20 00:00:00,Apparel,S,1,74.99,0.0,Online,74.99
TX002444,CUST00546,2026-05-25 00:00:00,Apparel,XL,4,86.95,22.17,Online,270.69
TX002445,CUST00546,2026-06-08 00:00:00,Home & Living,M,1,205.11,12.62,Online,179.23
TX002446,CUST00546,2026-06-12 00:00:00,Accessories,S,2,42.57,0.0,Online,85.14
TX002447,CUST00546,2026-06-25 00:00:00,Home & Living,S,1,181.9,0.0,Online,181.9
TX002448,CUST00547,2026-01-19 00:00:00,Home & Living,M,2,110.46,0.0,Online,220.92
TX002449,CUST00547,2026-02-08 00:00:00,Accessories,L,1,41.33,9.24,In-Store,37.51
TX002450,CUST00548,2024-07-13 00:00:00,Apparel,XL,1,69.68,15.45,Online,58.91
TX002451,CUST00548,2024-07-18 00:00:00,Home & Living,S,2,246.79,7.4,Online,457.06
TX002452,CUST00548,2024-11-05 00:00:00,Apparel,XS,3,39.01,0.0,In-Store,117.03
TX002453,CUST00548,2025-05-24 00:00:00,Footwear,M,1,73.07,0.0,In-Store,73.07
TX002454,CUST00548,2025-09-11 00:00:00,Apparel,S,1,53.12,0.0,In-Store,53.12
TX002455,CUST00548,2026-05-18 00:00:00,Home & Living,XL,1,283.99,0.0,Online,283.99
TX002456,CUST00549,2026-03-11 00:00:00,Home & Living,L,3,92.34,0.0,Online,277.02
TX002457,CUST00549,2026-04-14 00:00:00,Apparel,L,1,103.23,17.99,In-Store,84.66
TX002458,CUST00549,2026-06-19 00:00:00,Footwear,M,2,197.46,0.0,In-Store,394.92
TX002459,CUST00550,2025-09-25 00:00:00,Apparel,M,1,82.52,0.0,In-Store,82.52
TX002460,CUST00551,2025-10-25 00:00:00,Accessories,M,1,23.47,0.0,Online,23.47
TX002461,CUST00552,2025-11-22 00:00:00,Accessories,S,1,51.29,0.0,In-Store,51.29
TX002462,CUST00552,2025-12-03 00:00:00,Accessories,S,1,65.26,0.0,Online,65.26
TX002463,CUST00552,2025-12-20 00:00:00,Apparel,M,2,110.28,8.63,Online,201.53
TX002464,CUST00552,2025-12-23 00:00:00,Accessories,M,1,13.52,0.0,Online,13.52
TX002465,CUST00552,2026-01-03 00:00:00,Footwear,S,2,183.6,0.0,Online,367.2
TX002466,CUST00552,2026-02-09 00:00:00,Apparel,XL,3,118.18,29.4,Online,250.31
TX002467,CUST00552,2026-03-25 00:00:00,Home & Living,M,1,120.87,0.0,Online,120.87
TX002468,CUST00552,2026-04-19 00:00:00,Footwear,XL,2,173.29,0.0,In-Store,346.58
TX002469,CUST00552,2026-04-28 00:00:00,Home & Living,M,3,299.82,0.0,Online,899.46
TX002470,CUST00552,2026-05-09 00:00:00,Home & Living,XS,1,180.08,0.0,Online,180.08
TX002471,CUST00552,2026-06-25 00:00:00,Home & Living,XL,1,161.82,0.0,In-Store,161.82
TX002472,CUST00553,2025-08-30 00:00:00,Accessories,S,2,54.66,11.44,Online,96.81
TX002473,CUST00553,2025-10-07 00:00:00,Footwear,L,1,127.39,0.0,Online,127.39
TX002474,CUST00553,2025-10-16 00:00:00,Apparel,M,2,32.06,0.0,In-Store,64.12
TX002475,CUST00553,2025-10-17 00:00:00,Home & Living,S,1,73.25,0.0,Online,73.25
TX002476,CUST00553,2026-01-02 00:00:00,Home & Living,M,1,216.45,0.0,Online,216.45
TX002477,CUST00553,2026-02-19 00:00:00,Apparel,M,1,33.13,0.0,In-Store,33.13
TX002478,CUST00553,2026-03-19 00:00:00,Apparel,M,3,36.26,17.86,In-Store,89.35
TX002479,CUST00553,2026-04-18 00:00:00,Apparel,XL,1,28.74,0.0,Online,28.74
TX002480,CUST00553,2026-04-23 00:00:00,Home & Living,M,1,147.53,0.0,Online,147.53
TX002481,CUST00553,2026-05-05 00:00:00,Accessories,XS,1,29.09,5.54,In-Store,27.48
TX002482,CUST00553,2026-06-01 00:00:00,Apparel,L,1,69.55,0.0,Online,69.55
TX002483,CUST00553,2026-06-05 00:00:00,Home & Living,M,1,127.22,0.0,Online,127.22
TX002484,CUST00554,2024-10-14 00:00:00,Apparel,XL,1,119.03,27.53,Online,86.26
TX002485,CUST00555,2026-06-24 00:00:00,Home & Living,L,1,265.06,0.0,Online,265.06
TX002486,CUST00555,2026-06-29 00:00:00,Home & Living,M,1,236.42,0.0,Online,236.42
TX002487,CUST00556,2025-04-02 00:00:00,Footwear,XS,1,191.17,0.0,In-Store,191.17
TX002488,CUST00556,2025-04-30 00:00:00,Accessories,L,1,70.93,0.0,In-Store,70.93
TX002489,CUST00556,2025-05-30 00:00:00,Footwear,M,2,165.72,0.0,Online,331.44
TX002490,CUST00556,2025-07-23 00:00:00,Footwear,L,2,50.72,0.0,Online,101.44
TX002491,CUST00556,2025-09-08 00:00:00,Footwear,M,1,148.59,0.0,Online,148.59
TX002492,CUST00556,2025-11-19 00:00:00,Apparel,L,1,80.88,6.46,In-Store,75.66
TX002493,CUST00556,2025-11-22 00:00:00,Accessories,S,1,12.93,0.0,Online,12.93
TX002494,CUST00556,2026-01-27 00:00:00,Footwear,XL,1,88.77,0.0,Online,88.77
TX002495,CUST00556,2026-03-25 00:00:00,Apparel,L,1,36.07,0.0,Online,36.07
TX002496,CUST00557,2025-09-01 00:00:00,Home & Living,S,1,251.9,10.35,Online,225.83
TX002497,CUST00557,2026-02-12 00:00:00,Apparel,M,2,68.13,0.0,In-Store,136.26
TX002498,CUST00557,2026-02-26 00:00:00,Apparel,S,2,28.79,21.42,Online,45.25
TX002499,CUST00557,2026-05-26 00:00:00,Footwear,S,1,70.14,16.62,Online,58.48
TX002500,CUST00557,2026-06-19 00:00:00,Footwear,L,3,132.21,26.34,In-Store,292.16
TX002501,CUST00558,2025-12-11 00:00:00,Home & Living,XL,1,137.45,0.0,Online,137.45
TX002502,CUST00558,2026-04-13 00:00:00,Footwear,L,2,187.83,0.0,In-Store,375.66
TX002503,CUST00559,2025-05-05 00:00:00,Home & Living,M,1,73.18,0.0,Online,73.18
TX002504,CUST00559,2026-01-10 00:00:00,Footwear,XL,1,125.52,0.0,Online,125.52
TX002505,CUST00559,2026-05-30 00:00:00,Footwear,L,1,91.82,0.0,In-Store,91.82
TX002506,CUST00560,2024-04-12 00:00:00,Home & Living,XL,3,150.27,0.0,Online,450.81
TX002507,CUST00561,2024-03-13 00:00:00,Apparel,S,1,51.49,0.0,Online,51.49
TX002508,CUST00561,2024-10-27 00:00:00,Footwear,XS,2,150.36,0.0,In-Store,300.72
TX002509,CUST00561,2025-07-27 00:00:00,Footwear,XS,1,69.85,0.0,In-Store,69.85
TX002510,CUST00561,2025-10-24 00:00:00,Footwear,L,1,112.83,0.0,Online,112.83
TX002511,CUST00562,2025-11-07 00:00:00,Accessories,L,2,72.41,13.85,In-Store,124.76
TX002512,CUST00562,2025-12-25 00:00:00,Footwear,S,1,74.29,35.53,Online,47.89
TX002513,CUST00562,2025-12-27 00:00:00,Accessories,L,1,23.63,0.0,Online,23.63
TX002514,CUST00562,2026-01-09 00:00:00,Footwear,S,1,169.69,0.0,Online,169.69
TX002515,CUST00562,2026-06-18 00:00:00,Home & Living,M,1,170.32,0.0,Online,170.32
TX002516,CUST00563,2025-07-03 00:00:00,Home & Living,S,1,279.42,0.0,In-Store,279.42
TX002517,CUST00563,2025-07-20 00:00:00,Accessories,XS,4,64.65,0.0,Online,258.6
TX002518,CUST00563,2025-08-22 00:00:00,Accessories,M,1,24.31,0.0,In-Store,24.31
TX002519,CUST00563,2025-09-07 00:00:00,Footwear,S,1,160.04,0.0,Online,160.04
TX002520,CUST00563,2025-09-10 00:00:00,Footwear,M,1,197.02,20.49,In-Store,156.65
TX002521,CUST00563,2025-11-20 00:00:00,Footwear,S,3,155.36,0.0,Online,466.08
TX002522,CUST00563,2025-12-02 00:00:00,Footwear,M,4,158.36,22.7,In-Store,489.65
TX002523,CUST00563,2025-12-24 00:00:00,Home & Living,M,1,56.2,0.0,Online,56.2
TX002524,CUST00563,2026-01-19 00:00:00,Accessories,XL,1,51.16,0.0,In-Store,51.16
TX002525,CUST00563,2026-03-06 00:00:00,Home & Living,M,1,125.66,0.0,Online,125.66
TX002526,CUST00563,2026-03-15 00:00:00,Footwear,M,1,157.08,13.91,Online,135.23
TX002527,CUST00563,2026-04-07 00:00:00,Footwear,M,1,191.23,0.0,Online,191.23
TX002528,CUST00563,2026-04-22 00:00:00,Accessories,XS,1,63.03,0.0,In-Store,63.03
TX002529,CUST00563,2026-05-17 00:00:00,Home & Living,S,1,227.61,0.0,Online,227.61
TX002530,CUST00563,2026-06-07 00:00:00,Accessories,M,4,61.72,0.0,In-Store,246.88
TX002531,CUST00564,2026-01-28 00:00:00,Apparel,M,1,80.46,0.0,In-Store,80.46
TX002532,CUST00565,2026-04-10 00:00:00,Footwear,XL,1,94.55,0.0,Online,94.55
TX002533,CUST00566,2025-01-19 00:00:00,Apparel,M,3,40.49,0.0,Online,121.47
TX002534,CUST00566,2025-01-28 00:00:00,Footwear,M,1,148.89,0.0,Online,148.89
TX002535,CUST00566,2025-02-18 00:00:00,Home & Living,M,1,192.1,0.0,In-Store,192.1
TX002536,CUST00566,2025-03-11 00:00:00,Footwear,L,1,133.27,7.07,Online,123.85
TX002537,CUST00566,2026-04-20 00:00:00,Apparel,L,1,47.93,0.0,Online,47.93
TX002538,CUST00567,2025-10-06 00:00:00,Apparel,M,1,109.32,0.0,Online,109.32
TX002539,CUST00567,2026-02-11 00:00:00,Accessories,M,1,28.21,0.0,Online,28.21
TX002540,CUST00567,2026-04-29 00:00:00,Footwear,XL,1,126.72,0.0,In-Store,126.72
TX002541,CUST00568,2025-10-26 00:00:00,Home & Living,M,1,166.08,0.0,In-Store,166.08
TX002542,CUST00568,2026-06-23 00:00:00,Home & Living,M,1,206.86,0.0,Online,206.86
TX002543,CUST00569,2026-02-18 00:00:00,Home & Living,M,2,183.17,0.0,In-Store,366.34
TX002544,CUST00569,2026-06-19 00:00:00,Home & Living,L,1,282.25,0.0,In-Store,282.25
TX002545,CUST00569,2026-06-29 00:00:00,Accessories,XS,2,14.83,0.0,Online,29.66
TX002546,CUST00570,2026-02-19 00:00:00,Footwear,L,1,94.38,33.13,Online,63.11
TX002547,CUST00571,2026-01-18 00:00:00,Accessories,L,1,13.68,0.0,Online,13.68
TX002548,CUST00571,2026-04-22 00:00:00,Apparel,L,2,95.09,29.78,Online,133.54
TX002549,CUST00571,2026-05-14 00:00:00,Footwear,S,1,146.6,0.0,Online,146.6
TX002550,CUST00572,2024-09-11 00:00:00,Home & Living,S,1,119.0,0.0,In-Store,119.0
TX002551,CUST00573,2024-09-15 00:00:00,Home & Living,XL,1,37.16,0.0,Online,37.16
TX002552,CUST00573,2024-10-03 00:00:00,Accessories,L,2,58.17,0.0,Online,116.34
TX002553,CUST00573,2024-12-27 00:00:00,Footwear,M,1,82.15,0.0,In-Store,82.15
TX002554,CUST00573,2026-03-01 00:00:00,Footwear,S,1,63.08,0.0,Online,63.08
TX002555,CUST00574,2025-09-19 00:00:00,Apparel,L,1,89.36,14.01,Online,76.84
TX002556,CUST00574,2025-09-22 00:00:00,Apparel,L,1,31.66,13.02,In-Store,27.54
TX002557,CUST00574,2025-09-27 00:00:00,Apparel,M,1,39.4,0.0,In-Store,39.4
TX002558,CUST00574,2025-10-14 00:00:00,Home & Living,M,4,223.55,0.0,Online,894.2
TX002559,CUST00574,2025-10-19 00:00:00,Apparel,XS,1,109.35,0.0,Online,109.35
TX002560,CUST00574,2025-11-24 00:00:00,Apparel,L,1,93.61,0.0,Online,93.61
TX002561,CUST00574,2025-12-15 00:00:00,Home & Living,L,1,148.91,0.0,Online,148.91
TX002562,CUST00574,2025-12-25 00:00:00,Footwear,L,1,173.96,0.0,Online,173.96
TX002563,CUST00574,2026-01-28 00:00:00,Footwear,XS,1,61.29,31.12,Online,42.22
TX002564,CUST00574,2026-02-05 00:00:00,Apparel,XS,1,117.38,0.0,In-Store,117.38
TX002565,CUST00574,2026-05-17 00:00:00,Footwear,M,4,195.66,0.0,In-Store,782.64
TX002566,CUST00574,2026-05-29 00:00:00,Accessories,M,1,35.93,0.0,Online,35.93
TX002567,CUST00574,2026-06-15 00:00:00,Footwear,L,1,140.69,0.0,Online,140.69
TX002568,CUST00575,2025-10-16 00:00:00,Apparel,L,1,43.8,12.46,In-Store,38.34
TX002569,CUST00575,2025-10-25 00:00:00,Footwear,S,1,182.25,0.0,Online,182.25
TX002570,CUST00575,2025-11-14 00:00:00,Accessories,M,1,31.78,0.0,In-Store,31.78
TX002571,CUST00575,2026-03-01 00:00:00,Home & Living,L,3,257.19,10.61,In-Store,689.71
TX002572,CUST00575,2026-06-22 00:00:00,Apparel,L,1,98.08,0.0,In-Store,98.08
TX002573,CUST00576,2025-04-09 00:00:00,Footwear,XS,2,176.18,38.35,Online,217.23
TX002574,CUST00576,2025-05-10 00:00:00,Footwear,M,1,104.61,19.74,In-Store,83.96
TX002575,CUST00576,2025-05-21 00:00:00,Home & Living,M,1,96.19,0.0,Online,96.19
TX002576,CUST00576,2025-06-19 00:00:00,Home & Living,S,1,79.69,0.0,Online,79.69
TX002577,CUST00576,2026-01-03 00:00:00,Home & Living,L,1,62.41,0.0,Online,62.41
TX002578,CUST00576,2026-03-06 00:00:00,Accessories,L,1,55.94,0.0,In-Store,55.94
TX002579,CUST00576,2026-03-13 00:00:00,Footwear,L,1,96.04,0.0,In-Store,96.04
TX002580,CUST00576,2026-04-30 00:00:00,Accessories,L,1,58.64,0.0,Online,58.64
TX002581,CUST00576,2026-05-05 00:00:00,Home & Living,M,3,81.49,0.0,In-Store,244.47
TX002582,CUST00576,2026-05-19 00:00:00,Accessories,S,1,15.82,0.0,Online,15.82
TX002583,CUST00577,2024-12-07 00:00:00,Home & Living,XS,2,128.86,0.0,Online,257.72
TX002584,CUST00578,2025-06-30 00:00:00,Accessories,M,3,34.47,0.0,In-Store,103.41
TX002585,CUST00579,2026-01-24 00:00:00,Accessories,S,1,52.78,0.0,In-Store,52.78
TX002586,CUST00579,2026-03-11 00:00:00,Footwear,M,1,168.5,6.03,In-Store,158.34
TX002587,CUST00579,2026-03-25 00:00:00,Home & Living,L,1,65.08,0.0,In-Store,65.08
TX002588,CUST00579,2026-06-10 00:00:00,Apparel,S,1,102.54,0.0,Online,102.54
TX002589,CUST00579,2026-06-16 00:00:00,Footwear,M,2,55.09,0.0,Online,110.18
TX002590,CUST00579,2026-06-24 00:00:00,Home & Living,M,2,67.89,0.0,Online,135.78
TX002591,CUST00579,2026-06-25 00:00:00,Footwear,M,1,99.4,7.96,In-Store,91.49
TX002592,CUST00580,2025-10-06 00:00:00,Apparel,XL,3,35.66,0.0,In-Store,106.98
TX002593,CUST00580,2025-10-26 00:00:00,Apparel,S,1,67.45,16.52,In-Store,56.31
TX002594,CUST00580,2026-01-23 00:00:00,Accessories,M,1,53.82,0.0,In-Store,53.82
TX002595,CUST00580,2026-03-11 00:00:00,Footwear,M,1,159.84,0.0,In-Store,159.84
TX002596,CUST00580,2026-04-01 00:00:00,Apparel,S,1,67.27,0.0,In-Store,67.27
TX002597,CUST00581,2024-11-02 00:00:00,Apparel,S,2,108.03,0.0,In-Store,216.06
TX002598,CUST00581,2025-04-20 00:00:00,Home & Living,S,1,221.99,0.0,In-Store,221.99
TX002599,CUST00581,2025-07-29 00:00:00,Accessories,S,2,67.65,0.0,Online,135.3
TX002600,CUST00581,2025-10-06 00:00:00,Footwear,M,2,178.92,0.0,Online,357.84
TX002601,CUST00581,2025-11-20 00:00:00,Apparel,L,3,64.38,11.85,Online,170.25
TX002602,CUST00582,2026-02-08 00:00:00,Home & Living,XL,1,226.21,15.92,Online,190.2
TX002603,CUST00582,2026-02-15 00:00:00,Home & Living,XL,3,103.32,0.0,In-Store,309.96
TX002604,CUST00582,2026-05-29 00:00:00,Accessories,L,1,47.48,0.0,Online,47.48
TX002605,CUST00582,2026-06-13 00:00:00,Footwear,M,1,159.75,0.0,Online,159.75
TX002606,CUST00583,2025-12-10 00:00:00,Footwear,L,4,150.37,0.0,Online,601.48
TX002607,CUST00584,2026-03-15 00:00:00,Accessories,M,1,70.54,12.51,In-Store,61.72
TX002608,CUST00584,2026-03-22 00:00:00,Accessories,M,2,36.4,0.0,Online,72.8
TX002609,CUST00584,2026-05-11 00:00:00,Footwear,L,2,72.26,0.0,In-Store,144.52
TX002610,CUST00585,2025-04-18 00:00:00,Footwear,S,1,96.12,0.0,In-Store,96.12
TX002611,CUST00586,2025-04-09 00:00:00,Apparel,M,1,102.02,0.0,In-Store,102.02
TX002612,CUST00586,2025-12-02 00:00:00,Footwear,M,3,155.76,0.0,In-Store,467.28
TX002613,CUST00586,2026-04-21 00:00:00,Accessories,L,1,27.64,11.95,Online,24.34
TX002614,CUST00586,2026-04-27 00:00:00,Footwear,M,3,76.4,0.0,Online,229.2
TX002615,CUST00586,2026-06-04 00:00:00,Home & Living,M,2,139.67,0.0,Online,279.34
TX002616,CUST00587,2026-03-18 00:00:00,Footwear,L,4,90.72,0.0,Online,362.88
TX002617,CUST00588,2026-01-08 00:00:00,Accessories,XS,1,38.44,11.11,In-Store,34.17
TX002618,CUST00589,2025-09-27 00:00:00,Apparel,L,4,68.84,0.0,Online,275.36
TX002619,CUST00589,2025-12-18 00:00:00,Accessories,S,1,38.12,0.0,In-Store,38.12
TX002620,CUST00589,2026-01-14 00:00:00,Footwear,L,1,68.77,0.0,Online,68.77
TX002621,CUST00589,2026-01-23 00:00:00,Apparel,M,1,100.86,0.0,In-Store,100.86
TX002622,CUST00589,2026-01-30 00:00:00,Footwear,S,1,81.33,20.21,Online,64.89
TX002623,CUST00589,2026-03-17 00:00:00,Accessories,L,2,60.1,0.0,Online,120.2
TX002624,CUST00589,2026-03-31 00:00:00,Accessories,S,1,21.49,0.0,Online,21.49
TX002625,CUST00589,2026-05-06 00:00:00,Accessories,XS,2,63.6,0.0,In-Store,127.2
TX002626,CUST00590,2025-08-23 00:00:00,Accessories,M,2,10.72,7.33,In-Store,19.87
TX002627,CUST00590,2025-11-20 00:00:00,Accessories,S,1,33.86,0.0,In-Store,33.86
TX002628,CUST00590,2025-12-12 00:00:00,Apparel,M,1,45.82,18.09,In-Store,37.53
TX002629,CUST00591,2024-12-13 00:00:00,Home & Living,M,1,222.1,0.0,In-Store,222.1
TX002630,CUST00591,2025-12-26 00:00:00,Footwear,S,1,130.91,26.73,Online,95.92
TX002631,CUST00591,2025-12-27 00:00:00,Accessories,M,1,39.27,0.0,In-Store,39.27
TX002632,CUST00591,2026-02-01 00:00:00,Home & Living,M,1,104.71,0.0,Online,104.71
TX002633,CUST00591,2026-06-03 00:00:00,Apparel,XL,1,68.4,0.0,Online,68.4
TX002634,CUST00592,2025-06-21 00:00:00,Apparel,L,1,26.11,0.0,In-Store,26.11
TX002635,CUST00592,2025-07-21 00:00:00,Apparel,M,1,68.49,0.0,Online,68.49
TX002636,CUST00592,2025-07-21 00:00:00,Footwear,XS,1,133.93,26.55,In-Store,98.37
TX002637,CUST00592,2025-07-28 00:00:00,Accessories,S,1,65.67,0.0,Online,65.67
TX002638,CUST00592,2025-09-02 00:00:00,Footwear,S,1,151.55,25.05,In-Store,113.59
TX002639,CUST00592,2025-10-09 00:00:00,Home & Living,S,3,111.59,0.0,Online,334.77
TX002640,CUST00592,2025-12-03 00:00:00,Footwear,M,1,166.8,0.0,Online,166.8
TX002641,CUST00592,2025-12-12 00:00:00,Accessories,S,1,19.73,0.0,Online,19.73
TX002642,CUST00592,2025-12-17 00:00:00,Footwear,M,3,107.03,28.9,In-Store,228.29
TX002643,CUST00592,2025-12-18 00:00:00,Footwear,XL,1,155.67,38.15,Online,96.28
TX002644,CUST00592,2026-01-11 00:00:00,Accessories,XS,1,14.25,0.0,Online,14.25
TX002645,CUST00592,2026-02-26 00:00:00,Apparel,XS,1,74.34,0.0,In-Store,74.34
TX002646,CUST00592,2026-04-03 00:00:00,Footwear,L,1,188.6,0.0,In-Store,188.6
TX002647,CUST00592,2026-04-10 00:00:00,Accessories,S,1,43.42,0.0,In-Store,43.42
TX002648,CUST00592,2026-05-21 00:00:00,Footwear,S,2,168.03,0.0,Online,336.06
TX002649,CUST00592,2026-05-24 00:00:00,Home & Living,S,1,183.2,10.25,Online,164.42
TX002650,CUST00592,2026-05-26 00:00:00,Footwear,XL,3,175.31,22.28,Online,408.75
TX002651,CUST00592,2026-05-31 00:00:00,Apparel,M,2,99.71,0.0,Online,199.42
TX002652,CUST00593,2024-05-29 00:00:00,Home & Living,M,2,152.27,0.0,In-Store,304.54
TX002653,CUST00593,2024-09-12 00:00:00,Footwear,S,1,172.29,26.22,Online,127.12
TX002654,CUST00593,2025-02-17 00:00:00,Accessories,M,2,13.75,0.0,Online,27.5
TX002655,CUST00593,2025-05-28 00:00:00,Footwear,XL,1,170.33,0.0,Online,170.33
TX002656,CUST00593,2025-09-18 00:00:00,Accessories,S,1,44.35,0.0,Online,44.35
TX002657,CUST00594,2024-09-17 00:00:00,Apparel,M,1,107.44,0.0,Online,107.44
TX002658,CUST00594,2024-11-16 00:00:00,Apparel,L,1,63.22,0.0,Online,63.22
TX002659,CUST00594,2025-05-10 00:00:00,Apparel,S,1,42.69,13.45,In-Store,36.95
TX002660,CUST00594,2025-12-18 00:00:00,Footwear,M,1,196.86,0.0,Online,196.86
TX002661,CUST00594,2026-02-10 00:00:00,Apparel,S,1,110.78,24.7,Online,83.42
TX002662,CUST00595,2026-04-14 00:00:00,Footwear,S,2,149.23,33.52,Online,198.42
TX002663,CUST00596,2026-05-11 00:00:00,Footwear,S,1,127.8,35.66,Online,82.23
TX002664,CUST00597,2025-11-20 00:00:00,Apparel,L,3,78.1,0.0,In-Store,234.3
TX002665,CUST00597,2026-06-24 00:00:00,Apparel,L,1,63.11,0.0,Online,63.11
TX002666,CUST00598,2025-08-01 00:00:00,Footwear,XS,1,62.22,0.0,In-Store,62.22
TX002667,CUST00598,2026-02-07 00:00:00,Accessories,M,1,23.26,13.36,In-Store,20.15
TX002668,CUST00598,2026-04-23 00:00:00,Home & Living,XS,1,278.38,0.0,In-Store,278.38
TX002669,CUST00598,2026-05-30 00:00:00,Accessories,M,1,19.13,0.0,Online,19.13
TX002670,CUST00598,2026-06-10 00:00:00,Apparel,M,1,114.49,0.0,Online,114.49
TX002671,CUST00599,2026-02-05 00:00:00,Footwear,XL,1,51.04,7.39,In-Store,47.27
TX002672,CUST00599,2026-02-26 00:00:00,Footwear,XL,2,161.1,0.0,In-Store,322.2
TX002673,CUST00599,2026-04-17 00:00:00,Home & Living,S,3,148.77,0.0,Online,446.31
TX002674,CUST00599,2026-04-20 00:00:00,Apparel,L,2,31.03,8.04,In-Store,57.07
TX002675,CUST00599,2026-04-26 00:00:00,Accessories,XS,2,49.95,0.0,Online,99.9
TX002676,CUST00599,2026-05-18 00:00:00,Footwear,L,1,187.29,32.58,Online,126.27
TX002677,CUST00599,2026-05-24 00:00:00,Home & Living,XL,1,182.07,0.0,In-Store,182.07
TX002678,CUST00599,2026-05-31 00:00:00,Apparel,M,2,91.87,0.0,Online,183.74
TX002679,CUST00599,2026-06-09 00:00:00,Home & Living,S,1,126.1,7.11,Online,117.13
TX002680,CUST00600,2025-04-04 00:00:00,Apparel,L,1,95.98,0.0,In-Store,95.98
TX002681,CUST00600,2025-07-01 00:00:00,Footwear,S,3,88.5,0.0,Online,265.5
TX002682,CUST00600,2026-03-15 00:00:00,Home & Living,XS,1,185.0,0.0,In-Store,185.0
TX002683,CUST00601,2024-11-05 00:00:00,Home & Living,M,1,192.44,0.0,In-Store,192.44
TX002684,CUST00601,2025-02-12 00:00:00,Apparel,S,1,38.46,0.0,Online,38.46
TX002685,CUST00601,2025-06-26 00:00:00,Apparel,M,1,59.11,0.0,In-Store,59.11
TX002686,CUST00601,2025-11-28 00:00:00,Home & Living,M,2,213.74,0.0,Online,427.48
TX002687,CUST00601,2026-01-11 00:00:00,Apparel,XL,2,101.61,7.39,In-Store,188.2
TX002688,CUST00601,2026-02-26 00:00:00,Footwear,M,1,198.38,0.0,Online,198.38
TX002689,CUST00602,2024-08-07 00:00:00,Footwear,XL,1,165.2,23.27,Online,126.76
TX002690,CUST00602,2024-09-13 00:00:00,Footwear,L,1,56.9,18.25,In-Store,46.52
TX002691,CUST00602,2024-09-30 00:00:00,Home & Living,XL,1,51.67,0.0,In-Store,51.67
TX002692,CUST00602,2025-06-13 00:00:00,Accessories,S,1,27.78,0.0,Online,27.78
TX002693,CUST00602,2025-06-14 00:00:00,Apparel,S,1,55.5,0.0,In-Store,55.5
TX002694,CUST00602,2025-06-16 00:00:00,Apparel,L,1,35.26,0.0,Online,35.26
TX002695,CUST00602,2025-08-12 00:00:00,Home & Living,M,1,58.23,0.0,Online,58.23
TX002696,CUST00602,2026-01-26 00:00:00,Home & Living,S,1,254.77,0.0,In-Store,254.77
TX002697,CUST00602,2026-06-28 00:00:00,Apparel,S,1,33.09,26.95,Online,24.17
TX002698,CUST00603,2026-02-26 00:00:00,Accessories,XS,1,17.46,0.0,Online,17.46
TX002699,CUST00603,2026-03-02 00:00:00,Apparel,M,1,87.05,0.0,In-Store,87.05
TX002700,CUST00603,2026-03-10 00:00:00,Home & Living,M,1,143.23,0.0,Online,143.23
TX002701,CUST00603,2026-03-29 00:00:00,Accessories,L,1,33.51,0.0,In-Store,33.51
TX002702,CUST00603,2026-04-10 00:00:00,Accessories,M,1,59.87,0.0,Online,59.87
TX002703,CUST00603,2026-04-16 00:00:00,Footwear,S,2,72.36,31.17,Online,99.61
TX002704,CUST00603,2026-04-27 00:00:00,Apparel,M,2,117.15,0.0,In-Store,234.3
TX002705,CUST00603,2026-04-30 00:00:00,Accessories,M,1,33.76,0.0,Online,33.76
TX002706,CUST00603,2026-05-01 00:00:00,Apparel,M,4,66.93,0.0,Online,267.72
TX002707,CUST00603,2026-05-07 00:00:00,Footwear,L,1,156.02,0.0,Online,156.02
TX002708,CUST00603,2026-06-18 00:00:00,Home & Living,M,1,216.26,0.0,In-Store,216.26
TX002709,CUST00603,2026-06-22 00:00:00,Accessories,XS,1,60.51,0.0,Online,60.51
TX002710,CUST00603,2026-06-23 00:00:00,Footwear,XL,2,156.78,0.0,Online,313.56
TX002711,CUST00603,2026-06-30 00:00:00,Apparel,L,1,61.83,12.15,Online,54.32
TX002712,CUST00604,2024-03-27 00:00:00,Footwear,L,1,68.37,0.0,Online,68.37
TX002713,CUST00604,2024-08-13 00:00:00,Footwear,XS,1,114.82,0.0,Online,114.82
TX002714,CUST00604,2024-08-22 00:00:00,Accessories,M,1,48.98,0.0,In-Store,48.98
TX002715,CUST00604,2024-10-20 00:00:00,Footwear,XL,1,160.05,0.0,Online,160.05
TX002716,CUST00604,2024-12-01 00:00:00,Apparel,M,3,119.62,0.0,Online,358.86
TX002717,CUST00604,2025-05-03 00:00:00,Footwear,M,1,82.6,0.0,In-Store,82.6
TX002718,CUST00604,2025-09-17 00:00:00,Home & Living,S,1,46.93,0.0,Online,46.93
TX002719,CUST00604,2026-04-10 00:00:00,Home & Living,M,1,45.85,0.0,Online,45.85
TX002720,CUST00605,2025-08-19 00:00:00,Footwear,M,1,178.78,21.07,Online,141.11
TX002721,CUST00605,2025-11-06 00:00:00,Home & Living,L,1,35.99,0.0,Online,35.99
TX002722,CUST00605,2025-12-23 00:00:00,Accessories,S,1,72.86,0.0,In-Store,72.86
TX002723,CUST00606,2024-11-26 00:00:00,Home & Living,M,2,70.42,0.0,In-Store,140.84
TX002724,CUST00606,2025-10-16 00:00:00,Apparel,L,3,93.58,0.0,Online,280.74
TX002725,CUST00606,2025-12-13 00:00:00,Apparel,S,3,63.08,0.0,Online,189.24
TX002726,CUST00606,2025-12-31 00:00:00,Accessories,XL,1,23.15,0.0,Online,23.15
TX002727,CUST00607,2024-12-15 00:00:00,Home & Living,M,1,291.22,0.0,Online,291.22
TX002728,CUST00607,2025-01-06 00:00:00,Apparel,L,1,92.21,22.76,In-Store,71.22
TX002729,CUST00607,2025-07-26 00:00:00,Apparel,XL,1,64.02,13.74,Online,55.22
TX002730,CUST00607,2025-11-30 00:00:00,Home & Living,S,1,103.37,8.7,Online,94.38
TX002731,CUST00607,2026-02-28 00:00:00,Footwear,M,1,153.4,22.38,Online,119.07
TX002732,CUST00607,2026-04-11 00:00:00,Footwear,L,1,135.19,24.56,Online,101.99
TX002733,CUST00608,2026-05-30 00:00:00,Apparel,L,3,86.97,0.0,Online,260.91
TX002734,CUST00609,2025-12-24 00:00:00,Footwear,XS,2,67.25,0.0,Online,134.5
TX002735,CUST00610,2025-12-09 00:00:00,Home & Living,XS,1,76.42,19.89,In-Store,61.22
TX002736,CUST00610,2026-03-29 00:00:00,Footwear,S,1,190.07,0.0,In-Store,190.07
TX002737,CUST00611,2025-03-18 00:00:00,Apparel,S,1,83.24,0.0,Online,83.24
TX002738,CUST00611,2025-08-03 00:00:00,Apparel,S,1,62.47,9.53,Online,56.52
TX002739,CUST00611,2025-12-02 00:00:00,Accessories,XL,1,43.08,0.0,Online,43.08
TX002740,CUST00611,2026-04-23 00:00:00,Home & Living,M,1,159.28,0.0,In-Store,159.28
TX002741,CUST00612,2025-07-04 00:00:00,Apparel,M,1,89.72,20.46,In-Store,71.36
TX002742,CUST00612,2025-07-26 00:00:00,Accessories,S,2,65.25,14.66,Online,111.37
TX002743,CUST00612,2026-05-08 00:00:00,Footwear,M,2,55.24,0.0,Online,110.48
TX002744,CUST00613,2024-10-31 00:00:00,Footwear,M,1,107.4,18.85,Online,87.16
TX002745,CUST00613,2024-11-18 00:00:00,Home & Living,M,1,249.25,0.0,In-Store,249.25
TX002746,CUST00613,2025-01-18 00:00:00,Footwear,M,1,88.89,0.0,Online,88.89
TX002747,CUST00613,2025-01-20 00:00:00,Home & Living,L,2,275.39,0.0,In-Store,550.78
TX002748,CUST00613,2025-06-09 00:00:00,Apparel,XS,2,47.93,0.0,In-Store,95.86
TX002749,CUST00613,2026-03-29 00:00:00,Footwear,XS,1,84.05,0.0,Online,84.05
TX002750,CUST00614,2025-10-21 00:00:00,Home & Living,S,3,188.79,0.0,In-Store,566.37
TX002751,CUST00614,2025-11-03 00:00:00,Home & Living,L,4,174.09,0.0,Online,696.36
TX002752,CUST00614,2026-01-27 00:00:00,Footwear,XS,1,195.14,0.0,Online,195.14
TX002753,CUST00614,2026-02-05 00:00:00,Accessories,S,1,74.31,0.0,Online,74.31
TX002754,CUST00614,2026-02-12 00:00:00,Accessories,M,1,43.57,0.0,Online,43.57
TX002755,CUST00614,2026-04-27 00:00:00,Home & Living,XL,3,158.83,0.0,Online,476.49
TX002756,CUST00614,2026-06-21 00:00:00,Footwear,XL,2,161.84,34.78,In-Store,211.1
TX002757,CUST00615,2024-03-03 00:00:00,Home & Living,M,2,53.5,0.0,Online,107.0
TX002758,CUST00615,2024-05-02 00:00:00,Footwear,M,2,66.53,0.0,Online,133.06
TX002759,CUST00615,2024-06-07 00:00:00,Home & Living,M,1,157.29,0.0,Online,157.29
TX002760,CUST00615,2024-10-05 00:00:00,Apparel,M,1,50.04,13.04,In-Store,43.51
TX002761,CUST00615,2024-12-17 00:00:00,Footwear,M,1,81.56,38.1,In-Store,50.49
TX002762,CUST00615,2025-09-08 00:00:00,Accessories,L,1,22.07,0.0,In-Store,22.07
TX002763,CUST00615,2026-01-03 00:00:00,Footwear,M,2,59.07,34.61,In-Store,77.25
TX002764,CUST00615,2026-02-23 00:00:00,Accessories,M,1,56.72,0.0,In-Store,56.72
TX002765,CUST00615,2026-03-20 00:00:00,Footwear,S,1,104.59,0.0,Online,104.59
TX002766,CUST00616,2025-10-09 00:00:00,Apparel,M,2,84.66,0.0,In-Store,169.32
TX002767,CUST00616,2025-10-10 00:00:00,Footwear,L,1,124.39,0.0,Online,124.39
TX002768,CUST00616,2026-03-25 00:00:00,Home & Living,XS,1,228.65,0.0,Online,228.65
TX002769,CUST00616,2026-05-03 00:00:00,Home & Living,M,1,149.71,0.0,In-Store,149.71
TX002770,CUST00616,2026-05-21 00:00:00,Accessories,L,1,43.41,0.0,Online,43.41
TX002771,CUST00616,2026-06-12 00:00:00,Accessories,L,2,61.08,0.0,Online,122.16
TX002772,CUST00616,2026-06-18 00:00:00,Home & Living,S,2,168.18,0.0,Online,336.36
TX002773,CUST00616,2026-06-20 00:00:00,Home & Living,XS,4,190.72,19.94,In-Store,610.76
TX002774,CUST00617,2024-10-04 00:00:00,Home & Living,M,1,255.85,0.0,In-Store,255.85
TX002775,CUST00617,2024-12-15 00:00:00,Footwear,S,1,82.84,0.0,In-Store,82.84
TX002776,CUST00617,2025-10-17 00:00:00,Footwear,M,1,195.36,0.0,Online,195.36
TX002777,CUST00617,2026-05-06 00:00:00,Home & Living,XL,1,245.64,7.7,Online,226.73
TX002778,CUST00617,2026-05-11 00:00:00,Home & Living,S,1,182.98,0.0,Online,182.98
TX002779,CUST00618,2025-09-14 00:00:00,Apparel,S,2,28.09,29.19,In-Store,39.78
TX002780,CUST00618,2025-09-23 00:00:00,Footwear,M,1,127.43,0.0,In-Store,127.43
TX002781,CUST00618,2025-10-29 00:00:00,Accessories,M,1,56.58,0.0,Online,56.58
TX002782,CUST00618,2026-01-27 00:00:00,Apparel,M,1,71.17,0.0,Online,71.17
TX002783,CUST00618,2026-03-10 00:00:00,Home & Living,M,2,61.09,0.0,In-Store,122.18
TX002784,CUST00618,2026-05-17 00:00:00,Footwear,XL,2,167.52,0.0,Online,335.04
TX002785,CUST00619,2026-06-07 00:00:00,Home & Living,M,2,104.38,0.0,Online,208.76
TX002786,CUST00620,2025-09-19 00:00:00,Apparel,M,2,73.24,0.0,In-Store,146.48
TX002787,CUST00620,2025-09-21 00:00:00,Home & Living,S,1,256.64,0.0,In-Store,256.64
TX002788,CUST00620,2025-09-27 00:00:00,Accessories,L,1,67.16,7.17,Online,62.34
TX002789,CUST00620,2025-11-03 00:00:00,Accessories,L,1,40.55,9.93,In-Store,36.52
TX002790,CUST00620,2025-11-14 00:00:00,Home & Living,L,1,117.29,0.0,Online,117.29
TX002791,CUST00620,2025-12-22 00:00:00,Apparel,M,1,37.59,0.0,Online,37.59
TX002792,CUST00620,2026-01-05 00:00:00,Apparel,L,1,59.58,27.54,In-Store,43.17
TX002793,CUST00620,2026-01-14 00:00:00,Home & Living,S,1,244.68,0.0,Online,244.68
TX002794,CUST00620,2026-01-28 00:00:00,Accessories,XS,1,54.17,0.0,Online,54.17
TX002795,CUST00620,2026-01-31 00:00:00,Home & Living,XL,3,218.76,0.0,Online,656.28
TX002796,CUST00620,2026-02-01 00:00:00,Apparel,L,1,51.88,0.0,Online,51.88
TX002797,CUST00620,2026-02-19 00:00:00,Home & Living,S,2,131.34,0.0,Online,262.68
TX002798,CUST00620,2026-02-23 00:00:00,Accessories,XL,1,61.63,0.0,Online,61.63
TX002799,CUST00620,2026-02-23 00:00:00,Footwear,XS,1,134.07,0.0,Online,134.07
TX002800,CUST00620,2026-03-02 00:00:00,Apparel,XS,1,64.65,0.0,Online,64.65
TX002801,CUST00620,2026-03-05 00:00:00,Home & Living,S,2,59.77,0.0,Online,119.54
TX002802,CUST00620,2026-03-09 00:00:00,Footwear,L,2,166.77,0.0,In-Store,333.54
TX002803,CUST00620,2026-03-13 00:00:00,Footwear,M,1,136.36,0.0,Online,136.36
TX002804,CUST00620,2026-04-02 00:00:00,Apparel,S,4,28.17,0.0,In-Store,112.68
TX002805,CUST00620,2026-04-05 00:00:00,Accessories,L,1,20.51,0.0,Online,20.51
TX002806,CUST00620,2026-04-21 00:00:00,Accessories,XS,2,71.13,0.0,Online,142.26
TX002807,CUST00620,2026-05-25 00:00:00,Accessories,XL,1,51.36,0.0,In-Store,51.36
TX002808,CUST00620,2026-05-26 00:00:00,Accessories,L,1,28.42,0.0,Online,28.42
TX002809,CUST00620,2026-06-16 00:00:00,Footwear,L,1,87.27,0.0,In-Store,87.27
TX002810,CUST00620,2026-06-25 00:00:00,Accessories,M,1,55.46,6.86,In-Store,51.66
TX002811,CUST00621,2026-04-19 00:00:00,Accessories,M,2,59.72,0.0,Online,119.44
TX002812,CUST00622,2024-10-15 00:00:00,Footwear,M,1,178.21,24.83,Online,133.96
TX002813,CUST00622,2025-12-24 00:00:00,Home & Living,L,3,103.17,0.0,Online,309.51
TX002814,CUST00622,2026-01-25 00:00:00,Home & Living,S,1,249.75,0.0,Online,249.75
TX002815,CUST00622,2026-06-11 00:00:00,Home & Living,L,1,75.44,0.0,In-Store,75.44
TX002816,CUST00622,2026-06-21 00:00:00,Footwear,M,1,193.27,19.64,In-Store,155.31
TX002817,CUST00623,2026-06-25 00:00:00,Accessories,S,1,60.19,0.0,In-Store,60.19
TX002818,CUST00623,2026-06-29 00:00:00,Footwear,M,1,185.5,12.27,Online,162.74
TX002819,CUST00624,2025-01-15 00:00:00,Home & Living,S,1,99.82,0.0,In-Store,99.82
TX002820,CUST00625,2025-05-30 00:00:00,Footwear,L,1,50.32,0.0,Online,50.32
TX002821,CUST00625,2025-06-27 00:00:00,Footwear,M,1,88.32,0.0,Online,88.32
TX002822,CUST00625,2025-08-29 00:00:00,Home & Living,S,1,102.67,0.0,Online,102.67
TX002823,CUST00625,2026-03-13 00:00:00,Apparel,M,1,39.34,0.0,Online,39.34
TX002824,CUST00625,2026-03-28 00:00:00,Apparel,M,2,38.04,7.07,Online,70.7
TX002825,CUST00626,2025-12-25 00:00:00,Accessories,XS,1,67.14,0.0,Online,67.14
TX002826,CUST00626,2026-02-25 00:00:00,Accessories,XL,3,64.14,0.0,Online,192.42
TX002827,CUST00626,2026-03-05 00:00:00,Footwear,M,2,80.72,0.0,In-Store,161.44
TX002828,CUST00626,2026-03-14 00:00:00,Accessories,L,1,16.23,0.0,In-Store,16.23
TX002829,CUST00626,2026-05-09 00:00:00,Apparel,M,2,71.65,8.78,In-Store,130.72
TX002830,CUST00626,2026-06-23 00:00:00,Home & Living,S,1,238.15,0.0,Online,238.15
TX002831,CUST00627,2025-10-20 00:00:00,Accessories,L,1,71.24,9.84,In-Store,64.23
TX002832,CUST00627,2025-12-12 00:00:00,Accessories,L,1,14.99,0.0,Online,14.99
TX002833,CUST00627,2026-01-19 00:00:00,Footwear,S,1,118.37,37.76,In-Store,73.67
TX002834,CUST00627,2026-02-02 00:00:00,Accessories,S,3,20.07,0.0,Online,60.21
TX002835,CUST00628,2026-03-24 00:00:00,Accessories,S,1,36.11,0.0,In-Store,36.11
TX002836,CUST00628,2026-05-02 00:00:00,Home & Living,XS,1,122.92,11.85,Online,108.35
TX002837,CUST00628,2026-05-08 00:00:00,Footwear,XS,2,71.6,0.0,Online,143.2
TX002838,CUST00628,2026-05-10 00:00:00,Footwear,XL,1,56.25,0.0,Online,56.25
TX002839,CUST00628,2026-05-12 00:00:00,Accessories,M,1,43.97,0.0,Online,43.97
TX002840,CUST00629,2026-06-06 00:00:00,Accessories,M,1,24.93,0.0,Online,24.93
TX002841,CUST00630,2025-08-14 00:00:00,Footwear,S,1,172.65,0.0,Online,172.65
TX002842,CUST00630,2025-12-14 00:00:00,Accessories,L,1,27.64,0.0,Online,27.64
TX002843,CUST00630,2026-06-27 00:00:00,Home & Living,L,2,186.99,5.52,Online,353.34
TX002844,CUST00631,2025-06-23 00:00:00,Home & Living,M,1,195.8,0.0,Online,195.8
TX002845,CUST00631,2026-02-20 00:00:00,Footwear,S,1,85.72,29.8,Online,60.18
TX002846,CUST00632,2026-04-09 00:00:00,Apparel,XL,1,38.94,0.0,Online,38.94
TX002847,CUST00633,2026-03-01 00:00:00,Footwear,M,1,146.29,0.0,Online,146.29
TX002848,CUST00633,2026-03-12 00:00:00,Footwear,M,1,103.19,38.31,Online,63.66
TX002849,CUST00633,2026-03-15 00:00:00,Apparel,L,2,31.57,13.68,Online,54.5
TX002850,CUST00633,2026-06-07 00:00:00,Accessories,L,1,52.28,0.0,Online,52.28
TX002851,CUST00633,2026-06-10 00:00:00,Footwear,XS,1,140.32,0.0,In-Store,140.32
TX002852,CUST00633,2026-06-25 00:00:00,Home & Living,S,3,265.58,0.0,In-Store,796.74
TX002853,CUST00633,2026-06-26 00:00:00,Home & Living,L,1,210.95,0.0,In-Store,210.95
TX002854,CUST00634,2025-11-15 00:00:00,Home & Living,M,1,207.93,0.0,Online,207.93
TX002855,CUST00635,2026-04-23 00:00:00,Footwear,L,2,172.86,24.64,Online,260.53
TX002856,CUST00635,2026-06-13 00:00:00,Apparel,XS,4,109.18,0.0,Online,436.72
TX002857,CUST00636,2025-12-19 00:00:00,Accessories,XS,4,42.47,0.0,Online,169.88
TX002858,CUST00636,2025-12-31 00:00:00,Footwear,S,1,123.64,0.0,Online,123.64
TX002859,CUST00636,2025-12-31 00:00:00,Accessories,M,1,42.92,0.0,Online,42.92
TX002860,CUST00636,2026-01-05 00:00:00,Footwear,S,1,54.23,0.0,Online,54.23
TX002861,CUST00636,2026-04-17 00:00:00,Footwear,XS,1,134.44,25.75,Online,99.82
TX002862,CUST00636,2026-05-10 00:00:00,Apparel,XL,4,60.0,28.19,In-Store,172.34
TX002863,CUST00636,2026-06-04 00:00:00,Home & Living,XS,2,242.35,0.0,Online,484.7
TX002864,CUST00637,2026-06-12 00:00:00,Footwear,L,1,78.37,0.0,Online,78.37
TX002865,CUST00637,2026-06-23 00:00:00,Footwear,M,1,117.39,0.0,Online,117.39
TX002866,CUST00638,2026-04-07 00:00:00,Apparel,M,1,38.74,7.01,Online,36.02
TX002867,CUST00638,2026-05-12 00:00:00,Footwear,M,1,68.46,22.18,Online,53.28
TX002868,CUST00638,2026-05-15 00:00:00,Accessories,M,1,25.53,11.27,Online,22.65
TX002869,CUST00638,2026-06-06 00:00:00,Apparel,M,1,62.36,24.95,In-Store,46.8
TX002870,CUST00638,2026-06-23 00:00:00,Home & Living,M,2,82.15,0.0,Online,164.3
TX002871,CUST00639,2026-03-14 00:00:00,Accessories,S,1,36.21,0.0,Online,36.21
TX002872,CUST00639,2026-03-15 00:00:00,Footwear,S,1,196.03,0.0,Online,196.03
TX002873,CUST00639,2026-04-30 00:00:00,Footwear,M,1,100.35,0.0,In-Store,100.35
TX002874,CUST00639,2026-05-03 00:00:00,Footwear,XL,1,163.71,0.0,Online,163.71
TX002875,CUST00640,2025-07-30 00:00:00,Home & Living,M,1,277.38,0.0,Online,277.38
TX002876,CUST00640,2026-02-09 00:00:00,Accessories,L,1,55.22,8.3,Online,50.64
TX002877,CUST00640,2026-04-04 00:00:00,Footwear,S,1,142.84,0.0,In-Store,142.84
TX002878,CUST00641,2025-07-15 00:00:00,Apparel,XS,1,60.87,0.0,Online,60.87
TX002879,CUST00641,2025-07-20 00:00:00,Apparel,S,1,97.11,28.07,In-Store,69.85
TX002880,CUST00641,2025-07-22 00:00:00,Apparel,M,2,31.41,26.45,In-Store,46.2
TX002881,CUST00641,2025-08-20 00:00:00,Accessories,L,1,64.7,14.21,Online,55.51
TX002882,CUST00641,2025-10-08 00:00:00,Footwear,S,1,190.71,0.0,Online,190.71
TX002883,CUST00641,2025-11-10 00:00:00,Accessories,L,1,73.12,0.0,Online,73.12
TX002884,CUST00641,2026-01-31 00:00:00,Apparel,S,1,55.87,0.0,In-Store,55.87
TX002885,CUST00641,2026-02-18 00:00:00,Apparel,XL,1,107.71,0.0,Online,107.71
TX002886,CUST00642,2025-05-16 00:00:00,Home & Living,L,1,78.11,0.0,In-Store,78.11
TX002887,CUST00642,2025-05-27 00:00:00,Home & Living,S,2,200.09,0.0,Online,400.18
TX002888,CUST00643,2026-01-23 00:00:00,Home & Living,L,1,137.0,0.0,In-Store,137.0
TX002889,CUST00643,2026-03-14 00:00:00,Home & Living,L,1,48.14,0.0,Online,48.14
TX002890,CUST00643,2026-06-01 00:00:00,Apparel,S,1,79.92,0.0,Online,79.92
TX002891,CUST00644,2024-06-03 00:00:00,Home & Living,M,1,136.49,14.11,Online,117.23
TX002892,CUST00644,2025-06-28 00:00:00,Home & Living,L,1,92.86,0.0,Online,92.86
TX002893,CUST00645,2025-04-18 00:00:00,Accessories,S,1,55.75,13.03,Online,48.49
TX002894,CUST00645,2025-05-06 00:00:00,Apparel,S,1,34.75,19.26,In-Store,28.06
TX002895,CUST00645,2025-11-30 00:00:00,Apparel,L,2,45.56,0.0,Online,91.12
TX002896,CUST00645,2026-01-24 00:00:00,Accessories,S,1,28.49,8.21,Online,26.15
TX002897,CUST00645,2026-03-24 00:00:00,Apparel,M,1,53.69,6.29,In-Store,50.31
TX002898,CUST00645,2026-04-01 00:00:00,Footwear,M,1,125.48,0.0,Online,125.48
TX002899,CUST00645,2026-05-06 00:00:00,Apparel,M,1,38.95,24.98,Online,29.22
TX002900,CUST00646,2026-05-11 00:00:00,Apparel,M,4,116.83,8.74,Online,426.48
TX002901,CUST00646,2026-06-12 00:00:00,Apparel,M,1,74.15,0.0,Online,74.15
TX002902,CUST00647,2025-06-03 00:00:00,Home & Living,L,3,292.8,0.0,Online,878.4
TX002903,CUST00647,2025-06-30 00:00:00,Home & Living,S,1,284.81,0.0,Online,284.81
TX002904,CUST00647,2025-07-28 00:00:00,Apparel,L,4,54.75,0.0,In-Store,219.0
TX002905,CUST00647,2025-12-05 00:00:00,Footwear,S,1,55.9,0.0,Online,55.9
TX002906,CUST00648,2026-02-26 00:00:00,Footwear,M,1,195.7,0.0,In-Store,195.7
TX002907,CUST00648,2026-03-14 00:00:00,Apparel,XS,1,86.78,12.3,In-Store,76.11
TX002908,CUST00648,2026-04-17 00:00:00,Apparel,L,2,60.19,22.2,In-Store,93.66
TX002909,CUST00648,2026-05-09 00:00:00,Footwear,S,3,71.7,0.0,In-Store,215.1
TX002910,CUST00648,2026-06-06 00:00:00,Footwear,XL,1,182.8,0.0,In-Store,182.8
TX002911,CUST00649,2025-09-19 00:00:00,Accessories,M,1,30.74,10.56,Online,27.49
TX002912,CUST00649,2026-06-28 00:00:00,Accessories,L,3,52.13,0.0,In-Store,156.39
TX002913,CUST00650,2025-05-11 00:00:00,Accessories,M,1,69.42,0.0,Online,69.42
TX002914,CUST00650,2025-07-22 00:00:00,Accessories,S,1,15.24,0.0,Online,15.24
TX002915,CUST00650,2025-09-08 00:00:00,Accessories,L,1,40.39,5.07,Online,38.34
TX002916,CUST00650,2025-12-21 00:00:00,Footwear,XL,1,50.92,0.0,In-Store,50.92
TX002917,CUST00650,2026-03-20 00:00:00,Footwear,S,1,101.98,19.57,In-Store,82.02
TX002918,CUST00650,2026-05-03 00:00:00,Home & Living,M,3,129.98,0.0,In-Store,389.94
TX002919,CUST00651,2025-10-18 00:00:00,Home & Living,XS,1,86.98,0.0,Online,86.98
TX002920,CUST00651,2026-02-04 00:00:00,Apparel,M,1,34.15,0.0,In-Store,34.15
TX002921,CUST00652,2026-04-16 00:00:00,Home & Living,S,1,96.05,0.0,In-Store,96.05
TX002922,CUST00653,2026-03-07 00:00:00,Accessories,S,2,63.69,11.33,Online,112.95
TX002923,CUST00653,2026-03-10 00:00:00,Accessories,L,1,65.95,0.0,In-Store,65.95
TX002924,CUST00653,2026-03-19 00:00:00,Accessories,S,3,17.8,0.0,Online,53.4
TX002925,CUST00653,2026-03-20 00:00:00,Accessories,S,2,42.37,0.0,Online,84.74
TX002926,CUST00653,2026-03-20 00:00:00,Accessories,M,1,74.22,0.0,In-Store,74.22
TX002927,CUST00653,2026-04-01 00:00:00,Accessories,M,1,38.08,0.0,In-Store,38.08
TX002928,CUST00653,2026-04-01 00:00:00,Apparel,XS,1,102.33,0.0,Online,102.33
TX002929,CUST00653,2026-04-03 00:00:00,Home & Living,XS,1,133.64,5.56,Online,126.21
TX002930,CUST00653,2026-04-04 00:00:00,Apparel,XL,2,27.25,6.14,Online,51.15
TX002931,CUST00653,2026-04-24 00:00:00,Footwear,XS,1,146.23,0.0,Online,146.23
TX002932,CUST00653,2026-04-30 00:00:00,Footwear,S,2,178.11,9.49,Online,322.41
TX002933,CUST00653,2026-05-03 00:00:00,Footwear,M,1,158.64,9.54,Online,143.51
TX002934,CUST00653,2026-05-03 00:00:00,Apparel,S,1,62.53,20.73,Online,49.57
TX002935,CUST00653,2026-05-04 00:00:00,Home & Living,M,3,155.63,0.0,Online,466.89
TX002936,CUST00653,2026-05-05 00:00:00,Accessories,M,1,18.31,0.0,In-Store,18.31
TX002937,CUST00653,2026-05-30 00:00:00,Footwear,L,1,62.76,32.34,In-Store,42.46
TX002938,CUST00653,2026-06-10 00:00:00,Footwear,M,2,185.93,0.0,Online,371.86
TX002939,CUST00653,2026-06-13 00:00:00,Home & Living,S,2,92.7,0.0,In-Store,185.4
TX002940,CUST00653,2026-06-17 00:00:00,Apparel,L,1,79.51,0.0,In-Store,79.51
TX002941,CUST00653,2026-06-20 00:00:00,Accessories,L,1,33.48,0.0,Online,33.48
TX002942,CUST00653,2026-06-21 00:00:00,Apparel,S,1,100.08,0.0,Online,100.08
TX002943,CUST00653,2026-06-23 00:00:00,Apparel,L,1,117.58,0.0,In-Store,117.58
TX002944,CUST00653,2026-06-25 00:00:00,Apparel,M,1,71.02,13.29,Online,61.58
TX002945,CUST00653,2026-06-27 00:00:00,Home & Living,S,1,138.69,10.43,Online,124.22
TX002946,CUST00654,2024-08-25 00:00:00,Home & Living,M,1,284.94,0.0,Online,284.94
TX002947,CUST00654,2026-04-24 00:00:00,Accessories,M,4,58.03,0.0,Online,232.12
TX002948,CUST00655,2025-11-29 00:00:00,Accessories,M,1,27.35,0.0,In-Store,27.35
TX002949,CUST00655,2025-12-09 00:00:00,Footwear,XL,1,154.78,0.0,Online,154.78
TX002950,CUST00655,2025-12-11 00:00:00,Accessories,XL,1,68.34,14.73,Online,58.27
TX002951,CUST00655,2025-12-22 00:00:00,Footwear,M,2,151.87,14.7,In-Store,259.09
TX002952,CUST00656,2025-02-04 00:00:00,Apparel,M,3,27.18,0.0,Online,81.54
TX002953,CUST00656,2025-05-08 00:00:00,Footwear,S,1,91.01,0.0,Online,91.01
TX002954,CUST00656,2025-11-02 00:00:00,Footwear,S,1,88.81,0.0,Online,88.81
TX002955,CUST00656,2026-01-30 00:00:00,Footwear,M,1,52.07,16.42,In-Store,43.52
TX002956,CUST00656,2026-04-19 00:00:00,Accessories,M,2,11.89,0.0,Online,23.78
TX002957,CUST00656,2026-06-07 00:00:00,Footwear,L,1,88.46,0.0,In-Store,88.46
TX002958,CUST00657,2025-01-24 00:00:00,Footwear,M,2,74.13,0.0,Online,148.26
TX002959,CUST00657,2025-05-25 00:00:00,Apparel,S,1,65.47,0.0,Online,65.47
TX002960,CUST00657,2026-01-25 00:00:00,Home & Living,M,1,251.13,16.81,Online,208.92
TX002961,CUST00657,2026-04-10 00:00:00,Apparel,S,1,50.77,0.0,Online,50.77
TX002962,CUST00657,2026-04-27 00:00:00,Home & Living,L,2,248.61,0.0,Online,497.22
TX002963,CUST00657,2026-05-02 00:00:00,Home & Living,S,1,71.59,14.74,Online,61.04
TX002964,CUST00658,2024-07-30 00:00:00,Apparel,M,1,27.64,7.56,In-Store,25.55
TX002965,CUST00659,2025-04-05 00:00:00,Footwear,L,2,115.66,0.0,Online,231.32
TX002966,CUST00659,2025-05-02 00:00:00,Home & Living,M,1,118.73,0.0,Online,118.73
TX002967,CUST00659,2025-05-20 00:00:00,Home & Living,L,1,199.61,0.0,Online,199.61
TX002968,CUST00659,2025-05-27 00:00:00,Apparel,XL,1,105.85,10.24,In-Store,95.01
TX002969,CUST00659,2025-07-11 00:00:00,Accessories,M,2,50.62,6.06,In-Store,95.1
TX002970,CUST00659,2025-08-03 00:00:00,Home & Living,M,3,83.49,0.0,Online,250.47
TX002971,CUST00659,2026-02-06 00:00:00,Home & Living,M,1,218.82,0.0,In-Store,218.82
TX002972,CUST00660,2026-02-05 00:00:00,Apparel,XS,3,72.1,17.43,In-Store,178.6
TX002973,CUST00661,2024-07-29 00:00:00,Home & Living,L,2,160.44,0.0,Online,320.88
TX002974,CUST00661,2024-09-18 00:00:00,Footwear,XS,1,138.1,19.95,In-Store,110.55
TX002975,CUST00661,2025-01-12 00:00:00,Accessories,L,1,45.51,12.42,Online,39.86
TX002976,CUST00661,2025-03-18 00:00:00,Footwear,M,1,84.18,0.0,In-Store,84.18
TX002977,CUST00661,2026-06-02 00:00:00,Home & Living,XS,1,135.66,0.0,Online,135.66
TX002978,CUST00661,2026-06-03 00:00:00,Apparel,M,1,106.67,29.44,In-Store,75.27
TX002979,CUST00662,2025-01-16 00:00:00,Apparel,S,2,53.18,14.86,Online,90.55
TX002980,CUST00662,2025-01-23 00:00:00,Home & Living,XL,1,203.17,0.0,Online,203.17
TX002981,CUST00662,2025-09-03 00:00:00,Footwear,XS,1,103.62,0.0,Online,103.62
TX002982,CUST00662,2025-10-10 00:00:00,Home & Living,M,1,227.37,0.0,In-Store,227.37
TX002983,CUST00662,2025-11-23 00:00:00,Home & Living,S,2,128.82,0.0,Online,257.64
TX002984,CUST00662,2026-03-30 00:00:00,Accessories,L,2,42.05,0.0,In-Store,84.1
TX002985,CUST00663,2026-01-20 00:00:00,Home & Living,L,3,77.77,0.0,Online,233.31
TX002986,CUST00663,2026-01-24 00:00:00,Footwear,XS,1,119.25,0.0,Online,119.25
TX002987,CUST00663,2026-02-14 00:00:00,Apparel,M,1,112.69,14.16,Online,96.73
TX002988,CUST00664,2025-12-28 00:00:00,Home & Living,XL,1,124.71,0.0,In-Store,124.71
TX002989,CUST00665,2024-10-24 00:00:00,Home & Living,M,1,234.28,0.0,In-Store,234.28
TX002990,CUST00665,2024-11-18 00:00:00,Accessories,L,2,43.8,0.0,Online,87.6
TX002991,CUST00665,2024-11-22 00:00:00,Home & Living,L,1,38.16,0.0,Online,38.16
TX002992,CUST00665,2025-01-25 00:00:00,Footwear,XL,3,135.39,0.0,In-Store,406.17
TX002993,CUST00665,2025-03-12 00:00:00,Footwear,XS,1,185.39,0.0,Online,185.39
TX002994,CUST00665,2025-06-25 00:00:00,Accessories,XS,1,39.46,13.1,In-Store,34.29
TX002995,CUST00665,2025-08-27 00:00:00,Accessories,S,1,65.25,0.0,Online,65.25
TX002996,CUST00665,2025-09-05 00:00:00,Accessories,L,2,27.89,8.11,Online,51.26
TX002997,CUST00665,2026-01-20 00:00:00,Footwear,M,1,199.65,0.0,In-Store,199.65
TX002998,CUST00666,2025-02-20 00:00:00,Apparel,XS,1,41.42,0.0,In-Store,41.42
TX002999,CUST00666,2025-12-28 00:00:00,Home & Living,M,1,100.01,0.0,In-Store,100.01
TX003000,CUST00667,2025-10-12 00:00:00,Footwear,S,3,67.25,32.63,Online,135.92
TX003001,CUST00668,2024-11-10 00:00:00,Apparel,XS,1,100.55,28.67,In-Store,71.72
TX003002,CUST00668,2025-01-14 00:00:00,Footwear,S,1,102.43,0.0,Online,102.43
TX003003,CUST00668,2025-08-23 00:00:00,Apparel,L,1,79.63,13.38,Online,68.98
TX003004,CUST00668,2025-10-17 00:00:00,Accessories,S,1,50.43,0.0,Online,50.43
TX003005,CUST00668,2026-02-26 00:00:00,Home & Living,XS,1,276.49,0.0,In-Store,276.49
TX003006,CUST00669,2024-07-17 00:00:00,Home & Living,M,3,73.75,0.0,Online,221.25
TX003007,CUST00670,2024-06-08 00:00:00,Footwear,M,2,188.22,0.0,In-Store,376.44
TX003008,CUST00670,2024-12-09 00:00:00,Footwear,M,1,151.82,0.0,In-Store,151.82
TX003009,CUST00670,2025-09-29 00:00:00,Home & Living,XS,1,153.33,0.0,In-Store,153.33
TX003010,CUST00671,2025-04-05 00:00:00,Accessories,M,1,39.25,0.0,Online,39.25
TX003011,CUST00671,2025-05-06 00:00:00,Accessories,M,2,17.12,0.0,Online,34.24
TX003012,CUST00671,2025-07-16 00:00:00,Accessories,M,3,26.81,0.0,In-Store,80.43
TX003013,CUST00671,2025-09-25 00:00:00,Apparel,XS,1,70.83,0.0,Online,70.83
TX003014,CUST00671,2025-10-05 00:00:00,Footwear,M,2,76.77,0.0,In-Store,153.54
TX003015,CUST00671,2025-11-03 00:00:00,Accessories,L,1,71.66,14.53,In-Store,61.25
TX003016,CUST00671,2026-01-12 00:00:00,Home & Living,L,1,163.2,0.0,Online,163.2
TX003017,CUST00671,2026-06-19 00:00:00,Footwear,S,1,179.38,25.54,Online,133.57
TX003018,CUST00672,2024-04-13 00:00:00,Apparel,M,2,56.7,0.0,Online,113.4
TX003019,CUST00672,2024-04-26 00:00:00,Accessories,XL,1,68.62,0.0,In-Store,68.62
TX003020,CUST00673,2026-03-26 00:00:00,Home & Living,M,1,283.1,0.0,In-Store,283.1
TX003021,CUST00673,2026-05-24 00:00:00,Footwear,XS,2,54.14,0.0,Online,108.28
TX003022,CUST00674,2025-02-17 00:00:00,Apparel,S,2,94.66,26.69,Online,138.79
TX003023,CUST00674,2026-04-16 00:00:00,Accessories,L,1,38.45,0.0,In-Store,38.45
TX003024,CUST00675,2024-06-06 00:00:00,Home & Living,L,2,222.59,0.0,In-Store,445.18
TX003025,CUST00675,2024-09-23 00:00:00,Home & Living,L,2,150.84,7.24,In-Store,279.84
TX003026,CUST00675,2025-06-07 00:00:00,Home & Living,S,1,169.06,0.0,In-Store,169.06
TX003027,CUST00676,2025-06-26 00:00:00,Accessories,L,1,20.47,0.0,Online,20.47
TX003028,CUST00676,2025-07-14 00:00:00,Accessories,S,1,46.61,9.61,In-Store,42.13
TX003029,CUST00676,2025-08-09 00:00:00,Apparel,M,1,50.94,0.0,In-Store,50.94
TX003030,CUST00676,2025-10-30 00:00:00,Footwear,XL,1,174.51,0.0,Online,174.51
TX003031,CUST00676,2026-03-27 00:00:00,Footwear,S,1,94.51,0.0,Online,94.51
TX003032,CUST00677,2025-05-19 00:00:00,Footwear,L,3,172.46,0.0,Online,517.38
TX003033,CUST00677,2025-06-19 00:00:00,Footwear,L,1,102.92,28.49,In-Store,73.6
TX003034,CUST00677,2025-07-29 00:00:00,Home & Living,M,2,280.54,10.46,Online,502.39
TX003035,CUST00677,2025-08-08 00:00:00,Accessories,S,1,42.58,0.0,Online,42.58
TX003036,CUST00677,2025-09-20 00:00:00,Accessories,XS,1,15.01,0.0,Online,15.01
TX003037,CUST00677,2026-03-04 00:00:00,Accessories,M,1,44.85,0.0,Online,44.85
TX003038,CUST00677,2026-03-19 00:00:00,Home & Living,L,1,135.67,0.0,Online,135.67
TX003039,CUST00677,2026-06-13 00:00:00,Apparel,M,1,101.01,11.18,Online,89.72
TX003040,CUST00678,2025-03-29 00:00:00,Footwear,S,1,70.01,10.37,Online,62.75
TX003041,CUST00678,2025-07-25 00:00:00,Footwear,S,1,190.46,29.76,Online,133.78
TX003042,CUST00678,2025-08-31 00:00:00,Accessories,S,1,39.66,0.0,In-Store,39.66
TX003043,CUST00678,2025-09-10 00:00:00,Footwear,S,3,114.8,0.0,In-Store,344.4
TX003044,CUST00678,2025-09-16 00:00:00,Home & Living,M,2,232.31,0.0,Online,464.62
TX003045,CUST00678,2025-10-10 00:00:00,Accessories,M,1,54.36,0.0,In-Store,54.36
TX003046,CUST00678,2025-11-30 00:00:00,Apparel,M,2,112.03,0.0,Online,224.06
TX003047,CUST00678,2025-12-16 00:00:00,Footwear,L,1,192.35,0.0,Online,192.35
TX003048,CUST00678,2026-02-24 00:00:00,Home & Living,XL,1,174.18,0.0,Online,174.18
TX003049,CUST00679,2025-12-12 00:00:00,Apparel,L,2,25.37,0.0,In-Store,50.74
TX003050,CUST00679,2026-05-04 00:00:00,Apparel,S,1,119.7,23.01,In-Store,92.16
TX003051,CUST00680,2024-11-19 00:00:00,Home & Living,L,2,136.41,0.0,In-Store,272.82
TX003052,CUST00680,2025-07-15 00:00:00,Accessories,M,1,16.1,0.0,Online,16.1
TX003053,CUST00681,2025-12-11 00:00:00,Home & Living,XL,1,69.84,8.61,Online,63.83
TX003054,CUST00682,2025-06-07 00:00:00,Accessories,XL,1,67.47,0.0,Online,67.47
TX003055,CUST00682,2025-09-22 00:00:00,Apparel,M,2,95.83,26.68,In-Store,140.53
TX003056,CUST00682,2025-09-27 00:00:00,Footwear,XS,1,89.75,37.48,Online,56.11
TX003057,CUST00682,2026-04-14 00:00:00,Footwear,S,1,150.39,28.72,In-Store,107.2
TX003058,CUST00683,2025-03-05 00:00:00,Home & Living,M,1,140.43,0.0,Online,140.43
TX003059,CUST00683,2025-07-21 00:00:00,Home & Living,S,1,280.59,0.0,In-Store,280.59
TX003060,CUST00683,2025-10-12 00:00:00,Footwear,L,1,183.7,12.6,In-Store,160.55
TX003061,CUST00683,2025-12-06 00:00:00,Footwear,XL,2,174.84,0.0,Online,349.68
TX003062,CUST00683,2026-04-28 00:00:00,Accessories,M,1,38.38,0.0,In-Store,38.38
TX003063,CUST00683,2026-05-12 00:00:00,Home & Living,S,1,271.28,0.0,Online,271.28
TX003064,CUST00684,2026-03-29 00:00:00,Apparel,S,1,35.42,0.0,Online,35.42
TX003065,CUST00684,2026-04-21 00:00:00,Home & Living,L,1,212.01,9.32,Online,192.25
TX003066,CUST00684,2026-05-20 00:00:00,Accessories,M,1,70.2,0.0,In-Store,70.2
TX003067,CUST00684,2026-06-09 00:00:00,Apparel,M,1,51.23,14.85,In-Store,43.62
TX003068,CUST00684,2026-06-09 00:00:00,Accessories,M,2,58.67,0.0,In-Store,117.34
TX003069,CUST00685,2025-09-05 00:00:00,Accessories,XL,1,13.05,0.0,In-Store,13.05
TX003070,CUST00685,2025-10-16 00:00:00,Home & Living,M,1,63.2,0.0,Online,63.2
TX003071,CUST00686,2025-08-08 00:00:00,Footwear,M,1,121.38,0.0,Online,121.38
TX003072,CUST00686,2025-11-20 00:00:00,Apparel,S,1,77.51,16.56,Online,64.67
TX003073,CUST00687,2026-01-27 00:00:00,Home & Living,L,3,239.37,0.0,In-Store,718.11
TX003074,CUST00687,2026-03-03 00:00:00,Footwear,L,1,80.6,0.0,In-Store,80.6
TX003075,CUST00687,2026-03-15 00:00:00,Apparel,M,2,105.1,0.0,Online,210.2
TX003076,CUST00687,2026-04-02 00:00:00,Home & Living,L,3,143.22,0.0,Online,429.66
TX003077,CUST00688,2025-09-12 00:00:00,Home & Living,L,1,203.92,13.46,Online,176.47
TX003078,CUST00688,2025-09-27 00:00:00,Home & Living,L,1,162.19,0.0,Online,162.19
TX003079,CUST00688,2025-12-04 00:00:00,Accessories,M,1,35.77,5.7,Online,33.73
TX003080,CUST00688,2026-01-14 00:00:00,Accessories,M,1,40.67,0.0,Online,40.67
TX003081,CUST00688,2026-04-13 00:00:00,Accessories,S,1,50.3,0.0,In-Store,50.3
TX003082,CUST00689,2024-10-13 00:00:00,Home & Living,L,1,272.91,0.0,Online,272.91
TX003083,CUST00689,2024-12-08 00:00:00,Home & Living,S,1,49.43,0.0,Online,49.43
TX003084,CUST00689,2025-02-27 00:00:00,Home & Living,XL,2,141.76,0.0,Online,283.52
TX003085,CUST00689,2025-09-23 00:00:00,Accessories,S,1,35.95,0.0,Online,35.95
TX003086,CUST00689,2026-05-24 00:00:00,Footwear,S,3,172.94,0.0,Online,518.82
TX003087,CUST00689,2026-06-25 00:00:00,Accessories,S,2,58.32,0.0,Online,116.64
TX003088,CUST00690,2026-04-04 00:00:00,Accessories,XL,1,46.76,0.0,Online,46.76
TX003089,CUST00690,2026-06-23 00:00:00,Footwear,L,2,73.83,38.09,In-Store,91.42
TX003090,CUST00691,2025-02-23 00:00:00,Footwear,L,1,103.02,0.0,Online,103.02
TX003091,CUST00691,2025-06-16 00:00:00,Apparel,M,4,107.66,0.0,Online,430.64
TX003092,CUST00691,2025-06-28 00:00:00,Footwear,XL,3,142.41,39.02,In-Store,260.52
TX003093,CUST00691,2025-07-14 00:00:00,Accessories,M,1,61.76,0.0,In-Store,61.76
TX003094,CUST00691,2025-09-01 00:00:00,Footwear,S,1,98.6,0.0,Online,98.6
TX003095,CUST00691,2025-09-12 00:00:00,Accessories,M,1,25.3,7.48,Online,23.41
TX003096,CUST00691,2025-09-14 00:00:00,Home & Living,L,1,190.19,0.0,In-Store,190.19
TX003097,CUST00691,2025-10-01 00:00:00,Footwear,L,1,167.76,0.0,In-Store,167.76
TX003098,CUST00691,2026-02-28 00:00:00,Accessories,L,3,11.81,0.0,Online,35.43
TX003099,CUST00691,2026-03-14 00:00:00,Apparel,S,1,47.84,8.8,Online,43.63
TX003100,CUST00691,2026-04-21 00:00:00,Footwear,XS,1,152.86,0.0,Online,152.86
TX003101,CUST00691,2026-04-27 00:00:00,Apparel,M,1,29.32,18.73,In-Store,23.83
TX003102,CUST00692,2025-03-01 00:00:00,Apparel,L,1,25.54,19.55,In-Store,20.55
TX003103,CUST00692,2025-07-29 00:00:00,Footwear,S,2,176.43,0.0,In-Store,352.86
TX003104,CUST00692,2025-10-14 00:00:00,Home & Living,XL,1,103.15,0.0,In-Store,103.15
TX003105,CUST00692,2026-01-03 00:00:00,Home & Living,M,3,117.84,0.0,Online,353.52
TX003106,CUST00692,2026-03-03 00:00:00,Apparel,S,2,90.55,0.0,Online,181.1
TX003107,CUST00692,2026-04-02 00:00:00,Apparel,L,2,30.06,0.0,In-Store,60.12
TX003108,CUST00693,2026-01-19 00:00:00,Apparel,S,1,89.72,26.53,In-Store,65.92
TX003109,CUST00693,2026-02-01 00:00:00,Apparel,L,1,38.19,0.0,Online,38.19
TX003110,CUST00693,2026-02-04 00:00:00,Home & Living,S,1,265.27,0.0,Online,265.27
TX003111,CUST00693,2026-02-10 00:00:00,Home & Living,S,2,78.89,0.0,In-Store,157.78
TX003112,CUST00693,2026-02-11 00:00:00,Apparel,S,1,96.96,0.0,Online,96.96
TX003113,CUST00693,2026-03-03 00:00:00,Footwear,M,2,161.3,0.0,Online,322.6
TX003114,CUST00693,2026-05-15 00:00:00,Accessories,S,1,66.85,0.0,Online,66.85
TX003115,CUST00693,2026-05-30 00:00:00,Home & Living,M,1,216.73,0.0,Online,216.73
TX003116,CUST00693,2026-06-03 00:00:00,Home & Living,XS,2,55.56,0.0,In-Store,111.12
TX003117,CUST00693,2026-06-21 00:00:00,Footwear,S,1,97.96,0.0,Online,97.96
TX003118,CUST00693,2026-06-25 00:00:00,Footwear,M,1,84.9,0.0,Online,84.9
TX003119,CUST00694,2024-08-04 00:00:00,Apparel,M,1,73.44,22.95,Online,56.59
TX003120,CUST00694,2025-02-28 00:00:00,Footwear,S,1,158.76,0.0,Online,158.76
TX003121,CUST00694,2025-04-16 00:00:00,Accessories,S,1,33.47,6.58,In-Store,31.27
TX003122,CUST00694,2025-05-08 00:00:00,Accessories,XS,2,44.72,11.18,Online,79.44
TX003123,CUST00694,2025-08-17 00:00:00,Footwear,S,1,59.92,0.0,In-Store,59.92
TX003124,CUST00694,2025-10-14 00:00:00,Apparel,M,2,68.78,0.0,Online,137.56
TX003125,CUST00694,2026-05-08 00:00:00,Footwear,M,1,186.85,0.0,In-Store,186.85
TX003126,CUST00694,2026-05-17 00:00:00,Apparel,XS,1,87.72,20.87,Online,69.41
TX003127,CUST00695,2025-11-04 00:00:00,Footwear,S,1,185.32,0.0,Online,185.32
TX003128,CUST00695,2025-12-08 00:00:00,Apparel,S,1,28.71,7.36,Online,26.6
TX003129,CUST00695,2025-12-11 00:00:00,Footwear,S,2,120.01,0.0,Online,240.02
TX003130,CUST00695,2026-01-27 00:00:00,Home & Living,M,3,115.91,0.0,Online,347.73
TX003131,CUST00695,2026-05-07 00:00:00,Accessories,M,2,13.86,0.0,In-Store,27.72
TX003132,CUST00695,2026-05-09 00:00:00,Home & Living,M,1,182.24,0.0,Online,182.24
TX003133,CUST00695,2026-06-28 00:00:00,Footwear,M,3,142.91,0.0,Online,428.73
TX003134,CUST00696,2024-02-06 00:00:00,Home & Living,M,1,251.13,0.0,Online,251.13
TX003135,CUST00696,2024-07-06 00:00:00,Home & Living,M,2,110.84,0.0,Online,221.68
TX003136,CUST00697,2025-08-31 00:00:00,Home & Living,M,1,98.53,16.0,Online,82.77
TX003137,CUST00698,2024-03-04 00:00:00,Footwear,M,1,86.88,0.0,Online,86.88
TX003138,CUST00698,2024-04-27 00:00:00,Accessories,M,1,54.79,0.0,In-Store,54.79
TX003139,CUST00698,2024-06-15 00:00:00,Footwear,M,1,82.57,6.13,Online,77.51
TX003140,CUST00698,2024-08-09 00:00:00,Apparel,L,2,108.98,0.0,Online,217.96
TX003141,CUST00698,2024-10-18 00:00:00,Apparel,M,1,69.38,19.4,Online,55.92
TX003142,CUST00698,2024-10-27 00:00:00,Home & Living,S,1,250.43,0.0,Online,250.43
TX003143,CUST00698,2025-01-14 00:00:00,Home & Living,M,1,169.0,0.0,Online,169.0
TX003144,CUST00698,2025-02-05 00:00:00,Footwear,M,1,123.67,0.0,In-Store,123.67
TX003145,CUST00698,2025-04-04 00:00:00,Footwear,M,1,116.14,12.5,In-Store,101.62
TX003146,CUST00698,2025-12-06 00:00:00,Home & Living,M,2,186.03,8.6,Online,340.06
TX003147,CUST00698,2026-06-29 00:00:00,Home & Living,M,1,285.13,12.94,In-Store,248.23
TX003148,CUST00699,2026-03-06 00:00:00,Apparel,M,1,63.43,28.75,In-Store,45.19
TX003149,CUST00699,2026-03-12 00:00:00,Footwear,M,3,96.28,0.0,In-Store,288.84
TX003150,CUST00699,2026-03-28 00:00:00,Footwear,L,1,113.11,0.0,Online,113.11
TX003151,CUST00699,2026-04-05 00:00:00,Footwear,L,1,116.88,8.59,In-Store,106.84
TX003152,CUST00699,2026-04-13 00:00:00,Footwear,L,1,155.01,16.84,Online,128.91
TX003153,CUST00699,2026-05-06 00:00:00,Apparel,L,1,25.85,9.12,Online,23.49
TX003154,CUST00699,2026-06-03 00:00:00,Apparel,XL,3,97.35,29.57,Online,205.69
TX003155,CUST00699,2026-06-05 00:00:00,Footwear,S,2,194.34,0.0,Online,388.68
TX003156,CUST00700,2025-04-08 00:00:00,Home & Living,L,2,198.53,0.0,Online,397.06
TX003157,CUST00701,2024-12-08 00:00:00,Apparel,L,1,50.62,5.35,Online,47.91
TX003158,CUST00701,2025-01-07 00:00:00,Footwear,L,1,196.96,0.0,Online,196.96
TX003159,CUST00701,2025-01-13 00:00:00,Home & Living,L,1,120.77,0.0,Online,120.77
TX003160,CUST00701,2025-04-21 00:00:00,Accessories,M,1,11.87,0.0,Online,11.87
TX003161,CUST00701,2025-07-30 00:00:00,Accessories,XS,1,38.25,0.0,In-Store,38.25
TX003162,CUST00701,2025-08-24 00:00:00,Accessories,L,1,57.43,0.0,Online,57.43
TX003163,CUST00701,2026-02-11 00:00:00,Accessories,L,1,73.39,0.0,In-Store,73.39
TX003164,CUST00701,2026-04-06 00:00:00,Home & Living,M,2,202.66,0.0,In-Store,405.32
TX003165,CUST00702,2026-01-07 00:00:00,Footwear,XS,1,122.93,0.0,In-Store,122.93
TX003166,CUST00703,2026-02-26 00:00:00,Home & Living,S,3,174.5,0.0,Online,523.5
TX003167,CUST00703,2026-04-02 00:00:00,Apparel,M,1,118.35,0.0,Online,118.35
TX003168,CUST00704,2025-09-29 00:00:00,Footwear,L,2,164.57,0.0,Online,329.14
TX003169,CUST00705,2026-03-11 00:00:00,Footwear,L,2,122.88,0.0,Online,245.76
TX003170,CUST00705,2026-03-21 00:00:00,Accessories,L,1,21.08,0.0,In-Store,21.08
TX003171,CUST00706,2026-06-17 00:00:00,Apparel,M,1,71.72,9.25,Online,65.09
TX003172,CUST00707,2024-10-07 00:00:00,Apparel,M,2,88.15,5.95,Online,165.81
TX003173,CUST00707,2025-01-06 00:00:00,Home & Living,S,1,56.77,7.15,Online,52.71
TX003174,CUST00707,2025-01-26 00:00:00,Accessories,M,2,45.32,14.93,In-Store,77.11
TX003175,CUST00707,2025-03-16 00:00:00,Accessories,L,1,49.98,0.0,Online,49.98
TX003176,CUST00707,2025-05-01 00:00:00,Apparel,S,1,73.56,14.95,Online,62.56
TX003177,CUST00707,2025-07-15 00:00:00,Apparel,M,1,72.33,0.0,Online,72.33
TX003178,CUST00707,2025-09-24 00:00:00,Home & Living,M,4,271.67,0.0,Online,1086.68
TX003179,CUST00707,2025-10-26 00:00:00,Apparel,S,1,101.42,0.0,Online,101.42
TX003180,CUST00707,2026-01-04 00:00:00,Accessories,M,1,62.99,0.0,Online,62.99
TX003181,CUST00707,2026-03-13 00:00:00,Footwear,S,1,77.11,26.17,Online,56.93
TX003182,CUST00707,2026-03-14 00:00:00,Apparel,M,2,89.99,19.51,In-Store,144.87
TX003183,CUST00707,2026-04-04 00:00:00,Footwear,M,1,118.65,0.0,Online,118.65
TX003184,CUST00707,2026-05-07 00:00:00,Footwear,S,1,103.56,26.61,Online,76.0
TX003185,CUST00707,2026-05-15 00:00:00,Apparel,L,1,101.56,0.0,Online,101.56
TX003186,CUST00708,2025-07-03 00:00:00,Accessories,M,2,44.93,0.0,Online,89.86
TX003187,CUST00708,2025-10-23 00:00:00,Apparel,M,1,89.48,0.0,Online,89.48
TX003188,CUST00708,2025-12-20 00:00:00,Apparel,M,1,38.61,15.8,In-Store,32.51
TX003189,CUST00709,2025-12-15 00:00:00,Home & Living,XL,2,161.54,0.0,In-Store,323.08
TX003190,CUST00709,2026-03-14 00:00:00,Home & Living,M,1,99.84,0.0,In-Store,99.84
TX003191,CUST00710,2025-11-12 00:00:00,Apparel,M,1,95.35,0.0,Online,95.35
TX003192,CUST00710,2025-11-12 00:00:00,Apparel,L,1,76.89,0.0,Online,76.89
TX003193,CUST00710,2026-01-09 00:00:00,Apparel,S,1,109.58,0.0,In-Store,109.58
TX003194,CUST00710,2026-01-10 00:00:00,Apparel,L,1,93.9,0.0,Online,93.9
TX003195,CUST00710,2026-01-13 00:00:00,Home & Living,M,2,139.3,0.0,In-Store,278.6
TX003196,CUST00710,2026-03-09 00:00:00,Accessories,S,1,47.97,5.73,Online,45.22
TX003197,CUST00710,2026-04-01 00:00:00,Footwear,M,1,104.82,36.17,In-Store,66.91
TX003198,CUST00710,2026-04-10 00:00:00,Footwear,M,1,102.0,36.27,Online,65.0
TX003199,CUST00710,2026-05-27 00:00:00,Footwear,L,1,163.82,0.0,In-Store,163.82
TX003200,CUST00710,2026-06-17 00:00:00,Apparel,XL,1,90.66,0.0,Online,90.66
TX003201,CUST00711,2025-10-09 00:00:00,Apparel,M,1,35.06,21.59,Online,27.49
TX003202,CUST00712,2026-02-08 00:00:00,Footwear,XS,1,184.87,8.16,Online,169.78
TX003203,CUST00712,2026-02-21 00:00:00,Footwear,S,1,126.21,31.0,Online,87.08
TX003204,CUST00712,2026-02-21 00:00:00,Footwear,S,1,113.21,0.0,Online,113.21
TX003205,CUST00712,2026-02-27 00:00:00,Accessories,S,1,36.48,10.69,Online,32.58
TX003206,CUST00712,2026-03-16 00:00:00,Apparel,S,1,80.77,0.0,Online,80.77
TX003207,CUST00712,2026-03-21 00:00:00,Apparel,S,1,60.45,0.0,Online,60.45
TX003208,CUST00712,2026-03-30 00:00:00,Footwear,L,3,117.66,0.0,Online,352.98
TX003209,CUST00712,2026-04-05 00:00:00,Footwear,L,1,133.02,0.0,Online,133.02
TX003210,CUST00712,2026-04-06 00:00:00,Footwear,S,2,62.79,0.0,Online,125.58
TX003211,CUST00712,2026-04-15 00:00:00,Apparel,S,1,44.46,0.0,In-Store,44.46
TX003212,CUST00712,2026-05-10 00:00:00,Apparel,M,1,37.65,8.01,Online,34.63
TX003213,CUST00712,2026-05-11 00:00:00,Apparel,XS,1,62.09,0.0,In-Store,62.09
TX003214,CUST00712,2026-05-15 00:00:00,Footwear,M,1,199.43,0.0,In-Store,199.43
TX003215,CUST00712,2026-05-30 00:00:00,Footwear,M,1,168.22,5.42,Online,159.1
TX003216,CUST00712,2026-06-21 00:00:00,Footwear,M,1,108.74,0.0,Online,108.74
TX003217,CUST00712,2026-06-26 00:00:00,Apparel,L,1,53.31,29.36,Online,37.66
TX003218,CUST00713,2024-12-14 00:00:00,Footwear,M,1,154.21,31.19,Online,106.11
TX003219,CUST00713,2025-12-07 00:00:00,Apparel,S,1,73.91,0.0,Online,73.91
TX003220,CUST00714,2025-08-14 00:00:00,Apparel,M,1,113.36,0.0,Online,113.36
TX003221,CUST00714,2025-08-16 00:00:00,Accessories,L,1,37.55,0.0,Online,37.55
TX003222,CUST00714,2025-09-22 00:00:00,Footwear,M,1,61.05,19.5,In-Store,49.15
TX003223,CUST00714,2025-10-23 00:00:00,Apparel,S,1,117.83,0.0,Online,117.83
TX003224,CUST00714,2025-12-28 00:00:00,Home & Living,S,4,43.18,0.0,Online,172.72
TX003225,CUST00714,2025-12-31 00:00:00,Apparel,M,1,39.75,13.57,In-Store,34.36
TX003226,CUST00714,2026-02-09 00:00:00,Footwear,L,1,64.72,0.0,Online,64.72
TX003227,CUST00714,2026-03-28 00:00:00,Accessories,L,1,36.18,0.0,Online,36.18
TX003228,CUST00714,2026-04-26 00:00:00,Footwear,M,1,92.61,0.0,Online,92.61
TX003229,CUST00714,2026-05-07 00:00:00,Accessories,XS,1,68.46,0.0,In-Store,68.46
TX003230,CUST00714,2026-06-10 00:00:00,Footwear,L,1,112.05,0.0,Online,112.05
TX003231,CUST00714,2026-06-16 00:00:00,Home & Living,S,1,257.37,18.53,Online,209.68
TX003232,CUST00714,2026-06-18 00:00:00,Footwear,M,1,135.12,14.41,In-Store,115.65
TX003233,CUST00714,2026-06-19 00:00:00,Accessories,S,1,46.52,0.0,In-Store,46.52
TX003234,CUST00715,2025-11-16 00:00:00,Apparel,M,2,115.88,0.0,In-Store,231.76
TX003235,CUST00715,2025-12-27 00:00:00,Home & Living,S,2,232.38,0.0,Online,464.76
TX003236,CUST00715,2026-01-17 00:00:00,Home & Living,XS,3,235.55,0.0,Online,706.65
TX003237,CUST00715,2026-01-23 00:00:00,Home & Living,S,1,203.84,10.74,Online,181.95
TX003238,CUST00715,2026-01-23 00:00:00,Apparel,M,2,71.81,28.4,Online,102.83
TX003239,CUST00715,2026-02-06 00:00:00,Accessories,L,1,45.69,0.0,Online,45.69
TX003240,CUST00715,2026-02-09 00:00:00,Footwear,XL,1,121.51,0.0,Online,121.51
TX003241,CUST00715,2026-02-16 00:00:00,Home & Living,M,2,168.37,0.0,Online,336.74
TX003242,CUST00715,2026-02-22 00:00:00,Apparel,L,1,87.64,25.14,In-Store,65.61
TX003243,CUST00715,2026-02-27 00:00:00,Footwear,XS,1,97.65,20.77,In-Store,77.37
TX003244,CUST00715,2026-03-14 00:00:00,Apparel,M,1,95.56,29.69,In-Store,67.19
TX003245,CUST00715,2026-03-15 00:00:00,Accessories,M,2,13.26,0.0,In-Store,26.52
TX003246,CUST00715,2026-04-06 00:00:00,Accessories,L,1,73.77,10.9,Online,65.73
TX003247,CUST00715,2026-04-30 00:00:00,Home & Living,XS,1,166.26,0.0,Online,166.26
TX003248,CUST00715,2026-05-23 00:00:00,Apparel,L,1,105.69,0.0,Online,105.69
TX003249,CUST00715,2026-05-29 00:00:00,Footwear,XL,2,51.95,37.07,In-Store,65.38
TX003250,CUST00715,2026-06-01 00:00:00,Footwear,L,1,125.97,18.74,In-Store,102.36
TX003251,CUST00715,2026-06-06 00:00:00,Footwear,M,1,176.68,0.0,Online,176.68
TX003252,CUST00715,2026-06-10 00:00:00,Home & Living,M,1,63.44,0.0,In-Store,63.44
TX003253,CUST00715,2026-06-20 00:00:00,Accessories,M,1,23.07,7.94,In-Store,21.24
TX003254,CUST00716,2026-04-06 00:00:00,Apparel,S,1,58.57,23.7,Online,44.69
TX003255,CUST00716,2026-04-09 00:00:00,Apparel,L,2,54.78,0.0,In-Store,109.56
TX003256,CUST00716,2026-04-11 00:00:00,Accessories,M,1,45.25,0.0,Online,45.25
TX003257,CUST00716,2026-06-11 00:00:00,Apparel,S,4,61.79,23.2,Online,189.82
TX003258,CUST00716,2026-06-17 00:00:00,Apparel,S,2,99.2,0.0,Online,198.4
TX003259,CUST00716,2026-06-20 00:00:00,Footwear,XS,1,130.06,28.42,In-Store,93.1
TX003260,CUST00717,2025-11-20 00:00:00,Accessories,S,1,66.72,0.0,In-Store,66.72
TX003261,CUST00718,2026-01-20 00:00:00,Apparel,L,1,54.35,13.14,Online,47.21
TX003262,CUST00718,2026-05-19 00:00:00,Footwear,M,1,115.66,0.0,In-Store,115.66
TX003263,CUST00719,2025-05-26 00:00:00,Footwear,S,1,103.63,0.0,In-Store,103.63
TX003264,CUST00719,2025-06-08 00:00:00,Accessories,M,1,34.57,0.0,Online,34.57
TX003265,CUST00719,2025-07-17 00:00:00,Home & Living,S,2,160.12,0.0,Online,320.24
TX003266,CUST00719,2025-07-27 00:00:00,Apparel,XL,1,63.46,0.0,Online,63.46
TX003267,CUST00719,2025-09-02 00:00:00,Apparel,M,1,54.37,13.91,Online,46.81
TX003268,CUST00719,2025-10-19 00:00:00,Home & Living,L,1,286.52,0.0,Online,286.52
TX003269,CUST00719,2025-12-22 00:00:00,Footwear,S,1,192.22,0.0,Online,192.22
TX003270,CUST00719,2026-02-04 00:00:00,Apparel,S,2,34.79,23.4,Online,53.3
TX003271,CUST00719,2026-03-15 00:00:00,Home & Living,XL,1,156.89,0.0,Online,156.89
TX003272,CUST00719,2026-06-03 00:00:00,Apparel,XL,1,96.34,0.0,Online,96.34
TX003273,CUST00720,2026-03-14 00:00:00,Apparel,S,1,71.06,0.0,Online,71.06
TX003274,CUST00721,2026-05-06 00:00:00,Accessories,L,2,47.58,0.0,In-Store,95.16
TX003275,CUST00722,2025-01-17 00:00:00,Accessories,XL,1,44.8,11.4,In-Store,39.69
TX003276,CUST00722,2025-09-20 00:00:00,Accessories,M,1,34.54,0.0,In-Store,34.54
TX003277,CUST00722,2025-10-11 00:00:00,Footwear,L,1,119.4,0.0,Online,119.4
TX003278,CUST00722,2025-10-13 00:00:00,Apparel,M,1,77.87,0.0,Online,77.87
TX003279,CUST00722,2026-02-24 00:00:00,Accessories,S,1,16.24,0.0,Online,16.24
TX003280,CUST00722,2026-04-27 00:00:00,Accessories,XL,2,71.84,12.94,In-Store,125.09
TX003281,CUST00723,2025-07-04 00:00:00,Home & Living,M,1,52.07,0.0,Online,52.07
TX003282,CUST00723,2025-09-17 00:00:00,Accessories,XS,1,59.78,7.32,Online,55.4
TX003283,CUST00723,2025-09-22 00:00:00,Accessories,XS,1,38.02,11.68,In-Store,33.58
TX003284,CUST00723,2025-10-04 00:00:00,Footwear,L,1,65.04,0.0,Online,65.04
TX003285,CUST00723,2025-11-11 00:00:00,Apparel,M,1,99.05,0.0,Online,99.05
TX003286,CUST00723,2025-11-17 00:00:00,Footwear,M,3,97.06,26.88,Online,212.91
TX003287,CUST00723,2026-01-28 00:00:00,Accessories,S,1,47.48,0.0,Online,47.48
TX003288,CUST00723,2026-03-09 00:00:00,Home & Living,XS,1,282.22,0.0,Online,282.22
TX003289,CUST00723,2026-05-02 00:00:00,Apparel,XL,2,52.88,16.73,In-Store,88.07
TX003290,CUST00723,2026-05-26 00:00:00,Accessories,M,3,55.56,0.0,In-Store,166.68
TX003291,CUST00724,2024-12-02 00:00:00,Apparel,L,1,47.31,0.0,Online,47.31
TX003292,CUST00724,2024-12-29 00:00:00,Home & Living,XL,1,111.88,14.53,Online,95.62
TX003293,CUST00724,2025-01-18 00:00:00,Footwear,XS,1,184.26,31.73,Online,125.79
TX003294,CUST00724,2025-01-28 00:00:00,Footwear,XS,1,107.4,0.0,Online,107.4
TX003295,CUST00724,2025-02-02 00:00:00,Apparel,S,1,62.0,15.47,Online,52.41
TX003296,CUST00724,2025-06-12 00:00:00,Home & Living,L,1,254.77,0.0,In-Store,254.77
TX003297,CUST00724,2025-06-19 00:00:00,Accessories,M,3,28.03,0.0,Online,84.09
TX003298,CUST00724,2025-06-30 00:00:00,Home & Living,S,1,159.72,0.0,In-Store,159.72
TX003299,CUST00724,2025-07-15 00:00:00,Home & Living,S,1,82.09,0.0,Online,82.09
TX003300,CUST00724,2025-08-12 00:00:00,Accessories,XS,1,58.26,0.0,Online,58.26
TX003301,CUST00724,2026-01-14 00:00:00,Accessories,S,1,34.37,11.61,Online,30.38
TX003302,CUST00724,2026-06-04 00:00:00,Apparel,S,2,66.2,18.52,Online,107.88
TX003303,CUST00725,2024-10-14 00:00:00,Apparel,S,1,112.32,0.0,In-Store,112.32
TX003304,CUST00725,2024-12-16 00:00:00,Accessories,XS,1,63.34,14.58,In-Store,54.11
TX003305,CUST00725,2025-01-26 00:00:00,Accessories,S,1,48.12,0.0,Online,48.12
TX003306,CUST00725,2025-09-06 00:00:00,Footwear,M,1,68.03,0.0,Online,68.03
TX003307,CUST00725,2026-03-15 00:00:00,Apparel,L,2,97.13,0.0,Online,194.26
TX003308,CUST00726,2024-12-27 00:00:00,Footwear,S,2,168.25,13.06,In-Store,292.55
TX003309,CUST00726,2025-01-05 00:00:00,Accessories,M,1,35.54,0.0,Online,35.54
TX003310,CUST00726,2025-05-02 00:00:00,Home & Living,M,2,40.08,0.0,Online,80.16
TX003311,CUST00726,2025-05-02 00:00:00,Apparel,M,1,64.09,8.2,In-Store,58.83
TX003312,CUST00726,2025-07-21 00:00:00,Home & Living,L,4,234.8,0.0,In-Store,939.2
TX003313,CUST00726,2025-07-25 00:00:00,Home & Living,M,1,256.61,6.88,Online,238.96
TX003314,CUST00726,2025-11-20 00:00:00,Apparel,M,1,52.45,0.0,In-Store,52.45
TX003315,CUST00726,2026-03-24 00:00:00,Footwear,S,1,190.95,0.0,Online,190.95
TX003316,CUST00727,2025-07-08 00:00:00,Footwear,L,1,190.01,0.0,Online,190.01
TX003317,CUST00727,2026-02-26 00:00:00,Footwear,L,1,50.74,18.78,In-Store,41.21
TX003318,CUST00728,2025-01-26 00:00:00,Footwear,L,1,81.61,0.0,Online,81.61
TX003319,CUST00728,2025-01-31 00:00:00,Home & Living,M,1,92.23,0.0,Online,92.23
TX003320,CUST00728,2025-05-13 00:00:00,Home & Living,S,1,151.91,18.77,Online,123.4
TX003321,CUST00728,2025-06-25 00:00:00,Apparel,M,1,95.35,0.0,Online,95.35
TX003322,CUST00728,2025-08-10 00:00:00,Accessories,L,1,52.09,8.38,Online,47.72
TX003323,CUST00729,2025-04-26 00:00:00,Accessories,S,3,59.59,0.0,Online,178.77
TX003324,CUST00730,2026-06-08 00:00:00,Accessories,M,1,66.23,7.54,In-Store,61.24
TX003325,CUST00731,2025-10-19 00:00:00,Footwear,XS,2,55.54,0.0,In-Store,111.08
TX003326,CUST00731,2026-03-15 00:00:00,Footwear,S,1,140.47,32.71,In-Store,94.52
TX003327,CUST00731,2026-06-17 00:00:00,Footwear,S,1,107.74,0.0,Online,107.74
TX003328,CUST00732,2026-03-18 00:00:00,Apparel,S,3,74.29,0.0,Online,222.87
TX003329,CUST00733,2025-08-25 00:00:00,Footwear,M,2,151.61,0.0,In-Store,303.22
TX003330,CUST00733,2025-10-01 00:00:00,Footwear,M,1,111.53,7.46,Online,103.21
TX003331,CUST00733,2025-10-30 00:00:00,Footwear,L,1,186.94,0.0,Online,186.94
TX003332,CUST00733,2025-11-26 00:00:00,Apparel,S,1,38.64,0.0,In-Store,38.64
TX003333,CUST00733,2025-12-29 00:00:00,Home & Living,XS,3,78.62,0.0,In-Store,235.86
TX003334,CUST00733,2026-03-30 00:00:00,Apparel,XL,1,52.76,0.0,Online,52.76
TX003335,CUST00733,2026-04-08 00:00:00,Home & Living,L,1,224.01,16.92,Online,186.11
TX003336,CUST00733,2026-04-23 00:00:00,Home & Living,S,1,141.94,0.0,Online,141.94
TX003337,CUST00733,2026-04-25 00:00:00,Home & Living,S,1,223.15,0.0,Online,223.15
TX003338,CUST00733,2026-06-24 00:00:00,Apparel,S,2,60.11,10.96,In-Store,107.04
TX003339,CUST00734,2026-04-24 00:00:00,Footwear,M,1,111.67,0.0,Online,111.67
TX003340,CUST00735,2026-01-02 00:00:00,Footwear,L,3,161.4,25.6,Online,360.24
TX003341,CUST00736,2025-01-11 00:00:00,Home & Living,L,1,284.01,0.0,In-Store,284.01
TX003342,CUST00736,2025-05-21 00:00:00,Accessories,S,3,41.48,5.6,In-Store,117.47
TX003343,CUST00736,2025-08-17 00:00:00,Accessories,M,1,56.41,9.3,In-Store,51.16
TX003344,CUST00736,2025-08-20 00:00:00,Accessories,XL,2,10.13,0.0,Online,20.26
TX003345,CUST00736,2025-10-30 00:00:00,Home & Living,XS,1,280.05,0.0,In-Store,280.05
TX003346,CUST00736,2026-02-26 00:00:00,Accessories,M,3,36.59,0.0,Online,109.77
TX003347,CUST00736,2026-04-03 00:00:00,Apparel,L,1,119.11,0.0,Online,119.11
TX003348,CUST00736,2026-04-14 00:00:00,Apparel,L,1,45.23,0.0,Online,45.23
TX003349,CUST00736,2026-06-02 00:00:00,Accessories,XS,4,39.8,0.0,In-Store,159.2
TX003350,CUST00737,2025-06-29 00:00:00,Footwear,L,1,189.94,35.93,Online,121.69
TX003351,CUST00737,2025-09-19 00:00:00,Apparel,XL,1,118.48,6.67,Online,110.58
TX003352,CUST00737,2026-05-15 00:00:00,Home & Living,L,1,253.93,0.0,Online,253.93
TX003353,CUST00738,2025-10-14 00:00:00,Apparel,XS,1,42.55,0.0,Online,42.55
TX003354,CUST00738,2025-11-28 00:00:00,Footwear,L,1,179.77,31.98,Online,122.28
TX003355,CUST00738,2026-03-16 00:00:00,Footwear,M,1,195.52,5.15,Online,185.45
TX003356,CUST00738,2026-04-01 00:00:00,Apparel,S,1,64.13,0.0,Online,64.13
TX003357,CUST00738,2026-04-22 00:00:00,Apparel,S,1,88.23,0.0,In-Store,88.23
TX003358,CUST00738,2026-05-15 00:00:00,Apparel,M,3,68.04,10.59,In-Store,182.5
TX003359,CUST00739,2024-08-13 00:00:00,Footwear,S,1,67.87,0.0,In-Store,67.87
TX003360,CUST00739,2025-04-15 00:00:00,Footwear,M,1,194.6,38.12,Online,120.42
TX003361,CUST00740,2025-08-19 00:00:00,Footwear,M,1,189.92,18.9,Online,154.03
TX003362,CUST00740,2025-09-21 00:00:00,Apparel,M,1,86.57,13.65,Online,74.75
TX003363,CUST00740,2025-12-08 00:00:00,Footwear,L,1,104.48,0.0,Online,104.48
TX003364,CUST00740,2026-04-12 00:00:00,Home & Living,S,1,256.3,0.0,In-Store,256.3
TX003365,CUST00740,2026-05-26 00:00:00,Home & Living,S,1,40.27,19.9,Online,32.26
TX003366,CUST00741,2026-03-04 00:00:00,Apparel,S,1,114.16,0.0,Online,114.16
TX003367,CUST00742,2024-09-18 00:00:00,Accessories,XS,1,38.78,0.0,Online,38.78
TX003368,CUST00743,2025-12-31 00:00:00,Apparel,XL,2,109.95,0.0,Online,219.9
TX003369,CUST00743,2026-05-09 00:00:00,Apparel,S,1,76.47,0.0,In-Store,76.47
TX003370,CUST00744,2025-03-13 00:00:00,Apparel,S,1,109.85,29.52,In-Store,77.42
TX003371,CUST00745,2024-03-17 00:00:00,Accessories,M,4,16.32,0.0,Online,65.28
TX003372,CUST00745,2024-05-26 00:00:00,Apparel,M,1,115.82,15.75,Online,97.58
TX003373,CUST00745,2024-08-14 00:00:00,Apparel,L,1,90.12,0.0,Online,90.12
TX003374,CUST00745,2025-10-04 00:00:00,Accessories,M,1,63.19,0.0,Online,63.19
TX003375,CUST00745,2025-10-05 00:00:00,Home & Living,S,1,259.52,0.0,In-Store,259.52
TX003376,CUST00745,2025-11-18 00:00:00,Apparel,M,2,49.67,0.0,Online,99.34
TX003377,CUST00745,2026-05-09 00:00:00,Apparel,M,2,62.12,0.0,In-Store,124.24
TX003378,CUST00745,2026-05-17 00:00:00,Home & Living,L,2,115.35,0.0,Online,230.7
TX003379,CUST00746,2025-12-08 00:00:00,Footwear,S,1,158.62,0.0,In-Store,158.62
TX003380,CUST00747,2026-01-02 00:00:00,Accessories,M,1,46.95,0.0,In-Store,46.95
TX003381,CUST00747,2026-01-24 00:00:00,Footwear,S,1,161.88,0.0,In-Store,161.88
TX003382,CUST00747,2026-03-23 00:00:00,Apparel,L,1,60.05,0.0,In-Store,60.05
TX003383,CUST00748,2025-06-26 00:00:00,Apparel,M,1,26.44,0.0,Online,26.44
TX003384,CUST00748,2025-08-01 00:00:00,Footwear,S,2,192.78,0.0,Online,385.56
TX003385,CUST00748,2025-08-21 00:00:00,Apparel,M,2,69.65,11.36,Online,123.48
TX003386,CUST00749,2026-03-09 00:00:00,Apparel,S,1,116.38,0.0,In-Store,116.38
TX003387,CUST00749,2026-04-12 00:00:00,Apparel,S,2,72.23,0.0,Online,144.46
TX003388,CUST00749,2026-05-05 00:00:00,Apparel,M,1,61.72,0.0,Online,61.72
TX003389,CUST00749,2026-05-24 00:00:00,Accessories,S,1,74.61,0.0,Online,74.61
TX003390,CUST00749,2026-06-22 00:00:00,Accessories,L,3,57.84,10.29,In-Store,155.66
TX003391,CUST00750,2026-03-09 00:00:00,Apparel,S,1,107.89,18.78,Online,87.63
TX003392,CUST00750,2026-03-20 00:00:00,Accessories,L,1,61.5,0.0,Online,61.5
TX003393,CUST00750,2026-04-04 00:00:00,Home & Living,S,1,84.92,0.0,In-Store,84.92
TX003394,CUST00750,2026-04-26 00:00:00,Accessories,L,3,18.43,0.0,Online,55.29
TX003395,CUST00750,2026-04-26 00:00:00,Accessories,S,1,26.4,0.0,Online,26.4
TX003396,CUST00750,2026-05-02 00:00:00,Home & Living,M,1,61.45,0.0,Online,61.45
TX003397,CUST00750,2026-05-03 00:00:00,Accessories,M,1,47.86,0.0,In-Store,47.86
TX003398,CUST00750,2026-05-04 00:00:00,Home & Living,S,1,242.7,0.0,In-Store,242.7
TX003399,CUST00750,2026-05-23 00:00:00,Accessories,M,1,42.69,0.0,Online,42.69
TX003400,CUST00750,2026-05-23 00:00:00,Accessories,M,1,21.55,0.0,Online,21.55
TX003401,CUST00750,2026-05-24 00:00:00,Home & Living,M,1,56.52,0.0,In-Store,56.52
TX003402,CUST00750,2026-06-02 00:00:00,Home & Living,L,1,296.6,0.0,Online,296.6
TX003403,CUST00750,2026-06-06 00:00:00,Footwear,L,1,112.14,0.0,In-Store,112.14
TX003404,CUST00750,2026-06-07 00:00:00,Home & Living,XL,2,121.93,0.0,Online,243.86
TX003405,CUST00750,2026-06-24 00:00:00,Home & Living,M,2,80.82,0.0,Online,161.64
TX003406,CUST00751,2026-02-08 00:00:00,Accessories,L,1,22.79,0.0,Online,22.79
TX003407,CUST00752,2026-02-18 00:00:00,Accessories,XS,1,45.76,0.0,Online,45.76
TX003408,CUST00752,2026-03-08 00:00:00,Accessories,S,1,36.51,0.0,Online,36.51
TX003409,CUST00752,2026-05-26 00:00:00,Home & Living,M,1,264.77,0.0,In-Store,264.77
TX003410,CUST00752,2026-05-30 00:00:00,Apparel,M,1,99.53,0.0,Online,99.53
TX003411,CUST00752,2026-06-03 00:00:00,Footwear,M,3,90.93,0.0,Online,272.79
TX003412,CUST00752,2026-06-18 00:00:00,Footwear,L,1,155.57,15.41,Online,131.6
TX003413,CUST00752,2026-06-22 00:00:00,Home & Living,XS,1,67.94,0.0,In-Store,67.94
TX003414,CUST00753,2025-10-07 00:00:00,Footwear,S,1,124.66,36.61,In-Store,79.02
TX003415,CUST00753,2025-10-09 00:00:00,Home & Living,L,1,162.76,14.98,Online,138.38
TX003416,CUST00753,2025-11-25 00:00:00,Apparel,M,1,69.68,0.0,In-Store,69.68
TX003417,CUST00753,2025-12-19 00:00:00,Apparel,M,3,64.23,0.0,In-Store,192.69
TX003418,CUST00753,2026-01-18 00:00:00,Home & Living,L,4,139.15,0.0,Online,556.6
TX003419,CUST00753,2026-02-03 00:00:00,Home & Living,M,1,245.32,0.0,In-Store,245.32
TX003420,CUST00753,2026-05-22 00:00:00,Accessories,L,1,24.97,0.0,Online,24.97
TX003421,CUST00754,2025-05-28 00:00:00,Home & Living,L,2,269.15,0.0,Online,538.3
TX003422,CUST00754,2025-08-14 00:00:00,Accessories,L,1,10.68,0.0,In-Store,10.68
TX003423,CUST00754,2025-09-03 00:00:00,Accessories,L,1,24.56,0.0,In-Store,24.56
TX003424,CUST00754,2026-03-11 00:00:00,Footwear,M,2,194.77,28.8,Online,277.35
TX003425,CUST00754,2026-06-08 00:00:00,Accessories,M,1,53.56,0.0,In-Store,53.56
TX003426,CUST00755,2024-08-04 00:00:00,Home & Living,M,1,195.37,0.0,In-Store,195.37
TX003427,CUST00755,2025-02-09 00:00:00,Apparel,XS,1,44.08,28.14,In-Store,31.68
TX003428,CUST00755,2025-03-14 00:00:00,Footwear,XL,1,116.8,0.0,In-Store,116.8
TX003429,CUST00755,2025-04-27 00:00:00,Apparel,L,2,104.73,0.0,Online,209.46
TX003430,CUST00755,2026-02-10 00:00:00,Accessories,M,2,54.71,0.0,In-Store,109.42
TX003431,CUST00755,2026-02-13 00:00:00,Footwear,L,1,74.01,0.0,In-Store,74.01
TX003432,CUST00755,2026-06-10 00:00:00,Footwear,M,1,120.32,17.62,Online,99.12
TX003433,CUST00756,2025-10-14 00:00:00,Footwear,XL,1,140.2,15.24,Online,118.83
TX003434,CUST00757,2025-04-29 00:00:00,Accessories,M,1,27.02,5.64,Online,25.5
TX003435,CUST00757,2025-05-23 00:00:00,Apparel,XL,1,70.79,0.0,In-Store,70.79
TX003436,CUST00757,2025-08-17 00:00:00,Accessories,L,2,52.0,10.9,In-Store,92.66
TX003437,CUST00757,2026-02-16 00:00:00,Home & Living,M,1,194.01,0.0,In-Store,194.01
TX003438,CUST00758,2025-12-04 00:00:00,Accessories,L,1,53.35,0.0,Online,53.35
TX003439,CUST00758,2026-03-19 00:00:00,Accessories,M,2,33.19,13.54,Online,57.39
TX003440,CUST00758,2026-05-18 00:00:00,Accessories,XL,1,68.85,0.0,Online,68.85
TX003441,CUST00759,2024-07-10 00:00:00,Home & Living,M,2,48.06,0.0,In-Store,96.12
TX003442,CUST00759,2024-08-03 00:00:00,Home & Living,S,2,284.62,0.0,In-Store,569.24
TX003443,CUST00759,2024-10-13 00:00:00,Apparel,M,1,26.0,27.61,Online,18.82
TX003444,CUST00759,2024-11-02 00:00:00,Footwear,S,2,89.0,0.0,Online,178.0
TX003445,CUST00759,2024-12-01 00:00:00,Footwear,L,1,174.51,0.0,Online,174.51
TX003446,CUST00759,2025-03-08 00:00:00,Home & Living,S,2,152.31,0.0,Online,304.62
TX003447,CUST00759,2025-03-29 00:00:00,Accessories,S,1,66.25,0.0,In-Store,66.25
TX003448,CUST00759,2025-04-09 00:00:00,Apparel,L,1,42.23,0.0,Online,42.23
TX003449,CUST00759,2025-05-24 00:00:00,Home & Living,S,4,48.32,0.0,Online,193.28
TX003450,CUST00759,2025-07-03 00:00:00,Apparel,L,1,37.4,0.0,In-Store,37.4
TX003451,CUST00759,2025-08-26 00:00:00,Footwear,XL,1,61.41,25.56,Online,45.71
TX003452,CUST00759,2025-10-08 00:00:00,Apparel,M,1,96.35,0.0,Online,96.35
TX003453,CUST00759,2025-11-22 00:00:00,Footwear,M,4,84.78,0.0,Online,339.12
TX003454,CUST00759,2025-12-14 00:00:00,Home & Living,M,1,248.65,0.0,Online,248.65
TX003455,CUST00759,2026-01-14 00:00:00,Home & Living,S,1,99.86,0.0,In-Store,99.86
TX003456,CUST00759,2026-05-23 00:00:00,Footwear,S,1,115.27,0.0,Online,115.27
TX003457,CUST00759,2026-05-31 00:00:00,Footwear,S,1,85.55,0.0,Online,85.55
TX003458,CUST00760,2025-03-02 00:00:00,Footwear,XL,1,123.92,0.0,Online,123.92
TX003459,CUST00760,2025-03-11 00:00:00,Apparel,M,1,27.7,19.73,Online,22.23
TX003460,CUST00760,2026-06-02 00:00:00,Home & Living,M,1,110.36,0.0,Online,110.36
TX003461,CUST00761,2024-07-16 00:00:00,Accessories,S,1,67.42,14.79,Online,57.45
TX003462,CUST00761,2024-08-08 00:00:00,Accessories,XL,2,33.95,0.0,Online,67.9
TX003463,CUST00761,2024-08-17 00:00:00,Apparel,M,1,119.77,9.65,In-Store,108.21
TX003464,CUST00761,2024-10-11 00:00:00,Footwear,M,1,164.59,21.47,In-Store,129.25
TX003465,CUST00761,2025-07-26 00:00:00,Footwear,M,4,119.76,0.0,Online,479.04
TX003466,CUST00761,2026-02-04 00:00:00,Accessories,L,1,62.84,0.0,In-Store,62.84
TX003467,CUST00761,2026-04-29 00:00:00,Footwear,S,1,199.37,0.0,Online,199.37
TX003468,CUST00762,2026-03-14 00:00:00,Accessories,XL,1,20.21,0.0,In-Store,20.21
TX003469,CUST00762,2026-04-24 00:00:00,Apparel,S,1,26.64,0.0,Online,26.64
TX003470,CUST00762,2026-05-04 00:00:00,Footwear,S,1,117.3,15.14,Online,99.54
TX003471,CUST00762,2026-06-01 00:00:00,Apparel,M,2,65.41,16.47,Online,109.27
TX003472,CUST00762,2026-06-07 00:00:00,Footwear,L,1,170.23,8.17,In-Store,156.32
TX003473,CUST00763,2025-12-24 00:00:00,Home & Living,M,1,122.27,0.0,Online,122.27
TX003474,CUST00763,2025-12-30 00:00:00,Home & Living,M,1,161.46,0.0,Online,161.46
TX003475,CUST00763,2026-06-17 00:00:00,Footwear,M,2,196.06,32.91,In-Store,263.07
TX003476,CUST00764,2024-09-14 00:00:00,Footwear,S,2,174.19,35.28,Online,225.47
TX003477,CUST00764,2025-07-23 00:00:00,Accessories,XS,1,73.6,0.0,Online,73.6
TX003478,CUST00764,2025-07-29 00:00:00,Footwear,XS,1,180.62,0.0,Online,180.62
TX003479,CUST00765,2025-03-01 00:00:00,Home & Living,XL,1,167.99,0.0,Online,167.99
TX003480,CUST00765,2025-08-03 00:00:00,Apparel,M,1,40.38,0.0,Online,40.38
TX003481,CUST00766,2025-06-14 00:00:00,Home & Living,M,1,35.8,0.0,In-Store,35.8
TX003482,CUST00766,2025-09-07 00:00:00,Accessories,L,1,10.78,8.28,In-Store,9.89
TX003483,CUST00767,2024-10-11 00:00:00,Footwear,L,1,101.39,0.0,In-Store,101.39
TX003484,CUST00767,2025-08-08 00:00:00,Apparel,S,1,39.53,0.0,Online,39.53
TX003485,CUST00767,2025-08-14 00:00:00,Footwear,XS,2,190.45,13.56,Online,329.25
TX003486,CUST00767,2026-03-10 00:00:00,Footwear,XL,2,173.32,27.23,In-Store,252.25
TX003487,CUST00767,2026-03-22 00:00:00,Apparel,XS,2,66.84,0.0,Online,133.68
TX003488,CUST00767,2026-06-20 00:00:00,Home & Living,S,1,43.99,0.0,Online,43.99
TX003489,CUST00768,2025-12-25 00:00:00,Apparel,S,3,61.52,0.0,Online,184.56
TX003490,CUST00769,2026-06-25 00:00:00,Apparel,S,3,46.4,0.0,Online,139.2
TX003491,CUST00770,2025-04-26 00:00:00,Home & Living,S,2,277.82,5.58,In-Store,524.64
TX003492,CUST00771,2025-04-16 00:00:00,Footwear,M,2,150.68,6.42,Online,282.01
TX003493,CUST00771,2025-07-03 00:00:00,Apparel,L,1,117.42,0.0,Online,117.42
TX003494,CUST00771,2025-07-15 00:00:00,Footwear,M,1,74.86,15.56,In-Store,63.21
TX003495,CUST00771,2025-11-30 00:00:00,Apparel,L,1,72.69,0.0,Online,72.69
TX003496,CUST00771,2026-06-29 00:00:00,Apparel,S,2,117.12,0.0,In-Store,234.24
TX003497,CUST00772,2026-05-08 00:00:00,Footwear,S,1,151.9,0.0,Online,151.9
TX003498,CUST00773,2025-05-06 00:00:00,Home & Living,S,1,64.6,0.0,Online,64.6
TX003499,CUST00774,2025-08-14 00:00:00,Home & Living,M,3,244.82,0.0,In-Store,734.46
TX003500,CUST00774,2025-08-20 00:00:00,Apparel,M,1,86.52,0.0,Online,86.52
TX003501,CUST00774,2026-06-15 00:00:00,Accessories,XS,1,31.9,0.0,In-Store,31.9
TX003502,CUST00774,2026-06-22 00:00:00,Footwear,XS,3,174.05,36.79,Online,330.05
TX003503,CUST00774,2026-06-30 00:00:00,Apparel,XL,2,49.94,9.63,Online,90.26
TX003504,CUST00775,2025-11-20 00:00:00,Home & Living,L,1,213.39,0.0,In-Store,213.39
TX003505,CUST00775,2026-02-13 00:00:00,Footwear,S,1,88.14,0.0,In-Store,88.14
TX003506,CUST00775,2026-04-01 00:00:00,Accessories,S,1,48.62,0.0,In-Store,48.62
TX003507,CUST00776,2025-04-19 00:00:00,Home & Living,S,1,258.89,0.0,Online,258.89
TX003508,CUST00776,2025-10-01 00:00:00,Accessories,XS,1,28.36,0.0,Online,28.36
TX003509,CUST00776,2026-04-28 00:00:00,Footwear,M,2,174.67,13.95,Online,300.61
TX003510,CUST00777,2026-03-14 00:00:00,Home & Living,S,1,178.41,0.0,Online,178.41
TX003511,CUST00777,2026-03-30 00:00:00,Accessories,S,1,38.51,0.0,Online,38.51
TX003512,CUST00777,2026-04-01 00:00:00,Accessories,L,1,23.77,0.0,Online,23.77
TX003513,CUST00777,2026-04-17 00:00:00,Footwear,XL,1,87.12,19.33,Online,70.28
TX003514,CUST00777,2026-04-26 00:00:00,Home & Living,L,1,197.82,0.0,In-Store,197.82
TX003515,CUST00777,2026-04-28 00:00:00,Home & Living,L,2,177.42,0.0,In-Store,354.84
TX003516,CUST00777,2026-04-29 00:00:00,Accessories,XS,4,28.82,0.0,Online,115.28
TX003517,CUST00777,2026-05-14 00:00:00,Home & Living,L,1,166.15,0.0,In-Store,166.15
TX003518,CUST00777,2026-06-02 00:00:00,Home & Living,S,2,194.94,0.0,In-Store,389.88
TX003519,CUST00777,2026-06-20 00:00:00,Footwear,M,2,146.93,11.54,Online,259.95
TX003520,CUST00778,2025-11-07 00:00:00,Home & Living,S,1,45.93,0.0,In-Store,45.93
TX003521,CUST00778,2025-12-01 00:00:00,Home & Living,XS,2,211.16,0.0,Online,422.32
TX003522,CUST00778,2026-02-27 00:00:00,Home & Living,XS,1,38.0,0.0,Online,38.0
TX003523,CUST00778,2026-03-07 00:00:00,Accessories,L,1,64.38,0.0,In-Store,64.38
TX003524,CUST00778,2026-04-05 00:00:00,Apparel,M,1,51.22,0.0,In-Store,51.22
TX003525,CUST00779,2025-02-01 00:00:00,Apparel,XS,2,80.08,21.84,In-Store,125.18
TX003526,CUST00780,2025-12-06 00:00:00,Accessories,M,2,30.21,0.0,Online,60.42
TX003527,CUST00780,2026-01-02 00:00:00,Home & Living,XL,1,242.18,0.0,Online,242.18
TX003528,CUST00780,2026-02-09 00:00:00,Apparel,XS,3,98.75,28.89,Online,210.66
TX003529,CUST00780,2026-03-08 00:00:00,Footwear,M,2,183.5,0.0,In-Store,367.0
TX003530,CUST00780,2026-03-12 00:00:00,Apparel,L,1,119.89,0.0,Online,119.89
TX003531,CUST00780,2026-05-13 00:00:00,Footwear,M,1,106.13,0.0,Online,106.13
TX003532,CUST00781,2026-02-11 00:00:00,Footwear,XL,4,58.09,0.0,Online,232.36
TX003533,CUST00781,2026-03-02 00:00:00,Apparel,XL,1,25.95,0.0,Online,25.95
TX003534,CUST00781,2026-03-14 00:00:00,Accessories,S,1,12.57,6.77,In-Store,11.72
TX003535,CUST00781,2026-03-30 00:00:00,Home & Living,M,2,153.95,0.0,Online,307.9
TX003536,CUST00781,2026-04-16 00:00:00,Accessories,M,1,24.85,8.3,Online,22.79
TX003537,CUST00781,2026-05-25 00:00:00,Accessories,S,1,39.48,0.0,In-Store,39.48
TX003538,CUST00782,2025-09-26 00:00:00,Home & Living,M,1,269.08,0.0,In-Store,269.08
TX003539,CUST00783,2025-12-14 00:00:00,Apparel,L,1,102.33,0.0,Online,102.33
TX003540,CUST00784,2026-01-20 00:00:00,Accessories,M,1,32.78,0.0,In-Store,32.78
TX003541,CUST00784,2026-02-28 00:00:00,Home & Living,L,1,178.01,0.0,Online,178.01
TX003542,CUST00784,2026-06-29 00:00:00,Apparel,M,1,30.15,16.1,Online,25.3
TX003543,CUST00785,2026-02-12 00:00:00,Footwear,XS,1,89.7,7.92,Online,82.6
TX003544,CUST00786,2024-11-06 00:00:00,Accessories,XL,2,34.91,0.0,Online,69.82
TX003545,CUST00786,2025-08-08 00:00:00,Accessories,M,2,35.91,0.0,Online,71.82
TX003546,CUST00787,2024-09-26 00:00:00,Home & Living,S,1,279.13,0.0,Online,279.13
TX003547,CUST00787,2026-02-01 00:00:00,Home & Living,L,1,54.5,0.0,Online,54.5
TX003548,CUST00788,2025-08-01 00:00:00,Home & Living,XS,1,145.56,0.0,Online,145.56
TX003549,CUST00789,2024-04-26 00:00:00,Apparel,L,1,42.64,0.0,Online,42.64
TX003550,CUST00789,2024-09-06 00:00:00,Apparel,S,1,64.35,0.0,Online,64.35
TX003551,CUST00790,2025-09-04 00:00:00,Accessories,M,1,56.37,0.0,In-Store,56.37
TX003552,CUST00790,2025-09-23 00:00:00,Home & Living,XL,1,296.03,0.0,Online,296.03
TX003553,CUST00790,2025-09-25 00:00:00,Apparel,XL,1,94.23,0.0,Online,94.23
TX003554,CUST00790,2026-01-07 00:00:00,Apparel,S,1,93.72,12.32,In-Store,82.17
TX003555,CUST00790,2026-01-14 00:00:00,Home & Living,XS,3,151.49,15.09,Online,385.89
TX003556,CUST00790,2026-02-01 00:00:00,Home & Living,S,1,271.21,11.15,Online,240.97
TX003557,CUST00790,2026-02-17 00:00:00,Apparel,XS,1,70.18,0.0,Online,70.18
TX003558,CUST00790,2026-04-11 00:00:00,Footwear,S,1,185.95,0.0,Online,185.95
TX003559,CUST00790,2026-04-25 00:00:00,Apparel,XL,1,36.94,10.54,Online,33.05
TX003560,CUST00790,2026-06-05 00:00:00,Apparel,M,1,27.81,12.95,Online,24.21
TX003561,CUST00791,2025-03-05 00:00:00,Accessories,M,2,56.98,0.0,In-Store,113.96
TX003562,CUST00791,2025-04-01 00:00:00,Home & Living,M,1,146.6,0.0,Online,146.6
TX003563,CUST00791,2026-03-08 00:00:00,Apparel,S,2,49.08,0.0,Online,98.16
TX003564,CUST00791,2026-06-04 00:00:00,Footwear,XL,1,186.44,0.0,Online,186.44
TX003565,CUST00792,2025-05-07 00:00:00,Home & Living,S,1,98.09,0.0,Online,98.09
TX003566,CUST00792,2026-01-18 00:00:00,Home & Living,XL,1,121.06,0.0,Online,121.06
TX003567,CUST00793,2024-02-18 00:00:00,Home & Living,XL,1,111.32,18.22,Online,91.04
TX003568,CUST00794,2026-03-23 00:00:00,Accessories,M,1,59.2,9.96,Online,53.3
TX003569,CUST00794,2026-06-29 00:00:00,Footwear,M,1,152.68,31.17,Online,105.09
TX003570,CUST00795,2025-08-26 00:00:00,Home & Living,S,1,257.02,0.0,Online,257.02
TX003571,CUST00796,2024-07-25 00:00:00,Apparel,M,1,72.69,0.0,In-Store,72.69
TX003572,CUST00796,2025-10-22 00:00:00,Footwear,M,2,97.97,5.14,Online,185.87
TX003573,CUST00796,2026-02-27 00:00:00,Home & Living,XS,1,182.61,0.0,Online,182.61
TX003574,CUST00797,2026-01-23 00:00:00,Apparel,XL,1,67.46,14.96,Online,57.37
TX003575,CUST00797,2026-02-23 00:00:00,Accessories,S,1,37.69,0.0,Online,37.69
TX003576,CUST00797,2026-04-14 00:00:00,Footwear,XS,1,123.2,0.0,In-Store,123.2
TX003577,CUST00797,2026-04-15 00:00:00,Apparel,L,1,100.91,8.07,In-Store,92.77
TX003578,CUST00797,2026-05-18 00:00:00,Home & Living,S,1,267.72,17.39,Online,221.16
TX003579,CUST00797,2026-05-23 00:00:00,Footwear,S,1,101.93,0.0,In-Store,101.93
TX003580,CUST00797,2026-06-10 00:00:00,Footwear,XL,1,76.23,0.0,Online,76.23
TX003581,CUST00797,2026-06-17 00:00:00,Footwear,M,1,124.18,16.04,Online,104.26
TX003582,CUST00798,2024-05-29 00:00:00,Accessories,M,1,48.6,0.0,Online,48.6
TX003583,CUST00798,2024-10-18 00:00:00,Apparel,S,1,83.56,6.26,In-Store,78.33
TX003584,CUST00798,2025-01-30 00:00:00,Home & Living,L,1,265.52,0.0,In-Store,265.52
TX003585,CUST00798,2026-01-30 00:00:00,Home & Living,L,1,230.89,0.0,Online,230.89
TX003586,CUST00799,2024-12-20 00:00:00,Accessories,M,1,32.64,10.21,In-Store,29.31
TX003587,CUST00799,2025-10-30 00:00:00,Apparel,M,1,39.12,7.59,In-Store,36.15
TX003588,CUST00800,2026-04-08 00:00:00,Accessories,M,1,59.72,13.68,Online,51.55
TX003589,CUST00800,2026-05-15 00:00:00,Home & Living,L,2,267.37,0.0,Online,534.74
TX003590,CUST00801,2025-11-11 00:00:00,Footwear,S,1,165.22,0.0,Online,165.22
TX003591,CUST00801,2026-02-23 00:00:00,Apparel,L,1,26.13,0.0,Online,26.13
TX003592,CUST00801,2026-05-26 00:00:00,Accessories,M,1,21.01,0.0,In-Store,21.01
TX003593,CUST00801,2026-06-20 00:00:00,Accessories,L,1,52.22,0.0,In-Store,52.22
TX003594,CUST00802,2025-01-22 00:00:00,Apparel,M,1,100.33,0.0,In-Store,100.33
TX003595,CUST00802,2025-08-09 00:00:00,Home & Living,XS,2,117.99,17.84,In-Store,193.88
TX003596,CUST00802,2025-09-12 00:00:00,Accessories,L,3,30.92,0.0,Online,92.76
TX003597,CUST00802,2025-09-28 00:00:00,Apparel,M,1,99.01,18.89,Online,80.31
TX003598,CUST00802,2025-10-30 00:00:00,Home & Living,M,1,281.58,0.0,Online,281.58
TX003599,CUST00802,2026-04-12 00:00:00,Accessories,XS,3,43.5,0.0,Online,130.5
TX003600,CUST00802,2026-04-18 00:00:00,Home & Living,L,1,269.33,0.0,Online,269.33
TX003601,CUST00803,2026-01-16 00:00:00,Footwear,XL,1,183.53,0.0,Online,183.53
TX003602,CUST00804,2024-02-16 00:00:00,Accessories,XS,1,57.22,0.0,Online,57.22
TX003603,CUST00804,2024-05-06 00:00:00,Apparel,M,4,25.8,0.0,Online,103.2
TX003604,CUST00804,2024-09-02 00:00:00,Footwear,XL,1,130.77,6.78,Online,121.9
TX003605,CUST00804,2024-12-26 00:00:00,Accessories,XL,1,19.35,6.83,Online,18.03
TX003606,CUST00804,2024-12-31 00:00:00,Home & Living,L,1,106.55,0.0,Online,106.55
TX003607,CUST00804,2025-09-16 00:00:00,Apparel,M,2,114.78,0.0,Online,229.56
TX003608,CUST00804,2025-09-21 00:00:00,Accessories,S,1,69.49,0.0,In-Store,69.49
TX003609,CUST00804,2026-02-20 00:00:00,Accessories,M,3,58.62,8.46,Online,160.98
TX003610,CUST00805,2024-05-17 00:00:00,Footwear,S,1,170.11,0.0,Online,170.11
TX003611,CUST00805,2024-08-15 00:00:00,Footwear,L,4,161.62,0.0,In-Store,646.48
TX003612,CUST00805,2025-03-30 00:00:00,Home & Living,XL,4,43.91,0.0,Online,175.64
TX003613,CUST00805,2025-11-07 00:00:00,Apparel,M,4,112.52,0.0,In-Store,450.08
TX003614,CUST00805,2025-12-09 00:00:00,Home & Living,L,1,243.57,15.94,In-Store,204.74
TX003615,CUST00805,2026-04-24 00:00:00,Accessories,XS,1,73.76,13.84,In-Store,63.55
TX003616,CUST00806,2025-12-25 00:00:00,Footwear,XL,1,52.87,13.92,In-Store,45.51
TX003617,CUST00807,2024-04-26 00:00:00,Home & Living,S,1,112.62,0.0,In-Store,112.62
TX003618,CUST00807,2024-05-24 00:00:00,Accessories,M,1,72.91,0.0,Online,72.91
TX003619,CUST00807,2024-06-02 00:00:00,Accessories,XL,2,35.76,9.43,Online,64.78
TX003620,CUST00808,2024-08-09 00:00:00,Apparel,M,2,61.49,21.45,Online,96.6
TX003621,CUST00808,2024-08-19 00:00:00,Home & Living,L,1,116.69,19.1,Online,94.4
TX003622,CUST00808,2024-09-11 00:00:00,Footwear,L,1,144.79,0.0,Online,144.79
TX003623,CUST00808,2024-11-10 00:00:00,Footwear,XS,2,172.78,0.0,Online,345.56
TX003624,CUST00808,2025-10-21 00:00:00,Accessories,M,2,20.16,0.0,Online,40.32
TX003625,CUST00808,2026-06-15 00:00:00,Footwear,M,1,126.48,0.0,Online,126.48
TX003626,CUST00809,2024-07-25 00:00:00,Accessories,S,1,68.16,5.88,In-Store,64.15
TX003627,CUST00809,2024-10-31 00:00:00,Accessories,XL,1,58.48,0.0,In-Store,58.48
TX003628,CUST00809,2025-01-12 00:00:00,Accessories,XS,2,39.74,0.0,In-Store,79.48
TX003629,CUST00809,2025-03-11 00:00:00,Home & Living,L,4,276.01,0.0,Online,1104.04
TX003630,CUST00809,2025-11-06 00:00:00,Home & Living,M,1,260.44,0.0,Online,260.44
TX003631,CUST00809,2026-01-11 00:00:00,Accessories,M,1,28.8,0.0,In-Store,28.8
TX003632,CUST00809,2026-03-11 00:00:00,Footwear,S,1,145.79,0.0,Online,145.79
TX003633,CUST00809,2026-03-30 00:00:00,Accessories,M,1,12.94,0.0,In-Store,12.94
TX003634,CUST00809,2026-06-16 00:00:00,Footwear,M,1,69.02,0.0,Online,69.02
TX003635,CUST00810,2024-09-19 00:00:00,Apparel,L,1,82.13,0.0,Online,82.13
TX003636,CUST00810,2025-09-05 00:00:00,Accessories,L,1,38.29,0.0,In-Store,38.29
TX003637,CUST00811,2026-01-30 00:00:00,Home & Living,L,1,41.93,0.0,In-Store,41.93
TX003638,CUST00812,2025-12-13 00:00:00,Home & Living,S,2,259.16,0.0,In-Store,518.32
TX003639,CUST00812,2025-12-16 00:00:00,Apparel,S,1,59.2,0.0,Online,59.2
TX003640,CUST00812,2026-01-02 00:00:00,Home & Living,S,1,120.8,0.0,In-Store,120.8
TX003641,CUST00812,2026-02-12 00:00:00,Home & Living,L,3,180.64,0.0,In-Store,541.92
TX003642,CUST00812,2026-02-14 00:00:00,Footwear,L,3,190.93,0.0,Online,572.79
TX003643,CUST00812,2026-02-20 00:00:00,Accessories,L,1,68.8,0.0,In-Store,68.8
TX003644,CUST00812,2026-03-21 00:00:00,Apparel,M,1,40.25,0.0,Online,40.25
TX003645,CUST00812,2026-03-29 00:00:00,Accessories,M,1,47.17,0.0,In-Store,47.17
TX003646,CUST00812,2026-04-06 00:00:00,Home & Living,M,2,263.79,0.0,In-Store,527.58
TX003647,CUST00812,2026-04-07 00:00:00,Accessories,M,1,37.54,0.0,Online,37.54
TX003648,CUST00812,2026-04-08 00:00:00,Footwear,L,1,95.93,0.0,In-Store,95.93
TX003649,CUST00812,2026-05-23 00:00:00,Home & Living,L,1,130.5,12.23,In-Store,114.54
TX003650,CUST00812,2026-05-25 00:00:00,Accessories,S,1,66.59,0.0,Online,66.59
TX003651,CUST00812,2026-06-23 00:00:00,Footwear,M,4,134.64,8.91,Online,490.57
TX003652,CUST00813,2026-01-02 00:00:00,Apparel,M,1,82.61,20.33,Online,65.82
TX003653,CUST00813,2026-02-14 00:00:00,Accessories,L,1,53.54,5.63,Online,50.53
TX003654,CUST00813,2026-04-22 00:00:00,Apparel,L,1,114.96,0.0,Online,114.96
TX003655,CUST00814,2025-07-09 00:00:00,Apparel,M,1,61.04,0.0,Online,61.04
TX003656,CUST00814,2025-10-09 00:00:00,Home & Living,M,1,104.65,0.0,In-Store,104.65
TX003657,CUST00814,2025-10-11 00:00:00,Apparel,XS,1,111.91,0.0,Online,111.91
TX003658,CUST00814,2026-02-26 00:00:00,Accessories,M,1,68.89,0.0,In-Store,68.89
TX003659,CUST00814,2026-04-04 00:00:00,Footwear,S,1,146.95,12.59,In-Store,128.45
TX003660,CUST00814,2026-06-23 00:00:00,Accessories,XL,2,33.22,0.0,In-Store,66.44
TX003661,CUST00815,2026-03-12 00:00:00,Home & Living,XS,1,201.93,0.0,In-Store,201.93
TX003662,CUST00815,2026-03-13 00:00:00,Accessories,M,2,40.87,12.93,In-Store,71.17
TX003663,CUST00815,2026-05-11 00:00:00,Footwear,S,1,56.99,0.0,Online,56.99
TX003664,CUST00815,2026-05-12 00:00:00,Accessories,L,1,64.72,0.0,In-Store,64.72
TX003665,CUST00816,2026-02-14 00:00:00,Accessories,L,2,67.18,0.0,In-Store,134.36
TX003666,CUST00816,2026-03-13 00:00:00,Accessories,M,2,72.89,0.0,Online,145.78
TX003667,CUST00816,2026-05-24 00:00:00,Footwear,L,3,62.52,20.51,In-Store,149.09
TX003668,CUST00817,2024-04-26 00:00:00,Apparel,L,1,52.14,22.61,Online,40.35
TX003669,CUST00817,2024-05-22 00:00:00,Accessories,M,1,62.29,0.0,In-Store,62.29
TX003670,CUST00817,2024-08-15 00:00:00,Accessories,M,1,38.46,0.0,Online,38.46
TX003671,CUST00817,2024-09-22 00:00:00,Home & Living,M,1,189.35,0.0,In-Store,189.35
TX003672,CUST00817,2024-11-24 00:00:00,Apparel,S,2,73.56,0.0,Online,147.12
TX003673,CUST00817,2024-12-30 00:00:00,Accessories,XL,1,55.14,0.0,In-Store,55.14
TX003674,CUST00817,2025-06-21 00:00:00,Home & Living,XL,1,59.45,0.0,Online,59.45
TX003675,CUST00817,2026-03-12 00:00:00,Accessories,XL,1,71.34,0.0,In-Store,71.34
TX003676,CUST00817,2026-03-18 00:00:00,Accessories,M,1,25.34,0.0,In-Store,25.34
TX003677,CUST00817,2026-06-13 00:00:00,Apparel,L,1,108.71,9.3,Online,98.6
TX003678,CUST00818,2025-06-01 00:00:00,Home & Living,L,1,35.02,12.86,Online,30.52
TX003679,CUST00818,2026-02-21 00:00:00,Footwear,S,1,187.33,7.98,In-Store,172.38
TX003680,CUST00818,2026-03-18 00:00:00,Apparel,XS,2,103.72,25.75,In-Store,154.02
TX003681,CUST00818,2026-05-28 00:00:00,Home & Living,XS,1,56.97,0.0,Online,56.97
TX003682,CUST00819,2024-06-12 00:00:00,Home & Living,M,2,295.01,0.0,Online,590.02
TX003683,CUST00819,2024-07-23 00:00:00,Home & Living,S,1,118.96,0.0,In-Store,118.96
TX003684,CUST00819,2025-02-28 00:00:00,Home & Living,M,2,137.5,0.0,In-Store,275.0
TX003685,CUST00819,2025-05-17 00:00:00,Apparel,M,2,97.21,11.45,Online,172.16
TX003686,CUST00819,2025-09-15 00:00:00,Footwear,XS,1,67.37,0.0,In-Store,67.37
TX003687,CUST00819,2026-03-19 00:00:00,Apparel,M,1,88.76,0.0,Online,88.76
TX003688,CUST00819,2026-04-07 00:00:00,Footwear,XS,1,132.26,0.0,Online,132.26
TX003689,CUST00819,2026-05-09 00:00:00,Home & Living,M,1,114.23,0.0,In-Store,114.23
TX003690,CUST00820,2025-10-07 00:00:00,Accessories,XS,1,26.38,0.0,In-Store,26.38
TX003691,CUST00820,2025-10-20 00:00:00,Apparel,L,1,78.53,0.0,Online,78.53
TX003692,CUST00820,2025-10-29 00:00:00,Footwear,M,4,148.92,27.87,Online,429.66
TX003693,CUST00820,2025-10-31 00:00:00,Accessories,M,1,47.49,14.32,Online,40.69
TX003694,CUST00820,2025-11-30 00:00:00,Footwear,XS,2,152.48,9.25,Online,276.75
TX003695,CUST00820,2026-01-22 00:00:00,Footwear,XL,1,153.17,0.0,Online,153.17
TX003696,CUST00820,2026-03-15 00:00:00,Apparel,M,1,67.63,0.0,Online,67.63
TX003697,CUST00820,2026-03-24 00:00:00,Home & Living,M,1,62.2,0.0,In-Store,62.2
TX003698,CUST00820,2026-04-28 00:00:00,Footwear,L,1,153.21,0.0,Online,153.21
TX003699,CUST00820,2026-05-10 00:00:00,Accessories,M,1,66.17,0.0,Online,66.17
TX003700,CUST00820,2026-06-07 00:00:00,Apparel,S,1,67.99,14.09,Online,58.41
TX003701,CUST00820,2026-06-17 00:00:00,Footwear,M,3,92.06,0.0,In-Store,276.18
TX003702,CUST00820,2026-06-26 00:00:00,Home & Living,M,1,249.23,0.0,In-Store,249.23
TX003703,CUST00820,2026-06-30 00:00:00,Apparel,XS,1,88.76,23.88,In-Store,67.56
TX003704,CUST00821,2024-08-14 00:00:00,Apparel,L,2,108.12,6.18,In-Store,202.88
TX003705,CUST00821,2025-11-20 00:00:00,Accessories,M,3,70.26,0.0,In-Store,210.78
TX003706,CUST00821,2026-05-10 00:00:00,Footwear,M,1,106.82,29.68,Online,75.12
TX003707,CUST00822,2025-12-20 00:00:00,Accessories,XL,1,66.75,0.0,In-Store,66.75
TX003708,CUST00822,2025-12-22 00:00:00,Footwear,M,1,52.75,0.0,In-Store,52.75
TX003709,CUST00822,2026-01-09 00:00:00,Footwear,L,3,172.58,0.0,Online,517.74
TX003710,CUST00822,2026-01-12 00:00:00,Apparel,S,4,85.77,0.0,Online,343.08
TX003711,CUST00822,2026-01-24 00:00:00,Accessories,XS,2,59.09,0.0,Online,118.18
TX003712,CUST00822,2026-01-25 00:00:00,Accessories,L,2,30.36,0.0,Online,60.72
TX003713,CUST00822,2026-02-07 00:00:00,Footwear,S,2,107.57,0.0,In-Store,215.14
TX003714,CUST00822,2026-03-09 00:00:00,Apparel,L,1,69.41,0.0,Online,69.41
TX003715,CUST00822,2026-03-13 00:00:00,Accessories,S,1,40.54,11.55,Online,35.86
TX003716,CUST00822,2026-03-15 00:00:00,Home & Living,XL,1,299.41,19.16,Online,242.04
TX003717,CUST00822,2026-03-18 00:00:00,Apparel,S,2,76.81,0.0,In-Store,153.62
TX003718,CUST00822,2026-04-10 00:00:00,Apparel,M,1,42.1,14.57,Online,35.97
TX003719,CUST00822,2026-04-17 00:00:00,Footwear,M,1,97.21,17.97,Online,79.74
TX003720,CUST00822,2026-05-14 00:00:00,Apparel,M,1,56.3,7.02,In-Store,52.35
TX003721,CUST00822,2026-06-16 00:00:00,Home & Living,L,1,130.78,0.0,In-Store,130.78
TX003722,CUST00822,2026-06-24 00:00:00,Home & Living,S,1,41.5,0.0,In-Store,41.5
TX003723,CUST00823,2025-12-10 00:00:00,Accessories,S,1,60.16,0.0,In-Store,60.16
TX003724,CUST00823,2026-01-03 00:00:00,Home & Living,M,1,170.4,0.0,Online,170.4
TX003725,CUST00824,2026-01-04 00:00:00,Apparel,XS,1,29.87,0.0,Online,29.87
TX003726,CUST00825,2026-05-30 00:00:00,Home & Living,XS,1,71.28,0.0,In-Store,71.28
TX003727,CUST00826,2024-08-11 00:00:00,Accessories,S,3,32.75,0.0,Online,98.25
TX003728,CUST00826,2024-11-29 00:00:00,Home & Living,M,1,192.99,0.0,Online,192.99
TX003729,CUST00826,2025-04-15 00:00:00,Home & Living,S,1,178.91,0.0,Online,178.91
TX003730,CUST00827,2025-11-09 00:00:00,Footwear,S,2,167.16,28.58,Online,238.77
TX003731,CUST00828,2025-12-27 00:00:00,Accessories,L,1,47.05,6.45,Online,44.02
TX003732,CUST00828,2026-03-13 00:00:00,Footwear,L,1,50.87,0.0,Online,50.87
TX003733,CUST00828,2026-03-15 00:00:00,Footwear,XS,1,95.48,22.49,Online,74.01
TX003734,CUST00828,2026-04-27 00:00:00,Footwear,XL,3,80.38,0.0,Online,241.14
TX003735,CUST00828,2026-05-28 00:00:00,Apparel,S,2,98.59,0.0,Online,197.18
TX003736,CUST00829,2026-05-29 00:00:00,Accessories,XS,1,42.5,0.0,Online,42.5
TX003737,CUST00829,2026-06-08 00:00:00,Footwear,L,1,50.48,0.0,In-Store,50.48
TX003738,CUST00829,2026-06-15 00:00:00,Footwear,S,2,110.56,0.0,In-Store,221.12
TX003739,CUST00830,2026-05-13 00:00:00,Footwear,L,1,106.76,0.0,Online,106.76
TX003740,CUST00831,2025-06-01 00:00:00,Home & Living,M,2,78.31,0.0,In-Store,156.62
TX003741,CUST00831,2025-07-28 00:00:00,Apparel,S,1,98.74,0.0,Online,98.74
TX003742,CUST00831,2026-01-12 00:00:00,Footwear,S,4,116.43,6.45,Online,435.68
TX003743,CUST00831,2026-03-05 00:00:00,Apparel,M,1,111.84,23.14,Online,85.96
TX003744,CUST00832,2025-10-04 00:00:00,Footwear,M,2,112.25,37.27,In-Store,140.83
TX003745,CUST00832,2025-10-19 00:00:00,Home & Living,L,1,41.44,0.0,Online,41.44
TX003746,CUST00832,2025-10-24 00:00:00,Accessories,S,3,51.76,0.0,In-Store,155.28
TX003747,CUST00832,2025-11-09 00:00:00,Footwear,XL,2,181.17,0.0,Online,362.34
TX003748,CUST00832,2025-11-27 00:00:00,Footwear,XS,1,145.49,30.69,Online,100.84
TX003749,CUST00832,2025-12-21 00:00:00,Apparel,M,2,88.52,0.0,Online,177.04
TX003750,CUST00832,2025-12-26 00:00:00,Home & Living,M,1,256.29,0.0,Online,256.29
TX003751,CUST00832,2026-01-07 00:00:00,Apparel,XS,1,107.08,0.0,Online,107.08
TX003752,CUST00832,2026-01-23 00:00:00,Home & Living,S,2,141.26,0.0,In-Store,282.52
TX003753,CUST00832,2026-01-27 00:00:00,Footwear,M,4,70.84,0.0,In-Store,283.36
TX003754,CUST00832,2026-02-05 00:00:00,Footwear,S,1,68.78,0.0,In-Store,68.78
TX003755,CUST00832,2026-02-28 00:00:00,Footwear,S,1,76.18,26.25,In-Store,56.18
TX003756,CUST00832,2026-03-31 00:00:00,Footwear,S,1,90.7,0.0,Online,90.7
TX003757,CUST00832,2026-04-05 00:00:00,Apparel,M,1,40.55,0.0,In-Store,40.55
TX003758,CUST00832,2026-04-20 00:00:00,Accessories,M,4,50.05,0.0,In-Store,200.2
TX003759,CUST00832,2026-04-23 00:00:00,Footwear,M,1,103.72,0.0,Online,103.72
TX003760,CUST00832,2026-05-11 00:00:00,Footwear,S,2,197.44,17.61,Online,325.34
TX003761,CUST00832,2026-06-04 00:00:00,Home & Living,S,1,207.73,9.58,In-Store,187.83
TX003762,CUST00832,2026-06-19 00:00:00,Accessories,XS,1,10.26,0.0,Online,10.26
TX003763,CUST00832,2026-06-22 00:00:00,Footwear,L,2,178.3,0.0,Online,356.6
TX003764,CUST00833,2025-05-25 00:00:00,Home & Living,XS,1,284.83,0.0,Online,284.83
TX003765,CUST00833,2025-06-15 00:00:00,Home & Living,S,2,69.53,0.0,Online,139.06
TX003766,CUST00833,2025-07-03 00:00:00,Accessories,L,2,10.28,0.0,Online,20.56
TX003767,CUST00833,2025-07-15 00:00:00,Footwear,S,1,173.68,32.08,Online,117.96
TX003768,CUST00833,2025-11-20 00:00:00,Home & Living,L,2,273.76,0.0,Online,547.52
TX003769,CUST00833,2025-12-08 00:00:00,Apparel,M,2,102.31,21.72,Online,160.18
TX003770,CUST00833,2025-12-28 00:00:00,Apparel,XL,1,41.73,0.0,In-Store,41.73
TX003771,CUST00833,2026-03-23 00:00:00,Home & Living,M,2,144.68,11.47,In-Store,256.17
TX003772,CUST00833,2026-04-27 00:00:00,Accessories,XS,1,67.77,0.0,Online,67.77
TX003773,CUST00834,2026-04-12 00:00:00,Home & Living,L,1,257.2,0.0,Online,257.2
TX003774,CUST00835,2025-08-16 00:00:00,Accessories,L,1,66.05,0.0,In-Store,66.05
TX003775,CUST00835,2025-08-21 00:00:00,Accessories,L,1,42.18,0.0,Online,42.18
TX003776,CUST00835,2025-10-08 00:00:00,Accessories,XL,1,30.09,0.0,Online,30.09
TX003777,CUST00835,2025-10-09 00:00:00,Home & Living,XL,2,49.26,0.0,In-Store,98.52
TX003778,CUST00835,2025-10-20 00:00:00,Footwear,L,2,187.03,0.0,In-Store,374.06
TX003779,CUST00835,2025-11-27 00:00:00,Accessories,M,1,29.23,0.0,Online,29.23
TX003780,CUST00835,2025-12-26 00:00:00,Apparel,XL,1,81.66,0.0,Online,81.66
TX003781,CUST00835,2025-12-29 00:00:00,Accessories,S,1,26.1,0.0,Online,26.1
TX003782,CUST00835,2026-01-09 00:00:00,Footwear,XS,1,102.3,0.0,In-Store,102.3
TX003783,CUST00835,2026-03-26 00:00:00,Accessories,M,1,48.49,11.43,Online,42.95
TX003784,CUST00835,2026-04-14 00:00:00,Home & Living,XL,1,214.81,0.0,Online,214.81
TX003785,CUST00835,2026-05-01 00:00:00,Accessories,M,1,69.74,0.0,In-Store,69.74
TX003786,CUST00835,2026-06-26 00:00:00,Footwear,S,2,82.47,0.0,Online,164.94
TX003787,CUST00836,2025-08-30 00:00:00,Apparel,S,2,44.88,0.0,In-Store,89.76
TX003788,CUST00836,2025-09-28 00:00:00,Apparel,M,2,42.34,8.8,In-Store,77.23
TX003789,CUST00836,2026-02-26 00:00:00,Home & Living,M,2,293.29,0.0,Online,586.58
TX003790,CUST00836,2026-06-27 00:00:00,Apparel,M,1,60.14,5.63,Online,56.75
TX003791,CUST00837,2025-07-02 00:00:00,Accessories,M,1,31.76,14.58,Online,27.13
TX003792,CUST00837,2025-07-05 00:00:00,Footwear,M,1,127.01,0.0,In-Store,127.01
TX003793,CUST00837,2025-07-22 00:00:00,Footwear,M,1,99.32,0.0,In-Store,99.32
TX003794,CUST00837,2025-08-10 00:00:00,Accessories,S,1,62.36,0.0,Online,62.36
TX003795,CUST00837,2025-10-26 00:00:00,Accessories,M,4,69.44,0.0,In-Store,277.76
TX003796,CUST00837,2025-11-15 00:00:00,Footwear,S,2,161.35,19.68,In-Store,259.19
TX003797,CUST00837,2026-03-04 00:00:00,Home & Living,L,1,281.06,0.0,In-Store,281.06
TX003798,CUST00837,2026-04-02 00:00:00,Apparel,M,1,56.49,29.03,Online,40.09
TX003799,CUST00838,2024-11-19 00:00:00,Footwear,L,1,107.44,34.11,In-Store,70.79
TX003800,CUST00838,2025-02-14 00:00:00,Apparel,S,1,101.25,0.0,In-Store,101.25
TX003801,CUST00838,2026-01-31 00:00:00,Home & Living,M,1,239.34,0.0,In-Store,239.34
TX003802,CUST00838,2026-02-25 00:00:00,Footwear,M,1,50.75,9.38,Online,45.99
TX003803,CUST00839,2024-04-05 00:00:00,Home & Living,M,3,270.09,0.0,Online,810.27
TX003804,CUST00840,2025-10-22 00:00:00,Accessories,S,1,69.2,0.0,Online,69.2
TX003805,CUST00840,2025-12-22 00:00:00,Home & Living,XS,2,89.7,0.0,In-Store,179.4
TX003806,CUST00840,2026-02-11 00:00:00,Accessories,M,2,30.18,0.0,Online,60.36
TX003807,CUST00840,2026-04-09 00:00:00,Apparel,M,1,78.63,0.0,Online,78.63
TX003808,CUST00841,2024-08-22 00:00:00,Apparel,M,2,67.79,0.0,In-Store,135.58
TX003809,CUST00841,2025-01-07 00:00:00,Footwear,XS,1,151.09,0.0,Online,151.09
TX003810,CUST00841,2025-02-12 00:00:00,Apparel,XL,3,33.52,0.0,Online,100.56
TX003811,CUST00841,2025-03-11 00:00:00,Home & Living,XS,1,231.58,0.0,In-Store,231.58
TX003812,CUST00841,2025-05-12 00:00:00,Footwear,L,2,152.94,0.0,In-Store,305.88
TX003813,CUST00841,2025-05-27 00:00:00,Home & Living,S,4,238.71,7.78,In-Store,880.55
TX003814,CUST00841,2025-11-16 00:00:00,Home & Living,XL,1,146.1,0.0,In-Store,146.1
TX003815,CUST00841,2026-01-02 00:00:00,Footwear,XL,2,158.77,0.0,Online,317.54
TX003816,CUST00841,2026-03-05 00:00:00,Apparel,S,1,55.82,23.81,In-Store,42.53
TX003817,CUST00841,2026-03-27 00:00:00,Footwear,M,2,77.87,21.98,Online,121.51
TX003818,CUST00841,2026-05-26 00:00:00,Accessories,XS,2,68.33,0.0,In-Store,136.66
TX003819,CUST00842,2025-09-06 00:00:00,Accessories,S,1,14.06,0.0,In-Store,14.06
TX003820,CUST00842,2025-10-11 00:00:00,Footwear,M,1,176.33,0.0,Online,176.33
TX003821,CUST00842,2026-04-07 00:00:00,Apparel,M,1,30.57,16.5,In-Store,25.53
TX003822,CUST00842,2026-05-15 00:00:00,Footwear,M,1,151.21,25.13,Online,113.21
TX003823,CUST00842,2026-06-03 00:00:00,Footwear,S,1,132.43,19.71,Online,106.33
TX003824,CUST00842,2026-06-11 00:00:00,Accessories,L,1,53.52,0.0,Online,53.52
TX003825,CUST00843,2024-09-12 00:00:00,Accessories,M,1,50.41,0.0,In-Store,50.41
TX003826,CUST00843,2024-12-27 00:00:00,Accessories,S,1,26.49,0.0,In-Store,26.49
TX003827,CUST00843,2025-09-07 00:00:00,Apparel,L,1,66.83,0.0,Online,66.83
TX003828,CUST00843,2026-06-14 00:00:00,Home & Living,XL,1,250.29,0.0,In-Store,250.29
TX003829,CUST00844,2025-10-19 00:00:00,Home & Living,XS,3,143.2,0.0,In-Store,429.6
TX003830,CUST00844,2025-11-07 00:00:00,Apparel,L,1,73.7,11.03,In-Store,65.57
TX003831,CUST00844,2025-11-12 00:00:00,Apparel,M,1,94.7,11.54,In-Store,83.77
TX003832,CUST00844,2025-11-12 00:00:00,Home & Living,M,1,236.56,0.0,In-Store,236.56
TX003833,CUST00844,2025-11-19 00:00:00,Apparel,M,4,91.82,0.0,In-Store,367.28
TX003834,CUST00844,2025-11-23 00:00:00,Apparel,XS,1,72.55,0.0,In-Store,72.55
TX003835,CUST00844,2025-12-03 00:00:00,Home & Living,L,1,56.39,0.0,Online,56.39
TX003836,CUST00844,2025-12-09 00:00:00,Accessories,L,2,28.09,0.0,Online,56.18
TX003837,CUST00844,2025-12-30 00:00:00,Home & Living,M,1,109.23,0.0,Online,109.23
TX003838,CUST00844,2026-01-03 00:00:00,Home & Living,XS,2,81.81,0.0,Online,163.62
TX003839,CUST00844,2026-01-11 00:00:00,Footwear,L,1,102.13,0.0,Online,102.13
TX003840,CUST00844,2026-01-28 00:00:00,Home & Living,M,1,159.09,0.0,In-Store,159.09
TX003841,CUST00844,2026-02-09 00:00:00,Home & Living,M,2,282.03,0.0,Online,564.06
TX003842,CUST00844,2026-02-28 00:00:00,Footwear,S,1,89.35,0.0,Online,89.35
TX003843,CUST00844,2026-03-01 00:00:00,Footwear,L,1,121.02,0.0,Online,121.02
TX003844,CUST00844,2026-03-09 00:00:00,Accessories,M,1,58.33,0.0,Online,58.33
TX003845,CUST00844,2026-03-16 00:00:00,Accessories,S,1,43.97,6.21,In-Store,41.24
TX003846,CUST00844,2026-03-25 00:00:00,Home & Living,S,2,213.13,0.0,In-Store,426.26
TX003847,CUST00844,2026-03-26 00:00:00,Home & Living,S,4,248.59,0.0,In-Store,994.36
TX003848,CUST00844,2026-04-23 00:00:00,Accessories,L,1,25.74,0.0,In-Store,25.74
TX003849,CUST00844,2026-05-05 00:00:00,Accessories,S,1,25.26,0.0,Online,25.26
TX003850,CUST00844,2026-05-13 00:00:00,Footwear,M,2,182.88,20.3,Online,291.51
TX003851,CUST00844,2026-05-26 00:00:00,Home & Living,L,1,146.38,0.0,In-Store,146.38
TX003852,CUST00844,2026-05-28 00:00:00,Apparel,S,4,53.96,0.0,In-Store,215.84
TX003853,CUST00845,2026-02-04 00:00:00,Home & Living,L,1,233.35,0.0,In-Store,233.35
TX003854,CUST00845,2026-03-22 00:00:00,Home & Living,M,2,287.21,0.0,Online,574.42
TX003855,CUST00845,2026-03-26 00:00:00,Accessories,XS,2,18.83,7.03,In-Store,35.01
TX003856,CUST00845,2026-06-25 00:00:00,Footwear,XL,1,53.01,11.93,Online,46.69
TX003857,CUST00846,2025-02-05 00:00:00,Footwear,M,3,163.57,0.0,Online,490.71
TX003858,CUST00846,2025-07-17 00:00:00,Footwear,M,1,198.09,0.0,Online,198.09
TX003859,CUST00847,2024-10-24 00:00:00,Footwear,M,1,104.57,27.58,In-Store,75.73
TX003860,CUST00847,2025-01-08 00:00:00,Home & Living,S,1,200.96,0.0,Online,200.96
TX003861,CUST00847,2025-02-04 00:00:00,Home & Living,S,2,255.25,0.0,In-Store,510.5
TX003862,CUST00847,2025-02-12 00:00:00,Footwear,L,1,127.67,0.0,Online,127.67
TX003863,CUST00847,2025-03-24 00:00:00,Footwear,XS,1,169.62,25.96,Online,125.59
TX003864,CUST00847,2025-04-19 00:00:00,Accessories,M,1,19.88,8.81,In-Store,18.13
TX003865,CUST00847,2025-07-12 00:00:00,Apparel,L,1,42.63,0.0,In-Store,42.63
TX003866,CUST00847,2025-07-14 00:00:00,Footwear,M,1,145.1,25.95,In-Store,107.45
TX003867,CUST00847,2025-09-11 00:00:00,Accessories,XS,1,12.25,0.0,In-Store,12.25
TX003868,CUST00847,2026-01-08 00:00:00,Accessories,XS,1,45.51,0.0,In-Store,45.51
TX003869,CUST00847,2026-02-11 00:00:00,Footwear,S,2,128.79,36.36,Online,163.92
TX003870,CUST00847,2026-02-22 00:00:00,Accessories,XS,2,11.67,0.0,Online,23.34
TX003871,CUST00847,2026-03-28 00:00:00,Home & Living,S,1,239.02,0.0,In-Store,239.02
TX003872,CUST00847,2026-04-26 00:00:00,Accessories,M,1,65.83,0.0,Online,65.83
TX003873,CUST00847,2026-06-09 00:00:00,Accessories,M,2,14.72,0.0,In-Store,29.44
TX003874,CUST00847,2026-06-13 00:00:00,Accessories,XL,1,29.31,0.0,In-Store,29.31
TX003875,CUST00848,2026-05-21 00:00:00,Home & Living,XS,1,182.16,0.0,In-Store,182.16
TX003876,CUST00848,2026-06-25 00:00:00,Footwear,S,1,74.92,38.38,In-Store,46.17
TX003877,CUST00849,2025-09-18 00:00:00,Footwear,XS,1,58.59,0.0,Online,58.59
TX003878,CUST00850,2025-09-25 00:00:00,Accessories,XS,2,42.11,0.0,Online,84.22
TX003879,CUST00850,2025-12-01 00:00:00,Accessories,S,1,24.21,0.0,Online,24.21
TX003880,CUST00851,2026-02-16 00:00:00,Apparel,L,1,57.69,6.06,In-Store,54.19
TX003881,CUST00852,2026-02-03 00:00:00,Accessories,XS,1,45.31,7.15,Online,42.07
TX003882,CUST00852,2026-03-16 00:00:00,Apparel,M,2,54.61,27.9,Online,78.75
TX003883,CUST00852,2026-04-10 00:00:00,Footwear,L,1,119.81,22.18,Online,93.24
TX003884,CUST00852,2026-04-29 00:00:00,Apparel,S,1,105.04,22.13,In-Store,81.79
TX003885,CUST00852,2026-06-30 00:00:00,Home & Living,S,1,288.0,0.0,Online,288.0
TX003886,CUST00853,2025-09-30 00:00:00,Apparel,XL,1,67.1,26.62,Online,49.24
TX003887,CUST00853,2025-10-20 00:00:00,Home & Living,M,4,161.61,17.64,Online,532.41
TX003888,CUST00853,2025-11-02 00:00:00,Home & Living,M,1,184.32,0.0,Online,184.32
TX003889,CUST00853,2025-11-12 00:00:00,Home & Living,L,1,88.16,0.0,Online,88.16
TX003890,CUST00853,2025-11-15 00:00:00,Home & Living,XS,1,72.53,0.0,Online,72.53
TX003891,CUST00853,2025-12-26 00:00:00,Accessories,L,1,27.42,0.0,In-Store,27.42
TX003892,CUST00853,2026-01-03 00:00:00,Home & Living,M,2,274.57,0.0,In-Store,549.14
TX003893,CUST00853,2026-01-15 00:00:00,Home & Living,M,1,231.87,0.0,Online,231.87
TX003894,CUST00853,2026-03-04 00:00:00,Apparel,M,1,41.07,29.44,Online,28.98
TX003895,CUST00853,2026-03-16 00:00:00,Apparel,L,1,26.5,0.0,In-Store,26.5
TX003896,CUST00853,2026-03-24 00:00:00,Accessories,XS,1,68.73,0.0,Online,68.73
TX003897,CUST00853,2026-05-18 00:00:00,Footwear,M,1,149.28,0.0,In-Store,149.28
TX003898,CUST00854,2026-04-23 00:00:00,Home & Living,L,1,268.14,0.0,Online,268.14
TX003899,CUST00855,2024-11-27 00:00:00,Home & Living,S,1,164.29,0.0,Online,164.29
TX003900,CUST00855,2025-01-18 00:00:00,Footwear,S,1,186.03,0.0,In-Store,186.03
TX003901,CUST00855,2025-06-17 00:00:00,Home & Living,M,1,288.66,0.0,Online,288.66
TX003902,CUST00855,2025-11-24 00:00:00,Footwear,M,2,102.51,0.0,In-Store,205.02
TX003903,CUST00855,2026-03-09 00:00:00,Accessories,M,2,54.72,0.0,Online,109.44
TX003904,CUST00855,2026-05-20 00:00:00,Apparel,S,1,114.34,6.42,Online,107.0
TX003905,CUST00856,2026-02-05 00:00:00,Apparel,M,1,35.67,15.7,Online,30.07
TX003906,CUST00856,2026-04-03 00:00:00,Accessories,M,1,15.22,0.0,Online,15.22
TX003907,CUST00857,2025-08-18 00:00:00,Apparel,M,1,48.5,0.0,In-Store,48.5
TX003908,CUST00857,2025-11-27 00:00:00,Accessories,L,1,38.96,0.0,Online,38.96
TX003909,CUST00857,2025-12-14 00:00:00,Apparel,S,1,112.13,0.0,In-Store,112.13
TX003910,CUST00857,2026-01-07 00:00:00,Home & Living,XL,1,63.91,0.0,In-Store,63.91
TX003911,CUST00857,2026-01-19 00:00:00,Home & Living,M,2,256.73,0.0,Online,513.46
TX003912,CUST00857,2026-03-22 00:00:00,Footwear,XS,1,184.84,0.0,In-Store,184.84
TX003913,CUST00857,2026-06-26 00:00:00,Home & Living,S,1,295.81,0.0,Online,295.81
TX003914,CUST00858,2024-08-10 00:00:00,Accessories,XS,1,65.79,0.0,Online,65.79
TX003915,CUST00858,2024-11-19 00:00:00,Footwear,L,1,134.66,0.0,In-Store,134.66
TX003916,CUST00858,2024-12-02 00:00:00,Apparel,L,2,42.64,0.0,In-Store,85.28
TX003917,CUST00858,2024-12-27 00:00:00,Home & Living,L,1,292.25,0.0,In-Store,292.25
TX003918,CUST00858,2025-04-15 00:00:00,Apparel,M,1,110.62,7.62,Online,102.19
TX003919,CUST00858,2025-07-10 00:00:00,Accessories,L,1,66.61,0.0,In-Store,66.61
TX003920,CUST00858,2025-07-20 00:00:00,Footwear,XL,2,136.8,17.39,Online,226.02
TX003921,CUST00858,2026-01-17 00:00:00,Home & Living,XL,3,108.5,0.0,Online,325.5
TX003922,CUST00858,2026-05-07 00:00:00,Home & Living,M,1,155.47,0.0,Online,155.47
TX003923,CUST00859,2025-07-12 00:00:00,Footwear,M,1,97.17,0.0,In-Store,97.17
TX003924,CUST00860,2026-02-02 00:00:00,Accessories,M,3,71.61,0.0,Online,214.83
TX003925,CUST00860,2026-06-14 00:00:00,Apparel,L,1,118.89,15.14,Online,100.89
TX003926,CUST00861,2025-05-16 00:00:00,Accessories,M,1,47.52,0.0,Online,47.52
TX003927,CUST00861,2025-11-25 00:00:00,Apparel,M,3,101.98,0.0,Online,305.94
TX003928,CUST00861,2025-12-21 00:00:00,Accessories,M,2,37.8,0.0,Online,75.6
TX003929,CUST00861,2026-01-26 00:00:00,Apparel,S,1,117.15,0.0,Online,117.15
TX003930,CUST00862,2024-11-13 00:00:00,Home & Living,L,1,109.35,0.0,In-Store,109.35
TX003931,CUST00862,2024-12-24 00:00:00,Home & Living,L,1,283.37,0.0,In-Store,283.37
TX003932,CUST00862,2025-02-07 00:00:00,Home & Living,XS,1,142.2,0.0,In-Store,142.2
TX003933,CUST00862,2025-02-23 00:00:00,Home & Living,M,1,86.5,13.21,Online,75.07
TX003934,CUST00862,2025-03-14 00:00:00,Apparel,M,1,110.69,18.24,Online,90.5
TX003935,CUST00862,2025-04-11 00:00:00,Apparel,S,1,83.98,0.0,In-Store,83.98
TX003936,CUST00862,2025-05-16 00:00:00,Accessories,S,1,60.81,0.0,Online,60.81
TX003937,CUST00862,2025-06-10 00:00:00,Footwear,M,1,171.25,0.0,Online,171.25
TX003938,CUST00862,2025-07-07 00:00:00,Apparel,S,1,111.54,0.0,Online,111.54
TX003939,CUST00862,2025-08-08 00:00:00,Apparel,L,1,25.64,24.41,In-Store,19.38
TX003940,CUST00862,2025-11-13 00:00:00,Apparel,S,1,63.17,0.0,Online,63.17
TX003941,CUST00862,2025-12-16 00:00:00,Footwear,M,1,64.36,0.0,In-Store,64.36
TX003942,CUST00862,2026-01-17 00:00:00,Footwear,S,2,167.14,7.63,Online,308.77
TX003943,CUST00862,2026-02-03 00:00:00,Home & Living,M,1,176.76,7.62,Online,163.29
TX003944,CUST00862,2026-02-03 00:00:00,Accessories,M,1,30.21,0.0,Online,30.21
TX003945,CUST00862,2026-02-24 00:00:00,Accessories,M,1,30.14,0.0,Online,30.14
TX003946,CUST00862,2026-04-23 00:00:00,Home & Living,M,1,53.8,0.0,Online,53.8
TX003947,CUST00862,2026-05-17 00:00:00,Apparel,M,1,73.52,20.24,Online,58.64
TX003948,CUST00863,2024-06-17 00:00:00,Accessories,M,3,61.53,0.0,In-Store,184.59
TX003949,CUST00863,2025-11-09 00:00:00,Home & Living,M,1,118.93,0.0,Online,118.93
TX003950,CUST00863,2026-06-02 00:00:00,Accessories,XS,1,20.88,0.0,Online,20.88
TX003951,CUST00863,2026-06-23 00:00:00,Home & Living,S,1,270.69,0.0,In-Store,270.69
TX003952,CUST00864,2024-08-22 00:00:00,Footwear,M,1,199.25,39.43,In-Store,120.69
TX003953,CUST00864,2024-09-27 00:00:00,Home & Living,XS,1,62.88,0.0,In-Store,62.88
TX003954,CUST00864,2025-05-05 00:00:00,Footwear,L,1,132.27,16.54,Online,110.39
TX003955,CUST00864,2026-02-08 00:00:00,Footwear,M,2,121.95,33.04,In-Store,163.32
TX003956,CUST00864,2026-03-04 00:00:00,Footwear,M,4,78.24,0.0,In-Store,312.96
TX003957,CUST00864,2026-06-18 00:00:00,Footwear,XS,1,178.97,17.59,Online,147.49
TX003958,CUST00865,2025-02-02 00:00:00,Accessories,XL,1,64.23,0.0,In-Store,64.23
TX003959,CUST00865,2025-07-17 00:00:00,Home & Living,M,1,162.69,0.0,Online,162.69
TX003960,CUST00865,2025-07-28 00:00:00,Home & Living,M,3,168.85,0.0,Online,506.55
TX003961,CUST00865,2026-05-24 00:00:00,Accessories,S,1,30.28,0.0,In-Store,30.28
TX003962,CUST00866,2024-02-07 00:00:00,Accessories,S,1,65.07,0.0,Online,65.07
TX003963,CUST00867,2026-06-15 00:00:00,Apparel,M,3,97.11,0.0,In-Store,291.33
TX003964,CUST00867,2026-06-18 00:00:00,Accessories,L,1,10.17,0.0,Online,10.17
TX003965,CUST00867,2026-06-26 00:00:00,Home & Living,L,1,102.7,0.0,Online,102.7
TX003966,CUST00868,2026-04-01 00:00:00,Apparel,M,1,81.39,0.0,Online,81.39
TX003967,CUST00869,2025-04-16 00:00:00,Accessories,M,1,12.1,0.0,In-Store,12.1
TX003968,CUST00869,2025-08-24 00:00:00,Apparel,S,1,114.34,0.0,Online,114.34
TX003969,CUST00869,2025-09-22 00:00:00,Footwear,M,1,72.27,5.38,In-Store,68.38
TX003970,CUST00870,2026-02-13 00:00:00,Footwear,S,1,54.3,0.0,Online,54.3
TX003971,CUST00870,2026-03-01 00:00:00,Apparel,M,1,43.4,14.46,Online,37.12
TX003972,CUST00870,2026-04-13 00:00:00,Home & Living,S,1,157.7,0.0,Online,157.7
TX003973,CUST00871,2024-09-04 00:00:00,Footwear,S,2,127.63,8.78,In-Store,232.85
TX003974,CUST00871,2024-09-08 00:00:00,Home & Living,XL,1,103.93,17.03,Online,86.23
TX003975,CUST00871,2024-10-08 00:00:00,Footwear,L,1,179.89,30.98,In-Store,124.16
TX003976,CUST00871,2024-12-14 00:00:00,Home & Living,S,1,285.09,7.45,In-Store,263.85
TX003977,CUST00871,2025-01-26 00:00:00,Home & Living,XS,1,151.47,0.0,Online,151.47
TX003978,CUST00871,2025-02-18 00:00:00,Footwear,XL,1,177.79,0.0,Online,177.79
TX003979,CUST00871,2025-03-01 00:00:00,Footwear,XS,1,179.53,0.0,Online,179.53
TX003980,CUST00871,2025-03-05 00:00:00,Apparel,XL,3,30.0,14.97,Online,76.53
TX003981,CUST00871,2025-04-16 00:00:00,Home & Living,L,2,208.95,0.0,In-Store,417.9
TX003982,CUST00871,2025-05-14 00:00:00,Footwear,S,1,120.19,0.0,Online,120.19
TX003983,CUST00871,2025-05-19 00:00:00,Apparel,M,2,27.86,0.0,Online,55.72
TX003984,CUST00871,2025-07-01 00:00:00,Home & Living,M,3,88.9,0.0,Online,266.7
TX003985,CUST00871,2025-07-20 00:00:00,Footwear,L,1,193.39,18.6,Online,157.42
TX003986,CUST00871,2025-07-24 00:00:00,Footwear,S,1,51.22,0.0,Online,51.22
TX003987,CUST00871,2025-08-23 00:00:00,Home & Living,L,1,218.57,0.0,Online,218.57
TX003988,CUST00871,2025-09-03 00:00:00,Apparel,M,1,100.05,11.97,Online,88.07
TX003989,CUST00871,2025-09-08 00:00:00,Home & Living,M,1,74.9,0.0,Online,74.9
TX003990,CUST00871,2025-09-15 00:00:00,Accessories,M,1,28.02,8.18,Online,25.73
TX003991,CUST00871,2025-09-18 00:00:00,Home & Living,M,1,36.93,0.0,Online,36.93
TX003992,CUST00871,2025-09-24 00:00:00,Accessories,M,1,44.01,0.0,In-Store,44.01
TX003993,CUST00871,2025-10-01 00:00:00,Footwear,S,1,50.06,0.0,Online,50.06
TX003994,CUST00871,2025-10-19 00:00:00,Accessories,M,2,49.04,8.22,In-Store,90.02
TX003995,CUST00871,2025-11-06 00:00:00,Footwear,S,1,95.67,0.0,Online,95.67
TX003996,CUST00871,2025-11-23 00:00:00,Footwear,L,2,60.06,0.0,Online,120.12
TX003997,CUST00871,2025-11-30 00:00:00,Footwear,M,1,185.31,0.0,In-Store,185.31
TX003998,CUST00871,2026-02-06 00:00:00,Apparel,M,1,114.15,24.98,Online,85.64
TX003999,CUST00871,2026-02-28 00:00:00,Footwear,L,1,141.51,0.0,Online,141.51
TX004000,CUST00871,2026-02-28 00:00:00,Footwear,S,1,96.92,14.42,In-Store,82.94
TX004001,CUST00871,2026-03-10 00:00:00,Home & Living,XS,1,69.97,0.0,Online,69.97
TX004002,CUST00871,2026-04-12 00:00:00,Apparel,L,2,91.56,0.0,In-Store,183.12
TX004003,CUST00871,2026-04-12 00:00:00,Accessories,L,1,69.61,0.0,Online,69.61
TX004004,CUST00871,2026-05-02 00:00:00,Footwear,M,1,93.33,23.36,In-Store,71.53
TX004005,CUST00871,2026-05-14 00:00:00,Accessories,L,2,22.23,0.0,Online,44.46
TX004006,CUST00871,2026-05-24 00:00:00,Home & Living,S,1,121.67,0.0,In-Store,121.67
TX004007,CUST00872,2026-03-11 00:00:00,Footwear,L,1,187.58,0.0,Online,187.58
TX004008,CUST00873,2026-02-17 00:00:00,Accessories,M,1,45.84,0.0,Online,45.84
TX004009,CUST00874,2025-07-19 00:00:00,Home & Living,XS,1,144.82,8.21,Online,132.93
TX004010,CUST00875,2024-11-03 00:00:00,Footwear,L,1,183.98,20.03,Online,147.13
TX004011,CUST00875,2024-12-14 00:00:00,Accessories,M,2,45.21,0.0,Online,90.42
TX004012,CUST00875,2025-01-16 00:00:00,Home & Living,M,1,55.17,0.0,In-Store,55.17
TX004013,CUST00875,2025-02-19 00:00:00,Apparel,S,2,89.57,0.0,In-Store,179.14
TX004014,CUST00875,2025-03-01 00:00:00,Home & Living,S,2,125.86,0.0,In-Store,251.72
TX004015,CUST00875,2025-06-25 00:00:00,Footwear,XS,2,146.98,0.0,In-Store,293.96
TX004016,CUST00875,2025-08-04 00:00:00,Home & Living,L,3,155.47,0.0,Online,466.41
TX004017,CUST00875,2026-03-28 00:00:00,Apparel,M,1,50.95,26.74,Online,37.33
TX004018,CUST00875,2026-04-28 00:00:00,Accessories,L,1,13.37,0.0,In-Store,13.37
TX004019,CUST00876,2026-01-01 00:00:00,Footwear,M,1,143.64,0.0,Online,143.64
TX004020,CUST00876,2026-04-08 00:00:00,Home & Living,S,1,35.28,13.03,Online,30.68
TX004021,CUST00876,2026-06-02 00:00:00,Home & Living,M,1,255.99,5.25,Online,242.55
TX004022,CUST00877,2025-09-27 00:00:00,Footwear,S,1,86.44,0.0,Online,86.44
TX004023,CUST00878,2025-05-29 00:00:00,Home & Living,XL,1,238.78,0.0,Online,238.78
TX004024,CUST00878,2025-07-28 00:00:00,Accessories,S,2,29.6,0.0,Online,59.2
TX004025,CUST00878,2025-08-06 00:00:00,Accessories,L,2,62.67,0.0,In-Store,125.34
TX004026,CUST00878,2025-08-20 00:00:00,Apparel,M,1,58.35,0.0,Online,58.35
TX004027,CUST00878,2025-09-01 00:00:00,Footwear,XS,1,78.02,0.0,In-Store,78.02
TX004028,CUST00878,2025-12-01 00:00:00,Home & Living,M,1,227.4,0.0,Online,227.4
TX004029,CUST00878,2026-03-31 00:00:00,Apparel,M,1,78.43,0.0,In-Store,78.43
TX004030,CUST00878,2026-04-05 00:00:00,Home & Living,M,1,245.27,0.0,Online,245.27
TX004031,CUST00878,2026-06-02 00:00:00,Footwear,XS,1,97.91,0.0,In-Store,97.91
TX004032,CUST00878,2026-06-11 00:00:00,Accessories,M,1,71.05,0.0,Online,71.05
TX004033,CUST00879,2026-03-31 00:00:00,Apparel,XS,1,28.28,29.54,In-Store,19.93
TX004034,CUST00880,2025-02-24 00:00:00,Footwear,S,4,78.52,10.22,In-Store,281.98
TX004035,CUST00880,2025-12-09 00:00:00,Home & Living,XS,1,161.58,0.0,Online,161.58
TX004036,CUST00881,2024-10-12 00:00:00,Footwear,M,3,141.56,0.0,Online,424.68
TX004037,CUST00881,2024-10-22 00:00:00,Home & Living,M,3,271.7,14.58,In-Store,696.26
TX004038,CUST00881,2024-12-15 00:00:00,Footwear,S,1,54.38,0.0,Online,54.38
TX004039,CUST00881,2025-02-15 00:00:00,Home & Living,XL,1,220.77,8.72,In-Store,201.52
TX004040,CUST00881,2025-03-02 00:00:00,Accessories,L,1,10.34,0.0,Online,10.34
TX004041,CUST00881,2025-09-25 00:00:00,Apparel,XL,1,118.97,0.0,Online,118.97
TX004042,CUST00882,2025-01-09 00:00:00,Accessories,S,1,41.9,0.0,In-Store,41.9
TX004043,CUST00882,2025-06-10 00:00:00,Home & Living,M,4,160.66,5.72,Online,605.88
TX004044,CUST00882,2026-03-03 00:00:00,Accessories,XS,1,39.45,0.0,In-Store,39.45
TX004045,CUST00882,2026-06-21 00:00:00,Apparel,M,1,68.62,0.0,Online,68.62
TX004046,CUST00883,2026-02-24 00:00:00,Home & Living,M,1,40.64,0.0,In-Store,40.64
TX004047,CUST00883,2026-03-05 00:00:00,Home & Living,XL,1,233.84,0.0,In-Store,233.84
TX004048,CUST00883,2026-04-19 00:00:00,Apparel,M,2,97.29,0.0,Online,194.58
TX004049,CUST00883,2026-05-04 00:00:00,Footwear,S,1,130.99,0.0,Online,130.99
TX004050,CUST00883,2026-05-08 00:00:00,Home & Living,M,2,86.3,0.0,Online,172.6
TX004051,CUST00883,2026-05-14 00:00:00,Apparel,M,2,105.62,8.85,In-Store,192.55
TX004052,CUST00883,2026-05-20 00:00:00,Footwear,S,1,171.87,0.0,Online,171.87
TX004053,CUST00883,2026-05-29 00:00:00,Footwear,L,1,70.93,21.49,In-Store,55.69
TX004054,CUST00883,2026-06-05 00:00:00,Apparel,L,1,101.87,0.0,Online,101.87
TX004055,CUST00883,2026-06-05 00:00:00,Accessories,L,2,45.37,0.0,In-Store,90.74
TX004056,CUST00883,2026-06-08 00:00:00,Apparel,XS,1,90.68,0.0,In-Store,90.68
TX004057,CUST00883,2026-06-27 00:00:00,Apparel,L,1,91.7,14.95,Online,77.99
TX004058,CUST00884,2025-05-25 00:00:00,Footwear,XL,1,50.12,0.0,Online,50.12
TX004059,CUST00884,2025-06-08 00:00:00,Footwear,S,4,185.05,0.0,In-Store,740.2
TX004060,CUST00884,2025-11-14 00:00:00,Footwear,M,1,174.22,0.0,Online,174.22
TX004061,CUST00885,2024-11-16 00:00:00,Home & Living,L,1,160.25,0.0,In-Store,160.25
TX004062,CUST00885,2025-04-14 00:00:00,Home & Living,S,1,158.65,0.0,Online,158.65
TX004063,CUST00886,2026-06-07 00:00:00,Accessories,S,1,47.22,11.26,Online,41.9
TX004064,CUST00886,2026-06-17 00:00:00,Accessories,L,1,58.07,7.65,In-Store,53.63
TX004065,CUST00887,2026-04-24 00:00:00,Apparel,M,1,119.58,20.25,Online,95.37
TX004066,CUST00887,2026-05-20 00:00:00,Accessories,S,1,52.28,0.0,Online,52.28
TX004067,CUST00887,2026-06-08 00:00:00,Apparel,L,2,59.33,0.0,In-Store,118.66
TX004068,CUST00887,2026-06-10 00:00:00,Accessories,S,1,60.56,0.0,Online,60.56
TX004069,CUST00888,2024-11-16 00:00:00,Footwear,XL,1,149.25,0.0,Online,149.25
TX004070,CUST00888,2025-01-27 00:00:00,Apparel,S,1,32.97,0.0,Online,32.97
TX004071,CUST00888,2025-05-07 00:00:00,Accessories,XL,1,30.91,0.0,In-Store,30.91
TX004072,CUST00888,2025-09-23 00:00:00,Accessories,L,1,19.42,0.0,Online,19.42
TX004073,CUST00888,2026-01-17 00:00:00,Accessories,M,1,44.89,0.0,Online,44.89
TX004074,CUST00888,2026-04-04 00:00:00,Home & Living,M,1,204.67,12.92,In-Store,178.23
TX004075,CUST00888,2026-05-13 00:00:00,Home & Living,M,1,213.08,0.0,Online,213.08
TX004076,CUST00889,2024-08-29 00:00:00,Accessories,L,1,66.0,10.21,Online,59.26
TX004077,CUST00889,2025-06-30 00:00:00,Footwear,M,1,110.36,13.96,Online,94.95
TX004078,CUST00889,2025-08-09 00:00:00,Home & Living,L,1,296.64,0.0,In-Store,296.64
TX004079,CUST00890,2025-08-18 00:00:00,Home & Living,M,3,65.43,0.0,Online,196.29
TX004080,CUST00890,2026-06-03 00:00:00,Accessories,S,1,52.71,0.0,Online,52.71
TX004081,CUST00891,2024-04-23 00:00:00,Apparel,M,1,88.32,16.4,Online,73.84
TX004082,CUST00891,2024-05-09 00:00:00,Home & Living,S,1,178.27,0.0,In-Store,178.27
TX004083,CUST00891,2024-05-30 00:00:00,Accessories,M,1,71.98,0.0,Online,71.98
TX004084,CUST00891,2025-01-07 00:00:00,Accessories,M,1,41.67,0.0,Online,41.67
TX004085,CUST00891,2025-02-15 00:00:00,Apparel,XS,1,97.74,0.0,Online,97.74
TX004086,CUST00891,2025-03-01 00:00:00,Footwear,M,2,135.23,0.0,In-Store,270.46
TX004087,CUST00891,2025-03-22 00:00:00,Accessories,L,3,30.37,0.0,Online,91.11
TX004088,CUST00891,2025-04-13 00:00:00,Footwear,S,1,70.32,0.0,Online,70.32
TX004089,CUST00891,2025-06-15 00:00:00,Home & Living,S,1,255.96,13.86,In-Store,220.48
TX004090,CUST00891,2025-06-19 00:00:00,Home & Living,L,1,174.43,0.0,Online,174.43
TX004091,CUST00891,2025-07-10 00:00:00,Accessories,XS,1,51.29,0.0,Online,51.29
TX004092,CUST00891,2025-07-30 00:00:00,Footwear,M,1,162.33,29.31,Online,114.75
TX004093,CUST00891,2025-08-25 00:00:00,Footwear,XL,1,133.26,0.0,Online,133.26
TX004094,CUST00891,2025-09-28 00:00:00,Footwear,M,1,112.11,0.0,Online,112.11
TX004095,CUST00891,2025-10-07 00:00:00,Apparel,S,2,98.0,0.0,Online,196.0
TX004096,CUST00891,2025-10-15 00:00:00,Accessories,S,1,35.82,0.0,Online,35.82
TX004097,CUST00891,2026-01-16 00:00:00,Accessories,L,1,59.12,9.54,Online,53.48
TX004098,CUST00891,2026-03-16 00:00:00,Accessories,XL,3,23.33,0.0,Online,69.99
TX004099,CUST00891,2026-04-12 00:00:00,Apparel,XL,1,31.56,0.0,In-Store,31.56
TX004100,CUST00892,2026-03-14 00:00:00,Footwear,S,1,130.69,0.0,Online,130.69
TX004101,CUST00892,2026-03-17 00:00:00,Accessories,M,1,60.14,0.0,Online,60.14
TX004102,CUST00892,2026-04-22 00:00:00,Home & Living,L,1,58.44,0.0,In-Store,58.44
TX004103,CUST00893,2025-05-19 00:00:00,Accessories,M,2,52.21,0.0,In-Store,104.42
TX004104,CUST00894,2026-06-29 00:00:00,Apparel,XS,1,116.2,0.0,Online,116.2
TX004105,CUST00895,2025-03-31 00:00:00,Footwear,S,1,99.16,0.0,In-Store,99.16
TX004106,CUST00895,2025-04-08 00:00:00,Apparel,XS,1,105.83,0.0,Online,105.83
TX004107,CUST00895,2025-12-02 00:00:00,Apparel,L,1,40.37,24.58,Online,30.45
TX004108,CUST00896,2025-07-30 00:00:00,Footwear,L,1,186.7,0.0,Online,186.7
TX004109,CUST00897,2024-03-26 00:00:00,Home & Living,M,2,290.57,0.0,In-Store,581.14
TX004110,CUST00897,2024-03-26 00:00:00,Accessories,L,1,74.64,0.0,In-Store,74.64
TX004111,CUST00897,2024-03-28 00:00:00,Apparel,XS,2,76.99,0.0,Online,153.98
TX004112,CUST00897,2024-05-01 00:00:00,Apparel,S,1,45.05,0.0,Online,45.05
TX004113,CUST00897,2024-05-26 00:00:00,Home & Living,M,2,214.77,19.6,Online,345.35
TX004114,CUST00897,2024-09-10 00:00:00,Accessories,M,1,27.51,0.0,In-Store,27.51
TX004115,CUST00897,2025-03-04 00:00:00,Footwear,M,2,175.65,0.0,Online,351.3
TX004116,CUST00897,2025-06-15 00:00:00,Accessories,M,1,18.58,0.0,Online,18.58
TX004117,CUST00897,2025-07-27 00:00:00,Apparel,M,1,90.63,0.0,Online,90.63
TX004118,CUST00897,2025-09-26 00:00:00,Apparel,M,1,102.9,0.0,Online,102.9
TX004119,CUST00897,2025-10-09 00:00:00,Footwear,M,2,118.5,32.2,Online,160.69
TX004120,CUST00897,2025-12-18 00:00:00,Accessories,M,3,65.18,0.0,In-Store,195.54
TX004121,CUST00897,2026-01-11 00:00:00,Accessories,M,1,36.89,0.0,Online,36.89
TX004122,CUST00897,2026-06-04 00:00:00,Home & Living,S,4,167.76,0.0,In-Store,671.04
TX004123,CUST00898,2025-02-22 00:00:00,Home & Living,S,1,142.38,0.0,In-Store,142.38
TX004124,CUST00898,2025-02-25 00:00:00,Home & Living,S,1,105.36,0.0,Online,105.36
TX004125,CUST00898,2025-06-29 00:00:00,Home & Living,S,1,122.17,0.0,Online,122.17
TX004126,CUST00899,2025-02-18 00:00:00,Accessories,XL,1,71.05,0.0,Online,71.05
TX004127,CUST00899,2025-03-07 00:00:00,Apparel,L,1,83.38,0.0,In-Store,83.38
TX004128,CUST00899,2025-04-20 00:00:00,Footwear,L,1,167.57,33.63,Online,111.22
TX004129,CUST00899,2025-05-25 00:00:00,Apparel,XL,2,74.38,0.0,Online,148.76
TX004130,CUST00899,2025-08-17 00:00:00,Home & Living,L,1,299.69,0.0,In-Store,299.69
TX004131,CUST00899,2025-10-03 00:00:00,Accessories,L,2,37.16,0.0,In-Store,74.32
TX004132,CUST00899,2025-10-26 00:00:00,Footwear,M,2,107.46,0.0,Online,214.92
TX004133,CUST00899,2025-11-11 00:00:00,Accessories,XS,1,50.19,0.0,Online,50.19
TX004134,CUST00899,2025-12-12 00:00:00,Apparel,M,1,27.63,21.58,Online,21.67
TX004135,CUST00899,2026-01-29 00:00:00,Footwear,L,1,70.99,0.0,In-Store,70.99
TX004136,CUST00899,2026-04-23 00:00:00,Home & Living,M,1,177.5,0.0,Online,177.5
TX004137,CUST00899,2026-05-05 00:00:00,Apparel,M,1,64.5,5.87,Online,60.71
TX004138,CUST00899,2026-06-04 00:00:00,Accessories,XL,1,69.72,12.37,In-Store,61.1
TX004139,CUST00900,2025-03-23 00:00:00,Home & Living,XL,1,167.48,0.0,In-Store,167.48
TX004140,CUST00900,2025-07-29 00:00:00,Footwear,M,1,81.15,32.42,Online,54.84
TX004141,CUST00900,2025-11-16 00:00:00,Accessories,M,1,13.56,0.0,Online,13.56
TX004142,CUST00900,2026-02-07 00:00:00,Accessories,M,1,14.83,0.0,Online,14.83
TX004143,CUST00901,2025-03-13 00:00:00,Accessories,M,1,36.98,15.0,In-Store,31.43
TX004144,CUST00902,2025-01-12 00:00:00,Footwear,XS,1,138.86,0.0,In-Store,138.86
TX004145,CUST00902,2025-08-09 00:00:00,Home & Living,L,2,267.1,0.0,In-Store,534.2
TX004146,CUST00903,2026-02-11 00:00:00,Home & Living,M,1,228.51,0.0,Online,228.51
TX004147,CUST00903,2026-06-20 00:00:00,Accessories,S,2,74.46,0.0,In-Store,148.92
TX004148,CUST00904,2026-06-04 00:00:00,Home & Living,S,2,272.6,11.08,Online,484.79
TX004149,CUST00905,2025-07-22 00:00:00,Apparel,S,1,57.8,0.0,In-Store,57.8
TX004150,CUST00905,2025-07-30 00:00:00,Accessories,S,3,10.21,0.0,In-Store,30.63
TX004151,CUST00905,2025-08-05 00:00:00,Apparel,XS,1,52.45,16.4,In-Store,43.85
TX004152,CUST00905,2025-09-11 00:00:00,Home & Living,M,1,257.28,0.0,Online,257.28
TX004153,CUST00905,2025-09-20 00:00:00,Apparel,M,1,55.69,0.0,In-Store,55.69
TX004154,CUST00905,2025-09-26 00:00:00,Accessories,M,1,21.0,7.52,Online,19.42
TX004155,CUST00905,2025-10-12 00:00:00,Apparel,L,2,103.53,0.0,Online,207.06
TX004156,CUST00905,2025-10-19 00:00:00,Accessories,L,1,25.74,0.0,In-Store,25.74
TX004157,CUST00905,2025-10-24 00:00:00,Home & Living,S,4,73.95,17.55,Online,243.89
TX004158,CUST00905,2025-10-27 00:00:00,Accessories,S,1,36.73,0.0,In-Store,36.73
TX004159,CUST00905,2025-11-03 00:00:00,Home & Living,S,3,113.96,16.07,Online,286.94
TX004160,CUST00905,2025-11-14 00:00:00,Apparel,M,1,34.17,18.16,In-Store,27.96
TX004161,CUST00905,2025-11-18 00:00:00,Home & Living,M,1,123.22,0.0,In-Store,123.22
TX004162,CUST00905,2025-12-03 00:00:00,Accessories,S,1,59.33,0.0,In-Store,59.33
TX004163,CUST00905,2025-12-22 00:00:00,Footwear,M,1,92.1,0.0,Online,92.1
TX004164,CUST00905,2026-01-03 00:00:00,Footwear,L,1,184.94,0.0,In-Store,184.94
TX004165,CUST00905,2026-01-06 00:00:00,Footwear,S,1,104.44,36.68,Online,66.13
TX004166,CUST00905,2026-01-07 00:00:00,Apparel,XS,1,62.25,0.0,Online,62.25
TX004167,CUST00905,2026-01-09 00:00:00,Home & Living,L,1,257.47,0.0,Online,257.47
TX004168,CUST00905,2026-01-11 00:00:00,Accessories,M,1,48.2,0.0,In-Store,48.2
TX004169,CUST00905,2026-01-19 00:00:00,Footwear,S,2,79.32,0.0,Online,158.64
TX004170,CUST00905,2026-01-25 00:00:00,Accessories,XL,1,38.09,0.0,Online,38.09
TX004171,CUST00905,2026-02-03 00:00:00,Accessories,S,1,56.85,10.0,In-Store,51.16
TX004172,CUST00905,2026-02-13 00:00:00,Home & Living,L,1,42.41,15.22,In-Store,35.96
TX004173,CUST00905,2026-03-03 00:00:00,Apparel,S,2,90.31,0.0,Online,180.62
TX004174,CUST00905,2026-03-12 00:00:00,Accessories,M,1,74.18,0.0,Online,74.18
TX004175,CUST00905,2026-03-20 00:00:00,Accessories,XS,1,24.74,0.0,In-Store,24.74
TX004176,CUST00905,2026-03-21 00:00:00,Accessories,S,1,49.88,11.43,Online,44.18
TX004177,CUST00905,2026-03-30 00:00:00,Home & Living,S,1,250.3,0.0,In-Store,250.3
TX004178,CUST00905,2026-04-01 00:00:00,Home & Living,XS,2,56.12,0.0,In-Store,112.24
TX004179,CUST00905,2026-04-14 00:00:00,Apparel,XS,1,95.74,17.06,Online,79.41
TX004180,CUST00905,2026-04-14 00:00:00,Accessories,S,1,69.09,6.82,In-Store,64.38
TX004181,CUST00905,2026-04-17 00:00:00,Footwear,M,2,60.51,0.0,In-Store,121.02
TX004182,CUST00905,2026-04-18 00:00:00,Footwear,M,1,157.86,0.0,Online,157.86
TX004183,CUST00905,2026-05-02 00:00:00,Accessories,M,2,72.02,0.0,Online,144.04
TX004184,CUST00905,2026-05-13 00:00:00,Accessories,M,1,19.06,0.0,In-Store,19.06
TX004185,CUST00905,2026-05-24 00:00:00,Home & Living,M,2,214.53,0.0,In-Store,429.06
TX004186,CUST00905,2026-06-09 00:00:00,Apparel,L,2,95.87,23.76,Online,146.18
TX004187,CUST00906,2026-05-26 00:00:00,Apparel,L,2,113.69,0.0,In-Store,227.38
TX004188,CUST00907,2025-03-07 00:00:00,Home & Living,XL,1,111.6,0.0,In-Store,111.6
TX004189,CUST00907,2025-10-22 00:00:00,Footwear,M,1,177.55,0.0,Online,177.55
TX004190,CUST00908,2025-11-29 00:00:00,Footwear,S,1,147.58,36.98,In-Store,93.0
TX004191,CUST00908,2025-12-04 00:00:00,Apparel,L,2,42.7,0.0,Online,85.4
TX004192,CUST00908,2025-12-06 00:00:00,Footwear,M,1,132.35,20.34,In-Store,105.43
TX004193,CUST00908,2025-12-18 00:00:00,Footwear,M,1,180.37,39.39,In-Store,109.32
TX004194,CUST00908,2025-12-26 00:00:00,Apparel,L,1,52.96,0.0,Online,52.96
TX004195,CUST00908,2026-01-05 00:00:00,Home & Living,L,3,62.77,0.0,Online,188.31
TX004196,CUST00908,2026-01-10 00:00:00,Apparel,L,1,80.5,0.0,In-Store,80.5
TX004197,CUST00908,2026-01-25 00:00:00,Apparel,XS,2,101.53,0.0,Online,203.06
TX004198,CUST00908,2026-02-11 00:00:00,Accessories,XS,1,72.25,0.0,In-Store,72.25
TX004199,CUST00908,2026-02-14 00:00:00,Footwear,XS,1,177.11,0.0,Online,177.11
TX004200,CUST00908,2026-03-20 00:00:00,Apparel,S,1,59.62,0.0,Online,59.62
TX004201,CUST00908,2026-04-22 00:00:00,Apparel,S,2,67.26,0.0,In-Store,134.52
TX004202,CUST00908,2026-05-10 00:00:00,Accessories,S,1,14.68,0.0,Online,14.68
TX004203,CUST00908,2026-05-19 00:00:00,Footwear,S,1,152.79,32.25,Online,103.52
TX004204,CUST00908,2026-06-02 00:00:00,Apparel,M,1,111.19,0.0,In-Store,111.19
TX004205,CUST00908,2026-06-09 00:00:00,Accessories,XS,1,12.32,13.57,In-Store,10.65
TX004206,CUST00908,2026-06-19 00:00:00,Footwear,S,1,97.64,34.73,Online,63.73
TX004207,CUST00908,2026-06-21 00:00:00,Accessories,M,1,38.52,0.0,Online,38.52
TX004208,CUST00908,2026-06-21 00:00:00,Accessories,XS,1,11.3,0.0,In-Store,11.3
TX004209,CUST00908,2026-06-21 00:00:00,Accessories,XS,1,71.44,0.0,Online,71.44
TX004210,CUST00909,2025-05-25 00:00:00,Home & Living,S,2,41.82,0.0,In-Store,83.64
TX004211,CUST00909,2025-06-06 00:00:00,Footwear,L,3,66.59,0.0,Online,199.77
TX004212,CUST00909,2025-08-16 00:00:00,Accessories,S,1,39.09,0.0,In-Store,39.09
TX004213,CUST00909,2026-02-13 00:00:00,Home & Living,L,1,247.14,0.0,Online,247.14
TX004214,CUST00909,2026-05-17 00:00:00,Accessories,M,1,26.94,7.43,In-Store,24.94
TX004215,CUST00909,2026-05-22 00:00:00,Footwear,XS,2,184.14,0.0,In-Store,368.28
TX004216,CUST00909,2026-06-17 00:00:00,Accessories,L,1,40.44,0.0,Online,40.44
TX004217,CUST00910,2025-10-12 00:00:00,Apparel,XL,1,25.29,0.0,Online,25.29
TX004218,CUST00910,2025-12-23 00:00:00,Home & Living,L,1,219.07,0.0,Online,219.07
TX004219,CUST00910,2025-12-26 00:00:00,Footwear,XS,1,58.21,13.71,Online,50.23
TX004220,CUST00911,2024-10-12 00:00:00,Apparel,L,1,61.23,0.0,Online,61.23
TX004221,CUST00911,2025-04-09 00:00:00,Footwear,M,3,113.49,8.06,In-Store,313.03
TX004222,CUST00911,2025-08-10 00:00:00,Apparel,M,2,42.15,0.0,In-Store,84.3
TX004223,CUST00911,2026-01-04 00:00:00,Accessories,L,2,11.34,0.0,Online,22.68
TX004224,CUST00912,2024-04-26 00:00:00,Footwear,M,1,123.98,30.06,Online,86.71
TX004225,CUST00912,2025-03-01 00:00:00,Apparel,M,1,30.07,15.4,In-Store,25.44
TX004226,CUST00912,2025-04-16 00:00:00,Apparel,S,1,117.73,0.0,Online,117.73
TX004227,CUST00912,2025-04-16 00:00:00,Home & Living,M,2,258.72,0.0,Online,517.44
TX004228,CUST00912,2026-03-01 00:00:00,Accessories,M,1,58.85,0.0,In-Store,58.85
TX004229,CUST00913,2026-02-28 00:00:00,Accessories,L,1,43.92,0.0,Online,43.92
TX004230,CUST00914,2025-01-31 00:00:00,Footwear,M,1,133.28,0.0,Online,133.28
TX004231,CUST00914,2025-02-13 00:00:00,Accessories,M,2,31.12,8.15,Online,57.17
TX004232,CUST00914,2025-02-18 00:00:00,Home & Living,S,1,282.53,0.0,Online,282.53
TX004233,CUST00914,2025-03-02 00:00:00,Apparel,S,2,92.94,18.49,In-Store,151.51
TX004234,CUST00914,2025-03-09 00:00:00,Accessories,L,2,10.36,7.39,In-Store,19.19
TX004235,CUST00914,2025-04-13 00:00:00,Apparel,L,1,58.01,0.0,Online,58.01
TX004236,CUST00914,2025-04-25 00:00:00,Apparel,L,1,72.37,0.0,Online,72.37
TX004237,CUST00914,2025-05-09 00:00:00,Home & Living,M,2,222.11,0.0,In-Store,444.22
TX004238,CUST00914,2025-05-23 00:00:00,Accessories,S,1,74.04,0.0,In-Store,74.04
TX004239,CUST00914,2025-07-08 00:00:00,Home & Living,L,1,206.77,0.0,Online,206.77
TX004240,CUST00914,2025-07-19 00:00:00,Home & Living,XL,2,144.25,0.0,Online,288.5
TX004241,CUST00914,2025-07-29 00:00:00,Home & Living,XL,1,169.39,0.0,Online,169.39
TX004242,CUST00914,2025-07-30 00:00:00,Accessories,S,2,53.46,0.0,Online,106.92
TX004243,CUST00914,2025-08-14 00:00:00,Apparel,M,1,41.74,0.0,Online,41.74
TX004244,CUST00914,2025-09-18 00:00:00,Home & Living,M,1,94.32,0.0,Online,94.32
TX004245,CUST00914,2025-10-20 00:00:00,Accessories,S,1,51.87,14.69,Online,44.25
TX004246,CUST00914,2025-12-03 00:00:00,Footwear,L,1,116.42,0.0,Online,116.42
TX004247,CUST00914,2025-12-14 00:00:00,Accessories,M,2,11.04,14.32,Online,18.92
TX004248,CUST00914,2025-12-14 00:00:00,Home & Living,XS,1,88.71,0.0,In-Store,88.71
TX004249,CUST00914,2025-12-21 00:00:00,Accessories,L,1,62.93,0.0,In-Store,62.93
TX004250,CUST00914,2026-01-05 00:00:00,Footwear,S,1,52.96,0.0,Online,52.96
TX004251,CUST00914,2026-01-23 00:00:00,Footwear,M,1,74.01,30.73,In-Store,51.27
TX004252,CUST00914,2026-02-15 00:00:00,Home & Living,M,1,204.23,14.89,In-Store,173.82
TX004253,CUST00914,2026-03-29 00:00:00,Footwear,XL,1,182.54,13.88,In-Store,157.2
TX004254,CUST00914,2026-04-02 00:00:00,Apparel,S,1,119.9,18.28,In-Store,97.98
TX004255,CUST00914,2026-04-09 00:00:00,Home & Living,L,4,83.58,0.0,In-Store,334.32
TX004256,CUST00914,2026-05-12 00:00:00,Accessories,S,1,11.08,0.0,In-Store,11.08
TX004257,CUST00914,2026-05-28 00:00:00,Home & Living,XS,2,219.45,0.0,In-Store,438.9
TX004258,CUST00915,2024-11-20 00:00:00,Accessories,XS,1,51.96,0.0,Online,51.96
TX004259,CUST00915,2025-03-11 00:00:00,Footwear,L,1,66.21,0.0,In-Store,66.21
TX004260,CUST00915,2025-04-28 00:00:00,Footwear,L,2,96.28,0.0,Online,192.56
TX004261,CUST00915,2025-05-11 00:00:00,Apparel,M,1,101.24,0.0,Online,101.24
TX004262,CUST00915,2025-06-19 00:00:00,Apparel,L,1,55.48,0.0,Online,55.48
TX004263,CUST00915,2025-08-01 00:00:00,Footwear,M,2,147.85,20.83,Online,234.11
TX004264,CUST00915,2026-03-03 00:00:00,Home & Living,L,1,57.4,0.0,In-Store,57.4
TX004265,CUST00915,2026-05-22 00:00:00,Accessories,M,1,38.39,0.0,In-Store,38.39
TX004266,CUST00916,2025-01-19 00:00:00,Home & Living,M,1,54.93,0.0,In-Store,54.93
TX004267,CUST00916,2025-02-11 00:00:00,Footwear,XS,1,164.37,35.46,Online,106.08
TX004268,CUST00916,2025-07-17 00:00:00,Apparel,L,1,54.12,0.0,Online,54.12
TX004269,CUST00916,2026-03-16 00:00:00,Home & Living,S,1,170.35,0.0,In-Store,170.35
TX004270,CUST00916,2026-05-03 00:00:00,Footwear,M,2,116.92,33.25,Online,156.09
TX004271,CUST00917,2025-08-31 00:00:00,Apparel,L,1,35.88,11.81,In-Store,31.64
TX004272,CUST00917,2025-11-28 00:00:00,Accessories,XL,1,33.15,0.0,In-Store,33.15
TX004273,CUST00918,2025-10-31 00:00:00,Home & Living,L,1,155.38,0.0,Online,155.38
TX004274,CUST00919,2026-05-18 00:00:00,Home & Living,S,1,140.82,0.0,In-Store,140.82
TX004275,CUST00920,2025-10-12 00:00:00,Footwear,XL,1,181.45,0.0,In-Store,181.45
TX004276,CUST00920,2025-10-14 00:00:00,Apparel,M,1,78.41,0.0,Online,78.41
TX004277,CUST00920,2025-11-19 00:00:00,Footwear,L,1,178.64,0.0,Online,178.64
TX004278,CUST00920,2026-02-11 00:00:00,Footwear,S,1,181.4,0.0,Online,181.4
TX004279,CUST00921,2024-12-17 00:00:00,Home & Living,S,1,266.31,0.0,Online,266.31
TX004280,CUST00921,2025-04-07 00:00:00,Home & Living,M,2,176.94,15.48,Online,299.1
TX004281,CUST00921,2025-11-25 00:00:00,Apparel,M,1,67.88,27.43,Online,49.26
TX004282,CUST00921,2026-03-24 00:00:00,Home & Living,M,1,158.32,11.68,Online,139.83
TX004283,CUST00921,2026-05-01 00:00:00,Apparel,XS,1,63.63,0.0,Online,63.63
TX004284,CUST00921,2026-06-14 00:00:00,Apparel,XS,1,75.12,0.0,Online,75.12
TX004285,CUST00922,2025-06-27 00:00:00,Footwear,S,1,180.07,0.0,Online,180.07
TX004286,CUST00922,2026-04-16 00:00:00,Footwear,M,1,131.83,0.0,In-Store,131.83
TX004287,CUST00923,2026-03-18 00:00:00,Accessories,S,1,47.02,0.0,Online,47.02
TX004288,CUST00924,2026-01-25 00:00:00,Apparel,M,1,67.1,0.0,Online,67.1
TX004289,CUST00924,2026-05-23 00:00:00,Accessories,S,1,44.89,0.0,Online,44.89
TX004290,CUST00925,2024-09-27 00:00:00,Apparel,M,1,66.94,11.73,In-Store,59.09
TX004291,CUST00925,2025-03-13 00:00:00,Apparel,XL,3,57.86,29.8,In-Store,121.85
TX004292,CUST00925,2025-06-27 00:00:00,Home & Living,L,1,59.4,0.0,Online,59.4
TX004293,CUST00925,2026-05-29 00:00:00,Footwear,S,1,196.27,0.0,In-Store,196.27
TX004294,CUST00926,2024-11-04 00:00:00,Home & Living,S,1,37.15,0.0,Online,37.15
TX004295,CUST00926,2024-12-06 00:00:00,Accessories,M,2,15.76,8.37,Online,28.88
TX004296,CUST00926,2024-12-10 00:00:00,Apparel,L,1,80.93,0.0,In-Store,80.93
TX004297,CUST00926,2025-01-27 00:00:00,Footwear,M,1,64.29,0.0,Online,64.29
TX004298,CUST00926,2025-03-22 00:00:00,Accessories,S,1,22.75,13.99,In-Store,19.57
TX004299,CUST00926,2025-07-06 00:00:00,Footwear,M,2,179.63,0.0,In-Store,359.26
TX004300,CUST00926,2025-12-10 00:00:00,Accessories,S,1,38.18,0.0,In-Store,38.18
TX004301,CUST00927,2024-10-11 00:00:00,Footwear,M,2,164.2,0.0,In-Store,328.4
TX004302,CUST00927,2024-12-13 00:00:00,Apparel,M,1,107.42,0.0,Online,107.42
TX004303,CUST00927,2025-07-16 00:00:00,Accessories,M,1,27.07,0.0,In-Store,27.07
TX004304,CUST00927,2026-04-06 00:00:00,Footwear,M,1,75.42,0.0,In-Store,75.42
TX004305,CUST00928,2026-02-28 00:00:00,Apparel,XL,1,25.24,0.0,In-Store,25.24
TX004306,CUST00928,2026-04-08 00:00:00,Home & Living,XS,1,147.84,0.0,In-Store,147.84
TX004307,CUST00928,2026-06-27 00:00:00,Footwear,XS,1,192.5,30.46,In-Store,133.86
TX004308,CUST00929,2024-03-01 00:00:00,Accessories,M,1,66.5,0.0,In-Store,66.5
TX004309,CUST00929,2024-05-04 00:00:00,Footwear,XL,1,77.86,0.0,Online,77.86
TX004310,CUST00929,2025-04-18 00:00:00,Home & Living,XS,1,230.87,0.0,Online,230.87
TX004311,CUST00929,2025-07-30 00:00:00,Apparel,M,1,105.03,0.0,In-Store,105.03
TX004312,CUST00929,2026-01-30 00:00:00,Apparel,XL,1,52.82,0.0,Online,52.82
TX004313,CUST00929,2026-04-10 00:00:00,Apparel,M,3,103.54,0.0,Online,310.62
TX004314,CUST00929,2026-05-16 00:00:00,Apparel,M,3,119.06,0.0,In-Store,357.18
TX004315,CUST00930,2026-03-02 00:00:00,Home & Living,M,1,114.34,0.0,In-Store,114.34
TX004316,CUST00931,2025-10-26 00:00:00,Footwear,XL,1,67.48,12.05,In-Store,59.35
TX004317,CUST00931,2026-03-24 00:00:00,Home & Living,XL,3,232.43,0.0,In-Store,697.29
TX004318,CUST00931,2026-05-31 00:00:00,Apparel,M,2,53.54,0.0,Online,107.08
TX004319,CUST00932,2026-02-22 00:00:00,Accessories,L,2,12.05,0.0,In-Store,24.1
TX004320,CUST00932,2026-03-23 00:00:00,Home & Living,M,1,276.59,0.0,Online,276.59
TX004321,CUST00932,2026-05-12 00:00:00,Accessories,M,1,60.45,8.96,In-Store,55.03
TX004322,CUST00932,2026-06-23 00:00:00,Home & Living,M,1,295.31,0.0,Online,295.31
TX004323,CUST00933,2025-12-18 00:00:00,Home & Living,M,1,38.71,0.0,Online,38.71
TX004324,CUST00933,2026-01-05 00:00:00,Accessories,M,1,69.26,0.0,In-Store,69.26
TX004325,CUST00933,2026-04-26 00:00:00,Apparel,XS,1,27.25,0.0,Online,27.25
TX004326,CUST00934,2025-11-16 00:00:00,Home & Living,M,1,51.31,0.0,Online,51.31
TX004327,CUST00934,2026-03-05 00:00:00,Home & Living,XL,4,226.54,0.0,In-Store,906.16
TX004328,CUST00935,2025-03-05 00:00:00,Apparel,L,1,116.99,0.0,Online,116.99
TX004329,CUST00935,2026-01-18 00:00:00,Accessories,M,1,42.91,13.75,Online,37.01
TX004330,CUST00935,2026-05-09 00:00:00,Home & Living,M,2,220.43,0.0,Online,440.86
TX004331,CUST00936,2025-06-26 00:00:00,Accessories,M,1,19.47,0.0,Online,19.47
TX004332,CUST00936,2025-06-28 00:00:00,Home & Living,M,1,97.06,0.0,In-Store,97.06
TX004333,CUST00936,2025-06-29 00:00:00,Accessories,M,3,36.74,6.23,In-Store,103.35
TX004334,CUST00936,2025-09-02 00:00:00,Home & Living,XS,1,277.97,0.0,Online,277.97
TX004335,CUST00936,2026-01-11 00:00:00,Accessories,S,1,55.24,9.55,In-Store,49.96
TX004336,CUST00936,2026-03-01 00:00:00,Footwear,XL,1,185.85,24.19,In-Store,140.89
TX004337,CUST00936,2026-03-12 00:00:00,Home & Living,S,1,98.82,0.0,In-Store,98.82
TX004338,CUST00936,2026-04-06 00:00:00,Footwear,XL,1,140.41,39.35,Online,85.16
TX004339,CUST00936,2026-05-01 00:00:00,Apparel,XL,1,83.3,24.08,In-Store,63.24
TX004340,CUST00936,2026-06-07 00:00:00,Footwear,XS,1,109.59,20.6,Online,87.01
TX004341,CUST00937,2025-08-11 00:00:00,Apparel,M,2,60.4,28.94,Online,85.84
TX004342,CUST00938,2025-04-01 00:00:00,Home & Living,M,1,117.68,0.0,In-Store,117.68
TX004343,CUST00938,2025-12-18 00:00:00,Home & Living,S,1,119.12,12.26,Online,104.52
TX004344,CUST00938,2026-01-22 00:00:00,Footwear,S,3,150.5,0.0,Online,451.5
TX004345,CUST00939,2025-03-22 00:00:00,Home & Living,L,1,117.78,0.0,Online,117.78
TX004346,CUST00939,2025-05-29 00:00:00,Accessories,L,1,33.59,0.0,Online,33.59
TX004347,CUST00939,2025-08-10 00:00:00,Accessories,XS,1,19.0,0.0,Online,19.0
TX004348,CUST00939,2025-10-21 00:00:00,Apparel,M,1,53.72,7.09,Online,49.91
TX004349,CUST00939,2026-01-01 00:00:00,Apparel,L,3,60.27,0.0,In-Store,180.81
TX004350,CUST00939,2026-03-18 00:00:00,Footwear,M,1,149.09,0.0,In-Store,149.09
TX004351,CUST00940,2025-02-07 00:00:00,Home & Living,S,1,91.1,11.72,Online,80.42
TX004352,CUST00940,2025-07-28 00:00:00,Footwear,M,1,117.08,0.0,Online,117.08
TX004353,CUST00940,2025-09-19 00:00:00,Apparel,L,3,83.52,12.85,In-Store,218.36
TX004354,CUST00940,2025-10-23 00:00:00,Accessories,M,1,14.29,0.0,In-Store,14.29
TX004355,CUST00940,2025-11-06 00:00:00,Apparel,M,2,38.53,0.0,Online,77.06
TX004356,CUST00940,2026-01-15 00:00:00,Accessories,S,1,45.87,0.0,Online,45.87
TX004357,CUST00940,2026-03-23 00:00:00,Apparel,M,1,63.58,0.0,In-Store,63.58
TX004358,CUST00940,2026-03-31 00:00:00,Footwear,L,1,55.95,26.13,Online,41.33
TX004359,CUST00940,2026-05-28 00:00:00,Apparel,S,2,36.18,0.0,In-Store,72.36
TX004360,CUST00940,2026-06-21 00:00:00,Accessories,M,1,30.93,0.0,In-Store,30.93
TX004361,CUST00941,2024-11-08 00:00:00,Home & Living,M,1,170.01,0.0,Online,170.01
TX004362,CUST00941,2026-05-21 00:00:00,Accessories,S,1,62.81,0.0,Online,62.81
TX004363,CUST00942,2024-04-17 00:00:00,Apparel,S,2,102.82,0.0,Online,205.64
TX004364,CUST00942,2025-11-13 00:00:00,Home & Living,S,2,194.63,0.0,Online,389.26
TX004365,CUST00943,2024-08-25 00:00:00,Home & Living,S,1,235.28,0.0,In-Store,235.28
TX004366,CUST00944,2025-04-15 00:00:00,Accessories,XL,1,38.95,0.0,Online,38.95
TX004367,CUST00945,2025-11-04 00:00:00,Apparel,S,1,72.07,0.0,Online,72.07
TX004368,CUST00945,2026-01-11 00:00:00,Home & Living,L,1,151.12,0.0,In-Store,151.12
TX004369,CUST00945,2026-01-15 00:00:00,Apparel,S,1,66.99,12.72,In-Store,58.47
TX004370,CUST00946,2025-11-23 00:00:00,Footwear,M,1,102.72,27.34,Online,74.64
TX004371,CUST00947,2025-12-22 00:00:00,Home & Living,M,2,62.72,0.0,In-Store,125.44
TX004372,CUST00947,2026-03-24 00:00:00,Footwear,M,1,73.35,0.0,Online,73.35
TX004373,CUST00947,2026-04-05 00:00:00,Accessories,S,1,18.27,0.0,Online,18.27
TX004374,CUST00947,2026-04-05 00:00:00,Apparel,M,1,60.72,6.54,In-Store,56.75
TX004375,CUST00948,2025-08-10 00:00:00,Accessories,S,1,13.57,0.0,Online,13.57
TX004376,CUST00948,2026-02-10 00:00:00,Footwear,XS,2,198.5,11.28,Online,352.22
TX004377,CUST00948,2026-03-10 00:00:00,Apparel,L,1,78.99,0.0,Online,78.99
TX004378,CUST00948,2026-03-23 00:00:00,Home & Living,XL,1,128.08,0.0,Online,128.08
TX004379,CUST00949,2025-02-19 00:00:00,Footwear,S,1,62.09,32.88,Online,41.67
TX004380,CUST00949,2025-02-24 00:00:00,Home & Living,S,1,244.36,11.83,Online,215.45
TX004381,CUST00949,2025-02-25 00:00:00,Home & Living,S,3,185.1,0.0,Online,555.3
TX004382,CUST00949,2025-03-22 00:00:00,Footwear,M,1,122.92,36.03,In-Store,78.63
TX004383,CUST00949,2025-04-30 00:00:00,Accessories,XS,3,59.59,0.0,Online,178.77
TX004384,CUST00949,2025-05-24 00:00:00,Home & Living,S,1,282.58,0.0,Online,282.58
TX004385,CUST00949,2025-05-29 00:00:00,Accessories,L,1,40.25,0.0,Online,40.25
TX004386,CUST00949,2025-06-18 00:00:00,Footwear,M,1,144.38,24.26,In-Store,109.35
TX004387,CUST00949,2025-07-15 00:00:00,Home & Living,M,2,280.46,0.0,Online,560.92
TX004388,CUST00949,2025-07-24 00:00:00,Home & Living,M,1,69.4,0.0,Online,69.4
TX004389,CUST00949,2025-07-31 00:00:00,Accessories,M,1,67.45,0.0,Online,67.45
TX004390,CUST00949,2025-09-29 00:00:00,Apparel,M,1,88.59,8.72,In-Store,80.86
TX004391,CUST00949,2025-11-22 00:00:00,Home & Living,S,1,56.87,0.0,In-Store,56.87
TX004392,CUST00949,2025-12-10 00:00:00,Apparel,S,1,87.72,0.0,In-Store,87.72
TX004393,CUST00949,2026-01-02 00:00:00,Footwear,L,2,174.8,20.79,Online,276.92
TX004394,CUST00949,2026-01-28 00:00:00,Home & Living,M,2,295.27,0.0,Online,590.54
TX004395,CUST00949,2026-02-10 00:00:00,Home & Living,S,2,57.53,0.0,In-Store,115.06
TX004396,CUST00949,2026-02-11 00:00:00,Accessories,L,1,22.1,0.0,In-Store,22.1
TX004397,CUST00949,2026-03-11 00:00:00,Footwear,S,1,67.11,29.9,In-Store,47.04
TX004398,CUST00949,2026-03-15 00:00:00,Apparel,M,1,52.66,8.65,In-Store,48.1
TX004399,CUST00949,2026-03-19 00:00:00,Accessories,M,1,14.59,0.0,In-Store,14.59
TX004400,CUST00949,2026-05-14 00:00:00,Apparel,S,1,60.56,0.0,Online,60.56
TX004401,CUST00949,2026-05-21 00:00:00,Home & Living,S,2,273.01,0.0,In-Store,546.02
TX004402,CUST00949,2026-06-09 00:00:00,Footwear,M,1,82.44,0.0,Online,82.44
TX004403,CUST00950,2025-07-27 00:00:00,Accessories,XS,2,36.95,0.0,In-Store,73.9
TX004404,CUST00950,2025-09-19 00:00:00,Footwear,S,1,112.56,5.88,Online,105.94
TX004405,CUST00950,2025-11-27 00:00:00,Apparel,M,1,90.73,0.0,Online,90.73
TX004406,CUST00950,2025-12-17 00:00:00,Apparel,M,1,46.1,0.0,Online,46.1
TX004407,CUST00950,2026-03-22 00:00:00,Footwear,M,1,173.6,0.0,Online,173.6
TX004408,CUST00950,2026-04-20 00:00:00,Footwear,S,4,155.51,0.0,In-Store,622.04
TX004409,CUST00950,2026-04-21 00:00:00,Accessories,L,1,57.38,0.0,In-Store,57.38
TX004410,CUST00951,2025-05-17 00:00:00,Accessories,S,2,43.48,0.0,In-Store,86.96
TX004411,CUST00951,2025-10-07 00:00:00,Footwear,XS,3,149.72,32.98,In-Store,301.03
TX004412,CUST00951,2025-12-29 00:00:00,Apparel,XL,1,84.37,23.08,Online,64.9
TX004413,CUST00951,2026-04-14 00:00:00,Home & Living,M,2,84.2,0.0,Online,168.4
TX004414,CUST00952,2025-08-29 00:00:00,Accessories,S,2,16.62,0.0,Online,33.24
TX004415,CUST00953,2025-12-13 00:00:00,Home & Living,XL,1,221.72,0.0,In-Store,221.72
TX004416,CUST00953,2026-01-16 00:00:00,Footwear,M,1,109.85,0.0,Online,109.85
TX004417,CUST00953,2026-04-23 00:00:00,Apparel,XL,1,80.2,0.0,In-Store,80.2
TX004418,CUST00953,2026-06-26 00:00:00,Footwear,S,1,72.34,0.0,Online,72.34
TX004419,CUST00954,2025-11-29 00:00:00,Apparel,XS,1,43.36,0.0,Online,43.36
TX004420,CUST00954,2026-04-12 00:00:00,Home & Living,M,2,240.45,0.0,Online,480.9
TX004421,CUST00954,2026-06-12 00:00:00,Home & Living,L,4,243.76,0.0,Online,975.04
TX004422,CUST00955,2026-01-03 00:00:00,Footwear,M,1,161.1,18.24,In-Store,131.72
TX004423,CUST00955,2026-03-22 00:00:00,Home & Living,L,1,259.6,0.0,In-Store,259.6
TX004424,CUST00955,2026-03-30 00:00:00,Home & Living,S,4,113.64,11.27,Online,403.33
TX004425,CUST00955,2026-05-12 00:00:00,Home & Living,S,2,107.45,0.0,Online,214.9
TX004426,CUST00955,2026-05-16 00:00:00,Apparel,M,2,100.43,0.0,Online,200.86
TX004427,CUST00955,2026-05-22 00:00:00,Apparel,M,3,49.45,16.34,Online,124.11
TX004428,CUST00955,2026-06-25 00:00:00,Home & Living,S,1,228.12,0.0,Online,228.12
TX004429,CUST00956,2025-07-24 00:00:00,Home & Living,XL,1,92.66,0.0,In-Store,92.66
TX004430,CUST00957,2024-11-22 00:00:00,Accessories,XS,3,22.71,0.0,Online,68.13
TX004431,CUST00957,2025-10-11 00:00:00,Home & Living,XL,2,90.96,0.0,In-Store,181.92
TX004432,CUST00957,2026-06-26 00:00:00,Home & Living,M,1,247.22,0.0,In-Store,247.22
TX004433,CUST00958,2026-05-23 00:00:00,Home & Living,S,1,181.03,18.94,In-Store,146.74
TX004434,CUST00958,2026-06-15 00:00:00,Footwear,XL,1,153.0,24.75,In-Store,115.13
TX004435,CUST00959,2024-09-16 00:00:00,Footwear,S,1,80.05,0.0,In-Store,80.05
TX004436,CUST00959,2024-11-10 00:00:00,Footwear,S,1,177.31,8.52,In-Store,162.2
TX004437,CUST00959,2024-11-30 00:00:00,Footwear,S,1,122.61,0.0,In-Store,122.61
TX004438,CUST00959,2026-01-22 00:00:00,Accessories,M,1,26.88,11.05,In-Store,23.91
TX004439,CUST00960,2025-08-26 00:00:00,Footwear,S,4,178.11,24.41,Online,538.53
TX004440,CUST00960,2025-12-31 00:00:00,Apparel,M,1,109.44,0.0,In-Store,109.44
TX004441,CUST00960,2026-01-20 00:00:00,Footwear,M,1,123.71,36.1,In-Store,79.05
TX004442,CUST00960,2026-02-01 00:00:00,Accessories,S,2,39.45,0.0,In-Store,78.9
TX004443,CUST00960,2026-04-16 00:00:00,Footwear,XL,1,155.9,0.0,In-Store,155.9
TX004444,CUST00960,2026-04-30 00:00:00,Accessories,L,2,40.99,0.0,Online,81.98
TX004445,CUST00960,2026-05-21 00:00:00,Home & Living,M,1,69.33,0.0,In-Store,69.33
TX004446,CUST00960,2026-06-02 00:00:00,Footwear,S,1,58.43,0.0,In-Store,58.43
TX004447,CUST00961,2025-05-09 00:00:00,Footwear,XL,1,82.43,0.0,Online,82.43
TX004448,CUST00961,2025-06-09 00:00:00,Home & Living,M,1,63.64,0.0,In-Store,63.64
TX004449,CUST00962,2025-02-08 00:00:00,Accessories,L,1,21.48,0.0,Online,21.48
TX004450,CUST00962,2025-02-14 00:00:00,Footwear,S,1,81.83,0.0,Online,81.83
TX004451,CUST00962,2025-05-06 00:00:00,Home & Living,M,3,248.8,0.0,Online,746.4
TX004452,CUST00962,2025-06-19 00:00:00,Accessories,M,1,44.98,0.0,In-Store,44.98
TX004453,CUST00962,2025-08-24 00:00:00,Accessories,M,1,31.14,0.0,Online,31.14
TX004454,CUST00962,2025-11-06 00:00:00,Home & Living,S,3,57.56,0.0,In-Store,172.68
TX004455,CUST00962,2026-01-28 00:00:00,Home & Living,M,1,226.39,0.0,Online,226.39
TX004456,CUST00963,2025-09-28 00:00:00,Footwear,XL,1,190.09,0.0,Online,190.09
TX004457,CUST00963,2025-09-29 00:00:00,Footwear,XS,1,141.15,28.35,Online,101.13
TX004458,CUST00963,2025-10-04 00:00:00,Home & Living,S,2,291.04,17.76,Online,478.7
TX004459,CUST00963,2025-12-08 00:00:00,Accessories,L,1,62.31,12.26,Online,54.67
TX004460,CUST00963,2025-12-29 00:00:00,Accessories,XS,1,19.05,0.0,In-Store,19.05
TX004461,CUST00963,2026-01-24 00:00:00,Apparel,L,1,80.59,0.0,Online,80.59
TX004462,CUST00963,2026-01-29 00:00:00,Home & Living,XS,3,254.68,0.0,In-Store,764.04
TX004463,CUST00963,2026-02-23 00:00:00,Home & Living,XS,1,98.77,0.0,In-Store,98.77
TX004464,CUST00963,2026-03-25 00:00:00,Footwear,S,1,155.34,18.19,Online,127.08
TX004465,CUST00963,2026-03-26 00:00:00,Accessories,M,1,63.52,0.0,In-Store,63.52
TX004466,CUST00963,2026-05-14 00:00:00,Home & Living,XS,2,264.63,0.0,Online,529.26
TX004467,CUST00963,2026-05-24 00:00:00,Accessories,S,2,46.34,0.0,Online,92.68
TX004468,CUST00963,2026-05-29 00:00:00,Footwear,L,1,168.48,0.0,In-Store,168.48
TX004469,CUST00964,2025-10-26 00:00:00,Home & Living,XS,2,207.62,0.0,In-Store,415.24
TX004470,CUST00964,2025-10-31 00:00:00,Footwear,M,1,157.96,39.16,In-Store,96.1
TX004471,CUST00964,2026-06-04 00:00:00,Footwear,XL,1,135.35,0.0,Online,135.35
TX004472,CUST00965,2025-08-04 00:00:00,Apparel,L,1,107.66,0.0,Online,107.66
TX004473,CUST00965,2025-09-03 00:00:00,Footwear,M,3,165.55,34.41,In-Store,325.75
TX004474,CUST00965,2026-04-26 00:00:00,Accessories,XS,2,37.5,0.0,Online,75.0
TX004475,CUST00965,2026-06-25 00:00:00,Accessories,M,1,69.14,0.0,Online,69.14
TX004476,CUST00966,2026-01-27 00:00:00,Accessories,XS,1,27.06,0.0,Online,27.06
TX004477,CUST00966,2026-03-04 00:00:00,Apparel,M,1,25.95,21.07,In-Store,20.48
TX004478,CUST00966,2026-04-11 00:00:00,Footwear,S,1,184.25,0.0,In-Store,184.25
TX004479,CUST00967,2026-06-11 00:00:00,Footwear,XL,1,81.96,0.0,Online,81.96
TX004480,CUST00968,2025-03-12 00:00:00,Accessories,L,1,47.47,0.0,In-Store,47.47
TX004481,CUST00969,2026-02-08 00:00:00,Apparel,M,1,89.61,20.86,In-Store,70.92
TX004482,CUST00969,2026-03-18 00:00:00,Home & Living,M,1,115.23,0.0,In-Store,115.23
TX004483,CUST00969,2026-06-27 00:00:00,Footwear,M,1,104.97,0.0,In-Store,104.97
TX004484,CUST00970,2024-07-22 00:00:00,Home & Living,M,2,233.28,0.0,In-Store,466.56
TX004485,CUST00970,2024-10-12 00:00:00,Apparel,S,3,44.84,11.86,In-Store,118.57
TX004486,CUST00970,2026-02-13 00:00:00,Apparel,S,1,39.27,0.0,Online,39.27
TX004487,CUST00970,2026-02-17 00:00:00,Footwear,S,1,103.58,0.0,Online,103.58
TX004488,CUST00971,2024-10-19 00:00:00,Apparel,S,1,65.79,0.0,In-Store,65.79
TX004489,CUST00971,2025-03-07 00:00:00,Footwear,M,1,74.06,0.0,Online,74.06
TX004490,CUST00971,2025-03-30 00:00:00,Home & Living,XL,1,204.33,0.0,In-Store,204.33
TX004491,CUST00971,2025-04-26 00:00:00,Apparel,M,1,41.25,0.0,Online,41.25
TX004492,CUST00971,2025-04-30 00:00:00,Home & Living,S,2,54.9,0.0,Online,109.8
TX004493,CUST00971,2025-09-18 00:00:00,Accessories,S,2,59.45,0.0,In-Store,118.9
TX004494,CUST00972,2025-07-23 00:00:00,Footwear,M,1,103.72,0.0,In-Store,103.72
TX004495,CUST00972,2025-10-26 00:00:00,Footwear,M,2,191.16,21.24,In-Store,301.12
TX004496,CUST00973,2025-01-13 00:00:00,Accessories,S,2,64.81,0.0,Online,129.62
TX004497,CUST00973,2025-11-20 00:00:00,Home & Living,L,1,196.74,0.0,Online,196.74
TX004498,CUST00974,2024-01-17 00:00:00,Accessories,L,1,12.06,0.0,Online,12.06
TX004499,CUST00974,2024-08-23 00:00:00,Accessories,L,1,49.95,6.75,Online,46.58
TX004500,CUST00974,2025-02-13 00:00:00,Apparel,L,1,102.62,0.0,Online,102.62
TX004501,CUST00974,2025-10-15 00:00:00,Accessories,L,2,34.57,0.0,In-Store,69.14
TX004502,CUST00974,2025-12-20 00:00:00,Footwear,XS,1,177.95,0.0,Online,177.95
TX004503,CUST00975,2026-04-12 00:00:00,Home & Living,L,1,202.5,0.0,Online,202.5
TX004504,CUST00975,2026-05-21 00:00:00,Apparel,M,1,58.01,0.0,In-Store,58.01
TX004505,CUST00975,2026-05-23 00:00:00,Home & Living,XS,1,180.78,0.0,In-Store,180.78
TX004506,CUST00975,2026-05-28 00:00:00,Apparel,M,1,33.53,0.0,In-Store,33.53
TX004507,CUST00975,2026-06-14 00:00:00,Apparel,L,1,109.9,0.0,Online,109.9
TX004508,CUST00975,2026-06-17 00:00:00,Apparel,XL,3,30.11,0.0,Online,90.33
TX004509,CUST00975,2026-06-24 00:00:00,Apparel,XS,1,67.97,0.0,Online,67.97
TX004510,CUST00976,2025-01-20 00:00:00,Home & Living,S,1,229.88,0.0,Online,229.88
TX004511,CUST00976,2025-03-17 00:00:00,Apparel,S,2,42.76,0.0,In-Store,85.52
TX004512,CUST00976,2025-12-06 00:00:00,Footwear,S,1,76.11,29.71,Online,53.5
TX004513,CUST00976,2026-05-11 00:00:00,Apparel,XL,1,68.51,0.0,In-Store,68.51
TX004514,CUST00977,2024-07-10 00:00:00,Apparel,S,3,65.26,10.28,Online,175.65
TX004515,CUST00977,2025-07-26 00:00:00,Home & Living,XL,2,182.5,0.0,In-Store,365.0
TX004516,CUST00977,2026-05-09 00:00:00,Home & Living,M,1,77.43,0.0,Online,77.43
TX004517,CUST00978,2026-04-18 00:00:00,Apparel,M,2,61.92,0.0,In-Store,123.84
TX004518,CUST00979,2026-01-28 00:00:00,Apparel,XS,1,46.41,0.0,In-Store,46.41
TX004519,CUST00980,2025-10-14 00:00:00,Home & Living,M,1,268.41,0.0,In-Store,268.41
TX004520,CUST00980,2025-12-02 00:00:00,Footwear,M,1,179.99,0.0,Online,179.99
TX004521,CUST00980,2026-02-06 00:00:00,Footwear,M,2,66.95,0.0,In-Store,133.9
TX004522,CUST00980,2026-03-03 00:00:00,Apparel,L,1,46.9,0.0,In-Store,46.9
TX004523,CUST00980,2026-04-16 00:00:00,Accessories,XS,1,27.29,5.82,In-Store,25.7
TX004524,CUST00980,2026-06-13 00:00:00,Apparel,S,1,72.81,0.0,Online,72.81
TX004525,CUST00980,2026-06-15 00:00:00,Apparel,XS,2,93.84,28.69,Online,133.83
TX004526,CUST00981,2025-08-10 00:00:00,Apparel,M,1,73.92,0.0,Online,73.92
TX004527,CUST00981,2025-09-07 00:00:00,Home & Living,L,1,247.83,9.36,Online,224.63
TX004528,CUST00981,2025-09-19 00:00:00,Apparel,S,1,99.27,0.0,Online,99.27
TX004529,CUST00981,2025-12-31 00:00:00,Apparel,L,1,92.12,0.0,In-Store,92.12
TX004530,CUST00981,2026-03-13 00:00:00,Apparel,L,1,71.76,11.44,Online,63.55
TX004531,CUST00981,2026-04-11 00:00:00,Accessories,S,1,62.45,7.23,Online,57.93
TX004532,CUST00981,2026-05-31 00:00:00,Footwear,S,1,164.01,26.99,Online,119.74
TX004533,CUST00981,2026-06-25 00:00:00,Footwear,XS,1,132.96,0.0,Online,132.96
TX004534,CUST00982,2025-05-15 00:00:00,Apparel,M,1,114.78,0.0,Online,114.78
TX004535,CUST00982,2025-09-21 00:00:00,Footwear,S,1,157.86,0.0,In-Store,157.86
TX004536,CUST00984,2026-04-04 00:00:00,Apparel,M,1,49.35,0.0,Online,49.35
TX004537,CUST00985,2026-03-09 00:00:00,Home & Living,M,1,190.15,0.0,Online,190.15
TX004538,CUST00985,2026-03-15 00:00:00,Home & Living,S,2,151.38,0.0,Online,302.76
TX004539,CUST00985,2026-05-10 00:00:00,Apparel,M,1,48.82,0.0,In-Store,48.82
TX004540,CUST00985,2026-05-13 00:00:00,Home & Living,L,1,185.79,0.0,In-Store,185.79
TX004541,CUST00985,2026-06-11 00:00:00,Home & Living,S,1,115.87,0.0,Online,115.87
TX004542,CUST00985,2026-06-14 00:00:00,Accessories,M,1,55.72,0.0,Online,55.72
TX004543,CUST00986,2026-01-27 00:00:00,Accessories,M,2,26.25,0.0,Online,52.5
TX004544,CUST00987,2024-10-25 00:00:00,Footwear,S,2,142.62,0.0,Online,285.24
TX004545,CUST00988,2026-04-14 00:00:00,Apparel,L,1,55.15,0.0,In-Store,55.15
TX004546,CUST00988,2026-04-18 00:00:00,Accessories,S,1,16.37,0.0,Online,16.37
TX004547,CUST00988,2026-04-19 00:00:00,Footwear,S,3,56.54,7.41,Online,157.05
TX004548,CUST00988,2026-05-01 00:00:00,Apparel,M,2,47.44,27.93,In-Store,68.38
TX004549,CUST00988,2026-05-01 00:00:00,Footwear,XL,3,81.46,0.0,Online,244.38
TX004550,CUST00988,2026-05-15 00:00:00,Accessories,L,3,39.9,0.0,In-Store,119.7
TX004551,CUST00989,2026-01-02 00:00:00,Apparel,S,1,111.63,0.0,In-Store,111.63
TX004552,CUST00989,2026-01-12 00:00:00,Footwear,M,2,156.62,9.72,In-Store,282.79
TX004553,CUST00989,2026-03-16 00:00:00,Home & Living,M,1,249.85,0.0,Online,249.85
TX004554,CUST00989,2026-03-22 00:00:00,Footwear,XL,1,51.89,37.4,Online,32.48
TX004555,CUST00989,2026-04-26 00:00:00,Accessories,XS,2,73.12,0.0,Online,146.24
TX004556,CUST00989,2026-04-30 00:00:00,Footwear,M,1,106.43,15.27,Online,90.18
TX004557,CUST00989,2026-05-09 00:00:00,Footwear,L,2,75.61,22.6,In-Store,117.04
TX004558,CUST00989,2026-06-22 00:00:00,Apparel,M,2,32.94,0.0,Online,65.88
TX004559,CUST00990,2025-11-29 00:00:00,Apparel,XL,1,102.53,0.0,Online,102.53
TX004560,CUST00990,2025-12-02 00:00:00,Footwear,XL,1,103.53,0.0,Online,103.53
TX004561,CUST00990,2025-12-09 00:00:00,Apparel,M,1,51.22,0.0,In-Store,51.22
TX004562,CUST00990,2025-12-18 00:00:00,Apparel,M,1,37.01,8.44,In-Store,33.89
TX004563,CUST00990,2025-12-27 00:00:00,Accessories,S,1,36.72,0.0,Online,36.72
TX004564,CUST00990,2025-12-31 00:00:00,Footwear,L,4,85.52,32.93,In-Store,229.43
TX004565,CUST00990,2026-01-04 00:00:00,Home & Living,XL,2,132.02,10.83,In-Store,235.44
TX004566,CUST00990,2026-01-04 00:00:00,Apparel,S,1,43.24,26.33,In-Store,31.85
TX004567,CUST00990,2026-01-30 00:00:00,Apparel,S,2,44.53,0.0,Online,89.06
TX004568,CUST00990,2026-02-02 00:00:00,Home & Living,XL,1,242.32,0.0,Online,242.32
TX004569,CUST00990,2026-02-05 00:00:00,Accessories,M,2,19.91,7.81,In-Store,36.71
TX004570,CUST00990,2026-02-20 00:00:00,Home & Living,M,1,93.97,14.03,Online,80.79
TX004571,CUST00990,2026-02-26 00:00:00,Apparel,L,1,57.14,0.0,In-Store,57.14
TX004572,CUST00990,2026-03-12 00:00:00,Accessories,L,1,74.23,0.0,Online,74.23
TX004573,CUST00990,2026-03-20 00:00:00,Accessories,S,1,69.25,0.0,Online,69.25
TX004574,CUST00990,2026-03-28 00:00:00,Apparel,L,1,58.79,0.0,In-Store,58.79
TX004575,CUST00990,2026-04-14 00:00:00,Accessories,XL,1,33.4,0.0,Online,33.4
TX004576,CUST00990,2026-04-15 00:00:00,Footwear,XL,1,106.32,7.91,In-Store,97.91
TX004577,CUST00990,2026-04-28 00:00:00,Apparel,M,1,42.96,0.0,In-Store,42.96
TX004578,CUST00990,2026-05-05 00:00:00,Accessories,L,1,37.83,8.8,Online,34.5
TX004579,CUST00990,2026-05-07 00:00:00,Home & Living,XL,1,59.36,0.0,In-Store,59.36
TX004580,CUST00990,2026-06-03 00:00:00,Accessories,M,1,16.07,12.41,Online,14.08
TX004581,CUST00990,2026-06-16 00:00:00,Apparel,M,2,64.51,0.0,Online,129.02
TX004582,CUST00990,2026-06-22 00:00:00,Home & Living,M,2,296.3,0.0,In-Store,592.6
TX004583,CUST00990,2026-06-25 00:00:00,Footwear,L,1,141.94,0.0,In-Store,141.94
TX004584,CUST00991,2025-07-23 00:00:00,Apparel,S,2,105.57,18.25,In-Store,172.61
TX004585,CUST00991,2026-03-21 00:00:00,Footwear,M,2,129.2,29.25,In-Store,182.82
TX004586,CUST00992,2025-01-07 00:00:00,Accessories,L,1,43.25,0.0,Online,43.25
TX004587,CUST00992,2025-05-27 00:00:00,Home & Living,S,1,63.49,0.0,In-Store,63.49
TX004588,CUST00993,2024-11-08 00:00:00,Accessories,L,1,21.12,0.0,Online,21.12
TX004589,CUST00993,2026-01-03 00:00:00,Home & Living,L,2,204.77,0.0,Online,409.54
TX004590,CUST00994,2024-10-24 00:00:00,Accessories,S,1,24.38,0.0,Online,24.38
TX004591,CUST00994,2025-03-16 00:00:00,Apparel,M,1,70.83,0.0,In-Store,70.83
TX004592,CUST00994,2025-04-08 00:00:00,Footwear,S,1,129.59,24.89,In-Store,97.34
TX004593,CUST00995,2024-06-11 00:00:00,Apparel,S,2,115.21,0.0,In-Store,230.42
TX004594,CUST00995,2024-07-13 00:00:00,Footwear,M,1,132.78,0.0,In-Store,132.78
TX004595,CUST00995,2024-07-20 00:00:00,Apparel,M,4,101.19,0.0,Online,404.76
TX004596,CUST00995,2024-08-03 00:00:00,Footwear,M,3,62.65,18.99,In-Store,152.26
TX004597,CUST00995,2024-11-12 00:00:00,Home & Living,S,1,192.52,0.0,Online,192.52
TX004598,CUST00995,2025-01-29 00:00:00,Footwear,XS,1,179.98,0.0,Online,179.98
TX004599,CUST00995,2025-08-12 00:00:00,Accessories,S,2,12.67,0.0,In-Store,25.34
TX004600,CUST00995,2025-12-28 00:00:00,Accessories,S,1,17.59,0.0,Online,17.59
TX004601,CUST00996,2024-03-20 00:00:00,Apparel,M,2,109.85,0.0,In-Store,219.7
TX004602,CUST00996,2024-06-16 00:00:00,Apparel,XL,1,61.29,0.0,In-Store,61.29
TX004603,CUST00996,2026-03-17 00:00:00,Apparel,L,2,35.44,0.0,Online,70.88
TX004604,CUST00996,2026-06-14 00:00:00,Footwear,M,1,76.92,10.31,Online,68.99
TX004605,CUST00996,2026-06-27 00:00:00,Home & Living,XS,1,137.33,0.0,Online,137.33
TX004606,CUST00997,2025-08-29 00:00:00,Home & Living,M,3,76.52,0.0,In-Store,229.56
TX004607,CUST00997,2025-10-30 00:00:00,Home & Living,M,2,104.79,0.0,Online,209.58
TX004608,CUST00997,2026-01-12 00:00:00,Home & Living,M,1,268.24,0.0,In-Store,268.24
TX004609,CUST00997,2026-01-19 00:00:00,Accessories,M,1,34.36,0.0,In-Store,34.36
TX004610,CUST00997,2026-01-25 00:00:00,Footwear,XS,1,68.74,0.0,Online,68.74
TX004611,CUST00997,2026-02-26 00:00:00,Accessories,L,1,16.88,0.0,Online,16.88
TX004612,CUST00997,2026-06-11 00:00:00,Footwear,XS,1,127.71,22.86,Online,98.52
TX004613,CUST00998,2025-06-05 00:00:00,Apparel,L,1,111.88,0.0,In-Store,111.88
TX004614,CUST00998,2025-08-15 00:00:00,Footwear,M,1,73.5,0.0,In-Store,73.5
TX004615,CUST00998,2025-12-29 00:00:00,Apparel,M,3,85.56,22.87,Online,197.98
TX004616,CUST00999,2026-05-01 00:00:00,Footwear,S,1,191.99,33.53,In-Store,127.62
TX004617,CUST00999,2026-05-06 00:00:00,Accessories,M,1,58.51,0.0,In-Store,58.51
TX004618,CUST00999,2026-05-09 00:00:00,Accessories,XL,1,60.89,9.68,Online,55.0
TX004619,CUST00999,2026-05-12 00:00:00,Home & Living,S,1,263.23,0.0,In-Store,263.23
TX004620,CUST00999,2026-05-20 00:00:00,Home & Living,XS,1,107.91,18.38,Online,88.08
TX004621,CUST00999,2026-06-01 00:00:00,Home & Living,M,1,145.16,0.0,In-Store,145.16
TX004622,CUST00999,2026-06-18 00:00:00,Accessories,XL,1,45.95,0.0,Online,45.95
TX004623,CUST00999,2026-06-30 00:00:00,Home & Living,S,2,92.87,0.0,Online,185.74
TX004624,CUST01000,2025-08-12 00:00:00,Home & Living,XL,1,203.11,0.0,In-Store,203.11
TX004625,CUST01000,2025-08-14 00:00:00,Apparel,XS,1,47.11,0.0,In-Store,47.11
TX004626,CUST01000,2025-09-07 00:00:00,Home & Living,S,1,162.68,18.71,In-Store,132.24
TX004627,CUST01000,2025-10-12 00:00:00,Apparel,S,1,104.58,13.84,In-Store,90.11
TX004628,CUST01000,2026-01-16 00:00:00,Footwear,S,2,187.92,25.19,Online,281.17
TX004629,CUST01000,2026-02-17 00:00:00,Home & Living,L,1,270.05,0.0,In-Store,270.05
TX004630,CUST01000,2026-03-05 00:00:00,Home & Living,XS,1,208.72,0.0,In-Store,208.72
TX004631,CUST01000,2026-03-08 00:00:00,Home & Living,XS,1,39.01,12.32,Online,34.2
TX004632,CUST01000,2026-03-31 00:00:00,Footwear,M,1,71.91,0.0,In-Store,71.91
TX004633,CUST01001,2025-09-06 00:00:00,Footwear,S,1,83.95,0.0,Online,83.95
TX004634,CUST01001,2025-09-23 00:00:00,Footwear,L,1,178.93,0.0,In-Store,178.93
TX004635,CUST01001,2026-01-01 00:00:00,Home & Living,L,1,260.39,0.0,Online,260.39
TX004636,CUST01002,2025-10-13 00:00:00,Footwear,L,2,92.19,30.68,In-Store,127.81
TX004637,CUST01003,2024-11-24 00:00:00,Home & Living,M,3,266.1,0.0,Online,798.3
TX004638,CUST01004,2025-05-02 00:00:00,Home & Living,M,1,195.89,0.0,Online,195.89
TX004639,CUST01004,2025-05-31 00:00:00,Home & Living,S,1,218.36,14.77,Online,186.11
TX004640,CUST01004,2025-11-26 00:00:00,Footwear,S,1,164.16,0.0,Online,164.16
TX004641,CUST01004,2026-04-26 00:00:00,Accessories,M,1,64.35,8.46,In-Store,58.91
TX004642,CUST01004,2026-05-21 00:00:00,Accessories,S,4,38.02,12.85,Online,132.54
TX004643,CUST01005,2026-01-14 00:00:00,Home & Living,XS,1,130.97,0.0,Online,130.97
TX004644,CUST01005,2026-01-31 00:00:00,Apparel,S,2,36.11,0.0,Online,72.22
TX004645,CUST01005,2026-02-02 00:00:00,Accessories,S,1,67.95,0.0,In-Store,67.95
TX004646,CUST01005,2026-02-06 00:00:00,Footwear,M,1,96.72,0.0,In-Store,96.72
TX004647,CUST01005,2026-02-08 00:00:00,Apparel,L,1,115.34,0.0,Online,115.34
TX004648,CUST01005,2026-02-11 00:00:00,Apparel,L,3,111.83,0.0,Online,335.49
TX004649,CUST01005,2026-03-13 00:00:00,Accessories,M,1,20.34,0.0,Online,20.34
TX004650,CUST01005,2026-03-17 00:00:00,Accessories,M,2,37.98,0.0,Online,75.96
TX004651,CUST01005,2026-03-22 00:00:00,Footwear,S,1,149.18,0.0,Online,149.18
TX004652,CUST01005,2026-03-30 00:00:00,Footwear,M,1,97.17,20.39,Online,77.36
TX004653,CUST01005,2026-04-13 00:00:00,Home & Living,XL,1,136.71,0.0,Online,136.71
TX004654,CUST01005,2026-04-21 00:00:00,Home & Living,S,3,230.63,0.0,Online,691.89
TX004655,CUST01005,2026-05-19 00:00:00,Accessories,L,1,59.78,8.2,In-Store,54.88
TX004656,CUST01005,2026-05-30 00:00:00,Apparel,M,1,96.11,17.95,Online,78.86
TX004657,CUST01005,2026-06-04 00:00:00,Accessories,M,2,36.57,11.85,In-Store,64.47
TX004658,CUST01005,2026-06-07 00:00:00,Accessories,S,1,15.78,0.0,Online,15.78
TX004659,CUST01005,2026-06-13 00:00:00,Footwear,XS,2,86.07,0.0,In-Store,172.14
TX004660,CUST01005,2026-06-24 00:00:00,Home & Living,XS,1,287.61,0.0,In-Store,287.61
TX004661,CUST01005,2026-06-27 00:00:00,Home & Living,L,2,250.94,0.0,In-Store,501.88
TX004662,CUST01006,2025-09-03 00:00:00,Footwear,M,2,162.24,0.0,In-Store,324.48
TX004663,CUST01008,2025-06-24 00:00:00,Footwear,XL,1,58.37,0.0,Online,58.37
TX004664,CUST01008,2025-07-15 00:00:00,Footwear,M,2,107.27,0.0,In-Store,214.54
TX004665,CUST01008,2025-10-29 00:00:00,Apparel,M,1,59.3,7.05,Online,55.12
TX004666,CUST01008,2025-11-05 00:00:00,Home & Living,S,2,229.84,16.45,Online,384.06
TX004667,CUST01009,2024-07-13 00:00:00,Home & Living,S,1,150.53,0.0,In-Store,150.53
TX004668,CUST01009,2025-04-03 00:00:00,Footwear,XL,1,50.8,28.1,Online,36.53
TX004669,CUST01009,2026-05-18 00:00:00,Footwear,L,1,129.67,0.0,Online,129.67
TX004670,CUST01009,2026-05-20 00:00:00,Accessories,S,1,46.82,0.0,Online,46.82
TX004671,CUST01010,2026-04-18 00:00:00,Accessories,L,1,31.61,10.25,Online,28.37
TX004672,CUST01011,2024-10-15 00:00:00,Home & Living,S,2,68.43,13.96,Online,117.75
TX004673,CUST01011,2025-11-28 00:00:00,Accessories,L,1,16.98,0.0,In-Store,16.98
TX004674,CUST01011,2025-12-07 00:00:00,Apparel,L,1,71.48,7.09,In-Store,66.41
TX004675,CUST01011,2026-02-27 00:00:00,Accessories,M,1,31.2,0.0,In-Store,31.2
TX004676,CUST01012,2025-12-24 00:00:00,Apparel,M,1,69.54,0.0,Online,69.54
TX004677,CUST01012,2025-12-31 00:00:00,Apparel,XS,2,118.76,8.04,In-Store,218.42
TX004678,CUST01012,2026-01-05 00:00:00,Footwear,M,1,138.91,0.0,In-Store,138.91
TX004679,CUST01012,2026-01-09 00:00:00,Home & Living,S,1,118.56,0.0,Online,118.56
TX004680,CUST01012,2026-01-31 00:00:00,Footwear,S,1,197.09,0.0,Online,197.09
TX004681,CUST01012,2026-02-09 00:00:00,Home & Living,XS,1,283.95,0.0,Online,283.95
TX004682,CUST01012,2026-02-28 00:00:00,Apparel,M,1,31.19,12.76,In-Store,27.21
TX004683,CUST01012,2026-03-04 00:00:00,Footwear,L,1,112.72,0.0,Online,112.72
TX004684,CUST01012,2026-03-05 00:00:00,Home & Living,L,1,269.42,9.62,Online,243.5
TX004685,CUST01012,2026-03-06 00:00:00,Accessories,L,1,64.03,8.69,Online,58.47
TX004686,CUST01012,2026-03-12 00:00:00,Footwear,L,1,107.37,0.0,Online,107.37
TX004687,CUST01012,2026-03-16 00:00:00,Apparel,M,2,109.74,29.47,Online,154.8
TX004688,CUST01012,2026-03-26 00:00:00,Home & Living,M,2,43.87,0.0,In-Store,87.74
TX004689,CUST01012,2026-03-26 00:00:00,Footwear,XL,3,162.4,0.0,Online,487.2
TX004690,CUST01012,2026-03-29 00:00:00,Home & Living,S,1,229.97,0.0,In-Store,229.97
TX004691,CUST01012,2026-04-12 00:00:00,Apparel,L,3,71.13,0.0,In-Store,213.39
TX004692,CUST01012,2026-04-19 00:00:00,Accessories,M,1,10.7,0.0,Online,10.7
TX004693,CUST01012,2026-05-14 00:00:00,Home & Living,M,1,244.53,0.0,In-Store,244.53
TX004694,CUST01012,2026-05-17 00:00:00,Home & Living,L,1,167.65,0.0,Online,167.65
TX004695,CUST01012,2026-05-25 00:00:00,Footwear,XL,1,93.84,0.0,Online,93.84
TX004696,CUST01012,2026-06-18 00:00:00,Footwear,XL,1,180.13,18.15,In-Store,147.44
TX004697,CUST01012,2026-06-24 00:00:00,Home & Living,L,1,177.81,0.0,In-Store,177.81
TX004698,CUST01013,2026-03-09 00:00:00,Accessories,S,1,24.88,0.0,In-Store,24.88
TX004699,CUST01014,2025-08-16 00:00:00,Apparel,M,4,46.18,25.98,Online,136.73
TX004700,CUST01014,2025-09-14 00:00:00,Accessories,XS,2,50.98,0.0,In-Store,101.96
TX004701,CUST01014,2025-10-21 00:00:00,Home & Living,L,2,284.6,0.0,Online,569.2
TX004702,CUST01014,2025-12-13 00:00:00,Home & Living,M,2,89.59,0.0,Online,179.18
TX004703,CUST01014,2026-02-03 00:00:00,Footwear,S,1,106.51,27.28,In-Store,77.45
TX004704,CUST01014,2026-02-20 00:00:00,Footwear,S,2,198.95,0.0,In-Store,397.9
TX004705,CUST01014,2026-03-10 00:00:00,Accessories,L,1,29.77,0.0,In-Store,29.77
TX004706,CUST01015,2024-06-03 00:00:00,Footwear,L,1,110.67,35.96,In-Store,70.87
TX004707,CUST01015,2024-06-16 00:00:00,Accessories,M,1,51.18,0.0,Online,51.18
TX004708,CUST01015,2024-06-21 00:00:00,Footwear,L,2,109.03,0.0,In-Store,218.06
TX004709,CUST01015,2024-08-18 00:00:00,Home & Living,XS,2,289.88,0.0,Online,579.76
TX004710,CUST01015,2024-10-30 00:00:00,Accessories,S,1,27.39,0.0,Online,27.39
TX004711,CUST01015,2025-02-14 00:00:00,Apparel,S,2,71.58,0.0,Online,143.16
TX004712,CUST01015,2025-03-19 00:00:00,Apparel,XL,1,94.02,14.74,Online,80.16
TX004713,CUST01016,2025-11-19 00:00:00,Footwear,M,1,113.62,0.0,Online,113.62
TX004714,CUST01016,2025-12-09 00:00:00,Footwear,M,1,165.52,0.0,Online,165.52
TX004715,CUST01016,2026-01-05 00:00:00,Footwear,M,1,182.64,0.0,Online,182.64
TX004716,CUST01016,2026-01-24 00:00:00,Accessories,M,2,52.62,0.0,Online,105.24
TX004717,CUST01016,2026-02-04 00:00:00,Apparel,S,1,96.45,0.0,Online,96.45
TX004718,CUST01016,2026-02-05 00:00:00,Footwear,L,2,160.48,11.41,Online,284.34
TX004719,CUST01016,2026-02-27 00:00:00,Apparel,M,1,26.01,0.0,Online,26.01
TX004720,CUST01016,2026-04-01 00:00:00,Footwear,XS,2,101.07,0.0,In-Store,202.14
TX004721,CUST01017,2025-10-05 00:00:00,Home & Living,M,1,86.25,0.0,Online,86.25
TX004722,CUST01017,2026-04-10 00:00:00,Footwear,M,1,53.85,0.0,Online,53.85
TX004723,CUST01017,2026-05-05 00:00:00,Footwear,M,1,167.92,21.94,In-Store,131.08
TX004724,CUST01018,2024-04-08 00:00:00,Accessories,XS,1,32.49,0.0,Online,32.49
TX004725,CUST01018,2024-07-13 00:00:00,Footwear,XS,1,85.78,0.0,In-Store,85.78
TX004726,CUST01018,2024-10-17 00:00:00,Home & Living,S,1,230.86,0.0,Online,230.86
TX004727,CUST01018,2024-11-03 00:00:00,Footwear,M,1,71.82,0.0,Online,71.82
TX004728,CUST01018,2025-08-20 00:00:00,Apparel,L,1,31.68,11.38,Online,28.07
TX004729,CUST01019,2025-02-20 00:00:00,Footwear,L,1,140.46,0.0,In-Store,140.46
TX004730,CUST01019,2025-10-03 00:00:00,Accessories,M,1,22.72,9.46,Online,20.57
TX004731,CUST01019,2026-02-11 00:00:00,Footwear,S,1,168.64,22.95,In-Store,129.94
TX004732,CUST01019,2026-03-26 00:00:00,Footwear,L,3,65.37,0.0,Online,196.11
TX004733,CUST01019,2026-04-21 00:00:00,Accessories,S,1,73.37,0.0,In-Store,73.37
TX004734,CUST01020,2025-12-16 00:00:00,Footwear,L,1,79.55,15.13,Online,67.51
TX004735,CUST01020,2026-04-29 00:00:00,Home & Living,M,1,139.57,0.0,In-Store,139.57
TX004736,CUST01020,2026-06-09 00:00:00,Accessories,L,1,68.39,0.0,Online,68.39
TX004737,CUST01021,2024-11-06 00:00:00,Apparel,XL,4,29.31,0.0,Online,117.24
TX004738,CUST01022,2025-10-30 00:00:00,Apparel,S,1,39.99,14.7,Online,34.11
TX004739,CUST01022,2025-12-16 00:00:00,Footwear,M,1,102.53,0.0,Online,102.53
TX004740,CUST01022,2026-01-01 00:00:00,Footwear,XL,2,62.16,15.54,Online,105.0
TX004741,CUST01022,2026-01-22 00:00:00,Accessories,M,1,36.19,0.0,Online,36.19
TX004742,CUST01022,2026-02-23 00:00:00,Footwear,M,1,128.51,21.28,Online,101.16
TX004743,CUST01022,2026-04-17 00:00:00,Accessories,L,1,56.28,0.0,In-Store,56.28
TX004744,CUST01023,2026-02-08 00:00:00,Apparel,M,1,96.78,0.0,Online,96.78
TX004745,CUST01023,2026-02-20 00:00:00,Accessories,L,2,71.84,0.0,In-Store,143.68
TX004746,CUST01023,2026-03-17 00:00:00,Footwear,M,1,59.22,0.0,In-Store,59.22
TX004747,CUST01023,2026-04-13 00:00:00,Accessories,M,1,19.19,0.0,In-Store,19.19
TX004748,CUST01023,2026-04-13 00:00:00,Home & Living,M,3,97.79,7.22,Online,272.19
TX004749,CUST01023,2026-04-25 00:00:00,Apparel,XL,2,70.24,0.0,In-Store,140.48
TX004750,CUST01023,2026-04-28 00:00:00,Accessories,M,2,54.97,0.0,Online,109.94
TX004751,CUST01023,2026-06-29 00:00:00,Footwear,XS,1,151.62,20.22,In-Store,120.96
TX004752,CUST01024,2024-01-30 00:00:00,Apparel,M,3,59.77,0.0,Online,179.31
TX004753,CUST01024,2024-02-18 00:00:00,Accessories,M,2,66.33,0.0,Online,132.66
TX004754,CUST01024,2024-03-19 00:00:00,Accessories,S,1,29.74,0.0,In-Store,29.74
TX004755,CUST01024,2025-03-11 00:00:00,Accessories,XL,1,60.28,0.0,In-Store,60.28
TX004756,CUST01024,2025-10-11 00:00:00,Accessories,M,1,13.37,0.0,Online,13.37
TX004757,CUST01024,2025-10-17 00:00:00,Apparel,M,1,58.18,0.0,In-Store,58.18
TX004758,CUST01024,2025-12-24 00:00:00,Apparel,XS,2,103.11,27.59,In-Store,149.32
TX004759,CUST01024,2026-03-22 00:00:00,Home & Living,L,1,248.83,0.0,Online,248.83
TX004760,CUST01024,2026-06-21 00:00:00,Footwear,S,1,140.17,0.0,Online,140.17
TX004761,CUST01025,2026-03-12 00:00:00,Apparel,M,2,42.77,14.02,Online,73.55
TX004762,CUST01025,2026-04-07 00:00:00,Apparel,XS,1,43.03,7.4,In-Store,39.85
TX004763,CUST01025,2026-05-18 00:00:00,Home & Living,XL,2,175.0,0.0,Online,350.0
TX004764,CUST01025,2026-06-15 00:00:00,Apparel,M,1,47.97,0.0,In-Store,47.97
TX004765,CUST01025,2026-06-30 00:00:00,Apparel,XS,1,42.74,0.0,In-Store,42.74
TX004766,CUST01026,2025-07-02 00:00:00,Apparel,XS,1,61.15,26.45,In-Store,44.98
TX004767,CUST01026,2025-08-30 00:00:00,Home & Living,L,1,138.7,5.16,Online,131.54
TX004768,CUST01027,2026-03-06 00:00:00,Footwear,XL,1,58.29,0.0,Online,58.29
TX004769,CUST01027,2026-04-11 00:00:00,Home & Living,L,1,219.5,0.0,Online,219.5
TX004770,CUST01027,2026-04-16 00:00:00,Footwear,S,1,195.1,0.0,In-Store,195.1
TX004771,CUST01027,2026-04-19 00:00:00,Footwear,S,1,135.04,0.0,In-Store,135.04
TX004772,CUST01027,2026-04-22 00:00:00,Footwear,L,2,52.74,9.83,Online,95.11
TX004773,CUST01027,2026-05-19 00:00:00,Home & Living,XS,1,214.03,0.0,Online,214.03
TX004774,CUST01027,2026-06-25 00:00:00,Apparel,M,1,86.56,0.0,Online,86.56
TX004775,CUST01028,2025-12-10 00:00:00,Accessories,M,1,27.11,0.0,Online,27.11
TX004776,CUST01029,2026-03-21 00:00:00,Accessories,L,2,21.74,0.0,In-Store,43.48
TX004777,CUST01030,2025-03-28 00:00:00,Apparel,XS,2,116.05,0.0,Online,232.1
TX004778,CUST01031,2025-06-30 00:00:00,Apparel,L,3,106.06,22.11,In-Store,247.83
TX004779,CUST01031,2025-10-16 00:00:00,Footwear,XL,1,133.97,21.83,In-Store,104.72
TX004780,CUST01031,2025-11-08 00:00:00,Apparel,S,2,108.59,0.0,In-Store,217.18
TX004781,CUST01031,2025-12-28 00:00:00,Apparel,M,3,50.75,0.0,In-Store,152.25
TX004782,CUST01032,2025-06-11 00:00:00,Home & Living,S,1,97.26,0.0,In-Store,97.26
TX004783,CUST01032,2025-08-26 00:00:00,Footwear,M,1,104.09,0.0,Online,104.09
TX004784,CUST01032,2025-10-02 00:00:00,Home & Living,S,3,246.35,0.0,In-Store,739.05
TX004785,CUST01032,2025-10-17 00:00:00,Accessories,M,1,73.21,0.0,Online,73.21
TX004786,CUST01032,2025-10-19 00:00:00,Footwear,L,1,107.74,23.09,Online,82.86
TX004787,CUST01032,2025-11-05 00:00:00,Apparel,S,1,96.43,21.46,Online,75.74
TX004788,CUST01032,2025-12-30 00:00:00,Accessories,M,1,17.39,9.44,Online,15.75
TX004789,CUST01032,2026-01-08 00:00:00,Accessories,M,1,39.66,0.0,In-Store,39.66
TX004790,CUST01033,2026-05-29 00:00:00,Apparel,M,1,61.13,0.0,In-Store,61.13
TX004791,CUST01034,2026-04-08 00:00:00,Home & Living,M,1,66.83,0.0,In-Store,66.83
TX004792,CUST01035,2025-02-09 00:00:00,Footwear,M,1,179.79,21.68,Online,140.81
TX004793,CUST01036,2026-03-17 00:00:00,Apparel,S,1,73.14,12.23,Online,64.19
TX004794,CUST01036,2026-06-14 00:00:00,Home & Living,S,1,118.01,0.0,In-Store,118.01
TX004795,CUST01037,2024-12-24 00:00:00,Footwear,M,1,186.52,16.39,In-Store,155.95
TX004796,CUST01037,2025-02-05 00:00:00,Accessories,M,1,63.23,0.0,Online,63.23
TX004797,CUST01037,2025-02-24 00:00:00,Footwear,M,1,94.82,35.84,Online,60.84
TX004798,CUST01037,2025-03-17 00:00:00,Home & Living,M,1,199.06,0.0,Online,199.06
TX004799,CUST01037,2025-08-17 00:00:00,Footwear,S,1,106.15,0.0,In-Store,106.15
TX004800,CUST01037,2025-09-01 00:00:00,Home & Living,M,1,61.14,0.0,In-Store,61.14
TX004801,CUST01037,2025-11-01 00:00:00,Accessories,L,1,65.74,0.0,Online,65.74
TX004802,CUST01037,2026-02-27 00:00:00,Footwear,S,1,61.68,0.0,Online,61.68
TX004803,CUST01037,2026-03-05 00:00:00,Apparel,L,1,76.38,0.0,In-Store,76.38
TX004804,CUST01037,2026-03-25 00:00:00,Apparel,S,2,82.39,0.0,Online,164.78
TX004805,CUST01038,2026-02-17 00:00:00,Apparel,M,1,25.25,0.0,In-Store,25.25
TX004806,CUST01038,2026-04-13 00:00:00,Apparel,L,2,70.54,5.71,Online,133.02
TX004807,CUST01039,2025-12-25 00:00:00,Home & Living,S,1,255.25,14.73,In-Store,217.65
TX004808,CUST01039,2026-04-09 00:00:00,Footwear,L,1,81.63,0.0,Online,81.63
TX004809,CUST01039,2026-05-15 00:00:00,Home & Living,S,1,89.6,0.0,In-Store,89.6
TX004810,CUST01040,2025-04-15 00:00:00,Footwear,L,1,113.12,0.0,In-Store,113.12
TX004811,CUST01040,2025-06-02 00:00:00,Footwear,M,1,88.29,16.0,Online,74.16
TX004812,CUST01040,2025-06-04 00:00:00,Home & Living,S,1,53.25,0.0,Online,53.25
TX004813,CUST01040,2025-07-31 00:00:00,Home & Living,M,2,292.97,0.0,Online,585.94
TX004814,CUST01040,2025-08-21 00:00:00,Accessories,S,1,12.74,12.52,Online,11.14
TX004815,CUST01040,2025-09-02 00:00:00,Home & Living,M,1,260.5,0.0,In-Store,260.5
TX004816,CUST01040,2026-01-05 00:00:00,Home & Living,XS,1,274.74,0.0,Online,274.74
TX004817,CUST01040,2026-01-28 00:00:00,Footwear,M,1,139.47,0.0,Online,139.47
TX004818,CUST01040,2026-02-06 00:00:00,Accessories,M,1,60.5,0.0,In-Store,60.5
TX004819,CUST01040,2026-03-25 00:00:00,Accessories,M,1,37.83,0.0,Online,37.83
TX004820,CUST01040,2026-04-15 00:00:00,Apparel,M,1,37.12,10.61,In-Store,33.18
TX004821,CUST01040,2026-05-02 00:00:00,Home & Living,XS,2,204.87,0.0,Online,409.74
TX004822,CUST01041,2026-03-16 00:00:00,Footwear,M,1,125.97,0.0,Online,125.97
TX004823,CUST01041,2026-03-27 00:00:00,Accessories,M,1,18.27,13.68,Online,15.77
TX004824,CUST01041,2026-03-28 00:00:00,Home & Living,M,1,281.97,0.0,In-Store,281.97
TX004825,CUST01041,2026-06-24 00:00:00,Home & Living,M,2,146.29,0.0,In-Store,292.58
TX004826,CUST01042,2025-01-08 00:00:00,Home & Living,XS,1,120.04,0.0,Online,120.04
TX004827,CUST01042,2025-02-28 00:00:00,Apparel,S,2,102.83,27.25,In-Store,149.62
TX004828,CUST01042,2025-06-14 00:00:00,Home & Living,S,1,60.58,0.0,Online,60.58
TX004829,CUST01042,2026-01-20 00:00:00,Home & Living,M,3,61.16,0.0,In-Store,183.48
TX004830,CUST01043,2026-01-31 00:00:00,Apparel,M,1,28.45,25.87,Online,21.09
TX004831,CUST01043,2026-02-16 00:00:00,Apparel,L,2,116.2,0.0,In-Store,232.4
TX004832,CUST01043,2026-03-02 00:00:00,Home & Living,S,1,275.19,0.0,Online,275.19
TX004833,CUST01043,2026-04-11 00:00:00,Footwear,L,1,56.09,18.54,In-Store,45.69
TX004834,CUST01044,2025-03-31 00:00:00,Accessories,M,2,16.51,0.0,Online,33.02
TX004835,CUST01044,2025-06-12 00:00:00,Footwear,S,1,166.73,0.0,Online,166.73
TX004836,CUST01045,2026-06-10 00:00:00,Footwear,M,1,196.73,0.0,Online,196.73
TX004837,CUST01046,2026-01-18 00:00:00,Apparel,M,4,119.83,27.37,Online,348.13
TX004838,CUST01046,2026-04-17 00:00:00,Footwear,M,1,67.66,28.08,Online,48.66
TX004839,CUST01046,2026-06-24 00:00:00,Home & Living,M,1,166.03,0.0,Online,166.03
TX004840,CUST01047,2025-07-18 00:00:00,Footwear,M,1,115.17,0.0,In-Store,115.17
TX004841,CUST01047,2025-09-05 00:00:00,Home & Living,L,1,58.56,0.0,Online,58.56
TX004842,CUST01047,2025-09-23 00:00:00,Home & Living,L,2,234.95,0.0,In-Store,469.9
TX004843,CUST01047,2025-10-12 00:00:00,Footwear,M,2,152.66,12.03,Online,268.59
TX004844,CUST01047,2025-10-13 00:00:00,Apparel,M,3,89.63,0.0,In-Store,268.89
TX004845,CUST01047,2025-12-18 00:00:00,Apparel,M,1,84.82,0.0,In-Store,84.82
TX004846,CUST01047,2026-02-28 00:00:00,Accessories,S,4,66.4,0.0,Online,265.6
TX004847,CUST01047,2026-03-16 00:00:00,Home & Living,XL,1,61.88,0.0,In-Store,61.88
TX004848,CUST01047,2026-04-30 00:00:00,Footwear,M,1,195.34,26.86,Online,142.87
TX004849,CUST01049,2024-01-18 00:00:00,Home & Living,M,1,107.28,0.0,In-Store,107.28
TX004850,CUST01049,2024-01-30 00:00:00,Footwear,S,1,183.35,19.42,Online,147.74
TX004851,CUST01049,2024-03-17 00:00:00,Accessories,L,1,58.09,8.41,Online,53.2
TX004852,CUST01049,2024-04-06 00:00:00,Home & Living,S,1,287.91,0.0,In-Store,287.91
TX004853,CUST01049,2024-05-01 00:00:00,Accessories,M,3,55.45,0.0,In-Store,166.35
TX004854,CUST01049,2024-05-13 00:00:00,Accessories,S,1,62.85,0.0,Online,62.85
TX004855,CUST01049,2024-05-22 00:00:00,Apparel,S,1,54.13,0.0,Online,54.13
TX004856,CUST01049,2024-09-19 00:00:00,Accessories,S,2,44.9,0.0,Online,89.8
TX004857,CUST01049,2024-11-09 00:00:00,Footwear,L,1,52.3,0.0,Online,52.3
TX004858,CUST01049,2024-11-20 00:00:00,Apparel,M,1,57.45,7.93,Online,52.89
TX004859,CUST01049,2024-12-05 00:00:00,Accessories,M,1,48.91,8.89,Online,44.56
TX004860,CUST01049,2025-01-07 00:00:00,Footwear,M,3,132.55,17.87,Online,326.59
TX004861,CUST01049,2025-01-16 00:00:00,Accessories,M,1,11.61,13.69,Online,10.02
TX004862,CUST01049,2025-08-09 00:00:00,Footwear,XL,1,164.52,0.0,Online,164.52
TX004863,CUST01049,2025-09-05 00:00:00,Apparel,L,1,72.8,0.0,In-Store,72.8
TX004864,CUST01049,2025-11-27 00:00:00,Accessories,XS,1,52.64,8.68,In-Store,48.07
TX004865,CUST01049,2026-01-05 00:00:00,Apparel,M,4,85.99,0.0,Online,343.96
TX004866,CUST01049,2026-02-17 00:00:00,Home & Living,M,2,204.76,0.0,In-Store,409.52
TX004867,CUST01049,2026-04-01 00:00:00,Accessories,XS,1,37.22,0.0,Online,37.22
TX004868,CUST01049,2026-04-12 00:00:00,Home & Living,L,1,171.49,0.0,Online,171.49
TX004869,CUST01050,2025-07-25 00:00:00,Footwear,S,1,85.99,0.0,Online,85.99
TX004870,CUST01050,2025-08-19 00:00:00,Apparel,S,4,61.82,15.83,Online,208.14
TX004871,CUST01050,2025-10-03 00:00:00,Apparel,XS,1,28.89,29.5,Online,20.37
TX004872,CUST01050,2025-12-09 00:00:00,Home & Living,M,1,140.97,14.52,In-Store,120.5
TX004873,CUST01050,2026-01-13 00:00:00,Home & Living,M,1,39.38,0.0,Online,39.38
TX004874,CUST01050,2026-03-07 00:00:00,Footwear,S,3,75.07,0.0,In-Store,225.21
TX004875,CUST01050,2026-04-08 00:00:00,Home & Living,M,1,284.4,0.0,Online,284.4
TX004876,CUST01050,2026-04-17 00:00:00,Footwear,M,1,115.02,0.0,Online,115.02
TX004877,CUST01051,2024-09-13 00:00:00,Apparel,L,2,33.45,10.51,Online,59.87
TX004878,CUST01051,2026-02-22 00:00:00,Accessories,L,2,63.94,11.41,Online,113.29
TX004879,CUST01052,2025-04-19 00:00:00,Apparel,S,2,58.42,16.49,Online,97.57
TX004880,CUST01052,2026-03-13 00:00:00,Apparel,M,2,76.75,0.0,Online,153.5
TX004881,CUST01052,2026-04-03 00:00:00,Footwear,L,1,77.59,22.56,Online,60.09
TX004882,CUST01053,2024-07-14 00:00:00,Accessories,XS,1,31.93,0.0,Online,31.93
TX004883,CUST01053,2024-10-24 00:00:00,Home & Living,L,2,46.47,0.0,Online,92.94
TX004884,CUST01053,2025-05-16 00:00:00,Accessories,L,1,58.65,0.0,In-Store,58.65
TX004885,CUST01053,2025-05-28 00:00:00,Apparel,L,1,29.68,0.0,Online,29.68
TX004886,CUST01053,2025-05-30 00:00:00,Home & Living,M,1,255.59,0.0,In-Store,255.59
TX004887,CUST01053,2026-01-23 00:00:00,Accessories,S,4,12.29,6.97,In-Store,45.73
TX004888,CUST01053,2026-01-29 00:00:00,Accessories,S,1,47.46,0.0,Online,47.46
TX004889,CUST01053,2026-03-23 00:00:00,Accessories,M,1,74.47,0.0,In-Store,74.47
TX004890,CUST01054,2025-02-18 00:00:00,Footwear,M,1,115.64,0.0,Online,115.64
TX004891,CUST01054,2025-12-03 00:00:00,Home & Living,L,1,192.19,0.0,In-Store,192.19
TX004892,CUST01054,2026-03-28 00:00:00,Apparel,M,1,90.2,0.0,Online,90.2
TX004893,CUST01054,2026-05-19 00:00:00,Apparel,M,1,31.14,0.0,In-Store,31.14
TX004894,CUST01055,2026-01-27 00:00:00,Accessories,XS,1,64.79,0.0,Online,64.79
TX004895,CUST01055,2026-03-02 00:00:00,Accessories,M,1,74.98,0.0,Online,74.98
TX004896,CUST01055,2026-04-13 00:00:00,Apparel,S,2,85.13,0.0,Online,170.26
TX004897,CUST01055,2026-06-11 00:00:00,Apparel,S,4,96.54,28.99,Online,274.21
TX004898,CUST01056,2024-11-21 00:00:00,Footwear,S,1,106.66,28.94,Online,75.79
TX004899,CUST01056,2025-03-09 00:00:00,Home & Living,S,4,65.38,0.0,In-Store,261.52
TX004900,CUST01056,2025-04-09 00:00:00,Apparel,L,1,26.33,0.0,Online,26.33
TX004901,CUST01056,2025-05-04 00:00:00,Apparel,M,1,64.04,15.36,In-Store,54.2
TX004902,CUST01056,2025-08-12 00:00:00,Home & Living,L,3,245.96,0.0,Online,737.88
TX004903,CUST01056,2025-08-29 00:00:00,Footwear,L,1,199.0,14.9,In-Store,169.35
TX004904,CUST01056,2026-05-01 00:00:00,Home & Living,M,2,63.19,0.0,In-Store,126.38
TX004905,CUST01056,2026-06-09 00:00:00,Apparel,XL,2,109.3,0.0,In-Store,218.6
TX004906,CUST01056,2026-06-22 00:00:00,Home & Living,XL,1,257.35,0.0,Online,257.35
TX004907,CUST01057,2026-02-12 00:00:00,Accessories,L,1,58.46,0.0,Online,58.46
TX004908,CUST01058,2025-10-22 00:00:00,Apparel,S,1,105.67,0.0,Online,105.67
TX004909,CUST01058,2025-12-03 00:00:00,Footwear,L,1,117.95,25.41,Online,87.98
TX004910,CUST01058,2026-03-02 00:00:00,Home & Living,XS,2,170.83,0.0,Online,341.66
TX004911,CUST01059,2024-08-23 00:00:00,Footwear,XL,1,50.25,0.0,Online,50.25
TX004912,CUST01059,2024-09-26 00:00:00,Apparel,M,2,91.24,0.0,Online,182.48
TX004913,CUST01059,2024-11-09 00:00:00,Home & Living,M,2,40.54,0.0,Online,81.08
TX004914,CUST01059,2025-04-29 00:00:00,Home & Living,XL,1,121.83,0.0,Online,121.83
TX004915,CUST01059,2025-06-21 00:00:00,Apparel,M,3,81.12,0.0,In-Store,243.36
TX004916,CUST01059,2025-08-02 00:00:00,Home & Living,XS,1,103.45,0.0,Online,103.45
TX004917,CUST01059,2025-11-08 00:00:00,Accessories,XS,1,60.44,0.0,Online,60.44
TX004918,CUST01059,2026-01-03 00:00:00,Apparel,M,1,93.72,0.0,Online,93.72
TX004919,CUST01059,2026-06-05 00:00:00,Accessories,S,2,73.3,0.0,Online,146.6
TX004920,CUST01059,2026-06-27 00:00:00,Apparel,S,1,75.78,0.0,In-Store,75.78
TX004921,CUST01060,2024-11-27 00:00:00,Footwear,S,1,168.63,0.0,Online,168.63
TX004922,CUST01060,2025-06-09 00:00:00,Accessories,S,1,73.18,5.08,In-Store,69.46
TX004923,CUST01061,2026-06-16 00:00:00,Accessories,XS,2,14.44,0.0,Online,28.88
TX004924,CUST01061,2026-06-21 00:00:00,Footwear,M,4,129.05,33.62,Online,342.65
TX004925,CUST01062,2025-05-27 00:00:00,Home & Living,XS,1,241.44,0.0,In-Store,241.44
TX004926,CUST01062,2025-09-06 00:00:00,Accessories,XL,2,30.65,0.0,Online,61.3
TX004927,CUST01062,2025-10-25 00:00:00,Footwear,L,1,108.46,0.0,Online,108.46
TX004928,CUST01062,2026-01-18 00:00:00,Apparel,M,2,38.33,0.0,Online,76.66
TX004929,CUST01062,2026-04-01 00:00:00,Home & Living,M,1,238.53,0.0,Online,238.53
TX004930,CUST01062,2026-05-04 00:00:00,Accessories,S,2,67.47,12.21,Online,118.46
TX004931,CUST01062,2026-05-08 00:00:00,Home & Living,S,1,223.78,0.0,In-Store,223.78
TX004932,CUST01062,2026-05-20 00:00:00,Home & Living,M,1,257.73,0.0,Online,257.73
TX004933,CUST01063,2024-09-21 00:00:00,Accessories,S,1,66.82,0.0,Online,66.82
TX004934,CUST01063,2025-02-06 00:00:00,Apparel,M,1,25.32,0.0,Online,25.32
TX004935,CUST01063,2025-03-25 00:00:00,Accessories,L,1,10.89,7.47,In-Store,10.08
TX004936,CUST01063,2025-04-08 00:00:00,Home & Living,XS,2,278.77,0.0,In-Store,557.54
TX004937,CUST01063,2025-05-27 00:00:00,Apparel,M,2,66.1,0.0,Online,132.2
TX004938,CUST01063,2025-06-24 00:00:00,Apparel,M,1,102.6,0.0,In-Store,102.6
TX004939,CUST01064,2026-03-05 00:00:00,Apparel,M,1,43.33,0.0,In-Store,43.33
TX004940,CUST01064,2026-04-06 00:00:00,Footwear,L,1,138.01,0.0,Online,138.01
TX004941,CUST01064,2026-05-28 00:00:00,Footwear,S,1,121.25,37.1,Online,76.27
TX004942,CUST01065,2026-01-13 00:00:00,Footwear,S,3,131.63,27.28,Online,287.16
TX004943,CUST01065,2026-02-03 00:00:00,Accessories,L,2,58.9,0.0,Online,117.8
TX004944,CUST01065,2026-02-26 00:00:00,Footwear,L,1,100.7,10.71,Online,89.92
TX004945,CUST01065,2026-03-05 00:00:00,Footwear,S,1,194.14,0.0,In-Store,194.14
TX004946,CUST01065,2026-03-20 00:00:00,Apparel,S,3,44.09,0.0,Online,132.27
TX004947,CUST01065,2026-03-27 00:00:00,Home & Living,L,2,40.82,0.0,In-Store,81.64
TX004948,CUST01065,2026-05-06 00:00:00,Home & Living,L,1,296.0,0.0,Online,296.0
TX004949,CUST01065,2026-05-27 00:00:00,Home & Living,S,1,117.67,0.0,In-Store,117.67
TX004950,CUST01065,2026-05-29 00:00:00,Footwear,XL,3,77.74,0.0,Online,233.22
TX004951,CUST01065,2026-06-09 00:00:00,Apparel,L,1,55.26,14.92,Online,47.02
TX004952,CUST01065,2026-06-13 00:00:00,Accessories,XL,2,73.47,0.0,Online,146.94
TX004953,CUST01065,2026-06-18 00:00:00,Footwear,S,1,65.26,0.0,In-Store,65.26
TX004954,CUST01066,2025-02-05 00:00:00,Home & Living,M,1,146.13,0.0,Online,146.13
TX004955,CUST01066,2026-06-29 00:00:00,Home & Living,S,1,291.93,0.0,In-Store,291.93
TX004956,CUST01067,2026-06-20 00:00:00,Home & Living,S,1,41.35,8.85,Online,37.69
TX004957,CUST01068,2024-10-25 00:00:00,Accessories,M,2,68.83,6.64,Online,128.52
TX004958,CUST01068,2025-02-20 00:00:00,Accessories,M,1,11.42,5.29,In-Store,10.82
TX004959,CUST01068,2025-05-14 00:00:00,Apparel,L,3,88.18,21.79,Online,206.9
TX004960,CUST01068,2025-09-29 00:00:00,Accessories,M,2,19.15,0.0,In-Store,38.3
TX004961,CUST01068,2025-10-01 00:00:00,Footwear,M,1,188.6,0.0,Online,188.6
TX004962,CUST01068,2025-12-01 00:00:00,Apparel,M,3,52.89,15.46,In-Store,134.14
TX004963,CUST01068,2025-12-16 00:00:00,Apparel,S,2,66.92,0.0,In-Store,133.84
TX004964,CUST01068,2026-02-03 00:00:00,Home & Living,M,1,151.33,0.0,In-Store,151.33
TX004965,CUST01069,2025-07-02 00:00:00,Home & Living,M,1,215.58,0.0,In-Store,215.58
TX004966,CUST01069,2026-01-30 00:00:00,Footwear,S,1,77.54,0.0,In-Store,77.54
TX004967,CUST01069,2026-06-01 00:00:00,Footwear,S,1,86.08,0.0,Online,86.08
TX004968,CUST01070,2025-10-18 00:00:00,Footwear,XS,1,61.6,0.0,Online,61.6
TX004969,CUST01070,2026-02-03 00:00:00,Accessories,L,1,66.79,0.0,In-Store,66.79
TX004970,CUST01070,2026-02-22 00:00:00,Footwear,S,1,157.18,37.18,In-Store,98.74
TX004971,CUST01070,2026-05-05 00:00:00,Home & Living,XS,1,291.49,0.0,Online,291.49
TX004972,CUST01071,2025-09-17 00:00:00,Accessories,S,1,14.14,0.0,In-Store,14.14
TX004973,CUST01071,2025-12-30 00:00:00,Footwear,M,1,129.75,0.0,Online,129.75
TX004974,CUST01071,2026-01-14 00:00:00,Apparel,L,3,49.08,0.0,In-Store,147.24
TX004975,CUST01071,2026-02-13 00:00:00,Accessories,M,1,40.1,13.97,In-Store,34.5
TX004976,CUST01071,2026-04-19 00:00:00,Accessories,M,1,15.06,14.95,In-Store,12.81
TX004977,CUST01072,2025-01-21 00:00:00,Footwear,L,1,70.94,0.0,Online,70.94
TX004978,CUST01072,2025-04-14 00:00:00,Apparel,XS,1,86.99,0.0,Online,86.99
TX004979,CUST01072,2025-08-16 00:00:00,Apparel,L,2,117.67,29.34,Online,166.29
TX004980,CUST01072,2025-09-30 00:00:00,Footwear,M,1,153.0,24.61,Online,115.35
TX004981,CUST01072,2026-01-02 00:00:00,Accessories,M,1,47.71,0.0,Online,47.71
TX004982,CUST01072,2026-02-05 00:00:00,Apparel,S,1,62.05,0.0,In-Store,62.05
TX004983,CUST01072,2026-04-23 00:00:00,Footwear,M,2,126.57,0.0,Online,253.14
TX004984,CUST01073,2025-10-21 00:00:00,Apparel,S,1,61.06,0.0,Online,61.06
TX004985,CUST01073,2025-11-27 00:00:00,Apparel,L,2,38.97,0.0,Online,77.94
TX004986,CUST01074,2025-09-12 00:00:00,Apparel,M,1,75.34,8.49,In-Store,68.94
TX004987,CUST01074,2025-10-08 00:00:00,Home & Living,XS,1,216.65,0.0,Online,216.65
TX004988,CUST01074,2025-10-08 00:00:00,Accessories,M,3,14.81,0.0,In-Store,44.43
TX004989,CUST01074,2025-11-10 00:00:00,Apparel,M,1,73.41,12.27,Online,64.4
TX004990,CUST01074,2026-02-09 00:00:00,Accessories,M,1,10.08,0.0,In-Store,10.08
TX004991,CUST01075,2025-11-11 00:00:00,Accessories,S,1,66.7,0.0,Online,66.7
TX004992,CUST01075,2025-12-15 00:00:00,Home & Living,XS,2,117.04,0.0,In-Store,234.08
TX004993,CUST01075,2025-12-20 00:00:00,Accessories,M,1,73.98,0.0,In-Store,73.98
TX004994,CUST01075,2025-12-27 00:00:00,Footwear,M,2,193.78,0.0,Online,387.56
TX004995,CUST01075,2026-02-23 00:00:00,Accessories,M,1,37.48,0.0,In-Store,37.48
TX004996,CUST01075,2026-03-06 00:00:00,Accessories,L,1,23.39,0.0,In-Store,23.39
TX004997,CUST01075,2026-05-09 00:00:00,Home & Living,S,3,167.98,0.0,In-Store,503.94
TX004998,CUST01076,2025-07-19 00:00:00,Home & Living,M,1,210.69,0.0,Online,210.69
TX004999,CUST01076,2025-07-28 00:00:00,Accessories,S,2,29.51,0.0,In-Store,59.02
TX005000,CUST01076,2026-06-25 00:00:00,Footwear,L,1,140.37,0.0,Online,140.37
TX005001,CUST01077,2025-05-14 00:00:00,Footwear,S,2,97.59,0.0,Online,195.18
TX005002,CUST01078,2024-03-21 00:00:00,Home & Living,M,1,161.2,0.0,In-Store,161.2
TX005003,CUST01078,2024-03-23 00:00:00,Apparel,S,2,71.63,8.87,Online,130.55
TX005004,CUST01078,2024-06-18 00:00:00,Footwear,XS,2,189.4,0.0,In-Store,378.8
TX005005,CUST01078,2024-09-21 00:00:00,Footwear,XL,3,183.63,0.0,Online,550.89
TX005006,CUST01078,2024-10-13 00:00:00,Home & Living,S,1,199.43,0.0,In-Store,199.43
TX005007,CUST01078,2025-02-26 00:00:00,Home & Living,S,1,210.45,0.0,Online,210.45
TX005008,CUST01078,2025-03-24 00:00:00,Apparel,XL,1,109.52,0.0,In-Store,109.52
TX005009,CUST01078,2025-08-16 00:00:00,Apparel,S,1,107.84,29.7,Online,75.81
TX005010,CUST01078,2025-10-16 00:00:00,Accessories,M,1,33.36,0.0,Online,33.36
TX005011,CUST01078,2026-03-04 00:00:00,Apparel,S,2,36.07,0.0,In-Store,72.14
TX005012,CUST01078,2026-06-06 00:00:00,Accessories,L,1,40.28,0.0,Online,40.28
TX005013,CUST01078,2026-06-13 00:00:00,Footwear,M,1,56.6,16.35,In-Store,47.35
TX005014,CUST01079,2024-09-02 00:00:00,Footwear,XL,3,79.53,0.0,Online,238.59
TX005015,CUST01079,2025-01-28 00:00:00,Home & Living,M,1,252.91,0.0,Online,252.91
TX005016,CUST01079,2025-10-07 00:00:00,Apparel,XS,3,91.02,26.11,Online,201.76
TX005017,CUST01080,2026-05-03 00:00:00,Home & Living,M,1,114.44,0.0,Online,114.44
TX005018,CUST01080,2026-05-06 00:00:00,Home & Living,XS,1,262.08,7.49,Online,242.45
TX005019,CUST01081,2025-12-02 00:00:00,Home & Living,L,1,60.87,0.0,Online,60.87
TX005020,CUST01081,2026-01-08 00:00:00,Accessories,M,1,65.06,0.0,In-Store,65.06
TX005021,CUST01081,2026-04-11 00:00:00,Footwear,XL,2,185.54,0.0,Online,371.08
TX005022,CUST01081,2026-04-13 00:00:00,Home & Living,M,1,65.64,0.0,Online,65.64
TX005023,CUST01081,2026-05-15 00:00:00,Footwear,L,4,115.56,27.8,Online,333.74
TX005024,CUST01082,2024-06-28 00:00:00,Accessories,M,1,50.66,0.0,Online,50.66
TX005025,CUST01082,2024-10-14 00:00:00,Footwear,XL,4,146.32,37.16,Online,367.79
TX005026,CUST01082,2025-02-07 00:00:00,Home & Living,M,1,214.16,5.28,Online,202.85
TX005027,CUST01082,2025-06-08 00:00:00,Home & Living,L,1,217.74,18.93,Online,176.52
TX005028,CUST01082,2025-11-03 00:00:00,Accessories,M,1,53.24,0.0,Online,53.24
TX005029,CUST01082,2026-02-01 00:00:00,Home & Living,M,1,211.92,0.0,Online,211.92
TX005030,CUST01083,2025-06-18 00:00:00,Home & Living,XL,4,155.2,17.93,In-Store,509.49
TX005031,CUST01083,2025-07-15 00:00:00,Footwear,XS,1,60.02,0.0,Online,60.02
TX005032,CUST01083,2025-07-23 00:00:00,Footwear,L,1,120.95,26.95,Online,88.35
TX005033,CUST01083,2025-08-17 00:00:00,Footwear,L,1,177.4,0.0,Online,177.4
TX005034,CUST01083,2025-09-29 00:00:00,Footwear,M,1,95.1,0.0,In-Store,95.1
TX005035,CUST01083,2025-11-16 00:00:00,Home & Living,S,1,263.92,17.3,In-Store,218.26
TX005036,CUST01083,2026-01-30 00:00:00,Apparel,M,2,118.77,15.77,Online,200.08
TX005037,CUST01083,2026-03-05 00:00:00,Footwear,XL,1,198.3,0.0,Online,198.3
TX005038,CUST01084,2025-04-18 00:00:00,Home & Living,M,1,179.55,0.0,In-Store,179.55
TX005039,CUST01084,2025-05-14 00:00:00,Footwear,L,3,150.13,6.0,In-Store,423.37
TX005040,CUST01084,2026-03-01 00:00:00,Accessories,S,1,32.3,0.0,Online,32.3
TX005041,CUST01084,2026-05-13 00:00:00,Apparel,M,1,92.26,0.0,Online,92.26
TX005042,CUST01084,2026-06-24 00:00:00,Home & Living,M,2,198.53,0.0,In-Store,397.06
TX005043,CUST01085,2025-08-07 00:00:00,Accessories,S,1,42.29,0.0,In-Store,42.29
TX005044,CUST01085,2025-09-16 00:00:00,Apparel,XL,3,33.45,0.0,Online,100.35
TX005045,CUST01085,2025-09-28 00:00:00,Apparel,M,1,29.13,27.91,In-Store,21.0
TX005046,CUST01085,2026-02-05 00:00:00,Home & Living,S,1,298.51,14.4,Online,255.52
TX005047,CUST01085,2026-02-06 00:00:00,Apparel,XS,2,27.69,25.65,Online,41.18
TX005048,CUST01085,2026-02-11 00:00:00,Accessories,XL,2,27.96,0.0,Online,55.92
TX005049,CUST01085,2026-05-02 00:00:00,Accessories,XS,1,52.93,0.0,In-Store,52.93
TX005050,CUST01086,2025-10-13 00:00:00,Home & Living,XL,1,55.01,0.0,In-Store,55.01
TX005051,CUST01086,2025-11-11 00:00:00,Apparel,S,1,90.39,0.0,In-Store,90.39
TX005052,CUST01087,2025-12-03 00:00:00,Footwear,S,2,189.57,0.0,Online,379.14
TX005053,CUST01088,2026-04-24 00:00:00,Accessories,S,1,43.94,12.46,Online,38.47
TX005054,CUST01089,2025-04-06 00:00:00,Apparel,L,1,105.35,0.0,In-Store,105.35
TX005055,CUST01089,2025-05-09 00:00:00,Footwear,M,1,151.26,0.0,In-Store,151.26
TX005056,CUST01089,2025-09-10 00:00:00,Footwear,M,3,168.69,0.0,In-Store,506.07
TX005057,CUST01089,2025-09-10 00:00:00,Footwear,M,1,97.96,0.0,Online,97.96
TX005058,CUST01089,2025-09-23 00:00:00,Apparel,S,1,68.93,25.37,Online,51.44
TX005059,CUST01089,2025-09-27 00:00:00,Footwear,L,1,185.13,0.0,Online,185.13
TX005060,CUST01089,2025-12-04 00:00:00,Accessories,XS,1,46.56,0.0,Online,46.56
TX005061,CUST01089,2026-02-13 00:00:00,Home & Living,S,1,141.7,0.0,In-Store,141.7
TX005062,CUST01089,2026-05-29 00:00:00,Accessories,M,1,26.16,8.32,In-Store,23.98
TX005063,CUST01090,2025-12-23 00:00:00,Home & Living,L,1,234.24,0.0,Online,234.24
TX005064,CUST01090,2026-01-29 00:00:00,Accessories,L,1,54.44,0.0,In-Store,54.44
TX005065,CUST01090,2026-01-31 00:00:00,Apparel,L,1,42.9,0.0,Online,42.9
TX005066,CUST01090,2026-05-19 00:00:00,Home & Living,L,1,55.87,0.0,Online,55.87
TX005067,CUST01090,2026-06-06 00:00:00,Footwear,S,1,66.77,0.0,In-Store,66.77
TX005068,CUST01090,2026-06-11 00:00:00,Home & Living,L,2,134.94,0.0,Online,269.88
TX005069,CUST01090,2026-06-20 00:00:00,Apparel,M,3,48.81,0.0,Online,146.43
TX005070,CUST01091,2025-07-22 00:00:00,Footwear,L,1,149.71,36.16,Online,95.57
TX005071,CUST01091,2025-11-30 00:00:00,Footwear,M,1,59.28,0.0,In-Store,59.28
TX005072,CUST01092,2025-11-26 00:00:00,Apparel,XL,1,32.46,0.0,In-Store,32.46
TX005073,CUST01092,2026-06-26 00:00:00,Accessories,M,1,25.75,0.0,Online,25.75
TX005074,CUST01093,2025-02-28 00:00:00,Footwear,S,1,63.48,0.0,In-Store,63.48
TX005075,CUST01093,2025-03-19 00:00:00,Home & Living,L,1,57.76,0.0,In-Store,57.76
TX005076,CUST01094,2026-04-29 00:00:00,Home & Living,XS,2,58.09,0.0,Online,116.18
TX005077,CUST01095,2025-11-30 00:00:00,Footwear,S,1,58.18,0.0,Online,58.18
TX005078,CUST01096,2025-03-14 00:00:00,Apparel,M,1,46.95,5.49,Online,44.37
TX005079,CUST01097,2025-07-17 00:00:00,Apparel,L,1,88.52,13.78,In-Store,76.32
TX005080,CUST01097,2025-07-17 00:00:00,Footwear,L,3,139.79,0.0,Online,419.37
TX005081,CUST01097,2025-08-03 00:00:00,Accessories,S,1,39.62,7.99,In-Store,36.45
TX005082,CUST01097,2025-08-29 00:00:00,Home & Living,L,4,97.41,0.0,In-Store,389.64
TX005083,CUST01097,2025-09-28 00:00:00,Apparel,XL,1,40.03,6.22,In-Store,37.54
TX005084,CUST01097,2025-10-02 00:00:00,Accessories,M,1,57.74,7.44,In-Store,53.44
TX005085,CUST01097,2025-10-27 00:00:00,Accessories,S,1,45.91,0.0,In-Store,45.91
TX005086,CUST01097,2025-11-01 00:00:00,Accessories,L,2,73.61,0.0,Online,147.22
TX005087,CUST01097,2025-11-01 00:00:00,Accessories,M,1,11.73,7.39,Online,10.86
TX005088,CUST01097,2025-11-02 00:00:00,Accessories,M,1,17.54,0.0,Online,17.54
TX005089,CUST01097,2025-11-19 00:00:00,Footwear,XL,1,143.03,21.53,In-Store,112.24
TX005090,CUST01097,2025-11-22 00:00:00,Apparel,M,1,44.91,27.64,Online,32.5
TX005091,CUST01097,2025-12-06 00:00:00,Footwear,M,2,157.75,0.0,In-Store,315.5
TX005092,CUST01097,2025-12-08 00:00:00,Apparel,XS,1,34.84,0.0,In-Store,34.84
TX005093,CUST01097,2026-01-21 00:00:00,Accessories,S,1,49.64,10.36,Online,44.5
TX005094,CUST01097,2026-02-14 00:00:00,Apparel,M,1,60.66,0.0,Online,60.66
TX005095,CUST01097,2026-02-17 00:00:00,Home & Living,M,1,219.55,0.0,In-Store,219.55
TX005096,CUST01097,2026-02-28 00:00:00,Accessories,S,4,20.55,0.0,In-Store,82.2
TX005097,CUST01097,2026-03-21 00:00:00,Accessories,L,1,66.6,0.0,Online,66.6
TX005098,CUST01097,2026-04-08 00:00:00,Home & Living,L,1,125.72,12.82,Online,109.6
TX005099,CUST01097,2026-04-30 00:00:00,Home & Living,M,1,108.54,0.0,In-Store,108.54
TX005100,CUST01097,2026-05-30 00:00:00,Home & Living,L,1,35.93,0.0,Online,35.93
TX005101,CUST01098,2025-03-17 00:00:00,Accessories,M,1,51.08,0.0,In-Store,51.08
TX005102,CUST01099,2026-05-22 00:00:00,Home & Living,M,1,36.37,0.0,In-Store,36.37
TX005103,CUST01099,2026-06-02 00:00:00,Home & Living,M,1,225.0,0.0,In-Store,225.0
TX005104,CUST01100,2025-09-09 00:00:00,Footwear,M,4,88.86,0.0,Online,355.44
TX005105,CUST01101,2025-05-29 00:00:00,Apparel,L,1,65.37,6.28,In-Store,61.26
TX005106,CUST01101,2026-03-13 00:00:00,Apparel,M,2,85.93,0.0,Online,171.86
TX005107,CUST01102,2024-11-07 00:00:00,Home & Living,M,1,56.73,7.35,In-Store,52.56
TX005108,CUST01102,2025-02-28 00:00:00,Apparel,M,1,33.26,21.81,Online,26.01
TX005109,CUST01102,2025-03-30 00:00:00,Accessories,L,2,64.44,0.0,In-Store,128.88
TX005110,CUST01102,2025-05-22 00:00:00,Accessories,XL,1,49.8,0.0,In-Store,49.8
TX005111,CUST01102,2025-08-10 00:00:00,Apparel,M,1,104.87,18.77,In-Store,85.19
TX005112,CUST01102,2025-10-22 00:00:00,Apparel,L,1,98.36,7.65,Online,90.84
TX005113,CUST01103,2026-05-30 00:00:00,Home & Living,S,2,77.84,0.0,Online,155.68
TX005114,CUST01104,2025-05-25 00:00:00,Footwear,S,3,93.46,8.84,In-Store,255.59
TX005115,CUST01104,2025-06-06 00:00:00,Apparel,S,1,53.09,0.0,In-Store,53.09
TX005116,CUST01104,2025-11-26 00:00:00,Apparel,S,2,38.87,0.0,Online,77.74
TX005117,CUST01104,2025-12-13 00:00:00,Home & Living,M,2,220.14,0.0,In-Store,440.28
TX005118,CUST01104,2026-01-30 00:00:00,Footwear,S,1,61.16,37.88,In-Store,37.99
TX005119,CUST01104,2026-03-03 00:00:00,Home & Living,L,1,279.63,0.0,In-Store,279.63
TX005120,CUST01105,2025-09-23 00:00:00,Apparel,XS,1,32.93,0.0,In-Store,32.93
TX005121,CUST01105,2025-09-27 00:00:00,Accessories,S,3,50.56,14.33,Online,129.94
TX005122,CUST01105,2026-04-28 00:00:00,Apparel,XL,1,75.64,0.0,Online,75.64
TX005123,CUST01105,2026-05-13 00:00:00,Home & Living,S,1,178.62,6.65,Online,166.74
TX005124,CUST01106,2025-05-22 00:00:00,Accessories,S,1,35.35,0.0,Online,35.35
TX005125,CUST01106,2025-05-25 00:00:00,Footwear,XS,3,53.48,0.0,Online,160.44
TX005126,CUST01106,2025-06-25 00:00:00,Apparel,S,2,25.46,0.0,Online,50.92
TX005127,CUST01106,2025-08-23 00:00:00,Accessories,L,1,32.58,0.0,In-Store,32.58
TX005128,CUST01106,2025-10-14 00:00:00,Apparel,S,1,71.28,0.0,Online,71.28
TX005129,CUST01106,2025-12-24 00:00:00,Apparel,L,1,107.89,0.0,Online,107.89
TX005130,CUST01106,2026-01-03 00:00:00,Accessories,S,1,49.16,0.0,In-Store,49.16
TX005131,CUST01106,2026-01-06 00:00:00,Home & Living,XS,1,48.09,18.18,Online,39.35
TX005132,CUST01106,2026-02-24 00:00:00,Footwear,XL,1,64.01,0.0,Online,64.01
TX005133,CUST01106,2026-05-27 00:00:00,Accessories,L,1,40.59,0.0,Online,40.59
TX005134,CUST01107,2025-01-18 00:00:00,Home & Living,M,1,65.56,0.0,Online,65.56
TX005135,CUST01107,2026-03-07 00:00:00,Footwear,S,1,52.65,0.0,Online,52.65
TX005136,CUST01108,2026-04-05 00:00:00,Home & Living,XS,1,129.7,0.0,Online,129.7
TX005137,CUST01108,2026-05-01 00:00:00,Footwear,XL,1,157.52,24.76,Online,118.52
TX005138,CUST01108,2026-05-30 00:00:00,Apparel,L,2,98.05,0.0,Online,196.1
TX005139,CUST01109,2026-03-12 00:00:00,Accessories,M,1,50.79,0.0,Online,50.79
TX005140,CUST01109,2026-03-14 00:00:00,Accessories,L,1,69.65,0.0,Online,69.65
TX005141,CUST01109,2026-03-17 00:00:00,Apparel,L,1,66.79,0.0,In-Store,66.79
TX005142,CUST01109,2026-03-29 00:00:00,Footwear,L,4,178.95,14.21,Online,614.08
TX005143,CUST01109,2026-05-05 00:00:00,Apparel,S,1,107.63,0.0,In-Store,107.63
TX005144,CUST01109,2026-05-22 00:00:00,Footwear,S,1,63.87,15.44,Online,54.01
TX005145,CUST01109,2026-05-26 00:00:00,Home & Living,M,1,138.6,0.0,In-Store,138.6
TX005146,CUST01110,2025-12-10 00:00:00,Accessories,M,2,37.37,0.0,In-Store,74.74
TX005147,CUST01111,2025-01-16 00:00:00,Apparel,M,3,47.86,0.0,In-Store,143.58
TX005148,CUST01111,2025-02-16 00:00:00,Apparel,XL,1,110.71,0.0,Online,110.71
TX005149,CUST01111,2025-05-03 00:00:00,Footwear,M,1,85.07,6.49,In-Store,79.55
TX005150,CUST01111,2025-06-14 00:00:00,Apparel,M,1,119.22,0.0,In-Store,119.22
TX005151,CUST01111,2025-08-14 00:00:00,Accessories,M,1,68.74,9.61,In-Store,62.13
TX005152,CUST01111,2025-09-17 00:00:00,Home & Living,XL,1,52.84,0.0,Online,52.84
TX005153,CUST01111,2025-09-29 00:00:00,Accessories,XL,2,69.83,0.0,Online,139.66
TX005154,CUST01111,2025-10-01 00:00:00,Accessories,XL,1,52.0,0.0,In-Store,52.0
TX005155,CUST01111,2025-11-25 00:00:00,Home & Living,M,2,216.28,17.45,In-Store,357.08
TX005156,CUST01111,2025-12-24 00:00:00,Apparel,L,2,33.92,0.0,In-Store,67.84
TX005157,CUST01111,2026-06-04 00:00:00,Apparel,M,2,57.31,17.68,Online,94.36
TX005158,CUST01112,2025-10-05 00:00:00,Accessories,M,1,19.76,0.0,In-Store,19.76
TX005159,CUST01112,2025-11-18 00:00:00,Footwear,S,2,106.73,26.4,In-Store,157.11
TX005160,CUST01112,2025-12-11 00:00:00,Apparel,L,1,34.09,29.83,In-Store,23.92
TX005161,CUST01112,2025-12-11 00:00:00,Home & Living,L,1,104.66,0.0,In-Store,104.66
TX005162,CUST01112,2025-12-22 00:00:00,Home & Living,M,1,62.52,0.0,In-Store,62.52
TX005163,CUST01112,2026-01-06 00:00:00,Apparel,XL,1,92.77,0.0,Online,92.77
TX005164,CUST01112,2026-02-01 00:00:00,Home & Living,L,2,272.31,0.0,In-Store,544.62
TX005165,CUST01112,2026-02-21 00:00:00,Home & Living,XS,1,154.6,12.28,In-Store,135.62
TX005166,CUST01112,2026-04-04 00:00:00,Home & Living,XL,1,162.08,0.0,In-Store,162.08
TX005167,CUST01112,2026-04-29 00:00:00,Home & Living,XL,4,249.7,0.0,Online,998.8
TX005168,CUST01112,2026-05-16 00:00:00,Home & Living,M,4,69.2,0.0,Online,276.8
TX005169,CUST01112,2026-05-27 00:00:00,Accessories,M,4,53.03,12.99,In-Store,184.57
TX005170,CUST01113,2024-08-06 00:00:00,Apparel,L,1,116.06,0.0,Online,116.06
TX005171,CUST01113,2024-08-06 00:00:00,Accessories,S,2,37.41,0.0,In-Store,74.82
TX005172,CUST01113,2024-11-10 00:00:00,Apparel,L,2,33.88,0.0,In-Store,67.76
TX005173,CUST01113,2026-03-03 00:00:00,Apparel,M,1,83.19,28.89,In-Store,59.16
TX005174,CUST01114,2026-01-05 00:00:00,Footwear,M,2,63.34,34.47,Online,83.01
TX005175,CUST01114,2026-01-29 00:00:00,Accessories,XL,1,55.89,0.0,In-Store,55.89
TX005176,CUST01114,2026-02-13 00:00:00,Apparel,L,1,99.98,11.7,Online,88.28
TX005177,CUST01114,2026-05-10 00:00:00,Footwear,XL,1,120.97,15.92,Online,101.71
TX005178,CUST01115,2026-04-02 00:00:00,Apparel,S,1,87.34,22.09,Online,68.05
TX005179,CUST01115,2026-04-26 00:00:00,Apparel,L,3,63.59,0.0,Online,190.77
TX005180,CUST01115,2026-06-08 00:00:00,Apparel,M,1,38.77,22.84,In-Store,29.91
TX005181,CUST01116,2025-10-15 00:00:00,Home & Living,L,1,243.07,0.0,In-Store,243.07
TX005182,CUST01117,2026-04-27 00:00:00,Accessories,XS,1,48.12,0.0,Online,48.12
TX005183,CUST01117,2026-05-21 00:00:00,Apparel,M,1,110.84,15.08,Online,94.13
TX005184,CUST01118,2025-04-26 00:00:00,Apparel,M,2,66.94,0.0,Online,133.88
TX005185,CUST01118,2025-11-05 00:00:00,Accessories,S,1,50.31,0.0,Online,50.31
TX005186,CUST01119,2025-03-25 00:00:00,Footwear,L,1,192.08,9.05,Online,174.7
TX005187,CUST01119,2025-05-20 00:00:00,Accessories,XS,1,20.28,0.0,Online,20.28
TX005188,CUST01119,2025-09-17 00:00:00,Accessories,M,2,57.02,7.36,Online,105.65
TX005189,CUST01119,2025-12-10 00:00:00,Home & Living,M,1,44.75,0.0,Online,44.75
TX005190,CUST01119,2026-02-27 00:00:00,Accessories,M,1,42.64,0.0,In-Store,42.64
TX005191,CUST01120,2025-11-29 00:00:00,Home & Living,M,1,168.93,18.51,Online,137.66
TX005192,CUST01120,2026-04-24 00:00:00,Home & Living,S,1,259.16,0.0,In-Store,259.16
TX005193,CUST01121,2026-04-15 00:00:00,Accessories,XS,1,27.0,0.0,Online,27.0
TX005194,CUST01122,2025-05-23 00:00:00,Apparel,XS,1,37.17,13.95,In-Store,31.98
TX005195,CUST01122,2025-12-19 00:00:00,Accessories,XS,1,46.78,14.22,Online,40.13
TX005196,CUST01122,2026-01-07 00:00:00,Home & Living,M,2,249.49,0.0,In-Store,498.98
TX005197,CUST01122,2026-02-16 00:00:00,Footwear,M,2,80.2,0.0,Online,160.4
TX005198,CUST01122,2026-05-16 00:00:00,Home & Living,XL,1,281.52,0.0,Online,281.52
TX005199,CUST01123,2025-02-19 00:00:00,Footwear,L,1,149.86,0.0,Online,149.86
TX005200,CUST01124,2025-02-19 00:00:00,Home & Living,M,1,216.41,0.0,In-Store,216.41
TX005201,CUST01124,2025-04-04 00:00:00,Footwear,S,1,121.34,20.21,Online,96.82
TX005202,CUST01125,2024-12-16 00:00:00,Accessories,M,1,35.78,0.0,In-Store,35.78
TX005203,CUST01125,2025-01-13 00:00:00,Home & Living,S,2,128.22,10.81,In-Store,228.72
TX005204,CUST01125,2025-02-10 00:00:00,Home & Living,S,3,251.34,0.0,Online,754.02
TX005205,CUST01125,2026-06-23 00:00:00,Home & Living,L,2,187.8,0.0,Online,375.6
TX005206,CUST01126,2026-01-03 00:00:00,Apparel,L,1,62.99,0.0,In-Store,62.99
TX005207,CUST01126,2026-01-13 00:00:00,Home & Living,M,1,117.58,0.0,Online,117.58
TX005208,CUST01126,2026-03-04 00:00:00,Footwear,L,1,88.19,0.0,Online,88.19
TX005209,CUST01126,2026-04-11 00:00:00,Accessories,S,1,11.16,0.0,Online,11.16
TX005210,CUST01126,2026-06-18 00:00:00,Apparel,S,1,118.02,0.0,In-Store,118.02
TX005211,CUST01126,2026-06-18 00:00:00,Home & Living,XL,2,36.23,0.0,Online,72.46
TX005212,CUST01127,2026-01-02 00:00:00,Apparel,L,3,73.24,0.0,In-Store,219.72
TX005213,CUST01127,2026-04-22 00:00:00,Accessories,M,2,29.23,0.0,Online,58.46
TX005214,CUST01128,2025-06-26 00:00:00,Footwear,XL,1,136.46,32.51,Online,92.1
TX005215,CUST01128,2025-08-15 00:00:00,Accessories,L,1,17.45,0.0,Online,17.45
TX005216,CUST01128,2025-11-03 00:00:00,Home & Living,S,1,116.66,0.0,Online,116.66
TX005217,CUST01128,2026-03-12 00:00:00,Home & Living,XL,1,204.9,6.54,Online,191.5
TX005218,CUST01128,2026-03-15 00:00:00,Home & Living,L,1,268.04,0.0,Online,268.04
TX005219,CUST01128,2026-06-06 00:00:00,Footwear,XL,1,166.79,19.28,Online,134.63
TX005220,CUST01129,2026-03-31 00:00:00,Footwear,M,1,197.49,38.51,In-Store,121.44
TX005221,CUST01129,2026-04-18 00:00:00,Accessories,M,1,68.86,10.22,Online,61.82
TX005222,CUST01129,2026-04-25 00:00:00,Accessories,XS,1,58.08,5.88,Online,54.66
TX005223,CUST01129,2026-05-06 00:00:00,Accessories,S,1,61.02,0.0,In-Store,61.02
TX005224,CUST01129,2026-05-14 00:00:00,Apparel,S,2,29.32,16.33,Online,49.06
TX005225,CUST01130,2025-09-02 00:00:00,Home & Living,XS,2,85.04,0.0,Online,170.08
TX005226,CUST01130,2026-04-18 00:00:00,Accessories,XS,1,60.68,0.0,Online,60.68
TX005227,CUST01130,2026-06-17 00:00:00,Accessories,S,1,51.84,0.0,Online,51.84
TX005228,CUST01131,2025-11-16 00:00:00,Apparel,L,3,61.69,0.0,In-Store,185.07
TX005229,CUST01131,2026-04-20 00:00:00,Footwear,M,1,140.98,35.17,Online,91.4
TX005230,CUST01132,2025-02-25 00:00:00,Apparel,XL,1,79.11,0.0,In-Store,79.11
TX005231,CUST01132,2025-08-31 00:00:00,Home & Living,M,1,262.11,0.0,In-Store,262.11
TX005232,CUST01132,2025-09-23 00:00:00,Accessories,M,1,23.01,0.0,In-Store,23.01
TX005233,CUST01132,2025-10-03 00:00:00,Home & Living,S,1,113.46,0.0,In-Store,113.46
TX005234,CUST01132,2025-11-09 00:00:00,Apparel,M,1,68.29,10.86,Online,60.87
TX005235,CUST01132,2025-12-05 00:00:00,Apparel,L,2,65.97,0.0,In-Store,131.94
TX005236,CUST01132,2026-01-23 00:00:00,Accessories,M,1,54.4,11.36,Online,48.22
TX005237,CUST01132,2026-02-02 00:00:00,Footwear,M,2,132.84,0.0,Online,265.68
TX005238,CUST01132,2026-03-26 00:00:00,Accessories,XS,1,21.05,10.48,Online,18.84
TX005239,CUST01132,2026-04-23 00:00:00,Home & Living,L,2,252.11,0.0,In-Store,504.22
TX005240,CUST01132,2026-04-25 00:00:00,Accessories,L,1,24.66,0.0,Online,24.66
TX005241,CUST01133,2025-02-10 00:00:00,Accessories,M,1,72.11,10.02,In-Store,64.88
TX005242,CUST01133,2025-05-08 00:00:00,Footwear,L,1,137.56,0.0,Online,137.56
TX005243,CUST01133,2025-08-06 00:00:00,Footwear,S,1,190.5,0.0,Online,190.5
TX005244,CUST01133,2025-08-23 00:00:00,Home & Living,S,2,215.45,0.0,In-Store,430.9
TX005245,CUST01133,2026-05-10 00:00:00,Home & Living,L,1,69.78,0.0,In-Store,69.78
TX005246,CUST01133,2026-05-27 00:00:00,Footwear,M,2,165.84,11.13,Online,294.76
TX005247,CUST01133,2026-05-29 00:00:00,Apparel,XS,1,49.04,0.0,Online,49.04
TX005248,CUST01133,2026-06-11 00:00:00,Accessories,XS,1,13.28,0.0,In-Store,13.28
TX005249,CUST01134,2025-10-30 00:00:00,Footwear,M,1,115.21,0.0,Online,115.21
TX005250,CUST01135,2024-05-15 00:00:00,Home & Living,M,1,97.11,0.0,In-Store,97.11
TX005251,CUST01135,2025-06-22 00:00:00,Apparel,XL,1,75.75,0.0,In-Store,75.75
TX005252,CUST01135,2026-02-23 00:00:00,Home & Living,L,1,228.82,0.0,Online,228.82
TX005253,CUST01135,2026-03-02 00:00:00,Accessories,M,1,57.99,0.0,Online,57.99
TX005254,CUST01136,2026-05-02 00:00:00,Home & Living,L,1,104.48,11.82,Online,92.13
TX005255,CUST01137,2025-01-21 00:00:00,Home & Living,S,1,138.74,0.0,Online,138.74
TX005256,CUST01137,2025-02-22 00:00:00,Footwear,L,1,95.55,29.21,In-Store,67.64
TX005257,CUST01137,2025-03-04 00:00:00,Apparel,M,2,71.64,14.96,In-Store,121.85
TX005258,CUST01137,2025-03-19 00:00:00,Apparel,M,1,101.96,0.0,In-Store,101.96
TX005259,CUST01137,2025-04-23 00:00:00,Apparel,M,4,25.92,12.57,In-Store,90.65
TX005260,CUST01137,2025-11-22 00:00:00,Home & Living,S,2,244.35,17.13,In-Store,404.99
TX005261,CUST01137,2026-03-30 00:00:00,Accessories,S,1,65.64,12.52,Online,57.42
TX005262,CUST01137,2026-04-30 00:00:00,Footwear,L,2,66.4,0.0,Online,132.8
TX005263,CUST01138,2025-11-26 00:00:00,Footwear,L,1,154.13,0.0,Online,154.13
TX005264,CUST01138,2026-04-06 00:00:00,Accessories,L,3,25.29,0.0,In-Store,75.87
TX005265,CUST01138,2026-06-14 00:00:00,Apparel,M,1,64.86,28.78,In-Store,46.19
TX005266,CUST01139,2025-08-25 00:00:00,Footwear,M,1,120.15,26.43,Online,88.39
TX005267,CUST01139,2025-11-30 00:00:00,Home & Living,S,1,107.63,13.19,Online,93.43
TX005268,CUST01139,2026-04-27 00:00:00,Accessories,S,1,73.17,0.0,In-Store,73.17
TX005269,CUST01139,2026-05-10 00:00:00,Apparel,S,1,37.88,0.0,Online,37.88
TX005270,CUST01139,2026-05-14 00:00:00,Accessories,S,1,68.91,0.0,Online,68.91
TX005271,CUST01140,2026-06-19 00:00:00,Accessories,XS,1,66.24,0.0,Online,66.24
TX005272,CUST01140,2026-06-29 00:00:00,Accessories,M,1,37.17,0.0,Online,37.17
TX005273,CUST01141,2026-02-19 00:00:00,Apparel,M,1,91.73,14.85,In-Store,78.11
TX005274,CUST01141,2026-04-28 00:00:00,Apparel,M,1,100.28,22.27,Online,77.95
TX005275,CUST01141,2026-06-19 00:00:00,Footwear,S,1,154.26,0.0,Online,154.26
TX005276,CUST01142,2025-03-21 00:00:00,Accessories,XL,2,48.81,0.0,In-Store,97.62
TX005277,CUST01142,2025-08-25 00:00:00,Apparel,XL,1,70.8,0.0,Online,70.8
TX005278,CUST01142,2026-04-09 00:00:00,Accessories,M,2,23.22,0.0,Online,46.44
TX005279,CUST01143,2025-01-05 00:00:00,Accessories,M,1,73.23,0.0,Online,73.23
TX005280,CUST01143,2026-02-12 00:00:00,Home & Living,S,2,110.15,0.0,Online,220.3
TX005281,CUST01143,2026-04-04 00:00:00,Footwear,L,2,175.46,32.9,In-Store,235.47
TX005282,CUST01144,2026-04-02 00:00:00,Home & Living,M,1,36.52,0.0,Online,36.52
TX005283,CUST01144,2026-05-18 00:00:00,Accessories,XL,1,34.43,0.0,Online,34.43
TX005284,CUST01144,2026-05-19 00:00:00,Accessories,M,3,45.4,0.0,In-Store,136.2
TX005285,CUST01144,2026-05-21 00:00:00,Accessories,L,1,14.99,0.0,In-Store,14.99
TX005286,CUST01144,2026-05-26 00:00:00,Apparel,S,1,70.43,29.0,Online,50.01
TX005287,CUST01144,2026-06-09 00:00:00,Apparel,L,1,43.24,0.0,In-Store,43.24
TX005288,CUST01144,2026-06-10 00:00:00,Home & Living,XL,1,213.2,0.0,Online,213.2
TX005289,CUST01145,2024-09-30 00:00:00,Apparel,M,1,48.33,29.51,Online,34.07
TX005290,CUST01145,2024-11-05 00:00:00,Accessories,XL,1,69.43,0.0,Online,69.43
TX005291,CUST01145,2025-05-16 00:00:00,Accessories,S,1,73.15,0.0,Online,73.15
TX005292,CUST01145,2026-05-01 00:00:00,Accessories,M,2,40.91,9.87,In-Store,73.74
TX005293,CUST01146,2024-09-22 00:00:00,Footwear,S,1,142.21,0.0,Online,142.21
TX005294,CUST01146,2026-04-09 00:00:00,Accessories,M,1,56.91,0.0,In-Store,56.91
TX005295,CUST01147,2024-08-16 00:00:00,Home & Living,L,3,177.99,0.0,Online,533.97
TX005296,CUST01147,2025-04-01 00:00:00,Accessories,M,1,13.54,0.0,Online,13.54
TX005297,CUST01147,2026-02-10 00:00:00,Footwear,L,2,196.19,0.0,Online,392.38
TX005298,CUST01148,2025-03-23 00:00:00,Accessories,S,3,31.86,0.0,In-Store,95.58
TX005299,CUST01148,2025-08-10 00:00:00,Accessories,L,3,20.97,0.0,Online,62.91
TX005300,CUST01148,2026-02-23 00:00:00,Home & Living,S,1,100.53,13.65,Online,86.81
TX005301,CUST01149,2026-03-27 00:00:00,Footwear,XS,1,134.53,0.0,Online,134.53
TX005302,CUST01149,2026-05-02 00:00:00,Footwear,M,1,163.22,0.0,Online,163.22
TX005303,CUST01149,2026-05-19 00:00:00,Apparel,M,1,69.34,20.43,In-Store,55.17
TX005304,CUST01150,2024-11-14 00:00:00,Home & Living,XL,1,41.73,0.0,Online,41.73
TX005305,CUST01151,2026-01-16 00:00:00,Home & Living,L,1,53.8,0.0,Online,53.8
TX005306,CUST01151,2026-04-27 00:00:00,Home & Living,M,2,44.0,17.56,Online,72.55
TX005307,CUST01152,2025-08-02 00:00:00,Apparel,M,1,49.05,0.0,Online,49.05
TX005308,CUST01153,2025-06-17 00:00:00,Footwear,L,1,78.72,0.0,Online,78.72
TX005309,CUST01153,2026-04-17 00:00:00,Apparel,L,1,103.27,10.02,In-Store,92.92
TX005310,CUST01154,2025-11-05 00:00:00,Apparel,S,1,92.59,0.0,Online,92.59
TX005311,CUST01155,2025-12-26 00:00:00,Footwear,M,4,189.97,0.0,Online,759.88
TX005312,CUST01156,2024-11-30 00:00:00,Footwear,XS,1,95.41,0.0,In-Store,95.41
TX005313,CUST01156,2026-01-16 00:00:00,Home & Living,M,1,157.27,0.0,In-Store,157.27
TX005314,CUST01156,2026-02-28 00:00:00,Home & Living,M,2,181.31,0.0,Online,362.62
TX005315,CUST01156,2026-03-04 00:00:00,Footwear,M,1,191.61,10.83,Online,170.86
TX005316,CUST01156,2026-03-26 00:00:00,Footwear,L,1,120.92,7.96,In-Store,111.29
TX005317,CUST01157,2026-03-30 00:00:00,Apparel,XS,1,103.11,29.68,Online,72.51
TX005318,CUST01158,2025-12-31 00:00:00,Home & Living,S,3,280.45,19.63,Online,676.19
TX005319,CUST01158,2026-03-23 00:00:00,Accessories,M,1,31.76,0.0,Online,31.76
TX005320,CUST01159,2025-04-04 00:00:00,Home & Living,M,2,170.47,0.0,In-Store,340.94
TX005321,CUST01159,2025-05-08 00:00:00,Accessories,S,2,71.15,0.0,Online,142.3
TX005322,CUST01159,2025-06-25 00:00:00,Footwear,M,3,165.33,5.74,Online,467.52
TX005323,CUST01159,2025-07-02 00:00:00,Accessories,M,2,58.59,0.0,In-Store,117.18
TX005324,CUST01159,2025-12-12 00:00:00,Footwear,L,2,96.27,0.0,In-Store,192.54
TX005325,CUST01159,2026-01-17 00:00:00,Accessories,S,3,55.16,0.0,Online,165.48
TX005326,CUST01160,2026-01-25 00:00:00,Footwear,L,2,186.21,15.1,In-Store,316.18
TX005327,CUST01160,2026-02-16 00:00:00,Apparel,M,1,88.56,0.0,Online,88.56
TX005328,CUST01160,2026-03-31 00:00:00,Home & Living,M,1,177.9,0.0,Online,177.9
TX005329,CUST01160,2026-05-03 00:00:00,Footwear,S,2,51.43,0.0,In-Store,102.86
TX005330,CUST01160,2026-05-05 00:00:00,Accessories,M,1,65.69,0.0,Online,65.69
TX005331,CUST01160,2026-05-10 00:00:00,Apparel,XL,2,52.24,0.0,In-Store,104.48
TX005332,CUST01160,2026-06-05 00:00:00,Home & Living,M,1,109.25,0.0,Online,109.25
TX005333,CUST01160,2026-06-07 00:00:00,Accessories,L,3,22.32,0.0,In-Store,66.96
TX005334,CUST01161,2025-07-19 00:00:00,Accessories,XL,2,28.84,0.0,In-Store,57.68
TX005335,CUST01162,2025-04-20 00:00:00,Apparel,XS,1,87.48,0.0,Online,87.48
TX005336,CUST01163,2025-09-08 00:00:00,Home & Living,S,1,37.0,0.0,Online,37.0
TX005337,CUST01163,2025-10-09 00:00:00,Apparel,M,1,116.49,0.0,In-Store,116.49
TX005338,CUST01163,2025-12-15 00:00:00,Apparel,XS,1,39.04,0.0,Online,39.04
TX005339,CUST01163,2025-12-23 00:00:00,Footwear,L,1,117.81,31.1,Online,81.17
TX005340,CUST01164,2026-06-26 00:00:00,Footwear,M,1,62.13,0.0,Online,62.13
TX005341,CUST01165,2025-09-20 00:00:00,Footwear,M,2,77.42,0.0,In-Store,154.84
TX005342,CUST01166,2024-11-15 00:00:00,Home & Living,M,3,136.43,0.0,In-Store,409.29
TX005343,CUST01166,2025-01-26 00:00:00,Footwear,M,2,175.32,0.0,Online,350.64
TX005344,CUST01167,2025-08-20 00:00:00,Accessories,L,3,51.13,0.0,In-Store,153.39
TX005345,CUST01167,2025-10-07 00:00:00,Home & Living,S,1,49.41,0.0,Online,49.41
TX005346,CUST01167,2026-01-12 00:00:00,Apparel,M,1,67.43,26.88,In-Store,49.3
TX005347,CUST01167,2026-05-12 00:00:00,Accessories,M,1,57.44,0.0,Online,57.44
TX005348,CUST01167,2026-05-22 00:00:00,Accessories,S,2,31.92,0.0,In-Store,63.84
TX005349,CUST01168,2024-12-18 00:00:00,Apparel,M,1,110.1,0.0,Online,110.1
TX005350,CUST01169,2025-04-17 00:00:00,Home & Living,S,2,57.55,0.0,Online,115.1
TX005351,CUST01170,2025-04-27 00:00:00,Home & Living,S,2,189.74,13.71,In-Store,327.45
TX005352,CUST01170,2025-07-29 00:00:00,Footwear,XL,1,58.23,0.0,Online,58.23
TX005353,CUST01171,2025-02-19 00:00:00,Accessories,M,1,65.22,0.0,Online,65.22
TX005354,CUST01171,2025-07-20 00:00:00,Footwear,M,2,182.92,9.95,Online,329.44
TX005355,CUST01171,2025-08-14 00:00:00,Accessories,M,2,18.48,0.0,Online,36.96
TX005356,CUST01171,2026-02-28 00:00:00,Accessories,XL,2,21.25,0.0,Online,42.5
TX005357,CUST01172,2024-10-05 00:00:00,Apparel,M,2,91.54,0.0,Online,183.08
TX005358,CUST01172,2026-05-07 00:00:00,Apparel,L,1,29.82,0.0,Online,29.82
TX005359,CUST01173,2025-07-24 00:00:00,Home & Living,S,1,89.08,0.0,Online,89.08
TX005360,CUST01173,2026-02-26 00:00:00,Footwear,M,1,82.65,0.0,In-Store,82.65
TX005361,CUST01174,2026-01-15 00:00:00,Home & Living,M,3,201.8,0.0,In-Store,605.4
TX005362,CUST01174,2026-02-22 00:00:00,Home & Living,XS,1,268.31,0.0,Online,268.31
TX005363,CUST01175,2025-12-02 00:00:00,Home & Living,L,1,214.25,0.0,Online,214.25
TX005364,CUST01175,2026-01-27 00:00:00,Accessories,S,1,40.39,5.21,Online,38.29
TX005365,CUST01175,2026-03-21 00:00:00,Home & Living,M,1,60.67,0.0,Online,60.67
TX005366,CUST01176,2026-04-15 00:00:00,Apparel,XS,1,77.71,0.0,Online,77.71
TX005367,CUST01176,2026-05-14 00:00:00,Footwear,M,3,173.55,0.0,In-Store,520.65
TX005368,CUST01176,2026-06-02 00:00:00,Home & Living,M,2,79.7,0.0,Online,159.4
TX005369,CUST01176,2026-06-17 00:00:00,Apparel,M,2,63.36,0.0,Online,126.72
TX005370,CUST01178,2024-01-05 00:00:00,Accessories,S,1,55.91,13.16,Online,48.55
TX005371,CUST01178,2024-03-29 00:00:00,Footwear,L,1,174.77,11.33,In-Store,154.97
TX005372,CUST01178,2024-05-17 00:00:00,Home & Living,M,1,184.38,0.0,Online,184.38
TX005373,CUST01178,2024-11-03 00:00:00,Accessories,XS,4,66.89,0.0,In-Store,267.56
TX005374,CUST01178,2025-04-06 00:00:00,Home & Living,XS,2,139.7,0.0,Online,279.4
TX005375,CUST01178,2025-08-21 00:00:00,Footwear,XL,2,147.79,0.0,Online,295.58
TX005376,CUST01178,2025-09-14 00:00:00,Home & Living,S,3,130.83,0.0,Online,392.49
TX005377,CUST01178,2025-11-16 00:00:00,Footwear,L,1,189.61,0.0,Online,189.61
TX005378,CUST01178,2025-12-13 00:00:00,Home & Living,L,1,36.67,0.0,Online,36.67
TX005379,CUST01178,2025-12-31 00:00:00,Footwear,S,1,144.49,19.32,In-Store,116.57
TX005380,CUST01178,2026-01-24 00:00:00,Home & Living,M,3,284.84,0.0,Online,854.52
TX005381,CUST01178,2026-04-22 00:00:00,Accessories,S,2,63.2,0.0,Online,126.4
TX005382,CUST01178,2026-06-28 00:00:00,Home & Living,L,1,114.85,0.0,Online,114.85
TX005383,CUST01179,2025-06-21 00:00:00,Footwear,L,2,68.97,25.67,In-Store,102.53
TX005384,CUST01179,2025-12-27 00:00:00,Home & Living,M,1,283.8,0.0,Online,283.8
TX005385,CUST01179,2026-03-04 00:00:00,Accessories,S,1,64.24,0.0,In-Store,64.24
TX005386,CUST01179,2026-06-16 00:00:00,Home & Living,M,1,256.1,0.0,Online,256.1
TX005387,CUST01181,2025-10-22 00:00:00,Footwear,XL,1,96.72,0.0,Online,96.72
TX005388,CUST01182,2024-11-06 00:00:00,Accessories,M,3,21.83,0.0,Online,65.49
TX005389,CUST01182,2025-03-25 00:00:00,Accessories,M,1,26.56,0.0,Online,26.56
TX005390,CUST01182,2025-03-29 00:00:00,Footwear,M,2,71.06,7.89,In-Store,130.91
TX005391,CUST01182,2025-04-27 00:00:00,Apparel,XL,2,26.16,21.54,Online,41.05
TX005392,CUST01182,2025-05-25 00:00:00,Accessories,S,1,63.79,0.0,Online,63.79
TX005393,CUST01182,2025-09-16 00:00:00,Accessories,M,1,12.14,5.97,In-Store,11.42
TX005394,CUST01182,2025-09-20 00:00:00,Footwear,L,1,134.88,0.0,Online,134.88
TX005395,CUST01183,2025-01-13 00:00:00,Apparel,S,2,92.43,0.0,Online,184.86
TX005396,CUST01183,2025-06-25 00:00:00,Accessories,L,1,42.37,13.53,Online,36.64
TX005397,CUST01183,2025-08-28 00:00:00,Accessories,M,1,52.08,0.0,Online,52.08
TX005398,CUST01183,2026-01-31 00:00:00,Accessories,M,1,29.46,0.0,In-Store,29.46
TX005399,CUST01184,2024-11-20 00:00:00,Home & Living,M,1,158.06,10.34,In-Store,141.72
TX005400,CUST01184,2025-11-01 00:00:00,Home & Living,XL,2,285.05,0.0,In-Store,570.1
TX005401,CUST01185,2026-02-12 00:00:00,Home & Living,S,4,271.18,0.0,In-Store,1084.72
TX005402,CUST01185,2026-04-13 00:00:00,Accessories,M,1,33.77,10.65,Online,30.17
TX005403,CUST01186,2024-11-18 00:00:00,Accessories,XS,2,48.61,0.0,Online,97.22
TX005404,CUST01186,2024-11-19 00:00:00,Footwear,S,1,160.93,31.7,Online,109.92
TX005405,CUST01186,2025-12-10 00:00:00,Accessories,M,1,69.88,0.0,Online,69.88
TX005406,CUST01186,2026-05-24 00:00:00,Footwear,S,1,160.75,25.55,Online,119.68
TX005407,CUST01186,2026-06-05 00:00:00,Home & Living,S,1,94.29,0.0,Online,94.29
TX005408,CUST01187,2026-01-13 00:00:00,Footwear,M,1,50.49,8.03,Online,46.44
TX005409,CUST01187,2026-01-14 00:00:00,Apparel,XL,1,118.59,0.0,In-Store,118.59
TX005410,CUST01187,2026-04-04 00:00:00,Footwear,M,1,157.03,30.2,Online,109.61
TX005411,CUST01187,2026-04-12 00:00:00,Apparel,L,1,50.83,0.0,Online,50.83
TX005412,CUST01187,2026-04-18 00:00:00,Home & Living,L,2,220.04,0.0,Online,440.08
TX005413,CUST01187,2026-04-18 00:00:00,Footwear,XS,1,108.57,9.97,Online,97.75
TX005414,CUST01187,2026-05-22 00:00:00,Accessories,L,2,44.05,0.0,In-Store,88.1
TX005415,CUST01187,2026-05-27 00:00:00,Accessories,M,1,11.95,12.43,Online,10.46
TX005416,CUST01187,2026-05-28 00:00:00,Apparel,XL,1,118.19,12.78,In-Store,103.09
TX005417,CUST01188,2025-07-04 00:00:00,Apparel,L,1,30.0,18.84,Online,24.35
TX005418,CUST01188,2025-08-24 00:00:00,Accessories,XL,2,33.34,0.0,Online,66.68
TX005419,CUST01188,2026-02-16 00:00:00,Apparel,L,2,61.8,21.33,Online,97.24
TX005420,CUST01188,2026-04-16 00:00:00,Home & Living,M,2,168.22,0.0,In-Store,336.44
TX005421,CUST01189,2025-03-30 00:00:00,Home & Living,L,1,44.26,0.0,In-Store,44.26
TX005422,CUST01189,2025-04-04 00:00:00,Footwear,L,1,71.48,18.7,In-Store,58.11
TX005423,CUST01189,2025-06-13 00:00:00,Apparel,M,1,115.6,0.0,In-Store,115.6
TX005424,CUST01189,2025-07-10 00:00:00,Footwear,L,1,176.66,26.72,Online,129.46
TX005425,CUST01189,2025-09-12 00:00:00,Footwear,S,3,160.77,20.07,Online,385.51
TX005426,CUST01189,2025-10-28 00:00:00,Home & Living,M,1,295.75,0.0,In-Store,295.75
TX005427,CUST01189,2026-06-26 00:00:00,Apparel,L,1,101.58,0.0,Online,101.58
TX005428,CUST01190,2024-07-25 00:00:00,Home & Living,L,2,197.49,14.62,In-Store,337.23
TX005429,CUST01190,2024-10-29 00:00:00,Accessories,XL,1,57.55,0.0,Online,57.55
TX005430,CUST01190,2025-01-15 00:00:00,Apparel,S,1,93.53,0.0,In-Store,93.53
TX005431,CUST01190,2025-02-10 00:00:00,Accessories,M,2,44.78,0.0,Online,89.56
TX005432,CUST01190,2025-06-11 00:00:00,Footwear,M,1,115.0,0.0,Online,115.0
TX005433,CUST01190,2025-11-29 00:00:00,Apparel,S,1,28.73,0.0,Online,28.73
TX005434,CUST01190,2026-03-27 00:00:00,Footwear,XL,1,107.82,0.0,Online,107.82
TX005435,CUST01191,2025-01-31 00:00:00,Home & Living,XL,3,83.52,12.38,In-Store,219.54
TX005436,CUST01191,2025-04-25 00:00:00,Accessories,L,3,29.65,0.0,Online,88.95
TX005437,CUST01191,2025-04-28 00:00:00,Apparel,L,3,33.79,13.38,Online,87.81
TX005438,CUST01191,2025-06-01 00:00:00,Accessories,XS,2,50.94,0.0,Online,101.88
TX005439,CUST01191,2025-07-06 00:00:00,Accessories,S,1,54.21,6.55,Online,50.66
TX005440,CUST01192,2025-09-21 00:00:00,Apparel,XS,3,114.01,0.0,In-Store,342.03
TX005441,CUST01192,2026-02-01 00:00:00,Accessories,L,1,45.01,14.83,Online,38.34
TX005442,CUST01192,2026-03-01 00:00:00,Accessories,L,2,46.46,10.49,In-Store,83.17
TX005443,CUST01192,2026-05-18 00:00:00,Accessories,L,1,63.99,0.0,In-Store,63.99
TX005444,CUST01192,2026-06-27 00:00:00,Accessories,S,3,36.3,0.0,In-Store,108.9
TX005445,CUST01193,2025-04-07 00:00:00,Footwear,XS,1,150.44,8.77,Online,137.25
TX005446,CUST01194,2025-06-15 00:00:00,Accessories,M,3,14.13,0.0,In-Store,42.39
TX005447,CUST01194,2026-01-03 00:00:00,Home & Living,S,2,173.5,0.0,In-Store,347.0
TX005448,CUST01194,2026-04-23 00:00:00,Apparel,XL,4,78.16,0.0,In-Store,312.64
TX005449,CUST01194,2026-06-13 00:00:00,Accessories,M,1,61.84,0.0,In-Store,61.84
TX005450,CUST01195,2026-06-22 00:00:00,Accessories,S,2,15.89,0.0,Online,31.78
TX005451,CUST01196,2025-09-01 00:00:00,Accessories,L,1,19.01,0.0,Online,19.01
TX005452,CUST01196,2025-10-22 00:00:00,Home & Living,M,1,167.35,0.0,Online,167.35
TX005453,CUST01196,2025-10-31 00:00:00,Apparel,L,1,31.25,0.0,Online,31.25
TX005454,CUST01196,2025-12-06 00:00:00,Footwear,XL,2,155.6,38.45,In-Store,191.54
TX005455,CUST01197,2025-10-09 00:00:00,Accessories,M,1,46.42,0.0,Online,46.42
TX005456,CUST01197,2025-10-14 00:00:00,Footwear,XS,2,175.09,0.0,In-Store,350.18
TX005457,CUST01197,2025-11-09 00:00:00,Footwear,L,1,115.69,38.5,Online,71.15
TX005458,CUST01197,2025-12-29 00:00:00,Footwear,XS,1,156.41,0.0,Online,156.41
TX005459,CUST01197,2026-02-27 00:00:00,Home & Living,S,1,226.44,0.0,In-Store,226.44
TX005460,CUST01197,2026-03-13 00:00:00,Accessories,L,1,35.15,9.79,Online,31.71
TX005461,CUST01197,2026-03-27 00:00:00,Apparel,XS,1,39.44,0.0,Online,39.44
TX005462,CUST01197,2026-04-03 00:00:00,Apparel,XS,2,51.06,0.0,Online,102.12
TX005463,CUST01198,2024-02-08 00:00:00,Home & Living,M,1,257.52,0.0,In-Store,257.52
TX005464,CUST01198,2024-03-15 00:00:00,Home & Living,M,3,137.43,0.0,In-Store,412.29
TX005465,CUST01198,2024-04-23 00:00:00,Apparel,M,1,89.48,21.3,In-Store,70.42
TX005466,CUST01198,2024-06-01 00:00:00,Footwear,S,1,71.29,0.0,Online,71.29
TX005467,CUST01198,2024-10-16 00:00:00,Apparel,L,1,69.5,0.0,In-Store,69.5
TX005468,CUST01198,2025-05-25 00:00:00,Apparel,S,2,114.18,0.0,Online,228.36
TX005469,CUST01198,2026-03-01 00:00:00,Apparel,L,1,61.15,13.54,Online,52.87
TX005470,CUST01198,2026-04-30 00:00:00,Apparel,S,2,86.55,0.0,Online,173.1
TX005471,CUST01199,2026-06-20 00:00:00,Footwear,XS,1,158.51,13.07,Online,137.79
TX005472,CUST01200,2025-03-17 00:00:00,Home & Living,M,1,266.36,7.28,In-Store,246.97
TX005473,CUST01200,2025-04-24 00:00:00,Home & Living,L,1,290.75,0.0,In-Store,290.75
TX005474,CUST01200,2025-08-22 00:00:00,Accessories,L,1,14.37,0.0,In-Store,14.37
TX005475,CUST01200,2025-12-17 00:00:00,Footwear,M,2,178.42,32.15,Online,242.12
TX005476,CUST01200,2025-12-27 00:00:00,Accessories,S,1,44.54,0.0,Online,44.54
TX005477,CUST01200,2026-05-20 00:00:00,Accessories,L,1,34.02,0.0,Online,34.02
TX005478,CUST01200,2026-06-02 00:00:00,Home & Living,XS,1,85.05,0.0,In-Store,85.05
TX005479,CUST01201,2025-12-17 00:00:00,Footwear,M,1,125.97,5.64,Online,118.87
TX005480,CUST01201,2026-02-12 00:00:00,Apparel,L,1,27.96,0.0,In-Store,27.96
TX005481,CUST01201,2026-06-11 00:00:00,Footwear,S,2,96.35,0.0,Online,192.7
TX005482,CUST01202,2025-10-28 00:00:00,Apparel,M,1,56.1,0.0,In-Store,56.1
TX005483,CUST01202,2025-12-28 00:00:00,Home & Living,S,4,272.87,0.0,Online,1091.48
TX005484,CUST01202,2026-03-11 00:00:00,Footwear,S,2,100.12,0.0,Online,200.24
TX005485,CUST01202,2026-05-28 00:00:00,Accessories,M,1,40.74,0.0,Online,40.74
TX005486,CUST01203,2025-09-08 00:00:00,Accessories,XS,3,32.52,0.0,In-Store,97.56
TX005487,CUST01203,2026-05-28 00:00:00,Footwear,M,1,66.58,9.88,Online,60.0
TX005488,CUST01204,2025-01-24 00:00:00,Accessories,M,1,33.97,14.75,Online,28.96
TX005489,CUST01204,2025-02-05 00:00:00,Accessories,S,2,25.02,0.0,Online,50.04
TX005490,CUST01204,2025-09-16 00:00:00,Accessories,M,1,43.57,0.0,Online,43.57
TX005491,CUST01204,2025-11-25 00:00:00,Accessories,XS,1,27.11,0.0,Online,27.11
TX005492,CUST01204,2026-03-14 00:00:00,Apparel,XS,1,100.14,0.0,Online,100.14
TX005493,CUST01204,2026-04-04 00:00:00,Footwear,S,1,196.15,0.0,In-Store,196.15
TX005494,CUST01204,2026-04-14 00:00:00,Accessories,XL,1,29.87,0.0,Online,29.87
TX005495,CUST01204,2026-05-06 00:00:00,Home & Living,S,3,281.79,0.0,Online,845.37
TX005496,CUST01204,2026-05-13 00:00:00,Accessories,XS,2,46.05,0.0,Online,92.1
TX005497,CUST01205,2025-06-12 00:00:00,Home & Living,L,1,176.88,0.0,Online,176.88
TX005498,CUST01205,2026-02-21 00:00:00,Footwear,M,1,107.13,15.3,Online,90.74
TX005499,CUST01206,2026-03-05 00:00:00,Footwear,S,1,81.39,0.0,Online,81.39
TX005500,CUST01206,2026-04-16 00:00:00,Apparel,XL,1,49.85,0.0,Online,49.85
TX005501,CUST01207,2026-04-05 00:00:00,Home & Living,S,1,280.64,0.0,In-Store,280.64
TX005502,CUST01207,2026-05-30 00:00:00,Home & Living,L,1,226.01,0.0,In-Store,226.01
TX005503,CUST01208,2026-04-25 00:00:00,Accessories,M,1,41.72,0.0,Online,41.72
TX005504,CUST01209,2024-11-02 00:00:00,Apparel,L,2,103.54,23.99,Online,157.4
TX005505,CUST01209,2026-01-29 00:00:00,Footwear,M,1,82.49,11.62,In-Store,72.9
TX005506,CUST01210,2026-04-15 00:00:00,Footwear,M,1,144.55,14.28,In-Store,123.91
TX005507,CUST01211,2025-03-17 00:00:00,Accessories,M,1,53.02,0.0,In-Store,53.02
TX005508,CUST01211,2025-10-03 00:00:00,Home & Living,S,1,203.07,0.0,In-Store,203.07
TX005509,CUST01211,2026-04-24 00:00:00,Footwear,M,1,148.65,19.4,In-Store,119.81
TX005510,CUST01212,2025-11-21 00:00:00,Footwear,S,2,197.47,0.0,In-Store,394.94
TX005511,CUST01213,2026-01-21 00:00:00,Footwear,XL,1,124.86,0.0,Online,124.86
TX005512,CUST01213,2026-01-24 00:00:00,Apparel,M,1,98.29,0.0,In-Store,98.29
TX005513,CUST01213,2026-02-11 00:00:00,Apparel,M,1,63.34,0.0,In-Store,63.34
TX005514,CUST01213,2026-02-24 00:00:00,Home & Living,S,1,139.89,0.0,Online,139.89
TX005515,CUST01213,2026-03-11 00:00:00,Accessories,L,1,20.85,0.0,Online,20.85
TX005516,CUST01213,2026-05-02 00:00:00,Accessories,M,2,54.59,0.0,In-Store,109.18
TX005517,CUST01214,2025-08-04 00:00:00,Accessories,L,1,62.56,0.0,Online,62.56
TX005518,CUST01214,2026-01-22 00:00:00,Home & Living,XL,1,247.73,11.21,In-Store,219.96
TX005519,CUST01215,2024-09-02 00:00:00,Apparel,M,1,66.73,8.56,In-Store,61.02
TX005520,CUST01216,2025-06-29 00:00:00,Apparel,M,2,57.45,0.0,In-Store,114.9
TX005521,CUST01216,2025-08-12 00:00:00,Footwear,S,1,154.4,18.96,In-Store,125.13
TX005522,CUST01216,2025-08-29 00:00:00,Apparel,XL,2,45.97,16.64,Online,76.64
TX005523,CUST01216,2025-11-30 00:00:00,Apparel,S,1,71.61,20.68,In-Store,56.8
TX005524,CUST01216,2025-12-04 00:00:00,Apparel,M,1,68.11,0.0,Online,68.11
TX005525,CUST01216,2026-04-11 00:00:00,Footwear,M,1,99.25,0.0,In-Store,99.25
TX005526,CUST01217,2024-07-15 00:00:00,Footwear,M,1,89.16,0.0,In-Store,89.16
TX005527,CUST01217,2024-08-19 00:00:00,Footwear,M,2,190.04,0.0,Online,380.08
TX005528,CUST01217,2025-02-15 00:00:00,Apparel,M,1,79.48,0.0,Online,79.48
TX005529,CUST01217,2025-05-10 00:00:00,Accessories,L,1,67.34,0.0,Online,67.34
TX005530,CUST01217,2025-05-15 00:00:00,Footwear,L,1,179.54,13.35,Online,155.57
TX005531,CUST01217,2025-05-16 00:00:00,Home & Living,S,1,37.4,0.0,Online,37.4
TX005532,CUST01217,2025-06-29 00:00:00,Apparel,M,1,68.65,0.0,In-Store,68.65
TX005533,CUST01217,2025-09-07 00:00:00,Apparel,M,4,70.92,0.0,Online,283.68
TX005534,CUST01217,2025-12-30 00:00:00,Footwear,S,1,127.47,29.72,Online,89.59
TX005535,CUST01217,2026-04-09 00:00:00,Apparel,M,1,112.68,9.27,In-Store,102.23
TX005536,CUST01218,2025-02-15 00:00:00,Footwear,S,1,103.91,0.0,Online,103.91
TX005537,CUST01218,2025-10-12 00:00:00,Footwear,L,2,94.81,33.44,Online,126.21
TX005538,CUST01218,2026-01-10 00:00:00,Home & Living,XS,1,188.15,16.62,In-Store,156.88
TX005539,CUST01219,2026-01-27 00:00:00,Footwear,M,4,94.47,0.0,In-Store,377.88
TX005540,CUST01220,2025-04-28 00:00:00,Home & Living,L,3,64.36,0.0,In-Store,193.08
TX005541,CUST01220,2025-05-09 00:00:00,Apparel,XS,1,108.57,28.61,Online,77.51
TX005542,CUST01220,2025-06-22 00:00:00,Footwear,XL,1,150.28,10.61,Online,134.34
TX005543,CUST01220,2025-06-26 00:00:00,Footwear,S,1,69.61,0.0,Online,69.61
TX005544,CUST01220,2025-07-03 00:00:00,Home & Living,M,1,297.97,0.0,In-Store,297.97
TX005545,CUST01220,2025-08-30 00:00:00,Apparel,M,1,108.83,14.03,In-Store,93.56
TX005546,CUST01220,2025-09-15 00:00:00,Apparel,S,2,79.07,0.0,Online,158.14
TX005547,CUST01220,2025-09-26 00:00:00,Apparel,S,1,62.0,0.0,In-Store,62.0
TX005548,CUST01220,2025-09-29 00:00:00,Home & Living,M,1,193.85,0.0,Online,193.85
TX005549,CUST01220,2025-10-30 00:00:00,Footwear,S,1,195.91,38.9,In-Store,119.7
TX005550,CUST01220,2025-11-12 00:00:00,Home & Living,L,1,261.62,0.0,Online,261.62
TX005551,CUST01220,2025-11-22 00:00:00,Home & Living,M,3,188.04,0.0,Online,564.12
TX005552,CUST01220,2025-12-06 00:00:00,Apparel,M,1,79.65,0.0,Online,79.65
TX005553,CUST01220,2025-12-10 00:00:00,Footwear,M,1,88.68,0.0,Online,88.68
TX005554,CUST01220,2026-02-09 00:00:00,Footwear,M,1,142.16,0.0,Online,142.16
TX005555,CUST01220,2026-02-13 00:00:00,Home & Living,L,1,41.81,0.0,Online,41.81
TX005556,CUST01220,2026-02-26 00:00:00,Footwear,S,1,55.58,28.49,In-Store,39.75
TX005557,CUST01220,2026-04-02 00:00:00,Home & Living,M,1,236.57,0.0,In-Store,236.57
TX005558,CUST01220,2026-04-17 00:00:00,Apparel,M,1,95.68,0.0,In-Store,95.68
TX005559,CUST01220,2026-04-19 00:00:00,Apparel,S,2,49.01,21.69,In-Store,76.76
TX005560,CUST01220,2026-05-05 00:00:00,Footwear,S,2,146.75,0.0,Online,293.5
TX005561,CUST01220,2026-06-01 00:00:00,Home & Living,XS,2,284.92,0.0,In-Store,569.84
TX005562,CUST01220,2026-06-05 00:00:00,Footwear,XL,1,106.27,0.0,In-Store,106.27
TX005563,CUST01220,2026-06-10 00:00:00,Footwear,L,1,142.32,10.85,Online,126.88
TX005564,CUST01220,2026-06-23 00:00:00,Home & Living,L,1,118.43,0.0,Online,118.43
TX005565,CUST01221,2025-04-19 00:00:00,Apparel,L,1,43.04,12.0,Online,37.88
TX005566,CUST01222,2025-05-17 00:00:00,Accessories,S,1,56.29,0.0,Online,56.29
TX005567,CUST01222,2025-06-20 00:00:00,Home & Living,M,1,153.97,0.0,Online,153.97
TX005568,CUST01222,2025-09-10 00:00:00,Footwear,L,2,89.41,32.07,Online,121.47
TX005569,CUST01222,2025-11-13 00:00:00,Home & Living,M,3,276.38,0.0,In-Store,829.14
TX005570,CUST01222,2025-12-15 00:00:00,Accessories,XS,1,19.86,7.24,In-Store,18.42
TX005571,CUST01222,2025-12-21 00:00:00,Apparel,S,1,119.81,0.0,Online,119.81
TX005572,CUST01222,2026-04-14 00:00:00,Apparel,M,1,72.87,11.86,Online,64.23
TX005573,CUST01222,2026-04-16 00:00:00,Footwear,M,1,199.38,0.0,Online,199.38
TX005574,CUST01222,2026-06-11 00:00:00,Accessories,M,1,68.77,14.45,Online,58.83
TX005575,CUST01223,2026-02-26 00:00:00,Apparel,XL,4,113.77,0.0,In-Store,455.08
TX005576,CUST01223,2026-03-08 00:00:00,Accessories,S,2,16.85,0.0,Online,33.7
TX005577,CUST01223,2026-05-05 00:00:00,Home & Living,M,1,138.52,0.0,In-Store,138.52
TX005578,CUST01223,2026-05-13 00:00:00,Accessories,S,1,17.37,0.0,Online,17.37
TX005579,CUST01223,2026-05-20 00:00:00,Apparel,S,1,41.01,20.75,Online,32.5
TX005580,CUST01223,2026-05-25 00:00:00,Footwear,S,1,175.11,17.44,In-Store,144.57
TX005581,CUST01224,2024-09-15 00:00:00,Footwear,M,1,95.89,0.0,Online,95.89
TX005582,CUST01224,2026-01-10 00:00:00,Home & Living,S,1,255.66,0.0,Online,255.66
TX005583,CUST01224,2026-05-11 00:00:00,Footwear,S,1,189.66,0.0,Online,189.66
TX005584,CUST01225,2024-12-10 00:00:00,Apparel,XL,2,72.22,0.0,Online,144.44
TX005585,CUST01225,2025-06-01 00:00:00,Accessories,M,1,73.03,0.0,Online,73.03
TX005586,CUST01225,2026-05-15 00:00:00,Footwear,S,1,71.16,0.0,Online,71.16
TX005587,CUST01225,2026-06-24 00:00:00,Accessories,S,3,55.25,0.0,Online,165.75
TX005588,CUST01226,2026-03-12 00:00:00,Home & Living,XS,2,241.81,0.0,Online,483.62
TX005589,CUST01227,2024-12-08 00:00:00,Apparel,M,1,104.81,0.0,Online,104.81
TX005590,CUST01227,2026-06-17 00:00:00,Home & Living,XS,1,214.48,0.0,In-Store,214.48
TX005591,CUST01228,2025-12-22 00:00:00,Apparel,M,1,70.79,0.0,In-Store,70.79
TX005592,CUST01228,2026-04-27 00:00:00,Apparel,S,2,85.26,0.0,Online,170.52
TX005593,CUST01229,2025-10-30 00:00:00,Footwear,M,3,198.96,0.0,Online,596.88
TX005594,CUST01230,2024-06-15 00:00:00,Apparel,M,1,26.5,27.81,Online,19.13
TX005595,CUST01230,2025-05-21 00:00:00,Footwear,L,1,101.79,36.34,In-Store,64.8
TX005596,CUST01231,2026-05-19 00:00:00,Accessories,L,1,28.34,0.0,Online,28.34
TX005597,CUST01232,2025-10-23 00:00:00,Apparel,L,2,92.02,0.0,In-Store,184.04
TX005598,CUST01232,2025-11-09 00:00:00,Footwear,S,1,84.68,29.14,Online,60.0
TX005599,CUST01232,2025-12-02 00:00:00,Accessories,L,1,60.3,0.0,In-Store,60.3
TX005600,CUST01232,2026-03-10 00:00:00,Home & Living,XL,4,212.93,0.0,Online,851.72
TX005601,CUST01232,2026-04-18 00:00:00,Accessories,S,1,67.43,0.0,Online,67.43
TX005602,CUST01232,2026-06-03 00:00:00,Home & Living,S,3,280.54,11.04,In-Store,748.71
TX005603,CUST01232,2026-06-26 00:00:00,Accessories,L,3,26.4,0.0,In-Store,79.2
TX005604,CUST01233,2025-03-01 00:00:00,Footwear,M,2,64.22,12.79,In-Store,112.01
TX005605,CUST01233,2026-01-01 00:00:00,Apparel,M,1,107.15,19.99,Online,85.73
TX005606,CUST01234,2025-09-28 00:00:00,Home & Living,XS,1,214.48,0.0,Online,214.48
TX005607,CUST01234,2025-12-18 00:00:00,Home & Living,S,1,100.26,0.0,Online,100.26
TX005608,CUST01235,2025-12-03 00:00:00,Home & Living,M,2,92.74,0.0,In-Store,185.48
TX005609,CUST01235,2026-05-26 00:00:00,Footwear,S,1,106.44,0.0,In-Store,106.44
TX005610,CUST01236,2024-11-23 00:00:00,Home & Living,L,1,170.14,0.0,Online,170.14
TX005611,CUST01236,2025-04-04 00:00:00,Footwear,M,2,195.21,31.39,Online,267.87
TX005612,CUST01236,2026-06-29 00:00:00,Footwear,L,1,135.09,0.0,In-Store,135.09
TX005613,CUST01237,2025-02-24 00:00:00,Apparel,XS,1,68.52,0.0,Online,68.52
TX005614,CUST01237,2025-09-01 00:00:00,Footwear,M,1,197.67,32.69,In-Store,133.05
TX005615,CUST01237,2025-11-14 00:00:00,Apparel,S,1,105.83,6.86,In-Store,98.57
TX005616,CUST01237,2026-02-01 00:00:00,Accessories,M,1,59.18,0.0,Online,59.18
TX005617,CUST01238,2025-06-13 00:00:00,Apparel,L,2,72.61,0.0,Online,145.22
TX005618,CUST01238,2025-12-22 00:00:00,Footwear,S,4,187.91,0.0,Online,751.64
TX005619,CUST01239,2025-09-06 00:00:00,Apparel,M,1,69.86,0.0,In-Store,69.86
TX005620,CUST01239,2025-11-11 00:00:00,Home & Living,M,1,94.85,0.0,Online,94.85
TX005621,CUST01239,2026-06-02 00:00:00,Footwear,S,1,132.7,0.0,In-Store,132.7
TX005622,CUST01240,2025-09-16 00:00:00,Apparel,XL,1,75.02,0.0,Online,75.02
TX005623,CUST01240,2025-09-21 00:00:00,Apparel,XL,1,35.19,0.0,Online,35.19
TX005624,CUST01240,2025-10-02 00:00:00,Accessories,L,2,49.6,0.0,Online,99.2
TX005625,CUST01240,2025-11-29 00:00:00,Footwear,L,3,183.29,0.0,Online,549.87
TX005626,CUST01240,2025-12-27 00:00:00,Footwear,XL,1,193.2,0.0,In-Store,193.2
TX005627,CUST01240,2026-01-21 00:00:00,Accessories,S,3,62.21,0.0,Online,186.63
TX005628,CUST01240,2026-02-18 00:00:00,Footwear,S,1,145.9,0.0,Online,145.9
TX005629,CUST01240,2026-03-20 00:00:00,Home & Living,XL,1,96.69,0.0,Online,96.69
TX005630,CUST01240,2026-03-24 00:00:00,Home & Living,XS,2,247.35,0.0,In-Store,494.7
TX005631,CUST01240,2026-04-02 00:00:00,Home & Living,M,1,205.97,0.0,In-Store,205.97
TX005632,CUST01240,2026-04-06 00:00:00,Apparel,L,1,73.58,0.0,Online,73.58
TX005633,CUST01240,2026-05-25 00:00:00,Apparel,L,1,76.76,0.0,In-Store,76.76
TX005634,CUST01240,2026-05-30 00:00:00,Home & Living,XS,2,159.83,9.39,Online,289.64
TX005635,CUST01240,2026-06-21 00:00:00,Footwear,S,2,154.98,0.0,In-Store,309.96
TX005636,CUST01240,2026-06-28 00:00:00,Footwear,L,1,180.26,34.4,In-Store,118.25
TX005637,CUST01241,2024-12-22 00:00:00,Footwear,L,2,91.04,0.0,Online,182.08
TX005638,CUST01241,2025-06-17 00:00:00,Home & Living,S,3,250.23,0.0,In-Store,750.69
TX005639,CUST01241,2025-07-18 00:00:00,Home & Living,M,1,225.03,0.0,Online,225.03
TX005640,CUST01241,2025-08-28 00:00:00,Apparel,M,1,65.32,5.53,In-Store,61.71
TX005641,CUST01241,2025-09-27 00:00:00,Footwear,L,2,110.41,0.0,Online,220.82
TX005642,CUST01241,2025-10-05 00:00:00,Home & Living,M,2,167.33,0.0,In-Store,334.66
TX005643,CUST01241,2025-10-16 00:00:00,Footwear,L,1,186.12,35.06,Online,120.87
TX005644,CUST01241,2026-02-05 00:00:00,Accessories,M,1,47.76,11.34,In-Store,42.34
TX005645,CUST01241,2026-05-31 00:00:00,Home & Living,L,1,247.9,0.0,In-Store,247.9
TX005646,CUST01241,2026-06-11 00:00:00,Home & Living,L,1,48.21,13.82,In-Store,41.55
TX005647,CUST01241,2026-06-18 00:00:00,Footwear,L,1,143.1,0.0,Online,143.1
TX005648,CUST01241,2026-06-21 00:00:00,Accessories,S,1,62.63,14.22,In-Store,53.72
TX005649,CUST01241,2026-06-22 00:00:00,Accessories,S,1,37.33,0.0,Online,37.33
TX005650,CUST01241,2026-06-27 00:00:00,Footwear,M,1,118.8,0.0,In-Store,118.8
TX005651,CUST01242,2025-04-24 00:00:00,Accessories,M,3,59.9,0.0,Online,179.7
TX005652,CUST01242,2025-05-24 00:00:00,Home & Living,M,1,164.18,5.63,Online,154.94
TX005653,CUST01242,2025-07-06 00:00:00,Accessories,M,1,68.8,7.6,Online,63.57
TX005654,CUST01242,2026-02-27 00:00:00,Footwear,L,1,170.06,0.0,Online,170.06
TX005655,CUST01242,2026-06-14 00:00:00,Apparel,M,1,61.56,0.0,In-Store,61.56
TX005656,CUST01243,2025-12-01 00:00:00,Accessories,XL,1,15.39,0.0,Online,15.39
TX005657,CUST01243,2025-12-14 00:00:00,Apparel,XL,2,119.96,0.0,Online,239.92
TX005658,CUST01244,2025-10-02 00:00:00,Footwear,M,1,54.13,0.0,In-Store,54.13
TX005659,CUST01245,2025-09-27 00:00:00,Accessories,XL,1,27.24,0.0,Online,27.24
TX005660,CUST01245,2026-03-13 00:00:00,Home & Living,L,1,177.94,0.0,In-Store,177.94
TX005661,CUST01245,2026-04-07 00:00:00,Footwear,L,1,172.46,12.86,In-Store,150.28
TX005662,CUST01246,2025-11-16 00:00:00,Apparel,L,2,59.53,0.0,In-Store,119.06
TX005663,CUST01246,2025-12-04 00:00:00,Home & Living,M,1,86.46,0.0,Online,86.46
TX005664,CUST01246,2025-12-14 00:00:00,Accessories,L,1,38.85,12.41,Online,34.03
TX005665,CUST01246,2026-01-08 00:00:00,Home & Living,M,1,246.52,0.0,Online,246.52
TX005666,CUST01246,2026-05-03 00:00:00,Footwear,XL,1,194.3,8.06,Online,178.64
TX005667,CUST01247,2025-10-26 00:00:00,Footwear,S,2,62.32,0.0,Online,124.64
TX005668,CUST01248,2024-08-02 00:00:00,Accessories,XS,2,44.79,0.0,Online,89.58
TX005669,CUST01248,2024-09-14 00:00:00,Apparel,XS,1,109.98,0.0,In-Store,109.98
TX005670,CUST01248,2024-10-24 00:00:00,Apparel,XS,1,99.06,28.97,Online,70.36
TX005671,CUST01248,2024-11-29 00:00:00,Apparel,M,1,77.24,0.0,Online,77.24
TX005672,CUST01248,2025-06-03 00:00:00,Accessories,XS,1,20.18,0.0,Online,20.18
TX005673,CUST01248,2025-07-21 00:00:00,Home & Living,L,1,60.42,0.0,Online,60.42
TX005674,CUST01248,2025-10-12 00:00:00,Accessories,L,1,27.2,13.75,Online,23.46
TX005675,CUST01248,2025-10-29 00:00:00,Footwear,S,3,185.78,0.0,Online,557.34
TX005676,CUST01248,2026-01-19 00:00:00,Footwear,S,2,155.15,23.91,Online,236.11
TX005677,CUST01248,2026-05-04 00:00:00,Accessories,S,1,67.22,0.0,Online,67.22
TX005678,CUST01248,2026-05-14 00:00:00,Apparel,L,2,41.19,0.0,In-Store,82.38
TX005679,CUST01248,2026-05-24 00:00:00,Apparel,XS,1,35.82,0.0,In-Store,35.82
TX005680,CUST01248,2026-06-10 00:00:00,Apparel,L,1,46.28,0.0,Online,46.28
TX005681,CUST01249,2025-12-17 00:00:00,Home & Living,M,1,118.72,15.92,In-Store,99.82
TX005682,CUST01249,2026-01-28 00:00:00,Accessories,XL,1,55.48,0.0,In-Store,55.48
TX005683,CUST01249,2026-03-05 00:00:00,Apparel,M,2,109.42,15.94,In-Store,183.96
TX005684,CUST01249,2026-03-22 00:00:00,Apparel,M,1,65.96,17.23,Online,54.6
TX005685,CUST01249,2026-06-11 00:00:00,Accessories,XS,1,29.01,6.66,Online,27.08
TX005686,CUST01250,2025-11-11 00:00:00,Apparel,L,1,46.5,19.43,Online,37.47
TX005687,CUST01250,2026-04-04 00:00:00,Apparel,L,2,101.11,7.26,Online,187.54
TX005688,CUST01250,2026-05-21 00:00:00,Accessories,M,1,63.43,10.88,Online,56.53
TX005689,CUST01250,2026-05-26 00:00:00,Accessories,XS,1,70.44,14.14,In-Store,60.48
TX005690,CUST01250,2026-06-30 00:00:00,Accessories,M,1,53.59,0.0,Online,53.59
TX005691,CUST01251,2026-02-20 00:00:00,Apparel,S,1,106.85,0.0,In-Store,106.85
TX005692,CUST01251,2026-02-28 00:00:00,Home & Living,XL,2,67.18,0.0,Online,134.36
TX005693,CUST01251,2026-03-22 00:00:00,Accessories,M,1,12.69,0.0,Online,12.69
TX005694,CUST01251,2026-03-24 00:00:00,Home & Living,L,3,37.46,0.0,Online,112.38
TX005695,CUST01251,2026-04-01 00:00:00,Apparel,M,2,88.12,13.13,Online,153.1
TX005696,CUST01251,2026-04-15 00:00:00,Footwear,M,1,173.59,0.0,Online,173.59
TX005697,CUST01251,2026-04-25 00:00:00,Home & Living,M,1,166.41,0.0,Online,166.41
TX005698,CUST01251,2026-05-01 00:00:00,Apparel,S,2,100.42,0.0,Online,200.84
TX005699,CUST01251,2026-05-05 00:00:00,Apparel,L,2,93.06,28.01,In-Store,133.99
TX005700,CUST01251,2026-05-17 00:00:00,Footwear,S,1,199.74,0.0,In-Store,199.74
TX005701,CUST01251,2026-05-18 00:00:00,Apparel,M,2,107.82,0.0,Online,215.64
TX005702,CUST01251,2026-06-01 00:00:00,Apparel,S,2,26.79,11.77,Online,47.27
TX005703,CUST01251,2026-06-08 00:00:00,Home & Living,M,2,266.18,0.0,Online,532.36
TX005704,CUST01251,2026-06-09 00:00:00,Apparel,L,1,87.06,0.0,In-Store,87.06
TX005705,CUST01251,2026-06-10 00:00:00,Home & Living,S,1,262.46,0.0,In-Store,262.46
TX005706,CUST01251,2026-06-26 00:00:00,Footwear,M,2,195.61,0.0,In-Store,391.22
TX005707,CUST01251,2026-06-27 00:00:00,Apparel,S,2,70.53,18.34,Online,115.19
TX005708,CUST01252,2024-08-10 00:00:00,Footwear,M,2,105.91,9.67,Online,191.34
TX005709,CUST01252,2024-09-25 00:00:00,Footwear,M,1,132.74,0.0,In-Store,132.74
TX005710,CUST01252,2024-12-13 00:00:00,Footwear,L,2,164.01,37.34,In-Store,205.54
TX005711,CUST01252,2025-01-18 00:00:00,Home & Living,M,1,259.13,0.0,In-Store,259.13
TX005712,CUST01252,2025-01-28 00:00:00,Home & Living,M,1,92.76,0.0,In-Store,92.76
TX005713,CUST01252,2025-06-05 00:00:00,Footwear,L,1,139.67,17.98,Online,114.56
TX005714,CUST01252,2026-02-07 00:00:00,Home & Living,S,1,92.44,0.0,Online,92.44
TX005715,CUST01252,2026-06-11 00:00:00,Apparel,S,1,86.53,0.0,Online,86.53
TX005716,CUST01253,2025-09-23 00:00:00,Footwear,L,2,74.66,20.01,Online,119.44
TX005717,CUST01253,2026-02-27 00:00:00,Apparel,L,1,109.0,25.7,In-Store,80.99
TX005718,CUST01254,2024-12-09 00:00:00,Apparel,XS,1,75.25,0.0,In-Store,75.25
TX005719,CUST01254,2024-12-13 00:00:00,Home & Living,S,1,262.18,0.0,In-Store,262.18
TX005720,CUST01254,2024-12-24 00:00:00,Apparel,L,3,108.28,8.67,In-Store,296.68
TX005721,CUST01254,2025-01-06 00:00:00,Accessories,M,4,16.87,0.0,Online,67.48
TX005722,CUST01254,2025-01-23 00:00:00,Apparel,M,1,68.07,0.0,Online,68.07
TX005723,CUST01254,2025-07-06 00:00:00,Footwear,XS,1,156.22,13.51,In-Store,135.11
TX005724,CUST01254,2025-07-12 00:00:00,Footwear,M,1,127.29,14.31,Online,109.07
TX005725,CUST01254,2025-09-06 00:00:00,Home & Living,S,1,76.23,0.0,Online,76.23
TX005726,CUST01254,2025-09-20 00:00:00,Footwear,M,1,82.94,12.8,Online,72.32
TX005727,CUST01254,2025-10-13 00:00:00,Footwear,L,2,72.74,27.83,Online,104.99
TX005728,CUST01254,2025-11-04 00:00:00,Apparel,M,3,85.17,0.0,In-Store,255.51
TX005729,CUST01254,2025-11-11 00:00:00,Apparel,M,1,57.68,21.59,Online,45.23
TX005730,CUST01254,2026-01-04 00:00:00,Home & Living,S,1,137.4,0.0,Online,137.4
TX005731,CUST01254,2026-03-21 00:00:00,Accessories,M,1,40.86,0.0,Online,40.86
TX005732,CUST01254,2026-03-27 00:00:00,Home & Living,L,3,262.91,0.0,Online,788.73
TX005733,CUST01254,2026-04-15 00:00:00,Home & Living,M,1,279.9,0.0,Online,279.9
TX005734,CUST01254,2026-05-14 00:00:00,Apparel,S,1,111.84,8.85,Online,101.94
TX005735,CUST01255,2025-10-10 00:00:00,Home & Living,M,1,278.42,9.66,Online,251.52
TX005736,CUST01255,2026-06-15 00:00:00,Footwear,S,1,87.5,0.0,Online,87.5
TX005737,CUST01256,2024-11-14 00:00:00,Home & Living,XS,1,197.28,0.0,Online,197.28
TX005738,CUST01256,2024-12-13 00:00:00,Home & Living,L,1,61.03,0.0,Online,61.03
TX005739,CUST01256,2025-01-04 00:00:00,Home & Living,L,1,41.48,0.0,Online,41.48
TX005740,CUST01256,2025-01-19 00:00:00,Home & Living,M,1,227.78,0.0,Online,227.78
TX005741,CUST01256,2025-04-10 00:00:00,Footwear,M,1,55.92,0.0,Online,55.92
TX005742,CUST01256,2025-07-06 00:00:00,Footwear,M,2,125.17,0.0,Online,250.34
TX005743,CUST01256,2025-08-22 00:00:00,Home & Living,S,1,264.75,0.0,In-Store,264.75
TX005744,CUST01256,2026-01-09 00:00:00,Accessories,S,2,31.04,0.0,Online,62.08
TX005745,CUST01257,2025-01-04 00:00:00,Footwear,S,2,113.93,9.16,In-Store,206.99
TX005746,CUST01257,2025-05-12 00:00:00,Footwear,M,1,87.23,0.0,In-Store,87.23
TX005747,CUST01257,2025-08-30 00:00:00,Apparel,M,1,25.09,0.0,Online,25.09
TX005748,CUST01257,2025-10-22 00:00:00,Home & Living,XL,1,119.96,0.0,In-Store,119.96
TX005749,CUST01257,2025-10-30 00:00:00,Home & Living,M,1,47.17,0.0,Online,47.17
TX005750,CUST01257,2026-05-21 00:00:00,Apparel,XL,1,58.64,0.0,Online,58.64
TX005751,CUST01257,2026-06-10 00:00:00,Accessories,M,1,74.94,8.62,Online,68.48
TX005752,CUST01258,2025-03-28 00:00:00,Apparel,M,1,50.54,19.26,Online,40.81
TX005753,CUST01258,2025-04-05 00:00:00,Home & Living,M,1,139.57,0.0,Online,139.57
TX005754,CUST01258,2025-06-05 00:00:00,Footwear,L,3,79.6,0.0,Online,238.8
TX005755,CUST01258,2025-06-29 00:00:00,Home & Living,S,1,290.29,0.0,Online,290.29
TX005756,CUST01258,2025-07-11 00:00:00,Home & Living,M,1,299.91,0.0,Online,299.91
TX005757,CUST01258,2025-07-19 00:00:00,Accessories,M,1,20.11,5.47,Online,19.01
TX005758,CUST01258,2025-07-21 00:00:00,Accessories,XL,1,40.63,0.0,In-Store,40.63
TX005759,CUST01258,2025-08-18 00:00:00,Footwear,L,2,133.85,0.0,Online,267.7
TX005760,CUST01258,2025-09-28 00:00:00,Footwear,M,3,154.04,0.0,Online,462.12
TX005761,CUST01258,2025-10-23 00:00:00,Home & Living,XS,3,253.05,0.0,Online,759.15
TX005762,CUST01258,2025-12-21 00:00:00,Accessories,L,2,14.29,6.4,Online,26.75
TX005763,CUST01258,2026-01-06 00:00:00,Home & Living,M,1,115.79,0.0,Online,115.79
TX005764,CUST01258,2026-02-03 00:00:00,Home & Living,S,1,99.98,0.0,Online,99.98
TX005765,CUST01258,2026-06-09 00:00:00,Footwear,XL,1,105.13,0.0,Online,105.13
TX005766,CUST01259,2025-05-08 00:00:00,Apparel,L,1,42.34,9.06,Online,38.5
TX005767,CUST01259,2025-07-13 00:00:00,Footwear,M,1,66.57,17.42,In-Store,54.97
TX005768,CUST01259,2025-09-18 00:00:00,Apparel,M,2,113.58,0.0,In-Store,227.16
TX005769,CUST01259,2025-12-08 00:00:00,Home & Living,M,1,244.7,9.59,Online,221.23
TX005770,CUST01260,2025-05-09 00:00:00,Home & Living,S,1,88.77,0.0,Online,88.77
TX005771,CUST01260,2025-05-21 00:00:00,Home & Living,L,3,105.47,0.0,Online,316.41
TX005772,CUST01260,2025-05-28 00:00:00,Apparel,M,1,98.73,0.0,In-Store,98.73
TX005773,CUST01260,2025-06-14 00:00:00,Accessories,XS,1,72.09,8.07,Online,66.27
TX005774,CUST01260,2025-06-15 00:00:00,Apparel,S,1,41.81,0.0,Online,41.81
TX005775,CUST01260,2025-07-31 00:00:00,Apparel,M,1,62.8,0.0,Online,62.8
TX005776,CUST01260,2025-11-18 00:00:00,Footwear,M,1,94.38,9.53,Online,85.39
TX005777,CUST01260,2026-01-12 00:00:00,Footwear,L,1,185.04,0.0,Online,185.04
TX005778,CUST01260,2026-03-20 00:00:00,Home & Living,M,4,160.31,0.0,In-Store,641.24
TX005779,CUST01260,2026-03-26 00:00:00,Footwear,L,1,60.51,0.0,In-Store,60.51
TX005780,CUST01260,2026-04-23 00:00:00,Apparel,M,1,61.46,18.28,In-Store,50.23
TX005781,CUST01261,2026-06-14 00:00:00,Home & Living,L,1,158.39,0.0,Online,158.39
TX005782,CUST01262,2026-03-05 00:00:00,Accessories,L,2,64.68,0.0,Online,129.36
TX005783,CUST01262,2026-05-31 00:00:00,Home & Living,S,1,201.15,0.0,Online,201.15
TX005784,CUST01262,2026-06-17 00:00:00,Accessories,M,2,29.15,0.0,Online,58.3
TX005785,CUST01263,2026-04-02 00:00:00,Apparel,XL,4,84.38,27.08,Online,246.12
TX005786,CUST01264,2025-09-26 00:00:00,Accessories,L,1,71.02,7.46,Online,65.72
TX005787,CUST01264,2025-12-07 00:00:00,Home & Living,XS,1,245.86,0.0,Online,245.86
TX005788,CUST01264,2026-05-28 00:00:00,Apparel,S,1,104.15,23.9,Online,79.26
TX005789,CUST01264,2026-06-19 00:00:00,Footwear,M,1,126.67,14.71,In-Store,108.04
TX005790,CUST01265,2025-07-28 00:00:00,Home & Living,S,2,67.45,0.0,In-Store,134.9
TX005791,CUST01265,2026-05-09 00:00:00,Apparel,M,1,57.18,0.0,In-Store,57.18
TX005792,CUST01266,2024-09-22 00:00:00,Apparel,XS,2,38.78,0.0,Online,77.56
TX005793,CUST01266,2025-06-17 00:00:00,Footwear,L,2,95.6,0.0,In-Store,191.2
TX005794,CUST01266,2025-07-05 00:00:00,Home & Living,S,1,285.76,0.0,In-Store,285.76
TX005795,CUST01266,2025-07-24 00:00:00,Home & Living,S,2,61.1,0.0,In-Store,122.2
TX005796,CUST01266,2025-08-13 00:00:00,Accessories,S,1,62.53,11.63,Online,55.26
TX005797,CUST01266,2025-09-12 00:00:00,Footwear,M,2,109.68,26.47,Online,161.3
TX005798,CUST01266,2026-02-05 00:00:00,Footwear,M,1,136.42,8.52,Online,124.8
TX005799,CUST01266,2026-04-21 00:00:00,Footwear,M,1,61.47,0.0,Online,61.47
TX005800,CUST01266,2026-05-28 00:00:00,Footwear,XS,2,60.1,0.0,Online,120.2
TX005801,CUST01267,2026-01-04 00:00:00,Accessories,M,3,74.58,0.0,Online,223.74
TX005802,CUST01267,2026-01-29 00:00:00,Home & Living,S,2,52.49,0.0,In-Store,104.98
TX005803,CUST01267,2026-02-13 00:00:00,Home & Living,XS,3,140.73,0.0,Online,422.19
TX005804,CUST01267,2026-03-24 00:00:00,Apparel,L,1,89.45,0.0,Online,89.45
TX005805,CUST01267,2026-04-17 00:00:00,Home & Living,S,1,49.74,0.0,Online,49.74
TX005806,CUST01267,2026-05-15 00:00:00,Footwear,S,1,118.7,38.32,Online,73.21
TX005807,CUST01267,2026-05-18 00:00:00,Home & Living,L,3,216.89,0.0,In-Store,650.67
TX005808,CUST01267,2026-05-19 00:00:00,Home & Living,M,1,290.89,0.0,In-Store,290.89
TX005809,CUST01268,2025-03-18 00:00:00,Home & Living,M,2,284.61,0.0,Online,569.22
TX005810,CUST01268,2025-06-08 00:00:00,Accessories,M,1,44.92,0.0,In-Store,44.92
TX005811,CUST01268,2025-07-01 00:00:00,Home & Living,XL,1,139.97,0.0,Online,139.97
TX005812,CUST01269,2025-04-17 00:00:00,Home & Living,L,1,147.85,5.08,Online,140.34
TX005813,CUST01269,2025-11-27 00:00:00,Footwear,M,1,170.29,0.0,Online,170.29
TX005814,CUST01269,2026-04-23 00:00:00,Home & Living,S,2,206.59,0.0,Online,413.18
TX005815,CUST01270,2026-02-22 00:00:00,Apparel,M,2,78.27,11.51,Online,138.52
TX005816,CUST01270,2026-03-31 00:00:00,Home & Living,S,3,217.61,0.0,Online,652.83
TX005817,CUST01270,2026-04-13 00:00:00,Apparel,XL,3,114.01,0.0,In-Store,342.03
TX005818,CUST01270,2026-05-13 00:00:00,Apparel,M,1,96.74,0.0,Online,96.74
TX005819,CUST01270,2026-06-16 00:00:00,Accessories,M,4,47.59,0.0,In-Store,190.36
TX005820,CUST01270,2026-06-19 00:00:00,Footwear,M,1,179.25,10.89,In-Store,159.73
TX005821,CUST01271,2025-11-19 00:00:00,Accessories,L,1,68.2,0.0,Online,68.2
TX005822,CUST01271,2026-01-05 00:00:00,Apparel,S,1,119.9,24.4,In-Store,90.64
TX005823,CUST01272,2025-12-16 00:00:00,Apparel,M,1,51.46,16.42,Online,43.01
TX005824,CUST01273,2026-06-27 00:00:00,Accessories,L,3,51.4,0.0,Online,154.2
TX005825,CUST01274,2026-01-02 00:00:00,Home & Living,M,1,215.15,0.0,Online,215.15
TX005826,CUST01274,2026-02-23 00:00:00,Accessories,S,1,21.11,0.0,In-Store,21.11
TX005827,CUST01275,2025-10-29 00:00:00,Apparel,S,3,119.65,0.0,In-Store,358.95
TX005828,CUST01276,2025-12-18 00:00:00,Apparel,L,1,28.59,25.01,Online,21.44
TX005829,CUST01276,2025-12-25 00:00:00,Apparel,XS,1,30.01,0.0,In-Store,30.01
TX005830,CUST01276,2026-01-02 00:00:00,Footwear,M,1,186.92,30.68,Online,129.57
TX005831,CUST01276,2026-01-02 00:00:00,Apparel,XL,1,61.07,12.8,In-Store,53.25
TX005832,CUST01276,2026-01-19 00:00:00,Accessories,S,1,58.56,0.0,Online,58.56
TX005833,CUST01276,2026-02-19 00:00:00,Footwear,L,1,192.4,0.0,In-Store,192.4
TX005834,CUST01276,2026-02-26 00:00:00,Home & Living,M,2,236.23,0.0,Online,472.46
TX005835,CUST01276,2026-03-10 00:00:00,Footwear,M,1,187.17,18.63,Online,152.3
TX005836,CUST01276,2026-03-26 00:00:00,Home & Living,S,1,187.84,11.55,Online,166.14
TX005837,CUST01276,2026-04-02 00:00:00,Apparel,L,1,115.46,5.62,In-Store,108.97
TX005838,CUST01277,2024-10-03 00:00:00,Accessories,S,1,65.29,0.0,Online,65.29
TX005839,CUST01277,2024-11-20 00:00:00,Accessories,L,1,18.31,0.0,In-Store,18.31
TX005840,CUST01277,2025-04-07 00:00:00,Home & Living,L,1,42.49,0.0,In-Store,42.49
TX005841,CUST01277,2025-05-08 00:00:00,Accessories,L,1,27.3,0.0,In-Store,27.3
TX005842,CUST01277,2025-07-18 00:00:00,Home & Living,XS,1,143.18,0.0,In-Store,143.18
TX005843,CUST01277,2026-02-11 00:00:00,Apparel,XL,1,112.44,0.0,Online,112.44
TX005844,CUST01277,2026-03-07 00:00:00,Footwear,S,1,139.64,19.17,Online,112.87
TX005845,CUST01277,2026-04-23 00:00:00,Footwear,L,1,190.33,0.0,In-Store,190.33
TX005846,CUST01277,2026-05-23 00:00:00,Apparel,S,1,80.5,0.0,In-Store,80.5
TX005847,CUST01278,2024-11-09 00:00:00,Accessories,M,2,66.7,0.0,In-Store,133.4
TX005848,CUST01278,2025-02-17 00:00:00,Home & Living,S,1,38.5,0.0,Online,38.5
TX005849,CUST01278,2025-04-30 00:00:00,Apparel,S,1,72.71,0.0,In-Store,72.71
TX005850,CUST01278,2026-02-09 00:00:00,Home & Living,XL,1,50.19,0.0,Online,50.19
TX005851,CUST01278,2026-03-23 00:00:00,Home & Living,M,1,156.18,0.0,Online,156.18
TX005852,CUST01279,2024-03-18 00:00:00,Apparel,S,3,81.09,28.33,Online,174.35
TX005853,CUST01279,2025-01-28 00:00:00,Home & Living,L,1,276.35,0.0,Online,276.35
TX005854,CUST01279,2025-06-20 00:00:00,Home & Living,M,1,227.93,0.0,Online,227.93
TX005855,CUST01279,2025-08-05 00:00:00,Home & Living,L,1,85.67,0.0,Online,85.67
TX005856,CUST01280,2026-05-30 00:00:00,Home & Living,M,1,80.81,0.0,In-Store,80.81
TX005857,CUST01281,2024-11-06 00:00:00,Apparel,S,1,35.37,0.0,Online,35.37
TX005858,CUST01282,2026-02-13 00:00:00,Home & Living,S,4,219.28,0.0,Online,877.12
TX005859,CUST01282,2026-03-18 00:00:00,Apparel,XS,1,106.62,0.0,In-Store,106.62
TX005860,CUST01282,2026-04-09 00:00:00,Home & Living,S,2,143.23,0.0,Online,286.46
TX005861,CUST01282,2026-05-07 00:00:00,Footwear,M,1,68.32,34.14,In-Store,45.0
TX005862,CUST01283,2025-11-04 00:00:00,Footwear,L,1,79.82,9.1,In-Store,72.56
TX005863,CUST01283,2026-05-30 00:00:00,Home & Living,S,1,222.73,0.0,In-Store,222.73
TX005864,CUST01284,2024-11-11 00:00:00,Home & Living,S,1,136.77,19.21,Online,110.5
TX005865,CUST01285,2025-09-30 00:00:00,Footwear,M,1,142.86,0.0,Online,142.86
TX005866,CUST01286,2026-05-03 00:00:00,Accessories,M,3,69.05,0.0,In-Store,207.15
TX005867,CUST01287,2024-07-19 00:00:00,Home & Living,M,3,104.14,0.0,Online,312.42
TX005868,CUST01287,2025-02-17 00:00:00,Footwear,M,1,79.81,0.0,Online,79.81
TX005869,CUST01287,2025-03-07 00:00:00,Home & Living,L,1,250.18,16.06,Online,210.0
TX005870,CUST01287,2025-03-26 00:00:00,Home & Living,S,1,245.69,0.0,Online,245.69
TX005871,CUST01287,2025-08-26 00:00:00,Accessories,M,2,58.13,0.0,In-Store,116.26
TX005872,CUST01288,2025-02-23 00:00:00,Apparel,L,1,52.3,0.0,Online,52.3
TX005873,CUST01288,2025-04-13 00:00:00,Accessories,L,1,20.48,0.0,Online,20.48
TX005874,CUST01288,2025-10-20 00:00:00,Apparel,L,2,109.01,0.0,In-Store,218.02
TX005875,CUST01289,2025-07-05 00:00:00,Apparel,XL,1,76.58,13.43,Online,66.3
TX005876,CUST01289,2025-12-11 00:00:00,Accessories,S,1,58.49,0.0,Online,58.49
TX005877,CUST01289,2025-12-15 00:00:00,Home & Living,L,1,191.86,0.0,Online,191.86
TX005878,CUST01290,2025-09-09 00:00:00,Accessories,L,1,17.13,7.96,In-Store,15.77
TX005879,CUST01290,2025-10-05 00:00:00,Footwear,M,1,168.55,0.0,Online,168.55
TX005880,CUST01290,2026-01-29 00:00:00,Accessories,M,1,52.19,0.0,Online,52.19
TX005881,CUST01290,2026-06-20 00:00:00,Home & Living,XL,1,160.83,0.0,In-Store,160.83
TX005882,CUST01291,2025-06-08 00:00:00,Footwear,XL,1,134.89,0.0,In-Store,134.89
TX005883,CUST01291,2025-11-13 00:00:00,Home & Living,M,1,226.75,0.0,Online,226.75
TX005884,CUST01291,2025-11-23 00:00:00,Apparel,S,1,72.73,12.76,In-Store,63.45
TX005885,CUST01291,2025-12-21 00:00:00,Apparel,M,1,116.95,19.79,Online,93.81
TX005886,CUST01291,2026-03-24 00:00:00,Accessories,S,1,43.55,0.0,In-Store,43.55
TX005887,CUST01292,2025-08-13 00:00:00,Home & Living,XL,1,63.94,0.0,In-Store,63.94
TX005888,CUST01292,2025-09-25 00:00:00,Home & Living,L,2,281.38,0.0,In-Store,562.76
TX005889,CUST01292,2025-12-11 00:00:00,Apparel,M,2,45.68,0.0,Online,91.36
TX005890,CUST01292,2026-04-01 00:00:00,Accessories,XS,2,59.64,0.0,Online,119.28
TX005891,CUST01292,2026-05-05 00:00:00,Accessories,XL,1,72.17,14.29,In-Store,61.86
TX005892,CUST01292,2026-05-07 00:00:00,Accessories,XL,4,70.27,0.0,Online,281.08
TX005893,CUST01293,2025-07-03 00:00:00,Accessories,S,1,33.79,0.0,Online,33.79
TX005894,CUST01293,2025-10-24 00:00:00,Apparel,M,2,78.99,0.0,Online,157.98
TX005895,CUST01294,2026-02-21 00:00:00,Footwear,S,2,77.31,0.0,In-Store,154.62
TX005896,CUST01295,2026-02-24 00:00:00,Accessories,XL,2,30.89,0.0,Online,61.78
TX005897,CUST01295,2026-04-03 00:00:00,Apparel,M,1,72.88,0.0,In-Store,72.88
TX005898,CUST01296,2025-12-14 00:00:00,Accessories,M,1,13.33,0.0,Online,13.33
TX005899,CUST01296,2026-02-05 00:00:00,Home & Living,S,3,129.36,0.0,In-Store,388.08
TX005900,CUST01296,2026-03-26 00:00:00,Home & Living,L,1,66.64,0.0,Online,66.64
TX005901,CUST01296,2026-04-02 00:00:00,Footwear,XS,1,133.63,22.39,In-Store,103.71
TX005902,CUST01296,2026-05-17 00:00:00,Accessories,L,1,25.82,0.0,Online,25.82
TX005903,CUST01296,2026-05-31 00:00:00,Footwear,XS,2,152.13,22.59,In-Store,235.53
TX005904,CUST01296,2026-06-16 00:00:00,Apparel,M,1,77.41,13.14,Online,67.24
TX005905,CUST01297,2024-01-19 00:00:00,Home & Living,M,1,237.08,0.0,In-Store,237.08
TX005906,CUST01297,2024-03-08 00:00:00,Footwear,M,1,85.34,8.02,Online,78.5
TX005907,CUST01297,2024-09-16 00:00:00,Footwear,M,1,52.26,0.0,Online,52.26
TX005908,CUST01297,2024-10-14 00:00:00,Home & Living,M,1,290.8,0.0,In-Store,290.8
TX005909,CUST01297,2025-03-11 00:00:00,Accessories,M,2,72.93,8.25,In-Store,133.83
TX005910,CUST01297,2025-04-26 00:00:00,Home & Living,M,1,244.64,0.0,Online,244.64
TX005911,CUST01297,2026-06-25 00:00:00,Apparel,M,1,31.06,5.75,Online,29.27
TX005912,CUST01298,2025-07-04 00:00:00,Home & Living,L,1,257.36,17.06,Online,213.45
TX005913,CUST01298,2026-06-11 00:00:00,Home & Living,M,1,239.09,0.0,Online,239.09
TX005914,CUST01299,2025-10-11 00:00:00,Footwear,XS,1,181.14,0.0,Online,181.14
TX005915,CUST01299,2025-10-11 00:00:00,Footwear,S,1,103.22,13.02,Online,89.78
TX005916,CUST01300,2025-09-10 00:00:00,Accessories,S,1,16.58,6.46,Online,15.51
TX005917,CUST01300,2025-09-20 00:00:00,Home & Living,XL,1,111.93,0.0,Online,111.93
TX005918,CUST01300,2025-12-12 00:00:00,Accessories,M,1,45.7,13.22,Online,39.66
TX005919,CUST01300,2026-01-17 00:00:00,Accessories,XL,1,44.89,0.0,In-Store,44.89
TX005920,CUST01300,2026-01-21 00:00:00,Home & Living,M,1,224.71,0.0,In-Store,224.71
TX005921,CUST01300,2026-04-20 00:00:00,Footwear,L,1,177.18,0.0,In-Store,177.18
TX005922,CUST01300,2026-05-22 00:00:00,Home & Living,S,1,211.46,0.0,Online,211.46
TX005923,CUST01300,2026-06-16 00:00:00,Home & Living,M,2,251.96,0.0,In-Store,503.92
TX005924,CUST01301,2026-02-28 00:00:00,Apparel,L,2,41.02,0.0,Online,82.04
TX005925,CUST01301,2026-03-03 00:00:00,Home & Living,XL,1,253.41,0.0,Online,253.41
TX005926,CUST01301,2026-05-03 00:00:00,Footwear,M,1,61.26,13.75,Online,52.84
TX005927,CUST01301,2026-05-27 00:00:00,Apparel,S,1,96.79,0.0,Online,96.79
TX005928,CUST01302,2025-10-05 00:00:00,Home & Living,S,1,267.43,0.0,In-Store,267.43
TX005929,CUST01303,2025-12-14 00:00:00,Home & Living,M,2,214.98,10.3,In-Store,385.67
TX005930,CUST01303,2026-01-04 00:00:00,Footwear,L,1,63.28,0.0,Online,63.28
TX005931,CUST01303,2026-02-20 00:00:00,Footwear,M,1,94.76,0.0,Online,94.76
TX005932,CUST01303,2026-05-07 00:00:00,Accessories,M,1,33.97,0.0,Online,33.97
TX005933,CUST01304,2025-11-21 00:00:00,Apparel,L,2,71.76,15.4,In-Store,121.42
TX005934,CUST01304,2026-03-12 00:00:00,Apparel,XS,1,115.96,0.0,Online,115.96
TX005935,CUST01305,2026-02-03 00:00:00,Accessories,S,1,71.06,0.0,In-Store,71.06
TX005936,CUST01305,2026-03-10 00:00:00,Home & Living,L,1,45.42,8.97,In-Store,41.35
TX005937,CUST01305,2026-04-11 00:00:00,Accessories,M,1,60.22,0.0,In-Store,60.22
TX005938,CUST01305,2026-05-01 00:00:00,Apparel,M,1,72.96,28.3,In-Store,52.31
TX005939,CUST01305,2026-06-21 00:00:00,Apparel,S,1,118.05,0.0,Online,118.05
TX005940,CUST01306,2024-11-25 00:00:00,Footwear,S,1,157.42,0.0,In-Store,157.42
TX005941,CUST01306,2025-03-06 00:00:00,Home & Living,L,1,136.25,0.0,In-Store,136.25
TX005942,CUST01306,2025-05-26 00:00:00,Footwear,M,1,162.88,0.0,Online,162.88
TX005943,CUST01306,2025-06-24 00:00:00,Apparel,L,4,36.01,0.0,In-Store,144.04
TX005944,CUST01306,2025-10-22 00:00:00,Accessories,M,1,53.69,0.0,In-Store,53.69
TX005945,CUST01306,2026-01-01 00:00:00,Home & Living,M,1,184.4,17.12,Online,152.83
TX005946,CUST01307,2024-09-24 00:00:00,Footwear,L,4,129.06,22.72,In-Store,398.95
TX005947,CUST01307,2026-06-28 00:00:00,Accessories,S,1,15.01,0.0,In-Store,15.01
TX005948,CUST01308,2026-01-17 00:00:00,Home & Living,M,4,114.41,0.0,In-Store,457.64
TX005949,CUST01308,2026-03-23 00:00:00,Apparel,L,1,64.4,26.41,Online,47.39
TX005950,CUST01309,2026-02-07 00:00:00,Footwear,S,2,93.18,6.92,Online,173.46
TX005951,CUST01309,2026-04-25 00:00:00,Home & Living,S,4,268.91,0.0,Online,1075.64
TX005952,CUST01310,2025-09-19 00:00:00,Apparel,M,1,89.05,0.0,In-Store,89.05
TX005953,CUST01311,2025-12-01 00:00:00,Apparel,M,1,29.95,0.0,Online,29.95
TX005954,CUST01312,2026-05-16 00:00:00,Footwear,XL,2,71.88,25.95,In-Store,106.45
TX005955,CUST01312,2026-06-02 00:00:00,Accessories,L,1,30.48,0.0,In-Store,30.48
TX005956,CUST01312,2026-06-10 00:00:00,Apparel,L,2,92.88,14.29,Online,159.21
TX005957,CUST01313,2024-03-10 00:00:00,Footwear,XS,1,140.42,0.0,Online,140.42
TX005958,CUST01313,2024-04-23 00:00:00,Apparel,M,1,65.88,22.47,In-Store,51.08
TX005959,CUST01313,2024-05-26 00:00:00,Apparel,S,2,49.25,0.0,Online,98.5
TX005960,CUST01313,2024-06-21 00:00:00,Home & Living,M,1,220.75,0.0,Online,220.75
TX005961,CUST01313,2024-12-24 00:00:00,Home & Living,XL,1,289.59,0.0,In-Store,289.59
TX005962,CUST01313,2025-03-23 00:00:00,Footwear,L,1,150.23,31.16,In-Store,103.42
TX005963,CUST01313,2025-05-23 00:00:00,Home & Living,M,1,287.55,0.0,Online,287.55
TX005964,CUST01313,2025-08-21 00:00:00,Apparel,XL,1,65.71,25.98,Online,48.64
TX005965,CUST01313,2026-03-17 00:00:00,Apparel,XS,1,95.61,0.0,In-Store,95.61
TX005966,CUST01313,2026-05-14 00:00:00,Accessories,XL,1,45.23,0.0,In-Store,45.23
TX005967,CUST01314,2025-01-30 00:00:00,Home & Living,XS,2,88.74,0.0,Online,177.48
TX005968,CUST01314,2025-07-23 00:00:00,Footwear,M,2,194.62,0.0,In-Store,389.24
TX005969,CUST01314,2026-03-23 00:00:00,Accessories,S,1,15.25,0.0,In-Store,15.25
TX005970,CUST01315,2025-05-27 00:00:00,Apparel,M,2,86.74,0.0,In-Store,173.48
TX005971,CUST01315,2025-11-17 00:00:00,Home & Living,M,3,95.2,0.0,Online,285.6
TX005972,CUST01315,2026-04-18 00:00:00,Home & Living,S,1,40.73,0.0,Online,40.73
TX005973,CUST01316,2025-02-03 00:00:00,Apparel,S,3,73.69,0.0,Online,221.07
TX005974,CUST01316,2025-04-19 00:00:00,Home & Living,S,1,264.47,0.0,In-Store,264.47
TX005975,CUST01316,2025-08-13 00:00:00,Apparel,S,1,109.81,0.0,In-Store,109.81
TX005976,CUST01316,2025-08-13 00:00:00,Footwear,S,2,85.28,0.0,In-Store,170.56
TX005977,CUST01316,2025-09-27 00:00:00,Apparel,M,2,84.72,6.95,In-Store,157.66
TX005978,CUST01316,2025-10-23 00:00:00,Accessories,M,1,66.45,0.0,In-Store,66.45
TX005979,CUST01316,2025-11-03 00:00:00,Apparel,L,3,95.42,0.0,In-Store,286.26
TX005980,CUST01316,2025-11-30 00:00:00,Apparel,L,1,74.07,19.31,Online,59.77
TX005981,CUST01316,2026-02-26 00:00:00,Accessories,S,2,23.43,0.0,In-Store,46.86
TX005982,CUST01316,2026-06-19 00:00:00,Apparel,L,1,82.7,0.0,In-Store,82.7
TX005983,CUST01317,2026-06-04 00:00:00,Apparel,L,1,50.27,12.94,In-Store,43.77
TX005984,CUST01318,2026-01-24 00:00:00,Footwear,M,1,192.68,0.0,Online,192.68
TX005985,CUST01318,2026-03-07 00:00:00,Apparel,S,1,51.95,8.96,Online,47.3
TX005986,CUST01318,2026-03-11 00:00:00,Footwear,M,1,91.0,0.0,In-Store,91.0
TX005987,CUST01319,2025-05-05 00:00:00,Footwear,L,3,88.35,33.99,Online,174.96
TX005988,CUST01319,2026-02-04 00:00:00,Apparel,L,1,69.05,0.0,Online,69.05
TX005989,CUST01320,2025-09-14 00:00:00,Home & Living,M,2,138.79,0.0,Online,277.58
TX005990,CUST01320,2026-05-27 00:00:00,Apparel,S,1,99.12,0.0,Online,99.12
TX005991,CUST01321,2026-04-08 00:00:00,Accessories,S,1,21.2,0.0,Online,21.2
TX005992,CUST01321,2026-05-07 00:00:00,Apparel,M,1,70.03,0.0,In-Store,70.03
TX005993,CUST01322,2025-09-27 00:00:00,Apparel,S,1,82.63,0.0,Online,82.63
TX005994,CUST01322,2025-11-20 00:00:00,Footwear,L,1,88.53,11.16,In-Store,78.65
TX005995,CUST01322,2025-11-28 00:00:00,Footwear,S,1,188.25,0.0,In-Store,188.25
TX005996,CUST01322,2025-12-16 00:00:00,Home & Living,L,1,213.0,0.0,Online,213.0
TX005997,CUST01322,2026-02-02 00:00:00,Home & Living,XS,1,221.27,0.0,In-Store,221.27
TX005998,CUST01322,2026-04-15 00:00:00,Home & Living,S,1,233.21,0.0,Online,233.21
TX005999,CUST01322,2026-04-19 00:00:00,Footwear,M,1,151.89,0.0,In-Store,151.89
TX006000,CUST01323,2024-03-25 00:00:00,Apparel,S,1,51.12,0.0,In-Store,51.12
TX006001,CUST01323,2024-09-19 00:00:00,Apparel,S,1,89.8,13.45,In-Store,77.72
TX006002,CUST01323,2025-02-03 00:00:00,Accessories,L,1,63.0,0.0,Online,63.0
TX006003,CUST01323,2025-04-15 00:00:00,Apparel,M,4,69.64,22.11,In-Store,216.97
TX006004,CUST01323,2025-10-28 00:00:00,Accessories,XS,1,73.67,0.0,In-Store,73.67
TX006005,CUST01323,2026-01-22 00:00:00,Apparel,L,2,29.62,18.02,Online,48.56
TX006006,CUST01323,2026-04-21 00:00:00,Accessories,M,1,15.44,0.0,In-Store,15.44
TX006007,CUST01324,2024-03-23 00:00:00,Apparel,S,1,64.85,0.0,Online,64.85
TX006008,CUST01324,2024-04-06 00:00:00,Home & Living,M,1,241.82,0.0,Online,241.82
TX006009,CUST01324,2024-07-20 00:00:00,Home & Living,S,1,276.4,0.0,In-Store,276.4
TX006010,CUST01324,2024-07-27 00:00:00,Home & Living,L,3,244.7,0.0,In-Store,734.1
TX006011,CUST01324,2024-12-18 00:00:00,Accessories,S,2,46.42,9.15,Online,84.35
TX006012,CUST01324,2024-12-27 00:00:00,Footwear,M,1,117.0,32.92,In-Store,78.48
TX006013,CUST01324,2025-03-20 00:00:00,Accessories,S,1,28.21,0.0,In-Store,28.21
TX006014,CUST01324,2025-05-07 00:00:00,Home & Living,XL,2,294.4,0.0,Online,588.8
TX006015,CUST01324,2025-08-13 00:00:00,Accessories,M,1,54.72,0.0,Online,54.72
TX006016,CUST01324,2025-09-17 00:00:00,Accessories,S,1,43.33,0.0,In-Store,43.33
TX006017,CUST01324,2026-02-07 00:00:00,Accessories,M,2,38.53,0.0,Online,77.06
TX006018,CUST01325,2025-07-23 00:00:00,Footwear,L,1,109.22,13.52,Online,94.45
TX006019,CUST01326,2025-10-11 00:00:00,Footwear,L,1,100.89,39.78,Online,60.76
TX006020,CUST01326,2025-11-04 00:00:00,Apparel,M,2,117.77,0.0,Online,235.54
TX006021,CUST01327,2024-06-05 00:00:00,Footwear,M,2,187.08,0.0,In-Store,374.16
TX006022,CUST01327,2024-08-10 00:00:00,Accessories,L,1,44.94,0.0,Online,44.94
TX006023,CUST01327,2026-04-27 00:00:00,Footwear,L,1,139.59,0.0,Online,139.59
TX006024,CUST01327,2026-05-29 00:00:00,Accessories,XL,2,42.49,0.0,Online,84.98
TX006025,CUST01328,2026-01-26 00:00:00,Home & Living,L,1,231.96,10.01,In-Store,208.74
TX006026,CUST01328,2026-02-19 00:00:00,Home & Living,M,2,162.68,0.0,In-Store,325.36
TX006027,CUST01328,2026-02-25 00:00:00,Accessories,S,1,51.89,0.0,Online,51.89
TX006028,CUST01328,2026-03-12 00:00:00,Home & Living,L,1,182.28,0.0,Online,182.28
TX006029,CUST01328,2026-05-06 00:00:00,Home & Living,L,1,111.01,6.91,In-Store,103.34
TX006030,CUST01329,2024-05-22 00:00:00,Home & Living,S,1,168.38,0.0,In-Store,168.38
TX006031,CUST01329,2024-08-13 00:00:00,Accessories,L,1,49.49,0.0,In-Store,49.49
TX006032,CUST01329,2024-12-15 00:00:00,Footwear,L,1,112.89,0.0,Online,112.89
TX006033,CUST01329,2025-05-24 00:00:00,Apparel,L,1,39.35,0.0,Online,39.35
TX006034,CUST01329,2026-02-09 00:00:00,Apparel,M,1,25.52,0.0,Online,25.52
TX006035,CUST01330,2024-03-02 00:00:00,Home & Living,L,4,74.33,0.0,Online,297.32
TX006036,CUST01330,2024-03-09 00:00:00,Apparel,XS,1,80.74,29.96,In-Store,56.55
TX006037,CUST01330,2024-04-21 00:00:00,Accessories,L,1,62.08,0.0,In-Store,62.08
TX006038,CUST01330,2025-01-02 00:00:00,Apparel,M,1,105.13,14.27,In-Store,90.13
TX006039,CUST01330,2025-03-24 00:00:00,Accessories,XL,1,10.12,0.0,Online,10.12
TX006040,CUST01330,2025-04-14 00:00:00,Apparel,M,3,36.77,9.25,Online,100.11
TX006041,CUST01330,2025-08-24 00:00:00,Home & Living,L,1,41.76,0.0,Online,41.76
TX006042,CUST01330,2025-11-12 00:00:00,Apparel,M,1,79.88,0.0,In-Store,79.88
TX006043,CUST01330,2026-01-24 00:00:00,Apparel,L,1,42.73,5.91,Online,40.2
TX006044,CUST01331,2025-09-23 00:00:00,Accessories,S,1,72.65,11.11,Online,64.58
TX006045,CUST01331,2025-10-10 00:00:00,Accessories,S,2,65.64,0.0,Online,131.28
TX006046,CUST01331,2025-10-14 00:00:00,Accessories,S,1,64.64,0.0,In-Store,64.64
TX006047,CUST01331,2026-02-17 00:00:00,Footwear,S,3,168.23,0.0,Online,504.69
TX006048,CUST01331,2026-06-21 00:00:00,Apparel,L,1,51.25,0.0,In-Store,51.25
TX006049,CUST01332,2026-04-01 00:00:00,Apparel,M,1,83.53,9.41,Online,75.67
TX006050,CUST01332,2026-04-16 00:00:00,Accessories,S,1,18.5,0.0,In-Store,18.5
TX006051,CUST01332,2026-05-01 00:00:00,Home & Living,XS,1,144.18,0.0,In-Store,144.18
TX006052,CUST01332,2026-05-12 00:00:00,Footwear,L,3,60.76,0.0,Online,182.28
TX006053,CUST01332,2026-05-16 00:00:00,Home & Living,M,2,221.85,5.33,In-Store,420.05
TX006054,CUST01332,2026-05-20 00:00:00,Accessories,M,1,58.57,0.0,In-Store,58.57
TX006055,CUST01332,2026-06-19 00:00:00,Accessories,XL,1,46.15,0.0,Online,46.15
TX006056,CUST01332,2026-06-22 00:00:00,Apparel,XL,1,114.48,0.0,In-Store,114.48
TX006057,CUST01333,2025-09-11 00:00:00,Apparel,XL,1,96.28,0.0,Online,96.28
TX006058,CUST01334,2026-01-22 00:00:00,Accessories,L,1,61.82,0.0,Online,61.82
TX006059,CUST01334,2026-03-21 00:00:00,Home & Living,M,1,205.89,0.0,Online,205.89
TX006060,CUST01335,2026-05-09 00:00:00,Footwear,M,1,176.51,9.33,Online,160.04
TX006061,CUST01336,2025-05-25 00:00:00,Accessories,M,1,63.18,11.37,Online,56.0
TX006062,CUST01336,2025-10-09 00:00:00,Accessories,XL,1,13.28,0.0,In-Store,13.28
TX006063,CUST01337,2025-11-29 00:00:00,Apparel,M,4,49.53,18.43,Online,161.61
TX006064,CUST01337,2026-01-09 00:00:00,Home & Living,L,1,251.07,0.0,In-Store,251.07
TX006065,CUST01337,2026-01-21 00:00:00,Apparel,M,1,108.18,0.0,In-Store,108.18
TX006066,CUST01337,2026-02-09 00:00:00,Accessories,S,2,11.14,0.0,Online,22.28
TX006067,CUST01338,2024-07-29 00:00:00,Apparel,L,2,109.43,0.0,Online,218.86
TX006068,CUST01339,2025-06-25 00:00:00,Accessories,M,1,51.32,0.0,Online,51.32
TX006069,CUST01339,2026-05-25 00:00:00,Accessories,XL,1,72.51,0.0,Online,72.51
TX006070,CUST01340,2025-02-06 00:00:00,Footwear,M,1,151.1,0.0,Online,151.1
TX006071,CUST01340,2026-06-20 00:00:00,Accessories,L,1,69.68,12.21,Online,61.17
TX006072,CUST01341,2026-01-10 00:00:00,Home & Living,M,1,99.83,6.25,In-Store,93.59
TX006073,CUST01341,2026-04-19 00:00:00,Home & Living,XS,1,271.11,0.0,Online,271.11
TX006074,CUST01341,2026-05-11 00:00:00,Accessories,M,1,47.76,0.0,Online,47.76
TX006075,CUST01342,2025-06-03 00:00:00,Home & Living,M,2,185.24,0.0,Online,370.48
TX006076,CUST01343,2024-11-23 00:00:00,Accessories,L,2,64.21,0.0,Online,128.42
TX006077,CUST01343,2026-03-22 00:00:00,Home & Living,L,2,209.03,17.29,Online,345.78
TX006078,CUST01343,2026-06-03 00:00:00,Footwear,S,2,185.3,0.0,Online,370.6
TX006079,CUST01344,2025-11-16 00:00:00,Apparel,M,1,79.18,0.0,Online,79.18
TX006080,CUST01344,2026-05-05 00:00:00,Accessories,S,1,48.0,0.0,Online,48.0
TX006081,CUST01345,2025-09-05 00:00:00,Footwear,S,1,129.02,0.0,Online,129.02
TX006082,CUST01345,2026-01-02 00:00:00,Home & Living,L,1,230.27,0.0,Online,230.27
TX006083,CUST01345,2026-01-17 00:00:00,Footwear,S,1,165.88,12.52,In-Store,145.11
TX006084,CUST01346,2025-03-02 00:00:00,Home & Living,XL,1,181.87,0.0,Online,181.87
TX006085,CUST01346,2025-04-26 00:00:00,Home & Living,XS,2,273.94,0.0,In-Store,547.88
TX006086,CUST01346,2025-11-17 00:00:00,Accessories,S,1,67.29,12.8,Online,58.68
TX006087,CUST01346,2026-01-11 00:00:00,Apparel,M,1,63.96,0.0,Online,63.96
TX006088,CUST01346,2026-02-11 00:00:00,Apparel,XL,1,89.62,0.0,In-Store,89.62
TX006089,CUST01346,2026-06-12 00:00:00,Footwear,L,2,189.06,0.0,Online,378.12
TX006090,CUST01347,2026-03-14 00:00:00,Footwear,L,1,184.69,8.85,In-Store,168.34
TX006091,CUST01347,2026-04-13 00:00:00,Home & Living,S,2,124.93,0.0,Online,249.86
TX006092,CUST01347,2026-04-20 00:00:00,Footwear,S,1,130.7,0.0,Online,130.7
TX006093,CUST01347,2026-04-23 00:00:00,Apparel,M,1,81.57,0.0,In-Store,81.57
TX006094,CUST01347,2026-04-28 00:00:00,Accessories,S,1,51.46,14.95,Online,43.77
TX006095,CUST01347,2026-05-18 00:00:00,Footwear,XL,2,195.42,11.76,Online,344.88
TX006096,CUST01347,2026-05-26 00:00:00,Home & Living,M,1,176.92,0.0,Online,176.92
TX006097,CUST01347,2026-06-02 00:00:00,Accessories,L,1,50.16,0.0,Online,50.16
TX006098,CUST01347,2026-06-09 00:00:00,Apparel,M,3,103.98,0.0,In-Store,311.94
TX006099,CUST01347,2026-06-29 00:00:00,Apparel,XS,3,30.22,11.7,In-Store,80.05
TX006100,CUST01348,2024-11-09 00:00:00,Apparel,L,1,96.45,0.0,Online,96.45
TX006101,CUST01348,2025-02-09 00:00:00,Apparel,M,1,86.99,0.0,In-Store,86.99
TX006102,CUST01348,2025-03-26 00:00:00,Footwear,S,1,156.26,30.23,Online,109.02
TX006103,CUST01348,2025-04-17 00:00:00,Footwear,M,1,82.33,0.0,In-Store,82.33
TX006104,CUST01348,2025-06-28 00:00:00,Home & Living,S,1,235.43,0.0,In-Store,235.43
TX006105,CUST01348,2025-10-15 00:00:00,Apparel,XS,1,94.79,0.0,Online,94.79
TX006106,CUST01348,2025-12-03 00:00:00,Home & Living,M,1,54.86,0.0,Online,54.86
TX006107,CUST01349,2026-04-29 00:00:00,Footwear,XS,1,115.18,8.87,Online,104.96
TX006108,CUST01349,2026-05-23 00:00:00,Footwear,XL,1,63.39,0.0,Online,63.39
TX006109,CUST01350,2025-04-14 00:00:00,Footwear,M,1,145.16,0.0,In-Store,145.16
TX006110,CUST01350,2026-02-17 00:00:00,Apparel,M,2,48.03,29.88,Online,67.36
TX006111,CUST01350,2026-05-08 00:00:00,Home & Living,S,1,67.8,0.0,In-Store,67.8
TX006112,CUST01351,2024-04-24 00:00:00,Footwear,S,1,125.63,0.0,Online,125.63
TX006113,CUST01351,2024-09-25 00:00:00,Footwear,L,1,197.45,15.84,In-Store,166.17
TX006114,CUST01351,2026-06-02 00:00:00,Apparel,XS,1,29.76,0.0,Online,29.76
TX006115,CUST01352,2025-08-30 00:00:00,Home & Living,L,1,205.76,0.0,In-Store,205.76
TX006116,CUST01352,2025-09-29 00:00:00,Footwear,M,3,110.97,0.0,In-Store,332.91
TX006117,CUST01353,2024-09-14 00:00:00,Accessories,M,1,21.69,13.9,Online,18.68
TX006118,CUST01353,2024-09-16 00:00:00,Accessories,S,4,12.55,10.95,Online,44.7
TX006119,CUST01353,2024-11-16 00:00:00,Home & Living,M,3,46.63,15.79,Online,117.8
TX006120,CUST01353,2024-11-19 00:00:00,Home & Living,M,2,276.45,0.0,In-Store,552.9
TX006121,CUST01353,2025-05-03 00:00:00,Accessories,M,1,14.74,8.12,Online,13.54
TX006122,CUST01353,2025-09-30 00:00:00,Footwear,M,1,195.92,0.0,In-Store,195.92
TX006123,CUST01353,2025-10-19 00:00:00,Footwear,XS,1,160.34,0.0,In-Store,160.34
TX006124,CUST01354,2025-10-28 00:00:00,Home & Living,S,2,259.98,0.0,Online,519.96
TX006125,CUST01354,2025-12-09 00:00:00,Accessories,L,1,39.31,0.0,In-Store,39.31
TX006126,CUST01354,2025-12-21 00:00:00,Home & Living,M,1,100.12,0.0,Online,100.12
TX006127,CUST01355,2026-06-08 00:00:00,Apparel,M,1,51.74,0.0,In-Store,51.74
TX006128,CUST01356,2025-01-25 00:00:00,Accessories,M,1,57.24,0.0,Online,57.24
TX006129,CUST01356,2025-02-17 00:00:00,Footwear,S,2,193.53,0.0,In-Store,387.06
TX006130,CUST01356,2025-03-10 00:00:00,Footwear,L,2,100.33,0.0,In-Store,200.66
TX006131,CUST01356,2025-05-21 00:00:00,Home & Living,M,1,215.7,0.0,In-Store,215.7
TX006132,CUST01356,2025-09-01 00:00:00,Accessories,M,3,36.71,0.0,In-Store,110.13
TX006133,CUST01356,2025-09-13 00:00:00,Footwear,XL,1,56.11,0.0,In-Store,56.11
TX006134,CUST01356,2026-01-30 00:00:00,Apparel,L,1,90.09,0.0,Online,90.09
TX006135,CUST01356,2026-03-30 00:00:00,Home & Living,XS,1,285.25,0.0,Online,285.25
TX006136,CUST01356,2026-05-13 00:00:00,Home & Living,L,1,60.63,0.0,Online,60.63
TX006137,CUST01357,2025-11-01 00:00:00,Home & Living,M,2,52.36,0.0,In-Store,104.72
TX006138,CUST01357,2026-05-31 00:00:00,Apparel,L,1,87.88,0.0,In-Store,87.88
TX006139,CUST01358,2025-04-25 00:00:00,Apparel,M,1,97.95,0.0,In-Store,97.95
TX006140,CUST01358,2025-06-15 00:00:00,Footwear,M,1,84.91,0.0,Online,84.91
TX006141,CUST01358,2025-07-10 00:00:00,Footwear,S,2,54.22,0.0,In-Store,108.44
TX006142,CUST01358,2025-07-18 00:00:00,Accessories,M,1,46.51,13.8,Online,40.09
TX006143,CUST01358,2025-07-30 00:00:00,Home & Living,M,2,217.68,15.18,Online,369.27
TX006144,CUST01358,2025-08-29 00:00:00,Accessories,M,1,37.23,13.29,In-Store,32.28
TX006145,CUST01358,2025-09-24 00:00:00,Accessories,S,3,41.52,10.92,Online,110.96
TX006146,CUST01358,2025-11-01 00:00:00,Apparel,S,1,92.27,28.1,In-Store,66.34
TX006147,CUST01358,2025-11-06 00:00:00,Footwear,S,3,194.01,0.0,In-Store,582.03
TX006148,CUST01358,2025-11-06 00:00:00,Footwear,M,3,125.53,14.39,In-Store,322.4
TX006149,CUST01358,2025-11-12 00:00:00,Apparel,M,1,36.05,29.28,Online,25.49
TX006150,CUST01358,2026-06-16 00:00:00,Footwear,L,1,109.16,0.0,Online,109.16
TX006151,CUST01359,2026-02-23 00:00:00,Apparel,M,2,66.2,0.0,Online,132.4
TX006152,CUST01360,2026-02-21 00:00:00,Footwear,XL,1,146.0,15.69,In-Store,123.09
TX006153,CUST01361,2026-05-15 00:00:00,Home & Living,XL,1,279.75,0.0,Online,279.75
TX006154,CUST01362,2025-12-22 00:00:00,Footwear,S,1,61.43,0.0,In-Store,61.43
TX006155,CUST01362,2026-04-15 00:00:00,Accessories,S,1,63.06,0.0,In-Store,63.06
TX006156,CUST01363,2025-10-16 00:00:00,Home & Living,S,2,172.92,0.0,Online,345.84
TX006157,CUST01363,2026-02-07 00:00:00,Apparel,M,2,38.85,0.0,Online,77.7
TX006158,CUST01363,2026-06-22 00:00:00,Apparel,L,1,37.14,29.73,Online,26.1
TX006159,CUST01364,2025-08-06 00:00:00,Footwear,M,1,75.16,0.0,Online,75.16
TX006160,CUST01364,2026-06-03 00:00:00,Apparel,M,1,79.61,0.0,In-Store,79.61
TX006161,CUST01365,2025-03-16 00:00:00,Footwear,XL,1,72.99,0.0,Online,72.99
TX006162,CUST01365,2025-03-18 00:00:00,Home & Living,L,1,144.86,0.0,In-Store,144.86
TX006163,CUST01365,2025-05-24 00:00:00,Accessories,XL,1,13.12,13.25,Online,11.38
TX006164,CUST01365,2025-06-27 00:00:00,Home & Living,S,4,268.01,0.0,In-Store,1072.04
TX006165,CUST01365,2025-08-05 00:00:00,Accessories,S,4,60.39,0.0,Online,241.56
TX006166,CUST01365,2025-10-08 00:00:00,Apparel,XL,2,90.42,0.0,Online,180.84
TX006167,CUST01365,2025-12-01 00:00:00,Apparel,XS,1,93.19,0.0,In-Store,93.19
TX006168,CUST01366,2025-01-10 00:00:00,Footwear,M,1,140.3,0.0,Online,140.3
TX006169,CUST01366,2026-03-27 00:00:00,Home & Living,S,1,126.34,0.0,In-Store,126.34
TX006170,CUST01366,2026-05-06 00:00:00,Apparel,L,2,49.54,0.0,In-Store,99.08
TX006171,CUST01367,2024-06-05 00:00:00,Apparel,S,1,100.08,0.0,Online,100.08
TX006172,CUST01367,2024-07-10 00:00:00,Accessories,L,1,52.18,7.37,In-Store,48.33
TX006173,CUST01367,2024-07-27 00:00:00,Apparel,L,4,62.41,14.26,Online,214.04
TX006174,CUST01367,2024-08-04 00:00:00,Accessories,S,4,18.37,0.0,Online,73.48
TX006175,CUST01367,2024-12-16 00:00:00,Apparel,L,4,47.05,7.54,In-Store,174.01
TX006176,CUST01367,2024-12-28 00:00:00,Apparel,M,1,81.25,0.0,Online,81.25
TX006177,CUST01367,2025-04-06 00:00:00,Apparel,M,1,90.32,0.0,Online,90.32
TX006178,CUST01367,2025-08-01 00:00:00,Accessories,M,1,26.23,0.0,In-Store,26.23
TX006179,CUST01367,2025-08-08 00:00:00,Accessories,M,1,54.56,0.0,In-Store,54.56
TX006180,CUST01367,2025-08-29 00:00:00,Accessories,S,1,17.83,0.0,Online,17.83
TX006181,CUST01367,2025-12-07 00:00:00,Accessories,XS,1,55.73,0.0,Online,55.73
TX006182,CUST01367,2026-01-27 00:00:00,Footwear,S,1,188.41,14.85,In-Store,160.43
TX006183,CUST01368,2025-06-22 00:00:00,Accessories,S,1,64.21,9.77,In-Store,57.94
TX006184,CUST01368,2025-09-24 00:00:00,Apparel,M,1,34.99,0.0,In-Store,34.99
TX006185,CUST01369,2025-08-08 00:00:00,Accessories,L,1,69.49,13.34,In-Store,60.22
TX006186,CUST01369,2026-02-20 00:00:00,Footwear,S,1,70.95,0.0,Online,70.95
TX006187,CUST01369,2026-02-26 00:00:00,Home & Living,M,1,74.02,0.0,Online,74.02
TX006188,CUST01370,2025-11-21 00:00:00,Home & Living,M,3,111.88,0.0,In-Store,335.64
TX006189,CUST01371,2025-08-28 00:00:00,Accessories,M,2,58.39,11.02,In-Store,103.91
TX006190,CUST01372,2024-02-21 00:00:00,Accessories,M,4,42.11,0.0,Online,168.44
TX006191,CUST01372,2024-04-04 00:00:00,Footwear,XS,2,185.77,9.42,Online,336.54
TX006192,CUST01372,2024-10-09 00:00:00,Accessories,M,1,69.01,0.0,Online,69.01
TX006193,CUST01372,2025-04-06 00:00:00,Apparel,S,1,100.75,0.0,Online,100.75
TX006194,CUST01372,2025-11-26 00:00:00,Apparel,L,1,30.77,0.0,Online,30.77
TX006195,CUST01373,2025-09-29 00:00:00,Footwear,S,1,182.96,0.0,In-Store,182.96
TX006196,CUST01373,2025-12-10 00:00:00,Home & Living,M,1,151.98,0.0,Online,151.98
TX006197,CUST01373,2026-02-09 00:00:00,Home & Living,M,1,296.56,9.48,In-Store,268.45
TX006198,CUST01373,2026-06-20 00:00:00,Accessories,XL,1,25.27,0.0,In-Store,25.27
TX006199,CUST01373,2026-06-24 00:00:00,Footwear,M,1,65.76,0.0,Online,65.76
TX006200,CUST01374,2026-01-14 00:00:00,Footwear,M,2,145.08,0.0,Online,290.16
TX006201,CUST01374,2026-03-21 00:00:00,Home & Living,M,2,254.64,0.0,In-Store,509.28
TX006202,CUST01374,2026-04-25 00:00:00,Home & Living,L,1,246.96,0.0,Online,246.96
TX006203,CUST01374,2026-04-25 00:00:00,Accessories,M,1,36.51,0.0,Online,36.51
TX006204,CUST01374,2026-05-08 00:00:00,Accessories,L,1,15.52,0.0,In-Store,15.52
TX006205,CUST01374,2026-05-20 00:00:00,Accessories,S,1,23.08,0.0,In-Store,23.08
TX006206,CUST01374,2026-06-11 00:00:00,Accessories,L,2,59.79,5.75,Online,112.7
TX006207,CUST01374,2026-06-25 00:00:00,Footwear,M,1,167.48,32.43,Online,113.17
TX006208,CUST01375,2024-07-21 00:00:00,Footwear,S,1,112.31,12.79,Online,97.95
TX006209,CUST01376,2024-12-22 00:00:00,Apparel,XL,1,67.08,0.0,Online,67.08
TX006210,CUST01376,2025-02-06 00:00:00,Apparel,S,1,79.78,20.72,Online,63.25
TX006211,CUST01376,2025-02-22 00:00:00,Apparel,L,1,90.9,0.0,In-Store,90.9
TX006212,CUST01376,2025-03-05 00:00:00,Apparel,XS,1,40.35,0.0,Online,40.35
TX006213,CUST01376,2025-03-13 00:00:00,Footwear,L,2,189.93,23.25,Online,291.54
TX006214,CUST01376,2025-04-15 00:00:00,Footwear,M,1,51.24,0.0,Online,51.24
TX006215,CUST01376,2025-04-24 00:00:00,Apparel,M,1,60.14,11.4,In-Store,53.28
TX006216,CUST01376,2025-04-30 00:00:00,Footwear,XL,1,111.43,17.23,Online,92.23
TX006217,CUST01376,2025-05-25 00:00:00,Accessories,L,1,48.75,0.0,Online,48.75
TX006218,CUST01376,2025-06-27 00:00:00,Accessories,XS,1,66.38,0.0,In-Store,66.38
TX006219,CUST01376,2025-07-11 00:00:00,Accessories,S,1,71.18,0.0,Online,71.18
TX006220,CUST01376,2025-08-13 00:00:00,Apparel,XL,2,77.31,0.0,Online,154.62
TX006221,CUST01376,2025-09-02 00:00:00,Apparel,S,4,113.88,0.0,Online,455.52
TX006222,CUST01376,2025-11-29 00:00:00,Apparel,XS,1,58.27,0.0,Online,58.27
TX006223,CUST01376,2026-02-04 00:00:00,Home & Living,XL,1,299.2,0.0,Online,299.2
TX006224,CUST01376,2026-04-11 00:00:00,Apparel,XS,3,52.08,0.0,Online,156.24
TX006225,CUST01376,2026-05-27 00:00:00,Accessories,M,1,44.38,0.0,Online,44.38
TX006226,CUST01376,2026-05-28 00:00:00,Apparel,M,1,69.36,0.0,In-Store,69.36
TX006227,CUST01377,2026-03-08 00:00:00,Home & Living,S,1,151.28,0.0,Online,151.28
TX006228,CUST01377,2026-04-13 00:00:00,Home & Living,M,1,232.5,0.0,Online,232.5
TX006229,CUST01378,2026-03-27 00:00:00,Home & Living,M,3,273.97,0.0,In-Store,821.91
TX006230,CUST01378,2026-04-10 00:00:00,Footwear,L,4,118.08,23.67,In-Store,360.52
TX006231,CUST01378,2026-04-15 00:00:00,Footwear,XL,1,62.13,13.49,In-Store,53.75
TX006232,CUST01378,2026-04-15 00:00:00,Footwear,M,1,60.12,0.0,Online,60.12
TX006233,CUST01378,2026-04-21 00:00:00,Accessories,M,1,25.7,0.0,In-Store,25.7
TX006234,CUST01378,2026-04-24 00:00:00,Home & Living,XS,1,47.89,0.0,In-Store,47.89
TX006235,CUST01378,2026-05-24 00:00:00,Accessories,L,1,11.69,0.0,Online,11.69
TX006236,CUST01378,2026-06-03 00:00:00,Apparel,L,1,111.9,17.92,Online,91.85
TX006237,CUST01378,2026-06-07 00:00:00,Accessories,M,2,43.86,0.0,Online,87.72
TX006238,CUST01378,2026-06-14 00:00:00,Apparel,S,1,26.05,0.0,Online,26.05
TX006239,CUST01378,2026-06-16 00:00:00,Apparel,XL,1,89.52,0.0,Online,89.52
TX006240,CUST01378,2026-06-30 00:00:00,Footwear,S,2,54.83,0.0,Online,109.66
TX006241,CUST01379,2025-08-13 00:00:00,Footwear,S,1,52.93,0.0,In-Store,52.93
TX006242,CUST01379,2025-09-01 00:00:00,Footwear,L,4,163.15,0.0,In-Store,652.6
TX006243,CUST01379,2025-11-26 00:00:00,Home & Living,XS,1,252.54,19.49,In-Store,203.32
TX006244,CUST01379,2026-03-07 00:00:00,Accessories,XS,2,19.68,0.0,In-Store,39.36
TX006245,CUST01379,2026-04-09 00:00:00,Apparel,XS,3,101.68,0.0,In-Store,305.04
TX006246,CUST01380,2025-12-13 00:00:00,Apparel,M,2,73.03,0.0,In-Store,146.06
TX006247,CUST01380,2026-02-04 00:00:00,Apparel,M,1,81.55,13.57,In-Store,70.48
TX006248,CUST01380,2026-05-15 00:00:00,Home & Living,M,1,74.22,0.0,Online,74.22
TX006249,CUST01380,2026-05-25 00:00:00,Apparel,M,2,119.68,0.0,In-Store,239.36
TX006250,CUST01380,2026-06-15 00:00:00,Footwear,L,1,142.82,0.0,Online,142.82
TX006251,CUST01381,2024-08-23 00:00:00,Home & Living,M,1,187.03,0.0,In-Store,187.03
TX006252,CUST01381,2024-09-15 00:00:00,Footwear,XL,1,58.75,0.0,Online,58.75
TX006253,CUST01381,2024-11-10 00:00:00,Accessories,XL,1,21.9,0.0,Online,21.9
TX006254,CUST01381,2025-06-12 00:00:00,Apparel,L,1,68.39,12.85,Online,59.6
TX006255,CUST01381,2025-06-26 00:00:00,Footwear,M,1,176.41,0.0,Online,176.41
TX006256,CUST01381,2025-10-02 00:00:00,Accessories,L,1,10.62,0.0,Online,10.62
TX006257,CUST01381,2025-10-02 00:00:00,Home & Living,M,1,35.89,19.46,In-Store,28.91
TX006258,CUST01381,2026-04-24 00:00:00,Footwear,XS,1,70.01,0.0,Online,70.01
TX006259,CUST01381,2026-06-03 00:00:00,Accessories,XS,1,44.77,0.0,In-Store,44.77
TX006260,CUST01381,2026-06-17 00:00:00,Apparel,S,2,75.66,0.0,Online,151.32
TX006261,CUST01382,2024-05-30 00:00:00,Home & Living,M,1,258.05,0.0,Online,258.05
TX006262,CUST01382,2024-09-17 00:00:00,Apparel,M,1,85.45,0.0,Online,85.45
TX006263,CUST01382,2024-11-21 00:00:00,Footwear,XL,1,191.2,15.48,Online,161.6
TX006264,CUST01382,2025-07-07 00:00:00,Home & Living,S,1,228.12,0.0,In-Store,228.12
TX006265,CUST01382,2025-08-30 00:00:00,Footwear,M,2,183.54,0.0,Online,367.08
TX006266,CUST01382,2026-04-29 00:00:00,Apparel,S,1,84.01,29.55,Online,59.19
TX006267,CUST01383,2025-07-24 00:00:00,Footwear,XS,1,158.73,5.57,In-Store,149.89
TX006268,CUST01383,2026-01-15 00:00:00,Apparel,S,1,59.76,0.0,In-Store,59.76
TX006269,CUST01383,2026-02-23 00:00:00,Home & Living,M,2,111.33,13.41,Online,192.8
TX006270,CUST01383,2026-06-11 00:00:00,Accessories,M,1,28.84,0.0,In-Store,28.84
TX006271,CUST01383,2026-06-17 00:00:00,Home & Living,S,1,236.48,0.0,Online,236.48
TX006272,CUST01384,2026-03-05 00:00:00,Footwear,L,1,122.91,25.51,In-Store,91.56
TX006273,CUST01384,2026-03-26 00:00:00,Accessories,L,1,46.46,0.0,Online,46.46
TX006274,CUST01384,2026-06-29 00:00:00,Apparel,M,3,54.48,0.0,In-Store,163.44
TX006275,CUST01385,2025-06-17 00:00:00,Apparel,M,1,78.26,11.13,In-Store,69.55
TX006276,CUST01385,2025-06-20 00:00:00,Footwear,M,3,79.71,0.0,Online,239.13
TX006277,CUST01385,2025-06-24 00:00:00,Footwear,M,2,101.08,0.0,Online,202.16
TX006278,CUST01385,2025-07-14 00:00:00,Home & Living,L,1,108.05,0.0,In-Store,108.05
TX006279,CUST01385,2025-07-28 00:00:00,Apparel,XS,2,93.91,0.0,Online,187.82
TX006280,CUST01385,2025-08-22 00:00:00,Accessories,L,1,27.24,0.0,Online,27.24
TX006281,CUST01385,2025-09-25 00:00:00,Footwear,M,2,189.54,0.0,Online,379.08
TX006282,CUST01385,2025-12-12 00:00:00,Accessories,M,1,35.98,0.0,Online,35.98
TX006283,CUST01385,2026-01-10 00:00:00,Home & Living,XL,4,197.93,0.0,Online,791.72
TX006284,CUST01385,2026-02-28 00:00:00,Apparel,S,1,25.75,0.0,Online,25.75
TX006285,CUST01385,2026-03-10 00:00:00,Home & Living,XS,1,65.51,19.36,In-Store,52.83
TX006286,CUST01386,2025-05-06 00:00:00,Accessories,S,1,69.04,0.0,Online,69.04
TX006287,CUST01386,2025-08-20 00:00:00,Footwear,L,1,147.91,32.4,Online,99.99
TX006288,CUST01386,2026-05-09 00:00:00,Home & Living,XL,1,289.17,0.0,Online,289.17
TX006289,CUST01386,2026-06-05 00:00:00,Accessories,S,1,40.8,7.79,In-Store,37.62
TX006290,CUST01386,2026-06-23 00:00:00,Accessories,L,1,37.55,0.0,Online,37.55
TX006291,CUST01387,2025-11-05 00:00:00,Apparel,S,2,112.79,0.0,Online,225.58
TX006292,CUST01388,2026-03-27 00:00:00,Accessories,S,1,27.69,0.0,In-Store,27.69
TX006293,CUST01388,2026-06-24 00:00:00,Apparel,XL,2,73.98,23.59,In-Store,113.06
TX006294,CUST01389,2024-09-20 00:00:00,Home & Living,M,2,165.45,0.0,Online,330.9
TX006295,CUST01389,2024-11-16 00:00:00,Accessories,XS,1,59.94,0.0,Online,59.94
TX006296,CUST01389,2025-06-20 00:00:00,Accessories,XS,1,36.49,0.0,Online,36.49
TX006297,CUST01389,2025-12-03 00:00:00,Home & Living,S,1,229.85,0.0,Online,229.85
TX006298,CUST01390,2024-11-14 00:00:00,Accessories,S,1,25.02,0.0,Online,25.02
TX006299,CUST01390,2025-01-30 00:00:00,Home & Living,L,1,217.76,0.0,In-Store,217.76
TX006300,CUST01390,2025-08-29 00:00:00,Home & Living,S,1,291.82,0.0,In-Store,291.82
TX006301,CUST01390,2025-10-30 00:00:00,Footwear,S,1,67.08,0.0,Online,67.08
TX006302,CUST01391,2025-07-04 00:00:00,Footwear,L,1,143.31,23.9,In-Store,109.06
TX006303,CUST01391,2025-08-10 00:00:00,Home & Living,XS,1,239.7,0.0,Online,239.7
TX006304,CUST01391,2025-12-14 00:00:00,Home & Living,S,1,240.3,0.0,Online,240.3
TX006305,CUST01391,2025-12-15 00:00:00,Accessories,S,2,19.03,0.0,In-Store,38.06
TX006306,CUST01391,2026-01-29 00:00:00,Footwear,M,1,172.86,0.0,In-Store,172.86
TX006307,CUST01391,2026-02-16 00:00:00,Apparel,XL,3,62.7,0.0,In-Store,188.1
TX006308,CUST01392,2025-07-08 00:00:00,Footwear,XL,2,131.59,0.0,In-Store,263.18
TX006309,CUST01392,2025-07-16 00:00:00,Footwear,M,1,114.38,0.0,Online,114.38
TX006310,CUST01392,2026-03-11 00:00:00,Apparel,M,1,26.71,0.0,Online,26.71
TX006311,CUST01392,2026-05-22 00:00:00,Accessories,M,1,63.01,0.0,In-Store,63.01
TX006312,CUST01392,2026-05-23 00:00:00,Footwear,M,1,177.22,0.0,Online,177.22
TX006313,CUST01393,2026-01-28 00:00:00,Home & Living,M,1,233.43,0.0,In-Store,233.43
TX006314,CUST01393,2026-02-12 00:00:00,Footwear,XL,2,140.76,26.76,In-Store,206.19
TX006315,CUST01393,2026-02-12 00:00:00,Accessories,M,1,11.22,0.0,Online,11.22
TX006316,CUST01393,2026-02-19 00:00:00,Accessories,L,1,58.29,0.0,Online,58.29
TX006317,CUST01393,2026-02-22 00:00:00,Accessories,M,3,15.26,0.0,Online,45.78
TX006318,CUST01393,2026-03-09 00:00:00,Apparel,M,3,45.2,0.0,In-Store,135.6
TX006319,CUST01393,2026-03-16 00:00:00,Apparel,S,1,108.47,17.57,In-Store,89.41
TX006320,CUST01393,2026-03-17 00:00:00,Apparel,S,1,97.59,29.24,In-Store,69.05
TX006321,CUST01393,2026-03-26 00:00:00,Accessories,XS,2,21.14,12.47,In-Store,37.01
TX006322,CUST01393,2026-04-14 00:00:00,Apparel,M,1,64.42,23.64,Online,49.19
TX006323,CUST01393,2026-04-17 00:00:00,Apparel,L,1,89.04,5.84,Online,83.84
TX006324,CUST01393,2026-05-01 00:00:00,Footwear,XS,2,114.01,0.0,Online,228.02
TX006325,CUST01393,2026-05-02 00:00:00,Home & Living,L,1,55.33,0.0,In-Store,55.33
TX006326,CUST01393,2026-05-05 00:00:00,Accessories,M,3,34.94,0.0,Online,104.82
TX006327,CUST01393,2026-05-06 00:00:00,Footwear,XL,2,76.8,0.0,Online,153.6
TX006328,CUST01393,2026-06-16 00:00:00,Accessories,M,1,18.28,0.0,In-Store,18.28
TX006329,CUST01393,2026-06-27 00:00:00,Home & Living,XS,3,251.74,0.0,Online,755.22
TX006330,CUST01393,2026-06-29 00:00:00,Home & Living,L,2,267.4,0.0,Online,534.8
TX006331,CUST01394,2024-09-25 00:00:00,Footwear,M,1,74.4,0.0,In-Store,74.4
TX006332,CUST01394,2025-04-10 00:00:00,Accessories,L,1,48.98,0.0,Online,48.98
TX006333,CUST01394,2025-09-21 00:00:00,Apparel,S,1,79.05,0.0,Online,79.05
TX006334,CUST01395,2025-08-23 00:00:00,Home & Living,L,1,287.55,18.41,Online,234.61
TX006335,CUST01395,2025-09-22 00:00:00,Footwear,M,1,51.88,0.0,Online,51.88
TX006336,CUST01395,2025-10-16 00:00:00,Apparel,XL,1,47.62,5.7,Online,44.91
TX006337,CUST01395,2025-10-21 00:00:00,Accessories,M,1,46.86,0.0,Online,46.86
TX006338,CUST01395,2025-10-21 00:00:00,Footwear,M,3,51.56,0.0,In-Store,154.68
TX006339,CUST01395,2025-10-23 00:00:00,Footwear,L,1,133.91,26.93,Online,97.85
TX006340,CUST01395,2025-10-26 00:00:00,Footwear,M,1,92.05,0.0,In-Store,92.05
TX006341,CUST01395,2025-10-27 00:00:00,Home & Living,M,2,190.22,0.0,Online,380.44
TX006342,CUST01395,2025-12-02 00:00:00,Footwear,M,1,151.63,0.0,Online,151.63
TX006343,CUST01395,2025-12-09 00:00:00,Home & Living,S,1,293.43,0.0,In-Store,293.43
TX006344,CUST01395,2026-01-02 00:00:00,Home & Living,M,1,99.45,0.0,Online,99.45
TX006345,CUST01395,2026-01-11 00:00:00,Apparel,XL,1,71.58,0.0,Online,71.58
TX006346,CUST01395,2026-01-16 00:00:00,Apparel,S,1,37.26,26.93,Online,27.23
TX006347,CUST01395,2026-02-03 00:00:00,Accessories,S,3,30.35,9.93,Online,82.01
TX006348,CUST01395,2026-03-16 00:00:00,Footwear,L,1,169.29,0.0,Online,169.29
TX006349,CUST01395,2026-03-22 00:00:00,Apparel,XL,1,95.95,11.71,Online,84.71
TX006350,CUST01395,2026-05-13 00:00:00,Apparel,S,1,37.37,14.01,Online,32.13
TX006351,CUST01396,2026-03-10 00:00:00,Apparel,M,3,65.78,8.07,Online,181.41
TX006352,CUST01397,2025-08-30 00:00:00,Footwear,M,1,183.87,29.71,Online,129.24
TX006353,CUST01398,2024-11-15 00:00:00,Footwear,M,1,180.25,0.0,In-Store,180.25
TX006354,CUST01398,2025-01-02 00:00:00,Apparel,L,2,36.33,18.87,Online,58.95
TX006355,CUST01399,2024-06-06 00:00:00,Apparel,XL,1,109.31,0.0,In-Store,109.31
TX006356,CUST01399,2024-07-27 00:00:00,Accessories,XS,1,72.65,7.07,In-Store,67.51
TX006357,CUST01399,2024-12-27 00:00:00,Apparel,L,1,28.05,10.93,Online,24.98
TX006358,CUST01399,2024-12-28 00:00:00,Footwear,M,1,117.33,0.0,Online,117.33
TX006359,CUST01399,2025-01-31 00:00:00,Apparel,M,1,81.21,6.62,Online,75.83
TX006360,CUST01399,2025-03-04 00:00:00,Apparel,L,1,61.93,0.0,Online,61.93
TX006361,CUST01399,2025-05-14 00:00:00,Accessories,S,1,21.24,0.0,Online,21.24
TX006362,CUST01399,2025-05-15 00:00:00,Apparel,M,1,49.78,20.83,In-Store,39.41
TX006363,CUST01399,2025-05-20 00:00:00,Apparel,M,1,27.38,0.0,Online,27.38
TX006364,CUST01399,2025-07-13 00:00:00,Apparel,S,3,78.75,28.22,In-Store,169.58
TX006365,CUST01399,2025-07-21 00:00:00,Home & Living,L,2,80.73,14.99,Online,137.26
TX006366,CUST01399,2025-09-29 00:00:00,Home & Living,M,1,134.24,0.0,Online,134.24
TX006367,CUST01399,2025-11-09 00:00:00,Apparel,S,2,108.19,0.0,Online,216.38
TX006368,CUST01399,2025-11-24 00:00:00,Apparel,M,1,69.3,0.0,Online,69.3
TX006369,CUST01399,2026-01-02 00:00:00,Home & Living,M,1,151.3,0.0,In-Store,151.3
TX006370,CUST01399,2026-02-01 00:00:00,Apparel,M,1,66.77,5.77,In-Store,62.92
TX006371,CUST01399,2026-03-02 00:00:00,Accessories,S,1,45.75,0.0,Online,45.75
TX006372,CUST01399,2026-03-14 00:00:00,Home & Living,M,1,251.2,16.74,Online,209.15
TX006373,CUST01399,2026-04-15 00:00:00,Footwear,L,1,187.74,0.0,Online,187.74
TX006374,CUST01400,2026-01-05 00:00:00,Footwear,XL,1,96.56,0.0,Online,96.56
TX006375,CUST01400,2026-01-19 00:00:00,Accessories,M,2,14.32,0.0,In-Store,28.64
TX006376,CUST01400,2026-03-26 00:00:00,Accessories,S,1,17.1,0.0,In-Store,17.1
TX006377,CUST01400,2026-04-11 00:00:00,Home & Living,S,1,136.9,0.0,Online,136.9
TX006378,CUST01400,2026-04-12 00:00:00,Apparel,S,1,110.45,0.0,In-Store,110.45
TX006379,CUST01400,2026-06-16 00:00:00,Home & Living,M,1,289.71,0.0,In-Store,289.71
TX006380,CUST01401,2025-12-06 00:00:00,Footwear,XL,1,68.66,38.97,In-Store,41.9
TX006381,CUST01401,2026-04-18 00:00:00,Home & Living,L,1,299.51,0.0,In-Store,299.51
TX006382,CUST01402,2024-12-18 00:00:00,Footwear,S,1,157.94,16.82,In-Store,131.37
TX006383,CUST01402,2025-02-20 00:00:00,Accessories,XL,1,32.27,14.24,Online,27.67
TX006384,CUST01402,2025-06-23 00:00:00,Accessories,M,2,15.16,0.0,In-Store,30.32
TX006385,CUST01402,2025-07-04 00:00:00,Footwear,M,1,180.67,35.5,In-Store,116.53
TX006386,CUST01402,2025-08-08 00:00:00,Accessories,M,1,66.03,0.0,Online,66.03
TX006387,CUST01402,2025-09-24 00:00:00,Accessories,S,1,66.68,0.0,In-Store,66.68
TX006388,CUST01402,2026-01-28 00:00:00,Home & Living,S,2,55.28,13.96,In-Store,95.13
TX006389,CUST01403,2024-08-01 00:00:00,Footwear,L,1,184.7,39.7,Online,111.37
TX006390,CUST01403,2024-10-15 00:00:00,Apparel,L,1,29.96,0.0,Online,29.96
TX006391,CUST01403,2025-02-20 00:00:00,Accessories,S,1,47.1,0.0,Online,47.1
TX006392,CUST01404,2024-07-05 00:00:00,Footwear,M,1,75.77,0.0,In-Store,75.77
TX006393,CUST01404,2025-07-30 00:00:00,Apparel,M,1,39.28,0.0,In-Store,39.28
TX006394,CUST01404,2025-12-05 00:00:00,Apparel,XL,1,65.44,0.0,Online,65.44
TX006395,CUST01405,2024-07-13 00:00:00,Home & Living,L,1,196.83,0.0,Online,196.83
TX006396,CUST01405,2024-09-19 00:00:00,Footwear,L,1,61.04,0.0,Online,61.04
TX006397,CUST01405,2025-06-29 00:00:00,Accessories,XL,1,17.51,0.0,Online,17.51
TX006398,CUST01405,2025-08-02 00:00:00,Home & Living,L,1,76.55,0.0,Online,76.55
TX006399,CUST01405,2025-08-12 00:00:00,Footwear,M,1,111.15,0.0,Online,111.15
TX006400,CUST01405,2025-08-15 00:00:00,Apparel,L,1,26.93,0.0,Online,26.93
TX006401,CUST01406,2025-11-23 00:00:00,Footwear,M,1,150.27,0.0,In-Store,150.27
TX006402,CUST01407,2025-06-24 00:00:00,Home & Living,M,1,95.86,0.0,Online,95.86
TX006403,CUST01407,2025-09-08 00:00:00,Accessories,M,1,19.66,0.0,Online,19.66
TX006404,CUST01408,2026-03-13 00:00:00,Apparel,M,1,32.06,0.0,Online,32.06
TX006405,CUST01408,2026-03-23 00:00:00,Accessories,XL,1,48.33,12.27,Online,42.4
TX006406,CUST01408,2026-04-08 00:00:00,Accessories,M,1,16.3,8.26,Online,14.95
TX006407,CUST01409,2026-03-14 00:00:00,Home & Living,XL,1,121.32,0.0,Online,121.32
TX006408,CUST01409,2026-03-15 00:00:00,Footwear,XS,1,78.83,0.0,In-Store,78.83
TX006409,CUST01409,2026-04-18 00:00:00,Accessories,S,1,40.26,0.0,In-Store,40.26
TX006410,CUST01409,2026-04-22 00:00:00,Apparel,L,1,56.47,0.0,In-Store,56.47
TX006411,CUST01409,2026-05-17 00:00:00,Footwear,M,1,181.37,31.98,Online,123.37
TX006412,CUST01409,2026-05-26 00:00:00,Home & Living,M,1,273.91,0.0,In-Store,273.91
TX006413,CUST01409,2026-06-13 00:00:00,Apparel,M,1,29.17,15.26,Online,24.72
TX006414,CUST01409,2026-06-20 00:00:00,Home & Living,S,2,83.41,0.0,In-Store,166.82
TX006415,CUST01409,2026-06-20 00:00:00,Apparel,S,1,60.43,7.44,Online,55.93
TX006416,CUST01410,2026-01-21 00:00:00,Apparel,M,1,93.45,21.17,In-Store,73.67
TX006417,CUST01410,2026-03-24 00:00:00,Home & Living,S,3,251.31,0.0,Online,753.93
TX006418,CUST01410,2026-05-14 00:00:00,Accessories,S,2,22.3,0.0,In-Store,44.6
TX006419,CUST01411,2024-11-14 00:00:00,Footwear,L,1,162.05,6.27,Online,151.89
TX006420,CUST01411,2025-02-11 00:00:00,Home & Living,XS,1,210.67,0.0,Online,210.67
TX006421,CUST01411,2025-12-14 00:00:00,Apparel,M,1,103.55,0.0,Online,103.55
TX006422,CUST01411,2026-06-01 00:00:00,Accessories,M,1,46.81,0.0,Online,46.81
TX006423,CUST01412,2025-04-16 00:00:00,Apparel,L,2,79.89,0.0,In-Store,159.78
TX006424,CUST01412,2025-05-03 00:00:00,Footwear,XL,1,71.46,0.0,Online,71.46
TX006425,CUST01412,2025-06-30 00:00:00,Accessories,L,3,55.17,0.0,Online,165.51
TX006426,CUST01412,2025-08-30 00:00:00,Accessories,M,1,48.09,0.0,Online,48.09
TX006427,CUST01412,2026-02-13 00:00:00,Footwear,S,2,147.58,0.0,Online,295.16
TX006428,CUST01412,2026-03-16 00:00:00,Accessories,XL,1,52.99,0.0,Online,52.99
TX006429,CUST01412,2026-05-17 00:00:00,Footwear,L,1,63.09,0.0,Online,63.09
TX006430,CUST01412,2026-06-29 00:00:00,Footwear,XL,1,111.17,0.0,Online,111.17
TX006431,CUST01413,2025-01-24 00:00:00,Accessories,XS,2,73.57,0.0,In-Store,147.14
TX006432,CUST01414,2025-05-14 00:00:00,Footwear,S,1,150.71,0.0,Online,150.71
TX006433,CUST01415,2025-11-29 00:00:00,Footwear,XL,1,140.74,37.63,In-Store,87.78
TX006434,CUST01415,2025-12-15 00:00:00,Home & Living,M,1,119.45,0.0,Online,119.45
TX006435,CUST01415,2026-03-29 00:00:00,Home & Living,M,2,77.96,0.0,Online,155.92
TX006436,CUST01415,2026-05-20 00:00:00,Footwear,L,1,199.92,6.24,Online,187.44
TX006437,CUST01415,2026-05-31 00:00:00,Accessories,XS,2,64.58,6.72,Online,120.48
TX006438,CUST01416,2024-12-17 00:00:00,Footwear,M,1,113.07,31.37,Online,77.6
TX006439,CUST01416,2025-02-10 00:00:00,Footwear,M,1,194.21,0.0,Online,194.21
TX006440,CUST01416,2025-02-13 00:00:00,Footwear,M,1,64.19,20.17,Online,51.24
TX006441,CUST01416,2025-03-07 00:00:00,Footwear,XL,1,116.78,0.0,In-Store,116.78
TX006442,CUST01416,2025-06-26 00:00:00,Accessories,M,1,53.41,0.0,Online,53.41
TX006443,CUST01416,2026-03-03 00:00:00,Footwear,S,2,193.68,0.0,Online,387.36
TX006444,CUST01416,2026-06-20 00:00:00,Footwear,L,1,87.9,0.0,Online,87.9
TX006445,CUST01417,2026-04-07 00:00:00,Home & Living,S,1,114.56,0.0,In-Store,114.56
TX006446,CUST01417,2026-05-31 00:00:00,Footwear,M,1,121.43,5.44,Online,114.82
TX006447,CUST01418,2024-04-25 00:00:00,Accessories,XS,2,69.17,0.0,Online,138.34
TX006448,CUST01418,2025-01-22 00:00:00,Home & Living,M,1,96.93,0.0,Online,96.93
TX006449,CUST01418,2025-07-04 00:00:00,Accessories,S,1,37.34,0.0,Online,37.34
TX006450,CUST01418,2025-11-06 00:00:00,Footwear,M,1,51.03,0.0,In-Store,51.03
TX006451,CUST01418,2025-12-20 00:00:00,Footwear,L,1,102.71,0.0,In-Store,102.71
TX006452,CUST01418,2025-12-30 00:00:00,Footwear,L,2,144.21,33.05,Online,193.1
TX006453,CUST01418,2026-06-09 00:00:00,Accessories,XS,1,36.98,0.0,Online,36.98
TX006454,CUST01419,2024-08-17 00:00:00,Accessories,L,1,74.86,0.0,In-Store,74.86
TX006455,CUST01419,2024-12-29 00:00:00,Footwear,S,1,88.91,0.0,In-Store,88.91
TX006456,CUST01419,2025-08-09 00:00:00,Home & Living,M,1,297.26,6.19,Online,278.86
TX006457,CUST01419,2025-12-18 00:00:00,Apparel,S,2,83.23,0.0,Online,166.46
TX006458,CUST01419,2026-02-18 00:00:00,Footwear,M,1,138.81,14.12,Online,119.21
TX006459,CUST01419,2026-02-19 00:00:00,Home & Living,M,1,289.71,0.0,In-Store,289.71
TX006460,CUST01420,2025-09-17 00:00:00,Apparel,XL,1,95.13,0.0,Online,95.13
TX006461,CUST01421,2024-07-17 00:00:00,Footwear,M,2,139.25,0.0,In-Store,278.5
TX006462,CUST01421,2024-11-24 00:00:00,Apparel,L,2,45.3,20.96,Online,71.61
TX006463,CUST01421,2024-12-17 00:00:00,Apparel,M,2,64.2,0.0,Online,128.4
TX006464,CUST01421,2025-03-08 00:00:00,Home & Living,L,1,111.03,13.05,In-Store,96.54
TX006465,CUST01421,2025-06-10 00:00:00,Home & Living,S,4,39.49,0.0,In-Store,157.96
TX006466,CUST01421,2025-11-02 00:00:00,Accessories,M,2,47.2,10.55,Online,84.44
TX006467,CUST01421,2026-04-26 00:00:00,Home & Living,M,2,51.36,0.0,Online,102.72
TX006468,CUST01421,2026-05-10 00:00:00,Apparel,XS,1,32.09,0.0,Online,32.09
TX006469,CUST01422,2026-03-25 00:00:00,Accessories,L,1,18.74,0.0,Online,18.74
TX006470,CUST01423,2026-02-23 00:00:00,Footwear,S,1,159.3,0.0,Online,159.3
TX006471,CUST01424,2025-09-01 00:00:00,Footwear,M,1,63.53,0.0,In-Store,63.53
TX006472,CUST01424,2025-09-11 00:00:00,Home & Living,M,1,280.63,0.0,Online,280.63
TX006473,CUST01424,2025-10-23 00:00:00,Accessories,S,2,13.37,5.52,In-Store,25.26
TX006474,CUST01424,2025-11-30 00:00:00,Accessories,S,1,55.53,0.0,Online,55.53
TX006475,CUST01424,2026-02-11 00:00:00,Apparel,L,2,113.32,13.39,In-Store,196.29
TX006476,CUST01424,2026-03-19 00:00:00,Home & Living,L,1,70.7,0.0,Online,70.7
TX006477,CUST01425,2025-09-18 00:00:00,Apparel,L,2,96.48,8.81,Online,175.96
TX006478,CUST01426,2024-03-13 00:00:00,Home & Living,XL,1,245.41,0.0,Online,245.41
TX006479,CUST01426,2024-03-18 00:00:00,Apparel,M,1,31.14,27.93,Online,22.44
TX006480,CUST01426,2024-05-15 00:00:00,Home & Living,L,2,169.35,0.0,In-Store,338.7
TX006481,CUST01426,2024-05-15 00:00:00,Home & Living,L,1,42.33,0.0,Online,42.33
TX006482,CUST01426,2024-07-20 00:00:00,Home & Living,L,2,229.43,0.0,In-Store,458.86
TX006483,CUST01426,2025-02-14 00:00:00,Apparel,XL,1,40.91,11.55,Online,36.18
TX006484,CUST01426,2025-03-03 00:00:00,Accessories,XL,1,33.89,0.0,Online,33.89
TX006485,CUST01426,2026-04-23 00:00:00,Footwear,L,1,171.31,19.42,In-Store,138.04
TX006486,CUST01427,2025-10-12 00:00:00,Accessories,XL,2,61.97,0.0,Online,123.94
TX006487,CUST01427,2025-10-15 00:00:00,Apparel,M,1,92.74,0.0,Online,92.74
TX006488,CUST01428,2024-06-13 00:00:00,Accessories,S,1,50.79,0.0,In-Store,50.79
TX006489,CUST01428,2024-06-14 00:00:00,Apparel,XS,1,113.21,0.0,In-Store,113.21
TX006490,CUST01428,2024-09-07 00:00:00,Footwear,M,1,152.64,0.0,Online,152.64
TX006491,CUST01428,2024-09-09 00:00:00,Footwear,M,1,153.54,0.0,Online,153.54
TX006492,CUST01428,2024-09-18 00:00:00,Apparel,M,2,104.3,0.0,In-Store,208.6
TX006493,CUST01428,2024-12-22 00:00:00,Apparel,XS,1,36.41,0.0,In-Store,36.41
TX006494,CUST01428,2025-05-04 00:00:00,Home & Living,L,1,261.03,0.0,Online,261.03
TX006495,CUST01428,2025-07-02 00:00:00,Accessories,S,2,32.11,7.33,Online,59.51
TX006496,CUST01428,2025-08-24 00:00:00,Apparel,M,1,25.07,0.0,Online,25.07
TX006497,CUST01428,2026-03-20 00:00:00,Footwear,M,1,133.24,0.0,In-Store,133.24
TX006498,CUST01429,2025-03-29 00:00:00,Footwear,M,1,76.4,0.0,Online,76.4
TX006499,CUST01430,2025-04-02 00:00:00,Apparel,M,1,108.73,0.0,Online,108.73
TX006500,CUST01430,2025-04-02 00:00:00,Footwear,S,3,56.12,0.0,Online,168.36
TX006501,CUST01430,2025-05-29 00:00:00,Home & Living,M,2,293.87,0.0,Online,587.74
TX006502,CUST01430,2025-06-23 00:00:00,Home & Living,M,1,200.24,0.0,In-Store,200.24
TX006503,CUST01431,2026-04-02 00:00:00,Apparel,M,4,101.7,15.46,In-Store,343.91
TX006504,CUST01431,2026-04-07 00:00:00,Apparel,S,1,104.99,10.69,In-Store,93.77
TX006505,CUST01432,2025-12-16 00:00:00,Footwear,L,2,133.7,0.0,Online,267.4
TX006506,CUST01432,2026-02-23 00:00:00,Accessories,M,3,26.1,13.07,Online,68.07
TX006507,CUST01432,2026-06-23 00:00:00,Apparel,M,1,70.0,0.0,In-Store,70.0
TX006508,CUST01433,2024-11-10 00:00:00,Accessories,M,2,16.77,12.66,In-Store,29.29
TX006509,CUST01434,2024-11-30 00:00:00,Footwear,M,1,139.26,12.88,In-Store,121.32
TX006510,CUST01434,2024-12-17 00:00:00,Footwear,M,1,87.39,0.0,Online,87.39
TX006511,CUST01434,2025-01-02 00:00:00,Accessories,M,1,36.88,0.0,Online,36.88
TX006512,CUST01434,2025-02-26 00:00:00,Apparel,S,1,98.71,0.0,Online,98.71
TX006513,CUST01434,2025-03-05 00:00:00,Home & Living,S,2,50.03,15.72,Online,84.33
TX006514,CUST01434,2025-06-05 00:00:00,Accessories,XL,1,46.93,0.0,Online,46.93
TX006515,CUST01434,2025-07-19 00:00:00,Apparel,M,1,51.11,0.0,Online,51.11
TX006516,CUST01434,2025-07-24 00:00:00,Accessories,M,4,51.44,0.0,Online,205.76
TX006517,CUST01434,2025-07-27 00:00:00,Apparel,M,3,66.23,0.0,In-Store,198.69
TX006518,CUST01434,2025-11-30 00:00:00,Apparel,M,2,77.94,0.0,In-Store,155.88
TX006519,CUST01434,2025-12-07 00:00:00,Apparel,L,1,32.24,0.0,Online,32.24
TX006520,CUST01434,2026-01-26 00:00:00,Footwear,S,3,92.45,0.0,Online,277.35
TX006521,CUST01434,2026-02-04 00:00:00,Accessories,L,1,73.34,0.0,Online,73.34
TX006522,CUST01434,2026-03-19 00:00:00,Accessories,M,1,38.75,0.0,Online,38.75
TX006523,CUST01434,2026-04-14 00:00:00,Apparel,M,2,46.07,0.0,Online,92.14
TX006524,CUST01434,2026-05-28 00:00:00,Home & Living,L,1,273.15,0.0,Online,273.15
TX006525,CUST01434,2026-05-31 00:00:00,Home & Living,M,2,76.78,0.0,Online,153.56
TX006526,CUST01434,2026-06-28 00:00:00,Accessories,M,2,17.92,0.0,Online,35.84
TX006527,CUST01435,2026-03-05 00:00:00,Home & Living,M,2,127.7,0.0,In-Store,255.4
TX006528,CUST01436,2025-07-27 00:00:00,Home & Living,L,2,291.8,0.0,In-Store,583.6
TX006529,CUST01436,2025-10-16 00:00:00,Apparel,L,2,100.7,26.91,In-Store,147.2
TX006530,CUST01436,2025-11-02 00:00:00,Apparel,L,2,34.95,0.0,Online,69.9
TX006531,CUST01436,2025-11-10 00:00:00,Footwear,L,1,103.47,32.67,Online,69.67
TX006532,CUST01436,2025-11-13 00:00:00,Accessories,S,1,16.12,0.0,In-Store,16.12
TX006533,CUST01436,2026-02-16 00:00:00,Apparel,M,4,110.77,26.33,In-Store,326.42
TX006534,CUST01436,2026-02-22 00:00:00,Footwear,S,1,51.43,15.21,Online,43.61
TX006535,CUST01436,2026-05-07 00:00:00,Apparel,XL,1,113.58,0.0,Online,113.58
TX006536,CUST01436,2026-06-11 00:00:00,Accessories,XL,3,34.57,13.76,In-Store,89.44
TX006537,CUST01437,2026-02-12 00:00:00,Home & Living,XL,1,215.18,0.0,Online,215.18
TX006538,CUST01438,2025-01-17 00:00:00,Footwear,S,3,72.54,0.0,Online,217.62
TX006539,CUST01438,2025-12-01 00:00:00,Apparel,S,2,110.46,20.15,Online,176.4
TX006540,CUST01439,2026-01-08 00:00:00,Apparel,M,1,31.59,0.0,Online,31.59
TX006541,CUST01439,2026-03-02 00:00:00,Accessories,M,1,41.13,0.0,Online,41.13
TX006542,CUST01439,2026-03-30 00:00:00,Apparel,M,1,108.38,0.0,Online,108.38
TX006543,CUST01439,2026-06-25 00:00:00,Home & Living,XL,1,128.08,0.0,In-Store,128.08
TX006544,CUST01440,2024-07-24 00:00:00,Accessories,M,1,63.1,0.0,In-Store,63.1
TX006545,CUST01440,2025-05-20 00:00:00,Footwear,M,1,68.38,0.0,In-Store,68.38
TX006546,CUST01440,2026-06-27 00:00:00,Home & Living,M,2,58.38,0.0,Online,116.76
TX006547,CUST01441,2026-05-29 00:00:00,Footwear,S,3,188.71,6.71,Online,528.14
TX006548,CUST01442,2025-07-06 00:00:00,Home & Living,S,1,160.52,0.0,In-Store,160.52
TX006549,CUST01443,2026-01-14 00:00:00,Apparel,L,1,103.12,0.0,Online,103.12
TX006550,CUST01443,2026-04-02 00:00:00,Accessories,L,1,48.9,0.0,In-Store,48.9
TX006551,CUST01443,2026-06-21 00:00:00,Home & Living,M,3,129.06,10.03,In-Store,348.35
TX006552,CUST01444,2025-12-27 00:00:00,Accessories,XL,1,47.43,0.0,In-Store,47.43
TX006553,CUST01444,2025-12-27 00:00:00,Footwear,XL,1,76.17,0.0,Online,76.17
TX006554,CUST01444,2026-03-12 00:00:00,Accessories,XL,1,61.45,0.0,Online,61.45
TX006555,CUST01445,2024-09-04 00:00:00,Home & Living,XL,1,264.3,0.0,Online,264.3
TX006556,CUST01445,2024-11-16 00:00:00,Home & Living,S,1,199.13,0.0,Online,199.13
TX006557,CUST01445,2026-01-27 00:00:00,Apparel,XL,3,66.68,0.0,Online,200.04
TX006558,CUST01445,2026-04-22 00:00:00,Footwear,M,4,59.77,0.0,Online,239.08
TX006559,CUST01446,2025-12-26 00:00:00,Home & Living,M,1,142.69,0.0,In-Store,142.69
TX006560,CUST01446,2025-12-29 00:00:00,Footwear,L,2,130.79,18.61,Online,212.9
TX006561,CUST01446,2026-01-08 00:00:00,Apparel,M,1,68.4,0.0,In-Store,68.4
TX006562,CUST01446,2026-02-05 00:00:00,Home & Living,L,3,271.35,0.0,Online,814.05
TX006563,CUST01446,2026-05-06 00:00:00,Footwear,L,1,143.74,27.43,Online,104.31
TX006564,CUST01447,2026-03-04 00:00:00,Apparel,M,1,38.35,0.0,Online,38.35
TX006565,CUST01447,2026-03-20 00:00:00,Home & Living,XS,1,197.03,0.0,Online,197.03
TX006566,CUST01447,2026-04-06 00:00:00,Home & Living,M,1,193.84,0.0,Online,193.84
TX006567,CUST01447,2026-04-13 00:00:00,Apparel,L,3,111.32,0.0,In-Store,333.96
TX006568,CUST01447,2026-04-21 00:00:00,Accessories,XL,2,20.09,0.0,In-Store,40.18
TX006569,CUST01447,2026-06-02 00:00:00,Footwear,M,1,163.01,0.0,Online,163.01
TX006570,CUST01447,2026-06-27 00:00:00,Accessories,M,2,27.9,0.0,Online,55.8
TX006571,CUST01448,2026-02-08 00:00:00,Accessories,XS,1,53.81,0.0,In-Store,53.81
TX006572,CUST01448,2026-02-14 00:00:00,Apparel,L,2,94.06,29.83,In-Store,132.0
TX006573,CUST01448,2026-03-03 00:00:00,Apparel,S,1,105.1,27.3,Online,76.41
TX006574,CUST01448,2026-03-04 00:00:00,Accessories,M,1,24.25,0.0,Online,24.25
TX006575,CUST01448,2026-03-15 00:00:00,Accessories,S,1,15.54,0.0,Online,15.54
TX006576,CUST01448,2026-03-21 00:00:00,Apparel,M,2,115.57,0.0,Online,231.14
TX006577,CUST01448,2026-03-21 00:00:00,Apparel,M,1,39.33,0.0,In-Store,39.33
TX006578,CUST01448,2026-03-23 00:00:00,Apparel,S,1,31.1,27.67,Online,22.49
TX006579,CUST01448,2026-05-19 00:00:00,Apparel,S,4,96.02,0.0,Online,384.08
TX006580,CUST01448,2026-06-18 00:00:00,Apparel,L,1,79.41,0.0,In-Store,79.41
TX006581,CUST01448,2026-06-19 00:00:00,Apparel,M,1,118.79,15.19,Online,100.75
TX006582,CUST01449,2025-09-19 00:00:00,Accessories,L,2,21.9,0.0,In-Store,43.8
TX006583,CUST01450,2024-04-15 00:00:00,Apparel,M,1,36.57,0.0,Online,36.57
TX006584,CUST01450,2024-08-18 00:00:00,Home & Living,M,1,236.4,0.0,Online,236.4
TX006585,CUST01450,2024-10-15 00:00:00,Apparel,XS,2,72.99,5.33,Online,138.2
TX006586,CUST01450,2025-01-20 00:00:00,Apparel,XL,1,114.58,0.0,Online,114.58
TX006587,CUST01450,2025-03-18 00:00:00,Apparel,M,1,61.58,21.76,In-Store,48.18
TX006588,CUST01450,2025-04-04 00:00:00,Footwear,M,1,191.05,0.0,Online,191.05
TX006589,CUST01450,2025-10-06 00:00:00,Accessories,M,1,61.93,0.0,In-Store,61.93
TX006590,CUST01450,2025-10-23 00:00:00,Accessories,M,1,38.71,0.0,Online,38.71
TX006591,CUST01450,2025-11-22 00:00:00,Footwear,M,1,116.38,19.35,Online,93.86
TX006592,CUST01450,2026-02-28 00:00:00,Accessories,S,1,27.02,0.0,Online,27.02
TX006593,CUST01451,2026-02-14 00:00:00,Accessories,L,1,26.35,6.5,Online,24.64
TX006594,CUST01451,2026-04-05 00:00:00,Home & Living,L,1,248.51,0.0,Online,248.51
TX006595,CUST01451,2026-06-01 00:00:00,Apparel,L,1,74.57,0.0,Online,74.57
TX006596,CUST01451,2026-06-30 00:00:00,Accessories,M,1,41.02,0.0,Online,41.02
TX006597,CUST01452,2025-07-09 00:00:00,Footwear,M,2,175.84,23.88,In-Store,267.7
TX006598,CUST01452,2025-07-31 00:00:00,Home & Living,M,1,99.08,0.0,Online,99.08
TX006599,CUST01452,2025-09-14 00:00:00,Home & Living,XL,1,220.61,0.0,In-Store,220.61
TX006600,CUST01452,2025-10-06 00:00:00,Footwear,XS,2,100.96,0.0,Online,201.92
TX006601,CUST01452,2025-12-24 00:00:00,Home & Living,M,3,270.71,14.92,Online,690.96
TX006602,CUST01452,2025-12-30 00:00:00,Home & Living,XS,1,155.64,0.0,In-Store,155.64
TX006603,CUST01452,2026-02-07 00:00:00,Apparel,M,2,91.01,0.0,Online,182.02
TX006604,CUST01452,2026-04-15 00:00:00,Apparel,S,1,66.05,27.83,In-Store,47.67
TX006605,CUST01452,2026-04-19 00:00:00,Apparel,S,1,69.55,0.0,In-Store,69.55
TX006606,CUST01452,2026-06-02 00:00:00,Home & Living,M,3,294.66,0.0,In-Store,883.98
TX006607,CUST01452,2026-06-05 00:00:00,Apparel,M,1,71.9,16.12,In-Store,60.31
TX006608,CUST01452,2026-06-30 00:00:00,Footwear,M,1,193.61,37.59,In-Store,120.83
TX006609,CUST01453,2024-02-27 00:00:00,Apparel,M,1,47.12,27.29,Online,34.26
TX006610,CUST01453,2025-05-23 00:00:00,Home & Living,M,1,202.59,0.0,In-Store,202.59
TX006611,CUST01454,2025-09-11 00:00:00,Apparel,XS,2,64.84,12.91,In-Store,112.94
TX006612,CUST01455,2025-09-30 00:00:00,Accessories,M,1,20.26,0.0,In-Store,20.26
TX006613,CUST01456,2024-12-10 00:00:00,Home & Living,S,1,183.02,0.0,In-Store,183.02
TX006614,CUST01456,2025-06-08 00:00:00,Apparel,XS,1,69.79,10.03,Online,62.79
TX006615,CUST01456,2026-03-09 00:00:00,Apparel,S,1,74.61,0.0,Online,74.61
TX006616,CUST01456,2026-04-13 00:00:00,Home & Living,M,2,85.6,0.0,In-Store,171.2
TX006617,CUST01457,2024-05-05 00:00:00,Accessories,M,2,27.09,8.68,In-Store,49.48
TX006618,CUST01458,2024-12-20 00:00:00,Accessories,XL,1,46.85,0.0,In-Store,46.85
TX006619,CUST01458,2025-03-22 00:00:00,Accessories,L,1,11.68,0.0,In-Store,11.68
TX006620,CUST01458,2025-04-05 00:00:00,Accessories,XL,3,45.94,0.0,Online,137.82
TX006621,CUST01458,2025-11-25 00:00:00,Footwear,XL,1,148.74,23.35,Online,114.01
TX006622,CUST01458,2026-02-21 00:00:00,Home & Living,XS,1,168.5,0.0,Online,168.5
TX006623,CUST01458,2026-06-08 00:00:00,Home & Living,S,1,125.68,0.0,Online,125.68
TX006624,CUST01459,2024-02-12 00:00:00,Accessories,XS,1,40.11,0.0,Online,40.11
TX006625,CUST01459,2025-03-05 00:00:00,Apparel,S,3,113.06,0.0,In-Store,339.18
TX006626,CUST01460,2026-04-17 00:00:00,Footwear,M,1,145.33,0.0,In-Store,145.33
TX006627,CUST01461,2024-04-28 00:00:00,Footwear,L,1,51.64,8.8,In-Store,47.1
TX006628,CUST01461,2024-11-08 00:00:00,Footwear,M,1,99.76,0.0,In-Store,99.76
TX006629,CUST01461,2024-12-24 00:00:00,Accessories,L,1,14.53,0.0,Online,14.53
TX006630,CUST01462,2025-07-16 00:00:00,Apparel,M,1,37.19,10.51,In-Store,33.28
TX006631,CUST01462,2025-11-01 00:00:00,Apparel,S,1,66.17,16.81,In-Store,55.05
TX006632,CUST01463,2025-06-06 00:00:00,Home & Living,L,2,288.26,0.0,Online,576.52
TX006633,CUST01463,2025-11-18 00:00:00,Apparel,M,1,117.32,23.24,Online,90.05
TX006634,CUST01463,2026-02-01 00:00:00,Home & Living,S,1,272.8,0.0,In-Store,272.8
TX006635,CUST01464,2026-01-09 00:00:00,Accessories,M,1,11.72,0.0,In-Store,11.72
TX006636,CUST01464,2026-02-19 00:00:00,Home & Living,L,2,229.02,0.0,Online,458.04
TX006637,CUST01464,2026-03-01 00:00:00,Apparel,XS,1,77.27,22.86,Online,59.61
TX006638,CUST01464,2026-03-22 00:00:00,Accessories,XL,1,65.83,6.39,Online,61.62
TX006639,CUST01464,2026-03-23 00:00:00,Footwear,XL,1,199.92,24.67,Online,150.6
TX006640,CUST01464,2026-04-04 00:00:00,Home & Living,M,1,243.42,0.0,Online,243.42
TX006641,CUST01465,2024-07-10 00:00:00,Apparel,M,3,108.09,0.0,In-Store,324.27
TX006642,CUST01465,2024-10-27 00:00:00,Footwear,M,1,194.27,7.12,Online,180.44
TX006643,CUST01465,2026-06-05 00:00:00,Home & Living,XL,1,268.65,0.0,Online,268.65
TX006644,CUST01466,2025-12-14 00:00:00,Home & Living,XS,2,97.72,0.0,In-Store,195.44
TX006645,CUST01466,2026-03-17 00:00:00,Footwear,XS,2,147.74,6.77,Online,275.48
TX006646,CUST01467,2024-11-02 00:00:00,Accessories,XS,1,73.78,0.0,In-Store,73.78
TX006647,CUST01467,2025-07-18 00:00:00,Footwear,XS,1,94.36,26.54,Online,69.32
TX006648,CUST01468,2025-05-12 00:00:00,Footwear,M,2,164.46,23.23,Online,252.51
TX006649,CUST01468,2025-05-15 00:00:00,Accessories,M,1,23.85,0.0,Online,23.85
TX006650,CUST01468,2025-06-04 00:00:00,Apparel,L,1,58.46,16.95,Online,48.55
TX006651,CUST01468,2025-06-21 00:00:00,Footwear,M,2,170.76,0.0,Online,341.52
TX006652,CUST01468,2025-06-29 00:00:00,Apparel,S,1,82.86,0.0,Online,82.86
TX006653,CUST01468,2025-06-30 00:00:00,Apparel,XL,2,68.76,12.68,Online,120.08
TX006654,CUST01468,2025-07-05 00:00:00,Apparel,S,1,77.85,5.27,In-Store,73.75
TX006655,CUST01468,2025-07-09 00:00:00,Accessories,M,1,66.09,0.0,Online,66.09
TX006656,CUST01468,2025-07-15 00:00:00,Footwear,L,1,156.71,0.0,Online,156.71
TX006657,CUST01468,2025-07-22 00:00:00,Home & Living,L,1,79.51,0.0,Online,79.51
TX006658,CUST01468,2025-08-19 00:00:00,Accessories,S,4,67.28,0.0,In-Store,269.12
TX006659,CUST01468,2025-08-22 00:00:00,Accessories,S,1,32.29,0.0,Online,32.29
TX006660,CUST01468,2025-08-25 00:00:00,Home & Living,L,3,249.01,0.0,Online,747.03
TX006661,CUST01468,2025-09-20 00:00:00,Apparel,L,1,57.72,0.0,Online,57.72
TX006662,CUST01468,2025-10-01 00:00:00,Footwear,S,1,91.12,9.46,Online,82.5
TX006663,CUST01468,2025-10-05 00:00:00,Accessories,S,2,73.12,0.0,Online,146.24
TX006664,CUST01468,2025-10-14 00:00:00,Footwear,S,2,51.24,27.21,In-Store,74.6
TX006665,CUST01468,2025-10-23 00:00:00,Footwear,XS,2,151.72,0.0,In-Store,303.44
TX006666,CUST01468,2025-11-01 00:00:00,Accessories,S,1,65.03,12.55,Online,56.87
TX006667,CUST01468,2025-11-10 00:00:00,Footwear,M,1,146.41,36.28,Online,93.29
TX006668,CUST01468,2025-11-14 00:00:00,Footwear,M,1,188.63,0.0,Online,188.63
TX006669,CUST01468,2025-12-11 00:00:00,Footwear,L,1,75.39,0.0,In-Store,75.39
TX006670,CUST01468,2026-01-07 00:00:00,Accessories,L,1,15.83,0.0,Online,15.83
TX006671,CUST01468,2026-01-09 00:00:00,Apparel,M,2,86.66,0.0,In-Store,173.32
TX006672,CUST01468,2026-01-23 00:00:00,Apparel,S,3,53.44,8.27,Online,147.06
TX006673,CUST01468,2026-02-14 00:00:00,Apparel,M,1,35.53,23.37,Online,27.23
TX006674,CUST01468,2026-02-17 00:00:00,Apparel,XL,1,108.7,16.79,Online,90.45
TX006675,CUST01468,2026-02-27 00:00:00,Apparel,M,1,115.36,0.0,In-Store,115.36
TX006676,CUST01468,2026-03-08 00:00:00,Accessories,S,1,31.28,10.28,Online,28.06
TX006677,CUST01468,2026-03-20 00:00:00,Apparel,XL,1,32.16,0.0,Online,32.16
TX006678,CUST01468,2026-03-27 00:00:00,Home & Living,M,1,163.8,8.31,Online,150.19
TX006679,CUST01468,2026-04-01 00:00:00,Footwear,L,2,122.53,0.0,In-Store,245.06
TX006680,CUST01468,2026-04-05 00:00:00,Accessories,S,1,44.18,0.0,In-Store,44.18
TX006681,CUST01468,2026-04-26 00:00:00,Apparel,L,1,97.17,0.0,In-Store,97.17
TX006682,CUST01468,2026-05-15 00:00:00,Accessories,L,1,36.41,0.0,Online,36.41
TX006683,CUST01469,2025-07-08 00:00:00,Accessories,XL,1,57.36,0.0,Online,57.36
TX006684,CUST01469,2025-07-29 00:00:00,Home & Living,S,1,235.06,0.0,Online,235.06
TX006685,CUST01469,2025-08-14 00:00:00,Home & Living,L,1,90.73,0.0,In-Store,90.73
TX006686,CUST01469,2025-08-21 00:00:00,Home & Living,XS,1,288.12,0.0,Online,288.12
TX006687,CUST01469,2025-09-04 00:00:00,Footwear,S,1,181.41,0.0,In-Store,181.41
TX006688,CUST01469,2025-09-08 00:00:00,Footwear,S,2,199.97,0.0,Online,399.94
TX006689,CUST01469,2025-09-30 00:00:00,Footwear,M,2,53.5,22.95,Online,82.44
TX006690,CUST01469,2025-10-09 00:00:00,Accessories,M,1,40.96,5.77,In-Store,38.6
TX006691,CUST01469,2025-11-17 00:00:00,Apparel,M,1,112.0,0.0,In-Store,112.0
TX006692,CUST01469,2025-11-23 00:00:00,Footwear,S,1,62.09,12.98,Online,54.03
TX006693,CUST01469,2025-12-03 00:00:00,Footwear,M,2,107.02,18.89,In-Store,173.61
TX006694,CUST01469,2025-12-26 00:00:00,Footwear,S,1,195.24,38.76,Online,119.56
TX006695,CUST01469,2026-01-24 00:00:00,Footwear,L,1,111.51,0.0,In-Store,111.51
TX006696,CUST01469,2026-02-08 00:00:00,Apparel,L,1,114.62,0.0,Online,114.62
TX006697,CUST01469,2026-02-17 00:00:00,Apparel,L,1,87.73,0.0,In-Store,87.73
TX006698,CUST01469,2026-03-11 00:00:00,Accessories,S,1,46.08,0.0,Online,46.08
TX006699,CUST01469,2026-03-21 00:00:00,Home & Living,M,1,159.44,0.0,In-Store,159.44
TX006700,CUST01469,2026-04-16 00:00:00,Apparel,XL,1,115.16,0.0,In-Store,115.16
TX006701,CUST01469,2026-04-30 00:00:00,Footwear,L,1,151.41,36.98,Online,95.42
TX006702,CUST01469,2026-05-13 00:00:00,Footwear,L,1,177.0,33.63,Online,117.47
TX006703,CUST01470,2026-03-09 00:00:00,Home & Living,S,1,97.41,0.0,In-Store,97.41
TX006704,CUST01471,2026-01-18 00:00:00,Footwear,L,2,126.09,5.11,Online,239.29
TX006705,CUST01471,2026-02-18 00:00:00,Accessories,L,1,27.19,0.0,Online,27.19
TX006706,CUST01471,2026-05-26 00:00:00,Footwear,M,2,65.21,0.0,In-Store,130.42
TX006707,CUST01472,2025-07-08 00:00:00,Apparel,M,1,66.7,0.0,Online,66.7
TX006708,CUST01472,2025-08-01 00:00:00,Apparel,M,1,67.14,14.19,Online,57.61
TX006709,CUST01473,2026-06-06 00:00:00,Apparel,S,1,96.59,20.23,In-Store,77.05
TX006710,CUST01474,2025-07-22 00:00:00,Footwear,M,1,157.73,21.61,In-Store,123.64
TX006711,CUST01474,2025-08-06 00:00:00,Apparel,M,4,99.81,0.0,In-Store,399.24
TX006712,CUST01474,2025-08-15 00:00:00,Apparel,XS,3,108.6,0.0,Online,325.8
TX006713,CUST01474,2026-04-14 00:00:00,Apparel,S,1,43.42,0.0,In-Store,43.42
TX006714,CUST01475,2024-11-19 00:00:00,Home & Living,L,1,289.13,13.17,In-Store,251.05
TX006715,CUST01475,2025-04-27 00:00:00,Footwear,S,1,143.06,0.0,Online,143.06
TX006716,CUST01475,2025-12-03 00:00:00,Accessories,S,1,41.26,0.0,In-Store,41.26
TX006717,CUST01475,2026-03-17 00:00:00,Accessories,S,1,34.39,0.0,Online,34.39
TX006718,CUST01475,2026-04-10 00:00:00,Footwear,M,1,131.59,0.0,Online,131.59
TX006719,CUST01475,2026-05-06 00:00:00,Home & Living,M,1,159.25,0.0,Online,159.25
TX006720,CUST01476,2025-11-17 00:00:00,Footwear,L,1,171.22,0.0,Online,171.22
TX006721,CUST01476,2026-03-25 00:00:00,Footwear,S,1,71.46,0.0,In-Store,71.46
TX006722,CUST01477,2025-04-01 00:00:00,Home & Living,S,4,279.18,0.0,Online,1116.72
TX006723,CUST01477,2025-09-26 00:00:00,Apparel,S,1,101.01,23.62,Online,77.15
TX006724,CUST01477,2026-04-15 00:00:00,Accessories,M,1,67.48,0.0,Online,67.48
TX006725,CUST01477,2026-06-25 00:00:00,Footwear,S,2,128.48,0.0,Online,256.96
TX006726,CUST01478,2026-01-11 00:00:00,Apparel,XL,1,90.98,8.63,In-Store,83.13
TX006727,CUST01478,2026-03-07 00:00:00,Accessories,XL,2,73.16,14.52,Online,125.07
TX006728,CUST01478,2026-03-19 00:00:00,Home & Living,M,3,221.3,0.0,In-Store,663.9
TX006729,CUST01478,2026-04-12 00:00:00,Accessories,M,1,22.61,0.0,In-Store,22.61
TX006730,CUST01478,2026-05-15 00:00:00,Home & Living,S,2,290.21,13.44,In-Store,502.41
TX006731,CUST01479,2026-04-19 00:00:00,Apparel,L,1,88.55,0.0,In-Store,88.55
TX006732,CUST01480,2024-08-10 00:00:00,Home & Living,S,1,99.77,0.0,Online,99.77
TX006733,CUST01480,2025-03-11 00:00:00,Footwear,L,1,72.84,0.0,In-Store,72.84
TX006734,CUST01480,2025-03-30 00:00:00,Footwear,S,2,138.64,0.0,Online,277.28
TX006735,CUST01480,2025-05-06 00:00:00,Accessories,M,1,70.23,0.0,Online,70.23
TX006736,CUST01481,2025-07-19 00:00:00,Accessories,S,1,14.31,0.0,In-Store,14.31
TX006737,CUST01481,2026-02-03 00:00:00,Accessories,M,1,23.12,10.91,Online,20.6
TX006738,CUST01481,2026-05-24 00:00:00,Footwear,S,1,62.18,0.0,In-Store,62.18
TX006739,CUST01481,2026-06-21 00:00:00,Home & Living,L,1,151.44,0.0,In-Store,151.44
TX006740,CUST01482,2025-05-23 00:00:00,Footwear,L,2,155.61,0.0,Online,311.22
TX006741,CUST01482,2025-07-06 00:00:00,Home & Living,S,1,95.27,6.25,In-Store,89.32
TX006742,CUST01482,2026-02-28 00:00:00,Home & Living,L,1,257.42,0.0,In-Store,257.42
TX006743,CUST01482,2026-04-08 00:00:00,Apparel,M,2,26.24,18.2,Online,42.93
TX006744,CUST01482,2026-06-02 00:00:00,Accessories,S,1,29.48,0.0,In-Store,29.48
TX006745,CUST01483,2025-03-30 00:00:00,Accessories,S,1,46.33,11.28,Online,41.1
TX006746,CUST01484,2025-11-15 00:00:00,Footwear,M,1,122.21,0.0,In-Store,122.21
TX006747,CUST01484,2025-12-22 00:00:00,Footwear,S,1,153.45,0.0,In-Store,153.45
TX006748,CUST01484,2025-12-30 00:00:00,Accessories,L,1,68.65,12.57,In-Store,60.02
TX006749,CUST01484,2026-01-22 00:00:00,Accessories,M,2,65.58,9.98,In-Store,118.07
TX006750,CUST01484,2026-02-19 00:00:00,Home & Living,XL,1,203.27,11.16,Online,180.59
TX006751,CUST01484,2026-02-25 00:00:00,Home & Living,M,2,80.54,0.0,In-Store,161.08
TX006752,CUST01484,2026-03-10 00:00:00,Apparel,M,1,86.76,0.0,In-Store,86.76
TX006753,CUST01484,2026-03-24 00:00:00,Footwear,XS,3,189.77,0.0,Online,569.31
TX006754,CUST01484,2026-06-11 00:00:00,Home & Living,S,1,200.46,0.0,In-Store,200.46
TX006755,CUST01485,2025-12-17 00:00:00,Home & Living,L,2,259.68,0.0,Online,519.36
TX006756,CUST01485,2026-01-06 00:00:00,Home & Living,S,2,55.75,0.0,In-Store,111.5
TX006757,CUST01486,2026-05-12 00:00:00,Footwear,M,2,114.29,25.1,Online,171.21
TX006758,CUST01487,2025-07-21 00:00:00,Accessories,S,1,46.44,0.0,Online,46.44
TX006759,CUST01488,2025-07-25 00:00:00,Footwear,M,1,164.77,0.0,Online,164.77
TX006760,CUST01488,2025-11-04 00:00:00,Accessories,M,2,16.33,11.62,In-Store,28.86
TX006761,CUST01488,2026-04-11 00:00:00,Accessories,M,1,52.46,0.0,Online,52.46
TX006762,CUST01488,2026-05-23 00:00:00,Apparel,M,1,88.67,0.0,Online,88.67
TX006763,CUST01489,2025-09-23 00:00:00,Apparel,S,2,31.72,7.94,Online,58.4
TX006764,CUST01489,2026-03-10 00:00:00,Apparel,M,1,42.46,0.0,Online,42.46
TX006765,CUST01489,2026-04-04 00:00:00,Accessories,XL,1,25.37,0.0,Online,25.37
TX006766,CUST01489,2026-05-08 00:00:00,Home & Living,XL,1,117.58,11.91,In-Store,103.58
TX006767,CUST01489,2026-06-03 00:00:00,Home & Living,L,3,156.46,19.42,Online,378.23
TX006768,CUST01489,2026-06-08 00:00:00,Home & Living,S,1,117.0,0.0,Online,117.0
TX006769,CUST01490,2025-10-03 00:00:00,Apparel,M,1,101.27,0.0,Online,101.27
TX006770,CUST01490,2025-10-14 00:00:00,Footwear,M,2,51.68,22.03,Online,80.59
TX006771,CUST01490,2025-11-12 00:00:00,Home & Living,XL,1,267.49,0.0,In-Store,267.49
TX006772,CUST01490,2025-12-16 00:00:00,Footwear,XL,1,199.7,24.29,In-Store,151.19
TX006773,CUST01490,2025-12-22 00:00:00,Home & Living,L,1,226.64,18.15,In-Store,185.5
TX006774,CUST01490,2026-05-31 00:00:00,Home & Living,L,2,271.8,0.0,Online,543.6
TX006775,CUST01491,2025-09-30 00:00:00,Footwear,S,1,90.47,0.0,In-Store,90.47
TX006776,CUST01491,2026-05-07 00:00:00,Footwear,XL,1,132.72,0.0,In-Store,132.72
TX006777,CUST01492,2025-07-10 00:00:00,Home & Living,XS,2,84.56,0.0,Online,169.12
TX006778,CUST01492,2025-08-04 00:00:00,Footwear,M,1,107.49,0.0,Online,107.49
TX006779,CUST01492,2025-09-06 00:00:00,Accessories,M,2,50.84,11.47,Online,90.02
TX006780,CUST01493,2025-12-04 00:00:00,Home & Living,M,2,54.29,16.19,Online,91.0
TX006781,CUST01494,2024-07-24 00:00:00,Home & Living,M,1,211.73,0.0,Online,211.73
TX006782,CUST01494,2024-08-06 00:00:00,Home & Living,M,1,200.45,0.0,In-Store,200.45
TX006783,CUST01494,2024-09-11 00:00:00,Footwear,M,2,180.22,0.0,In-Store,360.44
TX006784,CUST01494,2024-12-05 00:00:00,Home & Living,M,1,131.58,0.0,Online,131.58
TX006785,CUST01494,2024-12-15 00:00:00,Apparel,M,1,113.07,20.57,In-Store,89.81
TX006786,CUST01494,2024-12-24 00:00:00,Footwear,L,1,96.34,0.0,Online,96.34
TX006787,CUST01494,2025-05-25 00:00:00,Apparel,M,1,109.8,0.0,Online,109.8
TX006788,CUST01494,2025-06-27 00:00:00,Accessories,M,4,36.37,0.0,Online,145.48
TX006789,CUST01494,2025-07-31 00:00:00,Footwear,S,1,126.51,33.53,In-Store,84.09
TX006790,CUST01494,2025-11-02 00:00:00,Apparel,M,2,83.71,0.0,In-Store,167.42
TX006791,CUST01494,2025-11-28 00:00:00,Home & Living,L,1,78.17,0.0,In-Store,78.17
TX006792,CUST01494,2025-12-10 00:00:00,Apparel,L,1,99.67,0.0,Online,99.67
TX006793,CUST01494,2026-03-02 00:00:00,Footwear,M,3,170.39,9.92,Online,460.46
TX006794,CUST01494,2026-05-23 00:00:00,Accessories,M,1,35.42,0.0,In-Store,35.42
TX006795,CUST01494,2026-06-26 00:00:00,Accessories,XL,1,70.2,12.93,Online,61.12
TX006796,CUST01495,2026-01-28 00:00:00,Footwear,M,3,106.08,0.0,Online,318.24
TX006797,CUST01495,2026-04-21 00:00:00,Apparel,XL,3,109.68,0.0,Online,329.04
TX006798,CUST01496,2026-01-02 00:00:00,Accessories,S,1,44.84,0.0,In-Store,44.84
TX006799,CUST01496,2026-03-25 00:00:00,Footwear,M,1,70.79,32.35,Online,47.89
TX006800,CUST01496,2026-03-29 00:00:00,Apparel,M,2,76.87,0.0,In-Store,153.74
TX006801,CUST01497,2025-05-19 00:00:00,Home & Living,L,1,182.14,0.0,Online,182.14
TX006802,CUST01497,2025-11-02 00:00:00,Accessories,M,1,29.25,0.0,Online,29.25
TX006803,CUST01498,2025-07-03 00:00:00,Accessories,M,1,55.39,0.0,In-Store,55.39
TX006804,CUST01499,2026-02-04 00:00:00,Accessories,XS,1,45.81,0.0,Online,45.81
TX006805,CUST01500,2025-03-19 00:00:00,Accessories,M,2,54.87,12.05,Online,96.52
TX006806,CUST01500,2025-07-15 00:00:00,Footwear,XL,1,117.8,0.0,In-Store,117.8
